county,county_name,site,year,aadt
03,Collier,0001,1970,3990
12,Lee,0001,1970,809
03,Collier,0001,1971,3805
12,Lee,0001,1971,908
03,Collier,0001,1972,2978
12,Lee,0001,1972,716
03,Collier,0001,1973,3920
12,Lee,0001,1973,857
03,Collier,0001,1974,4025
12,Lee,0001,1974,908
03,Collier,0001,1975,4191
12,Lee,0001,1975,805
03,Collier,0001,1976,2140
12,Lee,0001,1976,934
03,Collier,0001,1977,3793
12,Lee,0001,1977,1038
03,Collier,0001,1978,3365
12,Lee,0001,1978,1124
03,Collier,0001,1979,4098
03,Collier,0001,1980,3498
03,Collier,0001,1981,4505
03,Collier,0001,1982,3378
03,Collier,0001,1983,3683
03,Collier,0001,1984,3658
03,Collier,0001,1985,3807
03,Collier,0001,1988,7089
03,Collier,0001,1989,6687
03,Collier,0001,1992,6300
03,Collier,0001,1993,6400
03,Collier,0001,1994,6800
03,Collier,0001,1995,7500
03,Collier,0001,1996,7200
03,Collier,0001,1997,7500
03,Collier,0001,1998,8700
03,Collier,0001,1999,8500
03,Collier,0001,2000,8700
03,Collier,0001,2001,9900
03,Collier,0001,2002,8600
03,Collier,0001,2003,10400
03,Collier,0001,2004,10300
03,Collier,0001,2005,11400
03,Collier,0001,2006,11900
03,Collier,0001,2007,11400
03,Collier,0001,2008,10500
03,Collier,0001,2009,10900
03,Collier,0001,2010,10900
03,Collier,0001,2011,11100
03,Collier,0001,2012,10200
03,Collier,0001,2013,10100
03,Collier,0001,2014,10500
03,Collier,0001,2015,11700
03,Collier,0001,2016,12600
03,Collier,0001,2017,13800
03,Collier,0001,2018,13100
03,Collier,0001,2019,12800
03,Collier,0001,2020,11800
03,Collier,0001,2021,14500
03,Collier,0001,2022,14900
03,Collier,0001,2023,16400
03,Collier,0001,2024,12400
03,Collier,0001,2025,12600
03,Collier,0002,1970,2459
12,Lee,0002,1970,2018
03,Collier,0002,1971,2476
12,Lee,0002,1971,2052
03,Collier,0002,1972,2268
12,Lee,0002,1972,2154
03,Collier,0002,1973,2585
12,Lee,0002,1973,2535
03,Collier,0002,1974,3759
12,Lee,0002,1974,2441
03,Collier,0002,1975,3580
12,Lee,0002,1975,2716
03,Collier,0002,1976,3175
12,Lee,0002,1976,2513
03,Collier,0002,1977,3430
12,Lee,0002,1977,3048
03,Collier,0002,1978,3738
12,Lee,0002,1978,3454
03,Collier,0002,1979,4670
12,Lee,0002,1979,3559
03,Collier,0002,1980,4853
12,Lee,0002,1980,3579
03,Collier,0002,1981,5178
03,Collier,0002,1982,4330
03,Collier,0002,1983,4669
12,Lee,0002,1983,5935
03,Collier,0002,1984,5269
12,Lee,0002,1984,5838
03,Collier,0002,1985,6338
12,Lee,0002,1985,6335
03,Collier,0002,1986,9170
12,Lee,0002,1986,6844
03,Collier,0002,1987,7668
12,Lee,0002,1987,9172
03,Collier,0002,1988,7226
12,Lee,0002,1988,8856
03,Collier,0002,1989,6614
12,Lee,0002,1989,7772
03,Collier,0002,1991,6333
03,Collier,0002,1992,7400
03,Collier,0002,1993,7200
03,Collier,0002,1994,6900
03,Collier,0002,1995,6700
03,Collier,0002,1996,7400
03,Collier,0002,1997,6800
03,Collier,0002,1998,8800
03,Collier,0002,1999,9300
03,Collier,0002,2000,9300
03,Collier,0002,2001,9600
03,Collier,0002,2002,8700
03,Collier,0002,2003,8600
03,Collier,0002,2004,9800
03,Collier,0002,2005,8900
03,Collier,0002,2006,8700
03,Collier,0002,2007,9900
03,Collier,0002,2008,7400
03,Collier,0002,2009,7200
03,Collier,0002,2010,6000
03,Collier,0002,2011,6000
12,Lee,0002,2011,12800
12,Lee,0002,2012,12600
03,Collier,0002,2012,5400
03,Collier,0002,2013,5300
12,Lee,0002,2013,12600
12,Lee,0002,2014,11600
03,Collier,0002,2014,5500
03,Collier,0002,2015,6700
03,Collier,0002,2016,7100
03,Collier,0002,2017,8100
03,Collier,0002,2018,8700
03,Collier,0002,2019,9300
03,Collier,0002,2020,8600
03,Collier,0002,2021,8700
03,Collier,0002,2022,8900
03,Collier,0002,2023,9800
03,Collier,0002,2024,10400
03,Collier,0002,2025,10100
03,Collier,0003,1970,17299
12,Lee,0003,1970,4021
03,Collier,0003,1971,19245
12,Lee,0003,1971,4884
03,Collier,0003,1972,19329
12,Lee,0003,1972,5418
03,Collier,0003,1973,23815
12,Lee,0003,1973,7043
12,Lee,0003,1974,7818
03,Collier,0003,1975,29093
12,Lee,0003,1975,8250
03,Collier,0003,1976,23935
12,Lee,0003,1976,8071
03,Collier,0003,1977,25200
12,Lee,0003,1977,8371
03,Collier,0003,1978,29708
12,Lee,0003,1978,8502
03,Collier,0003,1979,30563
12,Lee,0003,1979,8442
03,Collier,0003,1980,31480
12,Lee,0003,1980,8416
03,Collier,0003,1981,32858
03,Collier,0003,1982,33273
12,Lee,0003,1982,11351
03,Collier,0003,1983,30921
12,Lee,0003,1983,9644
03,Collier,0003,1984,31068
12,Lee,0003,1984,10660
03,Collier,0003,1985,29619
12,Lee,0003,1985,11016
03,Collier,0003,1986,30230
12,Lee,0003,1986,11674
03,Collier,0003,1987,30186
12,Lee,0003,1987,13358
03,Collier,0003,1988,30852
12,Lee,0003,1988,14457
03,Collier,0003,1989,30749
12,Lee,0003,1989,14317
03,Collier,0003,1990,32083
12,Lee,0003,1990,20493
03,Collier,0003,1991,36404
12,Lee,0003,1991,18789
03,Collier,0003,1992,39000
12,Lee,0003,1992,18800
03,Collier,0003,1993,41500
12,Lee,0003,1993,20600
03,Collier,0003,1994,41500
12,Lee,0003,1994,23000
03,Collier,0003,1995,40500
12,Lee,0003,1995,20500
03,Collier,0003,1996,47000
12,Lee,0003,1996,23000
03,Collier,0003,1997,47000
12,Lee,0003,1997,24500
03,Collier,0003,1998,49000
12,Lee,0003,1998,20500
03,Collier,0003,1999,50000
12,Lee,0003,1999,21500
03,Collier,0003,2000,53000
12,Lee,0003,2000,26000
03,Collier,0003,2001,54000
12,Lee,0003,2001,26500
03,Collier,0003,2002,53000
12,Lee,0003,2002,27500
03,Collier,0003,2003,53000
12,Lee,0003,2003,33000
03,Collier,0003,2004,56500
12,Lee,0003,2004,28500
03,Collier,0003,2005,56000
12,Lee,0003,2005,32000
03,Collier,0003,2006,60000
12,Lee,0003,2006,34000
12,Lee,0003,2007,33500
03,Collier,0003,2007,56000
12,Lee,0003,2008,32500
03,Collier,0003,2008,52500
12,Lee,0003,2009,28000
03,Collier,0003,2009,45500
03,Collier,0003,2010,50000
12,Lee,0003,2010,27500
03,Collier,0003,2011,49500
12,Lee,0003,2011,26500
12,Lee,0003,2012,26000
03,Collier,0003,2012,43000
03,Collier,0003,2013,42500
12,Lee,0003,2013,25000
12,Lee,0003,2014,26000
03,Collier,0003,2014,43000
12,Lee,0003,2015,30000
03,Collier,0003,2015,44000
03,Collier,0003,2016,45000
12,Lee,0003,2016,32500
03,Collier,0003,2017,40500
12,Lee,0003,2017,29500
12,Lee,0003,2018,31500
03,Collier,0003,2018,38000
03,Collier,0003,2019,41500
12,Lee,0003,2019,32000
12,Lee,0003,2020,32500
03,Collier,0003,2020,34000
12,Lee,0003,2021,31000
03,Collier,0003,2021,42000
12,Lee,0003,2022,32000
03,Collier,0003,2022,42000
12,Lee,0003,2023,34000
03,Collier,0003,2023,44000
12,Lee,0003,2024,33000
03,Collier,0003,2024,44000
03,Collier,0003,2025,44000
12,Lee,0003,2025,33000
03,Collier,0004,1970,21137
12,Lee,0004,1970,6433
03,Collier,0004,1971,24823
12,Lee,0004,1971,6676
03,Collier,0004,1972,23246
12,Lee,0004,1972,7853
03,Collier,0004,1973,21756
12,Lee,0004,1973,8693
03,Collier,0004,1974,22579
12,Lee,0004,1974,10919
03,Collier,0004,1975,27018
12,Lee,0004,1975,8615
03,Collier,0004,1976,21831
12,Lee,0004,1976,10674
03,Collier,0004,1977,24626
12,Lee,0004,1977,10877
03,Collier,0004,1978,29428
12,Lee,0004,1978,11252
03,Collier,0004,1979,28206
12,Lee,0004,1979,11582
03,Collier,0004,1980,25383
12,Lee,0004,1980,11883
03,Collier,0004,1981,24023
03,Collier,0004,1982,26541
12,Lee,0004,1982,13232
03,Collier,0004,1983,24821
12,Lee,0004,1983,12108
03,Collier,0004,1984,25834
12,Lee,0004,1984,12776
03,Collier,0004,1985,27778
12,Lee,0004,1985,13450
03,Collier,0004,1986,32906
12,Lee,0004,1986,14717
03,Collier,0004,1987,27439
12,Lee,0004,1987,14827
03,Collier,0004,1988,27842
12,Lee,0004,1988,14763
03,Collier,0004,1989,29034
12,Lee,0004,1989,13015
03,Collier,0004,1990,34175
12,Lee,0004,1990,16537
03,Collier,0004,1991,35057
12,Lee,0004,1991,18778
03,Collier,0004,1992,38500
12,Lee,0004,1992,20000
03,Collier,0004,1993,40500
12,Lee,0004,1993,19000
03,Collier,0004,1994,35000
12,Lee,0004,1994,20000
03,Collier,0004,1995,33500
12,Lee,0004,1995,17100
03,Collier,0004,1996,37500
12,Lee,0004,1996,18400
03,Collier,0004,1997,37000
12,Lee,0004,1997,19800
03,Collier,0004,1998,37000
12,Lee,0004,1998,18400
12,Lee,0004,1999,15900
12,Lee,0004,2000,18400
12,Lee,0004,2001,23000
12,Lee,0004,2002,22500
12,Lee,0004,2003,26500
12,Lee,0004,2004,27000
12,Lee,0004,2005,25500
12,Lee,0004,2006,27000
03,Collier,0005,1970,4243
12,Lee,0005,1970,5519
03,Collier,0005,1971,3231
12,Lee,0005,1971,5866
03,Collier,0005,1972,2449
12,Lee,0005,1972,6089
03,Collier,0005,1973,2494
12,Lee,0005,1973,6357
03,Collier,0005,1974,2130
12,Lee,0005,1974,6977
03,Collier,0005,1975,2725
12,Lee,0005,1975,6917
03,Collier,0005,1976,2840
12,Lee,0005,1976,6446
03,Collier,0005,1977,3665
12,Lee,0005,1977,6691
03,Collier,0005,1978,2950
12,Lee,0005,1978,6946
03,Collier,0005,1979,3310
12,Lee,0005,1979,6924
03,Collier,0005,1980,2668
12,Lee,0005,1980,7008
03,Collier,0005,1981,3123
03,Collier,0005,1982,3268
12,Lee,0005,1982,11217
03,Collier,0005,1983,3315
12,Lee,0005,1983,11369
03,Collier,0005,1984,3682
12,Lee,0005,1984,12309
03,Collier,0005,1985,3490
12,Lee,0005,1985,11713
03,Collier,0005,1986,3760
12,Lee,0005,1986,13344
03,Collier,0005,1987,3908
12,Lee,0005,1987,13288
03,Collier,0005,1988,4171
12,Lee,0005,1988,14343
03,Collier,0005,1989,3708
12,Lee,0005,1989,13222
03,Collier,0005,1990,4967
12,Lee,0005,1990,13060
03,Collier,0005,1991,4383
12,Lee,0005,1991,13278
03,Collier,0005,1992,4800
12,Lee,0005,1992,15500
03,Collier,0005,1993,4400
12,Lee,0005,1993,13300
03,Collier,0005,1994,3700
12,Lee,0005,1994,17000
03,Collier,0005,1995,4400
12,Lee,0005,1995,14900
03,Collier,0005,1996,4200
12,Lee,0005,1996,16000
03,Collier,0005,1997,4800
12,Lee,0005,1997,17600
03,Collier,0005,1998,4100
12,Lee,0005,1998,18800
03,Collier,0005,1999,4700
12,Lee,0005,1999,19500
03,Collier,0005,2000,4600
12,Lee,0005,2000,18700
03,Collier,0005,2001,4600
12,Lee,0005,2001,18500
03,Collier,0005,2002,4900
12,Lee,0005,2002,19800
03,Collier,0005,2003,4500
12,Lee,0005,2003,18800
03,Collier,0005,2004,5000
12,Lee,0005,2004,27000
03,Collier,0005,2005,4700
12,Lee,0005,2005,32000
03,Collier,0005,2006,4000
12,Lee,0005,2006,38000
12,Lee,0005,2007,35500
03,Collier,0005,2007,4600
12,Lee,0005,2008,32500
03,Collier,0005,2008,3800
12,Lee,0005,2009,31500
03,Collier,0005,2009,3800
03,Collier,0005,2010,3800
12,Lee,0005,2010,30500
03,Collier,0005,2011,3800
12,Lee,0005,2011,30500
12,Lee,0005,2012,32000
03,Collier,0005,2012,3500
03,Collier,0005,2013,3900
12,Lee,0005,2013,36500
12,Lee,0005,2014,39000
03,Collier,0005,2014,3900
03,Collier,0005,2015,5900
03,Collier,0005,2016,6100
03,Collier,0005,2017,5500
03,Collier,0005,2018,4600
03,Collier,0005,2019,4600
03,Collier,0005,2020,4400
03,Collier,0005,2021,5000
03,Collier,0005,2022,5700
03,Collier,0005,2023,6100
03,Collier,0005,2024,6300
03,Collier,0005,2025,5000
03,Collier,0006,1970,1570
12,Lee,0006,1970,3031
03,Collier,0006,1971,1175
12,Lee,0006,1971,3289
03,Collier,0006,1972,1123
12,Lee,0006,1972,3387
03,Collier,0006,1973,1012
12,Lee,0006,1973,3818
03,Collier,0006,1974,975
12,Lee,0006,1974,3331
03,Collier,0006,1976,828
12,Lee,0006,1976,3233
03,Collier,0006,1977,765
12,Lee,0006,1977,3326
03,Collier,0006,1978,1313
12,Lee,0006,1978,3452
03,Collier,0006,1979,1185
12,Lee,0006,1979,3498
03,Collier,0006,1980,1183
12,Lee,0006,1980,3604
03,Collier,0006,1981,1280
03,Collier,0006,1982,1205
12,Lee,0006,1982,6540
03,Collier,0006,1983,1168
12,Lee,0006,1983,7280
03,Collier,0006,1984,1518
12,Lee,0006,1984,7422
03,Collier,0006,1985,1360
12,Lee,0006,1985,6964
03,Collier,0006,1986,1435
12,Lee,0006,1986,8041
03,Collier,0006,1987,1400
12,Lee,0006,1987,7892
03,Collier,0006,1988,1343
12,Lee,0006,1988,8177
03,Collier,0006,1989,1289
12,Lee,0006,1989,7053
03,Collier,0006,1991,1052
12,Lee,0006,1991,8896
03,Collier,0006,1992,1300
12,Lee,0006,1992,10500
03,Collier,0006,1993,1250
12,Lee,0006,1993,10600
03,Collier,0006,1994,1200
12,Lee,0006,1994,11100
03,Collier,0006,1995,1300
12,Lee,0006,1995,10400
03,Collier,0006,1996,1450
12,Lee,0006,1996,10600
03,Collier,0006,1997,1200
12,Lee,0006,1997,12200
03,Collier,0006,1998,1500
12,Lee,0006,1998,13200
03,Collier,0006,1999,1850
12,Lee,0006,1999,13000
03,Collier,0006,2000,1800
12,Lee,0006,2000,13900
03,Collier,0006,2001,1700
12,Lee,0006,2001,12700
03,Collier,0006,2002,1900
12,Lee,0006,2002,14900
03,Collier,0006,2003,2400
12,Lee,0006,2003,14000
03,Collier,0006,2004,2000
12,Lee,0006,2004,16300
03,Collier,0006,2005,1750
12,Lee,0006,2005,17500
03,Collier,0006,2006,1650
12,Lee,0006,2006,18600
12,Lee,0006,2007,18000
03,Collier,0006,2007,1700
12,Lee,0006,2008,15500
03,Collier,0006,2008,1800
12,Lee,0006,2009,15600
03,Collier,0006,2009,1550
03,Collier,0006,2010,1450
12,Lee,0006,2010,15200
03,Collier,0006,2011,1450
12,Lee,0006,2011,15200
12,Lee,0006,2012,15200
03,Collier,0006,2012,1250
03,Collier,0006,2013,1650
12,Lee,0006,2013,15200
12,Lee,0006,2014,15600
03,Collier,0006,2014,1650
12,Lee,0006,2015,17700
03,Collier,0006,2015,1800
03,Collier,0006,2016,1900
12,Lee,0006,2016,20000
03,Collier,0006,2017,1800
12,Lee,0006,2017,20000
12,Lee,0006,2018,22000
03,Collier,0006,2018,1650
03,Collier,0006,2019,1550
12,Lee,0006,2019,23000
12,Lee,0006,2020,24000
03,Collier,0006,2020,1800
12,Lee,0006,2021,23500
03,Collier,0006,2021,1900
12,Lee,0006,2022,27000
03,Collier,0006,2022,2500
12,Lee,0006,2023,27000
03,Collier,0006,2023,2700
12,Lee,0006,2024,30000
03,Collier,0006,2024,2800
03,Collier,0006,2025,2150
12,Lee,0006,2025,33000
12,Lee,0007,1970,1370
12,Lee,0007,1971,1890
12,Lee,0007,1972,1831
12,Lee,0007,1973,2579
12,Lee,0007,1974,3174
12,Lee,0007,1975,3591
12,Lee,0007,1976,3123
12,Lee,0007,1977,3227
12,Lee,0007,1978,3356
12,Lee,0007,1979,3278
12,Lee,0007,1980,3493
12,Lee,0007,1983,3413
12,Lee,0007,1984,3686
03,Collier,0007,1985,2181
12,Lee,0007,1985,3641
03,Collier,0007,1986,2458
12,Lee,0007,1986,3874
03,Collier,0007,1987,2469
12,Lee,0007,1987,3629
12,Lee,0007,1988,4073
12,Lee,0007,1989,3779
12,Lee,0007,1991,2571
12,Lee,0007,1992,2900
12,Lee,0007,1993,3200
12,Lee,0007,1994,3400
03,Collier,0008,1970,2887
12,Lee,0008,1970,7615
03,Collier,0008,1971,2549
12,Lee,0008,1971,7872
03,Collier,0008,1972,2610
12,Lee,0008,1972,9609
03,Collier,0008,1973,2457
12,Lee,0008,1973,10408
03,Collier,0008,1974,2330
12,Lee,0008,1974,12160
03,Collier,0008,1975,3370
12,Lee,0008,1975,13770
03,Collier,0008,1976,2335
12,Lee,0008,1976,12422
03,Collier,0008,1977,2878
12,Lee,0008,1977,12702
12,Lee,0008,1978,12966
12,Lee,0008,1979,14598
12,Lee,0008,1980,14254
12,Lee,0008,1983,15636
12,Lee,0008,1984,16940
12,Lee,0008,1985,17040
12,Lee,0008,1986,18558
12,Lee,0008,1987,18431
12,Lee,0008,1988,18583
12,Lee,0008,1989,17290
12,Lee,0008,1990,20154
12,Lee,0008,1991,20656
12,Lee,0008,1992,21500
12,Lee,0008,1993,22500
12,Lee,0008,1994,24500
12,Lee,0008,1995,23500
12,Lee,0008,1996,21000
12,Lee,0008,1997,26500
12,Lee,0008,1998,26000
12,Lee,0008,1999,27000
12,Lee,0008,2000,28000
12,Lee,0008,2001,31000
12,Lee,0008,2002,32000
12,Lee,0008,2003,36500
12,Lee,0008,2004,37500
12,Lee,0008,2005,35000
12,Lee,0008,2006,38500
12,Lee,0008,2007,37500
12,Lee,0008,2008,35500
12,Lee,0008,2009,35500
12,Lee,0008,2010,34500
12,Lee,0008,2011,35500
12,Lee,0008,2012,35000
12,Lee,0008,2013,35000
12,Lee,0008,2014,35000
12,Lee,0008,2015,36500
12,Lee,0008,2016,33500
12,Lee,0008,2017,35500
12,Lee,0008,2018,35500
12,Lee,0008,2019,34500
12,Lee,0008,2020,29500
12,Lee,0008,2021,32500
12,Lee,0008,2022,35500
12,Lee,0008,2023,36000
12,Lee,0008,2024,35000
12,Lee,0008,2025,35000
12,Lee,0009,1970,2800
12,Lee,0009,1971,3016
12,Lee,0009,1972,3439
12,Lee,0009,1973,4126
12,Lee,0009,1974,6120
12,Lee,0009,1975,7013
12,Lee,0009,1976,6235
12,Lee,0009,1977,6344
03,Collier,0009,1978,1130
12,Lee,0009,1978,6482
12,Lee,0009,1979,6251
12,Lee,0009,1980,6770
12,Lee,0009,1982,12630
12,Lee,0009,1983,6212
12,Lee,0009,1984,7198
12,Lee,0009,1985,7273
12,Lee,0009,1986,8002
12,Lee,0009,1987,9472
12,Lee,0009,1988,9504
12,Lee,0009,1989,8834
12,Lee,0010,1970,8427
12,Lee,0010,1971,8194
12,Lee,0010,1972,8978
12,Lee,0010,1973,9918
12,Lee,0010,1974,10972
12,Lee,0010,1975,11648
12,Lee,0010,1976,11468
12,Lee,0010,1977,11356
12,Lee,0010,1978,11256
12,Lee,0010,1980,11326
12,Lee,0010,1982,13974
12,Lee,0010,1983,14526
12,Lee,0010,1985,16015
12,Lee,0010,1986,17588
12,Lee,0010,1987,19601
12,Lee,0010,1988,17979
12,Lee,0010,1989,17364
12,Lee,0010,1990,23539
12,Lee,0010,1991,21863
12,Lee,0010,1992,22500
12,Lee,0010,1993,22500
12,Lee,0010,1994,21000
12,Lee,0010,1995,19500
12,Lee,0010,1996,23000
12,Lee,0010,1997,23000
12,Lee,0010,1998,24000
12,Lee,0010,1999,24500
12,Lee,0010,2000,24500
12,Lee,0010,2001,24500
12,Lee,0010,2002,24000
12,Lee,0010,2003,26000
12,Lee,0010,2004,27000
12,Lee,0010,2005,23500
12,Lee,0010,2006,21000
12,Lee,0010,2007,20200
12,Lee,0010,2008,21000
12,Lee,0010,2009,21000
12,Lee,0010,2010,20000
12,Lee,0010,2011,21000
12,Lee,0010,2012,24500
12,Lee,0010,2013,24500
03,Collier,0011,1970,2425
12,Lee,0011,1970,5742
03,Collier,0011,1971,2041
12,Lee,0011,1971,6081
03,Collier,0011,1972,1947
12,Lee,0011,1972,7248
03,Collier,0011,1973,2349
12,Lee,0011,1973,9218
03,Collier,0011,1974,2394
12,Lee,0011,1974,11193
03,Collier,0011,1975,2761
12,Lee,0011,1975,11454
03,Collier,0011,1976,2940
12,Lee,0011,1976,11456
03,Collier,0011,1977,2165
12,Lee,0011,1977,11475
03,Collier,0011,1978,2320
12,Lee,0011,1978,11736
03,Collier,0011,1979,2443
12,Lee,0011,1979,11321
03,Collier,0011,1980,2048
12,Lee,0011,1980,13058
03,Collier,0011,1981,2185
03,Collier,0011,1982,2303
12,Lee,0011,1982,16649
03,Collier,0011,1983,2507
12,Lee,0011,1983,16167
03,Collier,0011,1984,2953
12,Lee,0011,1984,16139
03,Collier,0011,1985,2245
12,Lee,0011,1985,15433
12,Lee,0011,1986,16939
12,Lee,0011,1987,16024
12,Lee,0011,1988,17077
12,Lee,0011,1989,15828
12,Lee,0011,1991,20281
03,Collier,0011,2006,2500
03,Collier,0011,2007,2500
03,Collier,0011,2008,2200
03,Collier,0011,2009,2300
03,Collier,0011,2010,2500
03,Collier,0011,2011,2100
03,Collier,0011,2012,1900
03,Collier,0011,2013,1800
03,Collier,0011,2014,2200
03,Collier,0011,2015,2500
03,Collier,0011,2016,2500
03,Collier,0011,2017,2300
03,Collier,0011,2018,2200
03,Collier,0011,2019,2200
03,Collier,0011,2020,2200
03,Collier,0011,2021,2300
03,Collier,0011,2022,3000
03,Collier,0011,2023,3200
03,Collier,0011,2024,3400
03,Collier,0011,2025,2700
12,Lee,0012,1970,3607
12,Lee,0012,1971,3948
12,Lee,0012,1972,4096
12,Lee,0012,1973,4503
12,Lee,0012,1974,4208
12,Lee,0012,1976,3667
12,Lee,0012,1977,3749
12,Lee,0012,1978,3896
12,Lee,0012,1979,3880
12,Lee,0012,1980,4108
12,Lee,0012,1982,6606
12,Lee,0012,1983,8549
12,Lee,0012,1984,8665
03,Collier,0012,1985,32025
12,Lee,0012,1985,9098
03,Collier,0012,1986,35987
12,Lee,0012,1986,8927
03,Collier,0012,1987,38479
12,Lee,0012,1987,8379
03,Collier,0012,1988,39568
12,Lee,0012,1988,8741
03,Collier,0012,1989,39417
12,Lee,0012,1989,7758
03,Collier,0012,1990,37264
12,Lee,0012,1990,12540
03,Collier,0012,1991,41373
12,Lee,0012,1991,14306
03,Collier,0012,1992,43000
12,Lee,0012,1992,13000
03,Collier,0012,1993,45000
12,Lee,0012,1993,12800
03,Collier,0012,1994,41500
12,Lee,0012,1994,12700
03,Collier,0012,1995,41500
12,Lee,0012,1995,12700
03,Collier,0012,1996,46000
12,Lee,0012,1996,12600
03,Collier,0012,1997,44500
12,Lee,0012,1997,14100
03,Collier,0012,1998,46500
12,Lee,0012,1998,13100
03,Collier,0012,1999,43500
12,Lee,0012,1999,14500
03,Collier,0012,2000,44000
12,Lee,0012,2000,15800
03,Collier,0012,2001,42000
12,Lee,0012,2001,15100
03,Collier,0012,2002,47000
12,Lee,0012,2002,16500
03,Collier,0012,2003,47000
12,Lee,0012,2003,17100
03,Collier,0012,2004,51000
12,Lee,0012,2004,19200
03,Collier,0012,2005,50500
12,Lee,0012,2005,21500
03,Collier,0012,2006,49000
12,Lee,0012,2006,21000
12,Lee,0012,2007,23000
03,Collier,0012,2007,45500
12,Lee,0012,2008,21000
03,Collier,0012,2008,46500
12,Lee,0012,2009,21000
03,Collier,0012,2009,43000
03,Collier,0012,2010,39000
12,Lee,0012,2010,21000
03,Collier,0012,2011,43500
12,Lee,0012,2011,21000
12,Lee,0012,2012,17800
03,Collier,0012,2012,40000
03,Collier,0012,2013,42000
12,Lee,0012,2013,17800
12,Lee,0012,2014,18200
03,Collier,0012,2014,41500
12,Lee,0012,2015,21000
03,Collier,0012,2015,43000
03,Collier,0012,2016,43000
12,Lee,0012,2016,23500
03,Collier,0012,2017,40000
12,Lee,0012,2017,24000
12,Lee,0012,2018,26000
03,Collier,0012,2018,38500
03,Collier,0012,2019,45000
12,Lee,0012,2019,28000
12,Lee,0012,2020,29000
03,Collier,0012,2020,35000
12,Lee,0012,2021,30000
03,Collier,0012,2021,44000
12,Lee,0012,2022,33000
03,Collier,0012,2022,47000
12,Lee,0012,2023,38000
03,Collier,0012,2023,49000
12,Lee,0012,2024,35500
03,Collier,0012,2024,49000
03,Collier,0012,2025,52000
12,Lee,0012,2025,38500
12,Lee,0013,1970,13531
12,Lee,0013,1971,13563
12,Lee,0013,1972,14940
12,Lee,0013,1973,16573
12,Lee,0013,1974,16352
12,Lee,0013,1975,20540
12,Lee,0013,1976,18849
12,Lee,0013,1977,20077
12,Lee,0013,1978,20438
12,Lee,0013,1979,20145
12,Lee,0013,1980,21080
12,Lee,0013,1981,27426
12,Lee,0013,1982,24848
12,Lee,0013,1983,24906
12,Lee,0013,1984,27703
12,Lee,0013,1985,30521
12,Lee,0013,1986,31760
12,Lee,0014,1970,1482
12,Lee,0014,1971,1884
12,Lee,0014,1972,1996
12,Lee,0014,1973,2450
12,Lee,0014,1974,2055
03,Collier,0014,1974,9392
12,Lee,0014,1975,2590
03,Collier,0014,1975,9158
03,Collier,0014,1977,14920
03,Collier,0014,1978,11528
03,Collier,0014,1979,13945
03,Collier,0014,1980,10796
03,Collier,0014,1981,15941
03,Collier,0014,1982,14878
03,Collier,0014,1983,12544
03,Collier,0014,1984,12617
03,Collier,0014,1985,13485
03,Collier,0014,1986,15634
03,Collier,0014,1987,14803
03,Collier,0014,1988,16533
03,Collier,0014,1989,15340
03,Collier,0014,1990,18466
03,Collier,0014,1991,19504
03,Collier,0014,1992,19500
03,Collier,0014,1993,20000
03,Collier,0014,1994,21000
03,Collier,0014,1995,21500
03,Collier,0014,1996,23000
03,Collier,0014,1997,23000
03,Collier,0014,1998,23000
03,Collier,0014,1999,23000
03,Collier,0014,2000,23000
03,Collier,0014,2001,23500
03,Collier,0014,2002,25000
03,Collier,0014,2003,26000
03,Collier,0014,2004,27000
03,Collier,0014,2005,29000
03,Collier,0014,2006,27000
03,Collier,0014,2007,30000
03,Collier,0014,2008,27000
03,Collier,0014,2009,27500
03,Collier,0014,2010,25000
03,Collier,0014,2011,25000
03,Collier,0014,2012,27500
03,Collier,0014,2013,28000
03,Collier,0014,2014,29000
03,Collier,0014,2015,32000
03,Collier,0014,2016,32500
03,Collier,0014,2017,32500
03,Collier,0014,2018,32500
03,Collier,0014,2019,36000
03,Collier,0014,2020,31000
03,Collier,0014,2021,37000
03,Collier,0014,2022,37000
03,Collier,0014,2023,38000
03,Collier,0014,2024,40500
03,Collier,0014,2025,40500
12,Lee,0015,1970,1125
12,Lee,0015,1971,1124
12,Lee,0015,1972,1143
12,Lee,0015,1973,1170
12,Lee,0015,1974,1310
12,Lee,0015,1975,1184
12,Lee,0015,1976,1236
03,Collier,0015,1976,14460
12,Lee,0015,1977,1307
03,Collier,0015,1977,8910
12,Lee,0015,1978,1438
03,Collier,0015,1978,16800
12,Lee,0015,1979,1498
03,Collier,0015,1979,19625
12,Lee,0015,1980,1471
03,Collier,0015,1980,18713
03,Collier,0015,1981,18151
12,Lee,0015,1982,9160
03,Collier,0015,1982,21590
12,Lee,0015,1983,9484
03,Collier,0015,1983,21040
12,Lee,0015,1984,11464
03,Collier,0015,1984,21793
12,Lee,0015,1985,11894
03,Collier,0015,1985,22665
12,Lee,0015,1986,13231
03,Collier,0015,1986,26237
12,Lee,0015,1987,17558
03,Collier,0015,1987,27126
12,Lee,0015,1988,19614
03,Collier,0015,1988,29902
12,Lee,0015,1989,19406
03,Collier,0015,1989,30582
03,Collier,0015,1990,29185
03,Collier,0015,1991,30978
03,Collier,0015,1992,30500
03,Collier,0015,1993,31500
03,Collier,0015,1994,33500
03,Collier,0015,1995,31500
03,Collier,0015,1996,34000
03,Collier,0015,1997,32500
03,Collier,0015,1998,32000
03,Collier,0015,1999,33000
03,Collier,0015,2000,35000
03,Collier,0015,2001,35500
03,Collier,0015,2002,31500
03,Collier,0015,2003,36500
03,Collier,0015,2004,36500
03,Collier,0015,2005,40000
03,Collier,0015,2006,42000
03,Collier,0015,2007,42000
03,Collier,0015,2008,37500
03,Collier,0015,2009,36000
03,Collier,0015,2010,35000
03,Collier,0015,2011,35000
03,Collier,0015,2012,34500
03,Collier,0015,2013,34500
03,Collier,0015,2014,35500
03,Collier,0015,2015,40500
03,Collier,0015,2016,42000
03,Collier,0015,2017,40500
03,Collier,0015,2018,38500
03,Collier,0015,2019,42000
03,Collier,0015,2020,39000
03,Collier,0015,2021,43500
03,Collier,0015,2022,45000
03,Collier,0015,2023,47000
03,Collier,0015,2024,47000
03,Collier,0015,2025,50000
12,Lee,0016,1970,4588
12,Lee,0016,1971,5002
12,Lee,0016,1972,5133
12,Lee,0016,1973,5430
12,Lee,0016,1974,5923
12,Lee,0016,1975,5711
12,Lee,0016,1976,6706
12,Lee,0016,1977,6686
12,Lee,0016,1978,6832
12,Lee,0017,1970,3060
03,Collier,0017,1970,10260
12,Lee,0017,1971,3774
03,Collier,0017,1971,9998
12,Lee,0017,1972,3450
03,Collier,0017,1972,12375
12,Lee,0017,1973,4314
03,Collier,0017,1973,17226
12,Lee,0017,1974,6396
03,Collier,0017,1974,20124
12,Lee,0017,1975,6748
03,Collier,0017,1975,16839
12,Lee,0017,1976,6120
03,Collier,0017,1976,15028
12,Lee,0017,1977,6416
03,Collier,0017,1977,16821
12,Lee,0017,1978,6563
03,Collier,0017,1978,21206
12,Lee,0017,1979,6841
03,Collier,0017,1979,26161
12,Lee,0017,1980,6560
03,Collier,0017,1980,26553
03,Collier,0017,1981,29173
12,Lee,0017,1982,11779
03,Collier,0017,1982,28323
12,Lee,0017,1983,13801
03,Collier,0017,1983,27259
12,Lee,0017,1984,14866
03,Collier,0017,1984,28294
12,Lee,0017,1985,15609
03,Collier,0017,1985,29500
12,Lee,0017,1986,15151
03,Collier,0017,1986,34250
12,Lee,0017,1987,13932
03,Collier,0017,1987,31732
12,Lee,0017,1988,15083
03,Collier,0017,1988,31366
12,Lee,0017,1989,14532
03,Collier,0017,1989,31694
12,Lee,0017,1990,19190
03,Collier,0017,1990,34931
12,Lee,0017,1991,23266
03,Collier,0017,1991,36779
12,Lee,0017,1992,26000
03,Collier,0017,1992,38000
12,Lee,0017,1993,24000
03,Collier,0017,1993,38000
12,Lee,0017,1994,24000
03,Collier,0017,1994,35500
12,Lee,0017,1995,24500
03,Collier,0017,1995,36000
12,Lee,0017,1996,24000
03,Collier,0017,1996,42000
12,Lee,0017,1997,23500
03,Collier,0017,1997,44000
12,Lee,0017,1998,25500
03,Collier,0017,1998,40500
12,Lee,0017,1999,24000
03,Collier,0017,1999,40500
12,Lee,0017,2000,28000
03,Collier,0017,2000,39000
12,Lee,0017,2001,26500
03,Collier,0017,2001,39000
12,Lee,0017,2002,28000
03,Collier,0017,2002,45500
12,Lee,0017,2003,27500
03,Collier,0017,2003,44000
12,Lee,0017,2004,26500
03,Collier,0017,2004,48000
12,Lee,0017,2005,30500
03,Collier,0017,2005,47500
03,Collier,0017,2006,48500
12,Lee,0017,2006,26500
12,Lee,0017,2007,32000
03,Collier,0017,2007,45000
12,Lee,0017,2008,29500
03,Collier,0017,2008,46500
12,Lee,0017,2009,27000
03,Collier,0017,2009,45500
03,Collier,0017,2010,43000
12,Lee,0017,2010,26000
03,Collier,0017,2011,42000
12,Lee,0017,2011,25000
12,Lee,0017,2012,25500
03,Collier,0017,2012,41000
03,Collier,0017,2013,41500
12,Lee,0017,2013,26500
12,Lee,0017,2014,27500
03,Collier,0017,2014,41000
12,Lee,0017,2015,32500
03,Collier,0017,2015,43000
03,Collier,0017,2016,41000
12,Lee,0017,2016,36000
03,Collier,0017,2017,40500
12,Lee,0017,2017,32500
12,Lee,0017,2018,35000
03,Collier,0017,2018,40000
03,Collier,0017,2019,43000
12,Lee,0017,2019,36000
12,Lee,0017,2020,36500
03,Collier,0017,2020,35500
12,Lee,0017,2021,35500
03,Collier,0017,2021,42000
12,Lee,0017,2022,40000
03,Collier,0017,2022,42000
12,Lee,0017,2023,43000
03,Collier,0017,2023,43500
12,Lee,0017,2024,42000
03,Collier,0017,2024,43500
03,Collier,0017,2025,43500
12,Lee,0017,2025,35000
12,Lee,0018,1970,642
12,Lee,0018,1971,762
12,Lee,0018,1972,658
12,Lee,0018,1973,748
12,Lee,0018,1974,761
12,Lee,0018,1975,960
03,Collier,0018,1985,23417
03,Collier,0018,1986,25754
03,Collier,0018,1987,24421
03,Collier,0018,1988,25130
03,Collier,0018,1989,25788
03,Collier,0018,1990,30723
03,Collier,0018,1991,32140
03,Collier,0018,1992,35000
03,Collier,0018,1993,37000
03,Collier,0018,1994,35000
03,Collier,0018,1995,42500
03,Collier,0018,1996,44000
03,Collier,0018,1997,45500
03,Collier,0018,1998,46000
03,Collier,0018,1999,45500
03,Collier,0018,2000,45500
03,Collier,0018,2001,45500
03,Collier,0018,2002,55000
03,Collier,0018,2003,53500
03,Collier,0018,2004,52000
03,Collier,0018,2005,58500
03,Collier,0018,2006,61500
03,Collier,0018,2007,61000
03,Collier,0018,2008,60000
03,Collier,0018,2009,57000
03,Collier,0018,2010,59000
03,Collier,0018,2011,53500
03,Collier,0018,2012,51500
03,Collier,0018,2013,53500
03,Collier,0018,2014,53500
03,Collier,0018,2015,56500
03,Collier,0018,2016,61000
03,Collier,0018,2017,56500
03,Collier,0018,2018,52500
03,Collier,0018,2019,61500
03,Collier,0018,2020,49000
03,Collier,0018,2021,59000
03,Collier,0018,2022,64000
03,Collier,0018,2023,63000
03,Collier,0018,2024,62000
03,Collier,0018,2025,62000
12,Lee,0019,1970,14640
12,Lee,0019,1971,15616
12,Lee,0019,1972,17174
12,Lee,0019,1973,18981
12,Lee,0019,1974,19154
12,Lee,0019,1975,16160
12,Lee,0019,1976,18024
12,Lee,0019,1977,18330
12,Lee,0019,1978,19057
12,Lee,0019,1979,19777
12,Lee,0019,1980,19834
12,Lee,0019,1982,20182
12,Lee,0019,1983,17779
12,Lee,0019,1984,18182
12,Lee,0019,1985,18364
03,Collier,0019,1985,18204
12,Lee,0019,1986,21269
03,Collier,0019,1986,22730
12,Lee,0019,1987,21870
03,Collier,0019,1987,21282
12,Lee,0019,1988,22942
03,Collier,0019,1988,21183
12,Lee,0019,1989,21764
03,Collier,0019,1989,20048
12,Lee,0019,1990,21833
12,Lee,0019,1991,20223
12,Lee,0019,1992,20000
12,Lee,0019,1993,21000
12,Lee,0019,1994,17500
12,Lee,0019,1995,25000
12,Lee,0019,1996,29000
12,Lee,0019,1997,31500
12,Lee,0019,1998,31000
12,Lee,0019,1999,32500
12,Lee,0019,2000,30500
12,Lee,0019,2001,31000
12,Lee,0019,2002,32500
12,Lee,0019,2003,32500
12,Lee,0019,2004,35500
12,Lee,0019,2005,38000
12,Lee,0019,2006,42500
12,Lee,0019,2007,33000
12,Lee,0019,2008,29000
12,Lee,0019,2009,30000
12,Lee,0019,2010,29500
12,Lee,0019,2011,28500
12,Lee,0019,2012,29500
12,Lee,0019,2013,32000
12,Lee,0020,1970,6463
12,Lee,0020,1971,6908
12,Lee,0020,1972,7612
12,Lee,0020,1973,8464
12,Lee,0020,1974,9716
12,Lee,0020,1975,10609
12,Lee,0020,1976,10994
12,Lee,0020,1977,10752
12,Lee,0020,1978,11029
12,Lee,0020,1979,11256
12,Lee,0020,1980,11152
12,Lee,0020,1983,10566
12,Lee,0020,1984,10940
12,Lee,0020,1985,11349
03,Collier,0020,1985,21932
12,Lee,0020,1986,11706
03,Collier,0020,1986,27039
12,Lee,0020,1987,9839
03,Collier,0020,1987,23693
12,Lee,0020,1988,10009
03,Collier,0020,1988,26389
12,Lee,0020,1989,9328
03,Collier,0020,1989,27203
12,Lee,0020,1990,13011
03,Collier,0020,1990,31744
12,Lee,0020,1991,13888
03,Collier,0020,1991,30788
12,Lee,0020,1992,14500
03,Collier,0020,1992,31000
12,Lee,0020,1993,14000
03,Collier,0020,1993,33000
12,Lee,0020,1994,14500
03,Collier,0020,1994,33500
12,Lee,0020,1995,14000
03,Collier,0020,1995,33500
12,Lee,0020,1996,17000
12,Lee,0020,1997,18600
12,Lee,0020,1998,15500
12,Lee,0020,1999,14000
12,Lee,0020,2000,13500
12,Lee,0020,2001,15800
12,Lee,0020,2002,14600
12,Lee,0020,2003,17900
12,Lee,0020,2004,17700
12,Lee,0020,2005,14700
12,Lee,0020,2006,16000
12,Lee,0020,2007,16000
12,Lee,0020,2008,14500
12,Lee,0020,2009,15400
12,Lee,0020,2010,16100
12,Lee,0020,2011,16500
12,Lee,0020,2012,14400
12,Lee,0020,2013,14400
12,Lee,0020,2014,14400
12,Lee,0020,2015,17600
12,Lee,0020,2016,18300
12,Lee,0020,2017,16200
12,Lee,0020,2018,16000
12,Lee,0020,2019,15500
12,Lee,0020,2020,14500
12,Lee,0020,2021,15100
12,Lee,0020,2022,15100
12,Lee,0020,2023,14500
12,Lee,0020,2024,14300
12,Lee,0020,2025,14500
12,Lee,0021,1970,4449
12,Lee,0021,1971,4166
12,Lee,0021,1972,4546
12,Lee,0021,1973,4922
12,Lee,0021,1974,4963
12,Lee,0021,1975,4348
12,Lee,0021,1976,4934
12,Lee,0021,1977,5145
12,Lee,0021,1978,5264
12,Lee,0021,1979,5397
12,Lee,0021,1980,5379
12,Lee,0021,1982,9271
12,Lee,0021,1983,10372
12,Lee,0021,1985,11435
03,Collier,0021,1985,20653
12,Lee,0021,1986,11982
03,Collier,0021,1986,24826
12,Lee,0021,1987,14172
03,Collier,0021,1987,23651
12,Lee,0021,1988,15639
03,Collier,0021,1988,26267
12,Lee,0021,1989,13834
03,Collier,0021,1989,26904
12,Lee,0021,1990,8388
03,Collier,0021,1990,28660
12,Lee,0021,1991,8026
03,Collier,0021,1991,27409
12,Lee,0021,1992,9200
03,Collier,0021,1992,28000
12,Lee,0021,1993,10000
03,Collier,0021,1993,30000
12,Lee,0021,1994,9300
03,Collier,0021,1994,31500
12,Lee,0021,1995,8900
03,Collier,0021,1995,32000
12,Lee,0021,1996,10100
12,Lee,0021,1997,10200
12,Lee,0021,1998,11700
12,Lee,0021,1999,12000
12,Lee,0021,2000,12200
12,Lee,0021,2001,11900
12,Lee,0021,2002,13500
12,Lee,0021,2003,14500
12,Lee,0021,2004,21500
12,Lee,0021,2005,21000
12,Lee,0021,2006,24000
12,Lee,0021,2007,22000
12,Lee,0021,2008,18500
12,Lee,0021,2009,20500
12,Lee,0021,2010,20500
12,Lee,0021,2011,20500
12,Lee,0021,2012,23500
12,Lee,0021,2013,24500
12,Lee,0021,2014,25500
12,Lee,0021,2015,28000
12,Lee,0021,2016,31000
12,Lee,0021,2017,32000
12,Lee,0021,2018,32500
12,Lee,0021,2019,30000
12,Lee,0021,2020,34500
12,Lee,0021,2021,38500
12,Lee,0021,2022,38500
12,Lee,0021,2023,47500
12,Lee,0021,2024,51500
12,Lee,0021,2025,51500
12,Lee,0022,1970,1558
12,Lee,0022,1971,1923
12,Lee,0022,1972,2423
12,Lee,0022,1973,3010
12,Lee,0022,1974,3180
12,Lee,0022,1975,3833
12,Lee,0022,1976,3599
12,Lee,0022,1977,3687
12,Lee,0022,1978,3812
12,Lee,0022,1979,3858
12,Lee,0022,1980,3912
12,Lee,0022,1982,8276
12,Lee,0022,1983,8570
12,Lee,0022,1984,8915
12,Lee,0022,1985,10163
03,Collier,0022,1985,5569
12,Lee,0022,1986,10895
03,Collier,0022,1986,5605
12,Lee,0022,1987,10278
03,Collier,0022,1987,6677
12,Lee,0022,1988,10612
12,Lee,0022,1989,9300
12,Lee,0022,1990,10124
12,Lee,0022,1991,8562
12,Lee,0022,1992,8800
12,Lee,0022,1993,9400
12,Lee,0022,1994,8000
12,Lee,0022,1995,8300
12,Lee,0022,1996,8600
12,Lee,0022,1997,9700
12,Lee,0022,1998,7800
12,Lee,0022,1999,8100
12,Lee,0022,2000,9500
12,Lee,0022,2001,9700
03,Collier,0022,2001,2300
12,Lee,0022,2002,11400
03,Collier,0022,2002,3000
12,Lee,0022,2003,10700
03,Collier,0022,2003,2300
12,Lee,0022,2004,12200
03,Collier,0022,2004,2600
12,Lee,0022,2005,12600
03,Collier,0022,2005,2800
03,Collier,0022,2006,2800
12,Lee,0022,2006,11800
12,Lee,0022,2007,11800
03,Collier,0022,2007,2200
12,Lee,0022,2008,10400
03,Collier,0022,2008,1800
12,Lee,0022,2009,9900
03,Collier,0022,2009,1600
03,Collier,0022,2010,1350
12,Lee,0022,2010,9800
03,Collier,0022,2011,1350
12,Lee,0022,2011,9800
12,Lee,0022,2012,10200
03,Collier,0022,2012,1350
03,Collier,0022,2013,1850
12,Lee,0022,2013,9800
12,Lee,0022,2014,10000
03,Collier,0022,2014,1850
12,Lee,0022,2015,11500
03,Collier,0022,2015,2200
03,Collier,0022,2016,2200
12,Lee,0022,2016,12300
03,Collier,0022,2017,2200
12,Lee,0022,2017,12000
12,Lee,0022,2018,12900
03,Collier,0022,2018,1850
03,Collier,0022,2019,2000
12,Lee,0022,2019,14600
12,Lee,0022,2020,14300
03,Collier,0022,2020,1750
12,Lee,0022,2021,16400
03,Collier,0022,2021,2300
12,Lee,0022,2022,17300
03,Collier,0022,2022,2300
12,Lee,0022,2023,17400
03,Collier,0022,2023,2500
12,Lee,0022,2024,19100
03,Collier,0022,2024,2300
03,Collier,0022,2025,2300
12,Lee,0022,2025,21000
12,Lee,0023,1970,14579
12,Lee,0023,1971,15177
12,Lee,0023,1972,16886
12,Lee,0023,1973,17844
12,Lee,0023,1974,17770
12,Lee,0023,1975,17793
12,Lee,0023,1976,17213
12,Lee,0023,1977,17147
12,Lee,0023,1978,17086
12,Lee,0023,1979,17280
12,Lee,0023,1980,17089
12,Lee,0023,1982,21464
12,Lee,0023,1983,17548
12,Lee,0023,1985,19347
03,Collier,0023,1985,26819
12,Lee,0023,1986,19146
03,Collier,0023,1986,33273
12,Lee,0023,1987,18289
03,Collier,0023,1987,33663
12,Lee,0023,1988,19838
03,Collier,0023,1988,35923
12,Lee,0023,1989,19050
03,Collier,0023,1989,35925
12,Lee,0023,1990,13213
03,Collier,0023,1990,43225
12,Lee,0023,1991,11832
03,Collier,0023,1991,43244
12,Lee,0023,1992,17500
03,Collier,0023,1992,45500
12,Lee,0023,1993,13500
03,Collier,0023,1993,47000
12,Lee,0023,1994,13500
03,Collier,0023,1994,51000
12,Lee,0023,1995,13000
03,Collier,0023,1995,49000
12,Lee,0023,1996,9000
12,Lee,0023,1997,9700
12,Lee,0023,1998,9500
12,Lee,0023,1999,15000
12,Lee,0023,2000,17000
12,Lee,0023,2001,17000
03,Collier,0023,2001,46000
12,Lee,0023,2002,8600
03,Collier,0023,2002,49500
12,Lee,0023,2003,10500
03,Collier,0023,2003,47500
12,Lee,0023,2004,6700
03,Collier,0023,2004,51000
12,Lee,0023,2005,9500
03,Collier,0023,2005,39000
03,Collier,0023,2006,41000
12,Lee,0023,2006,9700
12,Lee,0023,2007,10500
03,Collier,0023,2007,43000
12,Lee,0023,2008,6500
03,Collier,0023,2008,42500
12,Lee,0023,2009,6000
03,Collier,0023,2009,40500
03,Collier,0023,2010,39500
12,Lee,0023,2010,6500
03,Collier,0023,2011,39500
12,Lee,0023,2011,6500
12,Lee,0023,2012,7100
03,Collier,0023,2012,38500
03,Collier,0023,2013,44000
12,Lee,0023,2013,7200
12,Lee,0023,2014,7600
03,Collier,0023,2014,45000
12,Lee,0023,2015,7900
03,Collier,0023,2015,47500
03,Collier,0023,2016,48500
12,Lee,0023,2016,8200
03,Collier,0023,2017,42500
12,Lee,0023,2017,8100
12,Lee,0023,2018,8300
03,Collier,0023,2018,44000
03,Collier,0023,2019,48500
12,Lee,0023,2019,8100
12,Lee,0023,2020,8200
03,Collier,0023,2020,40000
12,Lee,0023,2021,8100
03,Collier,0023,2021,50000
12,Lee,0023,2022,8100
03,Collier,0023,2022,47500
12,Lee,0023,2023,8300
03,Collier,0023,2023,51500
12,Lee,0023,2024,10000
03,Collier,0023,2024,53500
03,Collier,0023,2025,52500
12,Lee,0023,2025,10000
03,Collier,0024,1985,16225
03,Collier,0024,1986,19622
03,Collier,0024,1987,21314
03,Collier,0024,1988,23338
03,Collier,0024,1989,22338
03,Collier,0024,1990,32279
03,Collier,0024,1991,31840
03,Collier,0024,1992,34500
03,Collier,0024,1993,35500
03,Collier,0024,1994,39500
03,Collier,0024,1995,38500
03,Collier,0024,2001,57000
03,Collier,0024,2002,56500
03,Collier,0024,2003,46000
03,Collier,0024,2004,44500
03,Collier,0024,2005,44500
03,Collier,0024,2006,37500
03,Collier,0024,2007,34000
03,Collier,0024,2008,35000
03,Collier,0024,2009,36000
03,Collier,0024,2010,35000
03,Collier,0024,2011,35000
03,Collier,0024,2012,35000
03,Collier,0024,2013,35000
03,Collier,0024,2014,37000
03,Collier,0024,2015,39000
03,Collier,0024,2016,39500
03,Collier,0024,2017,36500
03,Collier,0024,2018,37500
03,Collier,0024,2019,38500
03,Collier,0024,2020,35500
03,Collier,0024,2021,41500
03,Collier,0024,2022,39000
03,Collier,0024,2023,42000
03,Collier,0024,2024,40500
03,Collier,0024,2025,40500
12,Lee,0025,1970,11095
12,Lee,0025,1971,11647
12,Lee,0025,1972,12508
12,Lee,0025,1973,14476
12,Lee,0025,1974,12640
12,Lee,0025,1975,12796
12,Lee,0025,1976,14988
12,Lee,0025,1977,17370
12,Lee,0025,1978,18248
12,Lee,0025,1979,18950
12,Lee,0025,1980,19600
12,Lee,0025,1981,22418
12,Lee,0025,1982,23560
12,Lee,0025,1983,23553
12,Lee,0025,1985,25967
03,Collier,0025,1985,10045
12,Lee,0025,1986,37256
03,Collier,0025,1986,12452
12,Lee,0025,1987,46810
03,Collier,0025,1987,12475
12,Lee,0025,1988,44238
12,Lee,0025,1989,42268
12,Lee,0025,1991,51973
12,Lee,0025,1992,51000
12,Lee,0025,1993,52000
12,Lee,0025,1994,52500
12,Lee,0025,1995,53000
12,Lee,0025,1996,53500
12,Lee,0025,1997,56500
12,Lee,0025,1998,61500
12,Lee,0025,1999,67500
12,Lee,0025,2000,54000
12,Lee,0025,2001,64000
12,Lee,0025,2002,61000
12,Lee,0025,2003,67000
12,Lee,0025,2004,70000
12,Lee,0025,2005,70500
12,Lee,0025,2006,69000
12,Lee,0025,2007,71500
12,Lee,0025,2008,73000
12,Lee,0025,2009,68500
12,Lee,0025,2010,70500
12,Lee,0025,2011,72000
12,Lee,0025,2012,70000
12,Lee,0025,2013,57500
12,Lee,0025,2014,57500
12,Lee,0025,2015,60500
12,Lee,0025,2016,65500
12,Lee,0025,2017,59500
12,Lee,0025,2018,59500
12,Lee,0025,2019,62500
12,Lee,0025,2020,50000
12,Lee,0025,2021,65500
12,Lee,0025,2022,71000
12,Lee,0025,2023,70500
12,Lee,0025,2024,69500
12,Lee,0025,2025,70500
12,Lee,0026,1970,2893
12,Lee,0026,1971,2923
12,Lee,0026,1972,3175
12,Lee,0026,1973,4164
12,Lee,0026,1974,4933
12,Lee,0026,1975,6456
03,Collier,0026,1985,5369
03,Collier,0026,1986,5738
03,Collier,0026,1987,5532
12,Lee,0027,1970,1048
03,Collier,0027,1970,226
12,Lee,0027,1971,1391
03,Collier,0027,1971,174
12,Lee,0027,1972,1275
03,Collier,0027,1972,103
12,Lee,0027,1973,1657
12,Lee,0027,1974,2196
12,Lee,0027,1975,1570
03,Collier,0027,1977,308
03,Collier,0027,1985,603
03,Collier,0027,1986,857
03,Collier,0027,1987,991
12,Lee,0027,2008,13400
12,Lee,0027,2009,13400
12,Lee,0027,2010,13400
12,Lee,0027,2011,9700
12,Lee,0027,2012,9700
12,Lee,0027,2013,9900
12,Lee,0027,2014,12600
12,Lee,0027,2015,13200
12,Lee,0027,2016,13600
12,Lee,0027,2017,14000
12,Lee,0027,2018,11300
12,Lee,0027,2019,12000
12,Lee,0027,2020,12000
12,Lee,0027,2021,12500
12,Lee,0027,2022,13000
12,Lee,0027,2023,9600
12,Lee,0027,2024,10000
12,Lee,0027,2025,10400
12,Lee,0028,1970,2281
12,Lee,0028,1971,2538
12,Lee,0028,1972,3797
12,Lee,0028,1973,4976
12,Lee,0028,1974,5805
12,Lee,0028,1975,6178
03,Collier,0028,1987,3712
03,Collier,0028,1988,4038
03,Collier,0028,1989,3625
03,Collier,0028,1991,7278
03,Collier,0028,1992,7500
03,Collier,0028,1993,10300
03,Collier,0028,1994,8400
03,Collier,0028,1995,9000
03,Collier,0028,1996,10000
03,Collier,0028,1997,10800
03,Collier,0028,1998,11800
03,Collier,0028,1999,12800
03,Collier,0028,2000,12600
03,Collier,0028,2001,13800
12,Lee,0029,1970,239
12,Lee,0029,1971,298
12,Lee,0029,1972,217
12,Lee,0029,1973,288
12,Lee,0029,1974,274
12,Lee,0029,1975,252
03,Collier,0029,1976,8160
03,Collier,0029,1977,8233
03,Collier,0029,1985,11467
03,Collier,0029,1986,14085
03,Collier,0029,1987,12762
03,Collier,0029,1988,12023
03,Collier,0029,1989,10952
03,Collier,0029,1991,11892
03,Collier,0029,1992,15300
03,Collier,0029,1993,10800
03,Collier,0029,1994,12900
03,Collier,0029,1995,11800
03,Collier,0029,1996,11900
03,Collier,0029,1997,16800
03,Collier,0029,1998,14100
03,Collier,0029,1999,13900
03,Collier,0029,2000,12800
03,Collier,0029,2001,13000
03,Collier,0029,2002,13700
03,Collier,0029,2003,12800
03,Collier,0029,2004,12500
03,Collier,0029,2005,13600
03,Collier,0029,2006,14300
03,Collier,0029,2007,12500
12,Lee,0029,2008,13100
03,Collier,0029,2008,13300
12,Lee,0029,2009,13300
03,Collier,0029,2009,11900
03,Collier,0029,2010,10800
12,Lee,0029,2010,13500
03,Collier,0029,2011,11000
12,Lee,0029,2011,13600
12,Lee,0029,2012,13400
03,Collier,0029,2012,12600
03,Collier,0029,2013,14200
12,Lee,0029,2013,13400
12,Lee,0029,2014,13100
03,Collier,0029,2014,14600
12,Lee,0029,2015,13900
03,Collier,0029,2015,14200
03,Collier,0029,2016,16000
12,Lee,0029,2016,14700
03,Collier,0029,2017,17800
12,Lee,0029,2017,15500
12,Lee,0029,2018,15000
03,Collier,0029,2018,16100
03,Collier,0029,2019,17000
12,Lee,0029,2019,15500
12,Lee,0029,2020,15000
03,Collier,0029,2020,15700
12,Lee,0029,2021,16000
03,Collier,0029,2021,19200
12,Lee,0029,2022,16500
03,Collier,0029,2022,17400
12,Lee,0029,2023,24500
03,Collier,0029,2023,18900
12,Lee,0029,2024,25500
03,Collier,0029,2024,19900
03,Collier,0029,2025,22000
12,Lee,0029,2025,26500
12,Lee,0030,1970,2474
12,Lee,0030,1971,2822
12,Lee,0030,1972,3407
12,Lee,0030,1973,4248
12,Lee,0030,1974,5094
12,Lee,0030,1975,5609
12,Lee,0030,1976,5592
12,Lee,0030,1977,5862
12,Lee,0030,1978,6003
12,Lee,0030,1979,6260
12,Lee,0030,1980,6051
12,Lee,0030,1983,3730
12,Lee,0030,1984,4065
12,Lee,0030,1985,3922
03,Collier,0030,1985,6794
12,Lee,0030,1986,4534
03,Collier,0030,1986,8113
12,Lee,0030,1987,5088
03,Collier,0030,1987,9502
12,Lee,0030,1988,5235
12,Lee,0030,1989,4979
12,Lee,0030,1990,4026
12,Lee,0030,1991,5277
12,Lee,0030,1992,6200
12,Lee,0030,1993,6500
12,Lee,0030,1994,6700
12,Lee,0030,1995,5700
12,Lee,0030,1996,5800
12,Lee,0030,1997,6700
12,Lee,0030,1998,7300
12,Lee,0030,1999,7100
12,Lee,0030,2000,6700
12,Lee,0030,2001,7800
12,Lee,0030,2002,8200
12,Lee,0030,2003,9400
12,Lee,0030,2004,9800
12,Lee,0030,2005,10500
12,Lee,0030,2006,12500
12,Lee,0030,2007,8700
12,Lee,0030,2008,8500
12,Lee,0030,2009,7800
12,Lee,0030,2010,8500
12,Lee,0030,2011,8500
12,Lee,0030,2012,8700
12,Lee,0030,2013,8500
12,Lee,0030,2014,8700
12,Lee,0030,2015,10100
12,Lee,0030,2016,11100
12,Lee,0030,2017,11200
12,Lee,0030,2018,11500
12,Lee,0030,2019,13500
12,Lee,0030,2020,13800
12,Lee,0030,2021,15900
12,Lee,0030,2022,16600
12,Lee,0030,2023,18900
12,Lee,0030,2024,20900
12,Lee,0030,2025,22000
12,Lee,0031,1970,17316
12,Lee,0031,1971,17505
12,Lee,0031,1972,20099
12,Lee,0031,1973,22916
12,Lee,0031,1974,27245
12,Lee,0031,1975,22967
12,Lee,0031,1976,27494
12,Lee,0031,1977,30774
12,Lee,0031,1978,31229
12,Lee,0031,1979,29855
12,Lee,0031,1980,31843
12,Lee,0031,1982,38455
12,Lee,0031,1983,45269
12,Lee,0031,1984,43709
12,Lee,0031,1985,45843
03,Collier,0031,1985,859
12,Lee,0031,1986,50393
03,Collier,0031,1986,752
12,Lee,0031,1987,52180
03,Collier,0031,1987,564
12,Lee,0031,1988,54015
03,Collier,0031,1988,531
12,Lee,0031,1989,51270
03,Collier,0031,1989,540
12,Lee,0031,1990,53635
12,Lee,0031,1991,46840
03,Collier,0031,1991,760
12,Lee,0031,1992,52500
03,Collier,0031,1992,850
12,Lee,0031,1993,52000
03,Collier,0031,1993,850
12,Lee,0031,1994,56000
03,Collier,0031,1994,700
12,Lee,0031,1995,53500
03,Collier,0031,1995,900
12,Lee,0031,1996,52000
03,Collier,0031,1996,850
12,Lee,0031,1997,50000
03,Collier,0031,1997,650
12,Lee,0031,1998,42500
03,Collier,0031,1998,750
12,Lee,0031,1999,42000
03,Collier,0031,1999,650
12,Lee,0031,2000,43500
03,Collier,0031,2000,850
12,Lee,0031,2001,45500
03,Collier,0031,2001,950
12,Lee,0031,2002,46500
03,Collier,0031,2002,1200
12,Lee,0031,2003,48500
03,Collier,0031,2003,1150
12,Lee,0031,2004,51000
03,Collier,0031,2004,1300
12,Lee,0031,2005,52000
03,Collier,0031,2005,1150
03,Collier,0031,2006,1100
12,Lee,0031,2006,55000
12,Lee,0031,2007,46000
03,Collier,0031,2007,1250
12,Lee,0031,2008,48000
03,Collier,0031,2008,1450
12,Lee,0031,2009,43000
03,Collier,0031,2009,1050
03,Collier,0031,2010,1000
12,Lee,0031,2010,47500
03,Collier,0031,2011,1000
12,Lee,0031,2011,47500
12,Lee,0031,2012,48500
03,Collier,0031,2012,850
03,Collier,0031,2013,1050
12,Lee,0031,2013,47500
12,Lee,0031,2014,45500
03,Collier,0031,2014,1050
03,Collier,0031,2015,1550
03,Collier,0031,2016,1450
03,Collier,0031,2017,1700
03,Collier,0031,2018,1350
03,Collier,0031,2019,1350
03,Collier,0031,2020,1350
03,Collier,0031,2021,1450
03,Collier,0031,2022,1500
03,Collier,0031,2023,1600
12,Lee,0032,1970,2097
12,Lee,0032,1971,2079
12,Lee,0032,1972,2343
12,Lee,0032,1973,2559
12,Lee,0032,1974,2619
12,Lee,0032,1975,2956
12,Lee,0032,1976,2549
12,Lee,0032,1977,2689
12,Lee,0032,1978,2815
12,Lee,0032,1979,3155
12,Lee,0032,1980,3083
12,Lee,0032,1982,7830
12,Lee,0032,1983,7638
12,Lee,0032,1984,8245
12,Lee,0032,1985,8921
03,Collier,0032,1985,445
12,Lee,0032,1986,10249
03,Collier,0032,1986,690
12,Lee,0032,1987,11422
03,Collier,0032,1987,426
12,Lee,0032,1988,10944
12,Lee,0032,1989,9617
12,Lee,0032,1990,13748
12,Lee,0032,1991,14350
12,Lee,0032,1992,16000
12,Lee,0032,1993,17000
12,Lee,0032,1994,18400
12,Lee,0033,1970,739
12,Lee,0033,1971,764
12,Lee,0033,1972,792
12,Lee,0033,1973,817
12,Lee,0033,1974,790
12,Lee,0033,1976,775
12,Lee,0033,1977,808
12,Lee,0033,1978,849
12,Lee,0033,1979,914
12,Lee,0033,1980,882
12,Lee,0033,1982,3333
12,Lee,0033,1983,3030
12,Lee,0033,1985,3494
03,Collier,0033,1985,5073
12,Lee,0033,1986,4051
03,Collier,0033,1986,4992
12,Lee,0033,1987,3754
03,Collier,0033,1987,7133
12,Lee,0033,1988,4101
12,Lee,0033,1989,3508
12,Lee,0033,1990,3971
12,Lee,0033,1991,3714
12,Lee,0033,1992,3700
12,Lee,0033,1993,4200
12,Lee,0033,1994,4200
12,Lee,0034,1970,7934
12,Lee,0034,1971,8291
12,Lee,0034,1972,9152
12,Lee,0034,1973,10472
12,Lee,0034,1974,11512
12,Lee,0034,1975,12581
12,Lee,0034,1976,10520
12,Lee,0034,1977,10780
12,Lee,0034,1978,12441
12,Lee,0034,1979,13587
12,Lee,0034,1980,12613
12,Lee,0034,1982,12576
12,Lee,0034,1983,12149
12,Lee,0034,1984,13568
12,Lee,0034,1985,15122
12,Lee,0034,1986,16543
03,Collier,0034,1986,17621
12,Lee,0034,1987,16506
03,Collier,0034,1987,22487
12,Lee,0034,1988,17976
03,Collier,0034,1988,22796
12,Lee,0034,1989,16036
03,Collier,0034,1989,22377
12,Lee,0034,1990,26451
03,Collier,0034,1990,30877
12,Lee,0034,1991,26482
03,Collier,0034,1991,30928
12,Lee,0034,1992,28000
03,Collier,0034,1992,32000
12,Lee,0034,1993,29500
03,Collier,0034,1993,31500
12,Lee,0034,1994,28000
03,Collier,0034,1994,32000
12,Lee,0034,1995,28500
03,Collier,0034,1995,35000
12,Lee,0034,1996,30500
12,Lee,0034,1997,29500
12,Lee,0034,1998,27000
12,Lee,0034,1999,30000
12,Lee,0034,2000,32000
12,Lee,0034,2001,38500
12,Lee,0034,2002,42000
12,Lee,0034,2003,42000
12,Lee,0034,2004,50000
12,Lee,0034,2005,46000
12,Lee,0034,2006,50500
12,Lee,0034,2007,53500
12,Lee,0034,2008,44500
12,Lee,0034,2009,41000
12,Lee,0034,2010,38500
12,Lee,0034,2011,40000
12,Lee,0034,2012,41000
12,Lee,0034,2013,39500
12,Lee,0034,2014,42000
12,Lee,0034,2015,45000
12,Lee,0034,2016,48500
12,Lee,0034,2017,48000
12,Lee,0034,2018,49000
12,Lee,0034,2019,54000
12,Lee,0034,2020,42500
12,Lee,0034,2021,50500
12,Lee,0034,2022,50500
12,Lee,0034,2023,51500
12,Lee,0034,2024,52500
12,Lee,0034,2025,52500
12,Lee,0035,1970,8177
12,Lee,0035,1971,7357
12,Lee,0035,1972,9215
12,Lee,0035,1973,10071
12,Lee,0035,1974,9407
12,Lee,0035,1975,10509
12,Lee,0035,1976,10926
12,Lee,0035,1977,6895
12,Lee,0035,1978,6852
03,Collier,0035,1986,21846
03,Collier,0035,1987,26017
03,Collier,0035,1988,29445
03,Collier,0035,1989,28119
03,Collier,0035,1990,36960
03,Collier,0035,1991,36326
03,Collier,0035,1992,38000
03,Collier,0035,1993,41000
03,Collier,0035,1994,43500
03,Collier,0035,1995,45500
03,Collier,0035,2008,55500
03,Collier,0035,2009,54500
03,Collier,0035,2010,53500
03,Collier,0035,2011,44500
03,Collier,0035,2012,43500
03,Collier,0035,2013,43500
03,Collier,0035,2014,48000
03,Collier,0035,2015,52000
03,Collier,0035,2016,54000
03,Collier,0035,2017,56000
03,Collier,0035,2018,46500
03,Collier,0035,2019,49500
03,Collier,0035,2020,48500
03,Collier,0035,2021,50500
03,Collier,0035,2022,52000
03,Collier,0035,2023,52000
03,Collier,0035,2024,54000
03,Collier,0035,2025,54000
12,Lee,0036,1974,10952
12,Lee,0036,1976,12789
12,Lee,0036,1977,13968
12,Lee,0036,1978,14993
12,Lee,0036,1979,16673
12,Lee,0036,1980,16206
12,Lee,0036,1983,11764
12,Lee,0036,1984,12069
12,Lee,0036,1985,12571
03,Collier,0036,1985,4678
12,Lee,0036,1986,14499
03,Collier,0036,1986,6733
12,Lee,0036,1987,17301
03,Collier,0036,1987,7585
12,Lee,0036,1988,18849
12,Lee,0036,1989,17386
12,Lee,0036,1990,19317
12,Lee,0036,1991,13871
12,Lee,0036,1992,21000
12,Lee,0036,1993,21000
12,Lee,0036,1994,22000
12,Lee,0036,1995,24500
12,Lee,0036,1996,19800
12,Lee,0036,1997,18800
12,Lee,0036,1998,18700
12,Lee,0036,1999,23000
12,Lee,0036,2000,18900
12,Lee,0036,2001,18300
12,Lee,0036,2002,20500
12,Lee,0036,2003,21500
12,Lee,0036,2004,25000
12,Lee,0036,2005,23500
12,Lee,0036,2006,24000
12,Lee,0036,2007,22000
12,Lee,0036,2008,22500
12,Lee,0036,2009,23500
12,Lee,0036,2010,24500
12,Lee,0036,2011,24000
12,Lee,0036,2012,23000
12,Lee,0036,2013,25000
12,Lee,0036,2014,27500
12,Lee,0036,2015,26500
12,Lee,0036,2016,29000
12,Lee,0036,2017,25000
12,Lee,0036,2018,30500
12,Lee,0036,2019,26500
12,Lee,0036,2020,34000
12,Lee,0036,2021,26000
12,Lee,0036,2022,35000
12,Lee,0036,2023,36000
12,Lee,0036,2024,35000
12,Lee,0036,2025,30000
12,Lee,0037,1973,23899
12,Lee,0037,1974,20807
12,Lee,0037,1975,20910
12,Lee,0037,1976,21403
12,Lee,0037,1977,21863
12,Lee,0037,1978,23033
12,Lee,0037,1979,22505
12,Lee,0037,1980,23489
12,Lee,0037,1982,30981
12,Lee,0037,1983,27508
12,Lee,0037,1984,30088
12,Lee,0037,1985,32427
03,Collier,0037,1985,4463
12,Lee,0037,1986,37751
03,Collier,0037,1986,5891
12,Lee,0037,1987,37977
03,Collier,0037,1987,4427
12,Lee,0037,1988,40023
12,Lee,0037,1989,36387
12,Lee,0037,1991,41593
12,Lee,0037,1992,39500
12,Lee,0037,1993,39500
12,Lee,0037,1994,41000
12,Lee,0037,1995,36000
12,Lee,0037,1996,45000
12,Lee,0037,1997,39000
12,Lee,0037,1998,42000
12,Lee,0037,1999,46000
12,Lee,0037,2000,37500
12,Lee,0037,2001,39000
12,Lee,0037,2002,45000
12,Lee,0037,2003,46000
12,Lee,0037,2004,46500
12,Lee,0037,2005,48500
12,Lee,0037,2006,55000
12,Lee,0037,2007,57000
12,Lee,0037,2008,55000
12,Lee,0037,2009,53000
12,Lee,0037,2010,54000
12,Lee,0037,2011,55000
12,Lee,0037,2012,55000
12,Lee,0037,2013,50000
12,Lee,0037,2014,54000
12,Lee,0037,2015,54000
12,Lee,0037,2016,55500
12,Lee,0037,2017,48500
12,Lee,0037,2018,50500
12,Lee,0037,2019,52500
12,Lee,0037,2020,43500
12,Lee,0037,2021,52500
12,Lee,0037,2022,52500
12,Lee,0037,2023,53500
12,Lee,0037,2024,54500
12,Lee,0037,2025,54500
12,Lee,0038,1973,5357
12,Lee,0038,1974,4561
12,Lee,0038,1975,4769
12,Lee,0038,1976,4459
12,Lee,0038,1977,4650
12,Lee,0038,1978,4779
12,Lee,0038,1979,4895
12,Lee,0038,1980,4891
12,Lee,0038,1982,5448
12,Lee,0038,1983,10419
12,Lee,0038,1985,9868
12,Lee,0038,1986,11590
12,Lee,0038,1987,12429
12,Lee,0038,1988,13969
12,Lee,0038,1989,13260
12,Lee,0038,1990,14400
12,Lee,0038,1991,14842
12,Lee,0038,1992,15500
12,Lee,0038,1993,16500
12,Lee,0038,1994,17000
12,Lee,0038,1995,16500
12,Lee,0038,1996,16700
12,Lee,0038,1997,18100
12,Lee,0038,1998,19100
12,Lee,0038,1999,25000
12,Lee,0038,2000,22000
12,Lee,0038,2001,23500
12,Lee,0038,2002,27000
03,Collier,0038,2002,16100
12,Lee,0038,2003,30000
03,Collier,0038,2003,17200
12,Lee,0038,2004,33500
03,Collier,0038,2004,15800
12,Lee,0038,2005,37500
03,Collier,0038,2005,17600
03,Collier,0038,2006,17000
12,Lee,0038,2006,39500
12,Lee,0038,2007,37000
03,Collier,0038,2007,16100
12,Lee,0038,2008,41000
03,Collier,0038,2008,14400
12,Lee,0038,2009,39500
03,Collier,0038,2009,14100
03,Collier,0038,2010,14900
12,Lee,0038,2010,40500
03,Collier,0038,2011,15100
12,Lee,0038,2011,39500
12,Lee,0038,2012,41000
03,Collier,0038,2012,14000
03,Collier,0038,2013,14200
12,Lee,0038,2013,37500
12,Lee,0038,2014,38500
03,Collier,0038,2014,14600
12,Lee,0038,2015,40500
03,Collier,0038,2015,14400
03,Collier,0038,2016,15900
12,Lee,0038,2016,42000
03,Collier,0038,2017,17700
12,Lee,0038,2017,44000
12,Lee,0038,2018,45000
03,Collier,0038,2018,15100
03,Collier,0038,2019,15600
12,Lee,0038,2019,45500
12,Lee,0038,2020,46000
03,Collier,0038,2020,14300
12,Lee,0038,2021,47500
03,Collier,0038,2021,17200
12,Lee,0038,2022,56000
03,Collier,0038,2022,16200
12,Lee,0038,2023,54500
03,Collier,0038,2023,17800
12,Lee,0038,2024,53500
03,Collier,0038,2024,18700
03,Collier,0038,2025,18800
12,Lee,0038,2025,53500
12,Lee,0039,1973,9199
12,Lee,0039,1974,9555
12,Lee,0039,1975,10309
12,Lee,0039,1976,9739
12,Lee,0039,1977,10112
12,Lee,0039,1978,10367
12,Lee,0039,1979,10473
12,Lee,0039,1980,10306
12,Lee,0039,1982,15138
12,Lee,0039,1983,12795
12,Lee,0039,1984,13767
12,Lee,0039,1985,14455
03,Collier,0039,1985,24264
03,Collier,0039,1986,29629
03,Collier,0039,1987,28370
12,Lee,0040,1973,293
12,Lee,0040,1974,406
12,Lee,0040,1975,468
03,Collier,0040,1985,14690
03,Collier,0040,1986,17853
03,Collier,0040,1987,18615
12,Lee,0041,1977,9683
12,Lee,0041,1978,10065
12,Lee,0041,1979,9840
12,Lee,0041,1980,10916
12,Lee,0041,1982,10818
12,Lee,0041,1983,11348
12,Lee,0041,1984,12392
12,Lee,0041,1985,13384
03,Collier,0041,1985,7386
12,Lee,0041,1986,15316
03,Collier,0041,1986,8625
03,Collier,0041,1987,11737
12,Lee,0041,1991,28063
12,Lee,0041,1992,27500
12,Lee,0041,1993,28500
12,Lee,0041,1994,33000
12,Lee,0041,1995,32000
12,Lee,0041,1996,35000
12,Lee,0041,1997,35500
12,Lee,0041,1998,38000
12,Lee,0041,1999,39000
12,Lee,0041,2000,42000
12,Lee,0041,2001,45500
12,Lee,0041,2002,50000
12,Lee,0041,2003,50500
12,Lee,0041,2004,53500
12,Lee,0041,2005,57500
12,Lee,0041,2006,50000
12,Lee,0041,2007,53000
12,Lee,0041,2008,53500
12,Lee,0041,2009,44000
12,Lee,0041,2010,47000
12,Lee,0041,2011,48500
12,Lee,0041,2012,42500
12,Lee,0041,2013,43000
12,Lee,0041,2014,47000
12,Lee,0041,2015,56500
12,Lee,0041,2016,57500
12,Lee,0041,2017,52500
12,Lee,0041,2018,51000
12,Lee,0041,2019,59000
12,Lee,0041,2020,44000
12,Lee,0041,2021,47000
12,Lee,0041,2022,58500
12,Lee,0041,2023,52500
12,Lee,0041,2024,51500
12,Lee,0041,2025,51500
12,Lee,0042,1977,9168
12,Lee,0042,1978,9933
12,Lee,0042,1979,9929
12,Lee,0042,1980,10330
12,Lee,0042,1982,13007
12,Lee,0042,1983,12889
12,Lee,0042,1984,14037
12,Lee,0042,1985,14989
12,Lee,0042,1986,16745
12,Lee,0042,1987,20051
12,Lee,0042,1988,22035
12,Lee,0042,1989,20023
12,Lee,0042,1990,18983
12,Lee,0042,1991,20486
12,Lee,0042,1992,24000
12,Lee,0042,1993,24500
12,Lee,0042,1994,25000
12,Lee,0042,1995,27000
12,Lee,0042,1996,27000
12,Lee,0042,1997,30000
12,Lee,0042,1998,30000
12,Lee,0042,1999,32500
12,Lee,0042,2000,33000
12,Lee,0042,2001,32500
12,Lee,0042,2002,37500
12,Lee,0042,2003,38000
12,Lee,0042,2004,45500
12,Lee,0042,2005,49500
12,Lee,0042,2006,54000
12,Lee,0042,2007,39000
12,Lee,0042,2008,45000
12,Lee,0042,2009,37000
12,Lee,0042,2010,35000
12,Lee,0042,2011,35000
12,Lee,0042,2012,34500
12,Lee,0042,2013,34000
03,Collier,0044,2015,2400
03,Collier,0044,2016,2500
03,Collier,0044,2017,2500
03,Collier,0044,2018,2500
03,Collier,0044,2019,4100
03,Collier,0044,2020,4100
03,Collier,0044,2021,4300
03,Collier,0044,2022,4400
03,Collier,0044,2023,3000
03,Collier,0044,2024,3100
03,Collier,0044,2025,3100
12,Lee,0045,1979,10237
12,Lee,0045,1980,10620
12,Lee,0045,1981,13876
12,Lee,0045,1983,16498
12,Lee,0045,1984,17563
12,Lee,0045,1985,16671
12,Lee,0045,1986,18449
12,Lee,0045,1987,17110
12,Lee,0045,1988,18677
12,Lee,0045,1989,17115
03,Collier,0045,2015,4000
03,Collier,0045,2016,4200
03,Collier,0045,2017,4400
03,Collier,0045,2018,4400
03,Collier,0045,2019,4200
03,Collier,0045,2020,4200
03,Collier,0045,2021,4400
03,Collier,0045,2022,4500
03,Collier,0045,2023,4900
03,Collier,0045,2024,5100
03,Collier,0045,2025,5100
12,Lee,0048,2004,34000
12,Lee,0048,2005,58500
12,Lee,0048,2006,80000
12,Lee,0048,2007,77000
12,Lee,0048,2008,72000
12,Lee,0048,2009,49000
12,Lee,0048,2010,49500
12,Lee,0048,2011,49500
12,Lee,0048,2012,50500
12,Lee,0048,2013,53000
12,Lee,0048,2014,54000
03,Collier,0048,2014,7900
12,Lee,0048,2015,51500
03,Collier,0048,2015,6300
03,Collier,0048,2016,6500
12,Lee,0048,2016,51500
03,Collier,0048,2017,6700
12,Lee,0048,2017,55000
12,Lee,0048,2018,56500
03,Collier,0048,2018,3900
03,Collier,0048,2019,3600
12,Lee,0048,2019,54500
12,Lee,0048,2020,48000
03,Collier,0048,2020,3600
12,Lee,0048,2021,54000
03,Collier,0048,2021,3800
12,Lee,0048,2022,54000
03,Collier,0048,2022,3900
12,Lee,0048,2023,55000
03,Collier,0048,2023,3000
12,Lee,0048,2024,54000
03,Collier,0048,2024,3200
03,Collier,0048,2025,3200
12,Lee,0048,2025,54000
12,Lee,0049,1979,16869
12,Lee,0049,1980,17810
12,Lee,0049,1981,20367
12,Lee,0049,1982,20178
12,Lee,0049,1983,22179
12,Lee,0049,1985,20318
12,Lee,0049,1986,21295
12,Lee,0049,1987,25895
12,Lee,0049,1988,24287
12,Lee,0049,1989,23710
12,Lee,0049,1990,30540
12,Lee,0049,1991,29702
12,Lee,0049,1992,26500
12,Lee,0049,1993,30500
12,Lee,0049,1994,28000
12,Lee,0049,1995,31000
12,Lee,0049,1996,26000
12,Lee,0049,1997,27000
12,Lee,0049,1998,36500
12,Lee,0049,1999,41500
12,Lee,0049,2000,41500
12,Lee,0049,2001,41500
12,Lee,0049,2002,48000
12,Lee,0049,2003,51500
12,Lee,0049,2004,54000
12,Lee,0049,2005,44000
12,Lee,0049,2006,59000
12,Lee,0049,2007,51500
12,Lee,0049,2008,59000
12,Lee,0049,2009,52000
12,Lee,0049,2010,51000
12,Lee,0049,2011,51000
12,Lee,0049,2012,38000
12,Lee,0049,2013,40000
12,Lee,0049,2014,40500
12,Lee,0049,2015,41500
12,Lee,0049,2016,42500
12,Lee,0049,2017,43500
12,Lee,0049,2018,47000
12,Lee,0049,2019,44500
12,Lee,0049,2020,43500
12,Lee,0049,2021,46500
12,Lee,0049,2022,48000
12,Lee,0049,2023,49000
12,Lee,0049,2024,48000
12,Lee,0049,2025,49000
12,Lee,0050,1979,15024
12,Lee,0050,1980,15486
12,Lee,0050,1981,18486
12,Lee,0050,1982,20816
12,Lee,0050,1983,18931
12,Lee,0050,1984,19070
12,Lee,0050,1985,20741
12,Lee,0050,1986,22234
12,Lee,0050,1987,22329
12,Lee,0050,1988,23966
12,Lee,0050,1989,23380
12,Lee,0050,1990,28669
12,Lee,0050,1991,37481
12,Lee,0050,1992,33500
12,Lee,0050,1993,35500
12,Lee,0050,1994,33000
12,Lee,0050,1995,30500
12,Lee,0050,1996,32500
12,Lee,0050,1997,38500
12,Lee,0050,1998,46000
12,Lee,0050,1999,47000
12,Lee,0050,2000,46500
12,Lee,0050,2001,50000
12,Lee,0050,2002,48000
12,Lee,0050,2003,58000
12,Lee,0050,2004,58000
12,Lee,0050,2005,67500
12,Lee,0050,2006,69500
12,Lee,0050,2007,70500
12,Lee,0050,2008,60500
12,Lee,0050,2009,61000
12,Lee,0050,2010,62000
12,Lee,0050,2011,62000
12,Lee,0050,2012,62500
12,Lee,0050,2013,65500
12,Lee,0050,2014,66500
03,Collier,0050,2014,500
12,Lee,0050,2015,65000
03,Collier,0050,2015,4600
03,Collier,0050,2016,4800
12,Lee,0050,2016,62000
03,Collier,0050,2017,5000
12,Lee,0050,2017,59500
12,Lee,0050,2018,63000
03,Collier,0050,2018,5500
03,Collier,0050,2019,5900
12,Lee,0050,2019,64500
12,Lee,0050,2020,54000
03,Collier,0050,2020,5700
12,Lee,0050,2021,67500
03,Collier,0050,2021,5900
12,Lee,0050,2022,70000
03,Collier,0050,2022,6100
12,Lee,0050,2023,71500
03,Collier,0050,2023,9800
12,Lee,0050,2024,70000
03,Collier,0050,2024,10200
03,Collier,0050,2025,10200
12,Lee,0050,2025,72500
03,Collier,0051,1970,3956
03,Collier,0051,1971,5390
03,Collier,0051,1972,4162
03,Collier,0051,1973,5088
03,Collier,0051,1974,4958
03,Collier,0051,1975,5545
03,Collier,0051,1976,3593
03,Collier,0051,1977,2958
12,Lee,0051,1979,14424
12,Lee,0051,1980,14722
12,Lee,0051,1981,17879
12,Lee,0051,1982,18739
12,Lee,0051,1983,17865
12,Lee,0051,1984,18670
12,Lee,0051,1985,19603
12,Lee,0051,1986,20600
03,Collier,0051,1987,7907
03,Collier,0051,1988,6457
03,Collier,0051,1989,5896
03,Collier,0051,1990,6973
03,Collier,0051,1991,7004
03,Collier,0051,1992,8200
03,Collier,0051,1993,7500
03,Collier,0051,1994,8100
03,Collier,0051,1995,8400
03,Collier,0051,1996,10900
03,Collier,0051,1997,10000
12,Lee,0052,1979,12118
12,Lee,0052,1980,12540
12,Lee,0052,1981,15756
12,Lee,0052,1982,14558
12,Lee,0052,1983,31213
12,Lee,0052,1984,31040
12,Lee,0052,1985,29288
12,Lee,0052,1986,31603
12,Lee,0052,1987,31345
12,Lee,0052,1988,33517
12,Lee,0052,1989,30715
03,Collier,0052,2014,500
03,Collier,0052,2015,4800
03,Collier,0052,2016,5000
03,Collier,0052,2017,5200
03,Collier,0052,2018,5800
03,Collier,0052,2019,6300
03,Collier,0052,2020,6100
03,Collier,0052,2021,6300
03,Collier,0052,2022,6500
03,Collier,0052,2023,11700
03,Collier,0052,2024,12100
03,Collier,0052,2025,12100
03,Collier,0053,1970,1905
03,Collier,0053,1971,2063
03,Collier,0053,1972,1753
03,Collier,0053,1973,1672
03,Collier,0053,1974,1542
03,Collier,0053,1975,2174
03,Collier,0053,1976,2020
03,Collier,0053,1977,2003
03,Collier,0053,1978,2550
03,Collier,0053,1979,2550
03,Collier,0053,1980,1928
03,Collier,0053,1981,2230
12,Lee,0053,1982,8947
03,Collier,0053,1982,1860
12,Lee,0053,1983,9051
03,Collier,0053,1983,2203
03,Collier,0053,1984,2175
12,Lee,0053,1985,9979
03,Collier,0053,1985,2329
12,Lee,0053,1986,13502
12,Lee,0053,1987,17524
03,Collier,0053,1987,3532
12,Lee,0053,1988,21001
12,Lee,0053,1989,19389
12,Lee,0053,2010,73500
12,Lee,0053,2011,77500
12,Lee,0053,2012,79500
12,Lee,0054,1981,6967
12,Lee,0054,1982,11552
12,Lee,0054,1983,8810
12,Lee,0054,1984,10289
12,Lee,0054,1985,11359
12,Lee,0054,1986,13942
12,Lee,0054,1987,17701
12,Lee,0054,1988,19340
12,Lee,0054,1989,17150
12,Lee,0054,1990,24982
12,Lee,0054,1991,22772
12,Lee,0054,1992,28500
12,Lee,0054,1993,31000
12,Lee,0054,1994,35000
12,Lee,0054,1995,36000
12,Lee,0054,1996,39000
12,Lee,0054,1997,45000
12,Lee,0054,1998,50500
12,Lee,0054,1999,52500
12,Lee,0054,2000,58500
12,Lee,0054,2001,60500
12,Lee,0054,2002,65500
12,Lee,0054,2003,60000
12,Lee,0054,2004,63000
12,Lee,0054,2005,82500
12,Lee,0054,2006,84000
12,Lee,0054,2007,81500
12,Lee,0054,2008,70000
12,Lee,0054,2009,69000
12,Lee,0054,2010,72500
12,Lee,0054,2011,71500
12,Lee,0054,2012,73000
12,Lee,0054,2013,79000
12,Lee,0054,2014,87500
03,Collier,0054,2014,23200
12,Lee,0054,2015,91500
03,Collier,0054,2015,3600
03,Collier,0054,2016,3800
12,Lee,0054,2016,100500
03,Collier,0054,2017,4000
12,Lee,0054,2017,101000
12,Lee,0054,2018,106000
03,Collier,0054,2018,3900
03,Collier,0054,2019,4100
12,Lee,0054,2019,110000
12,Lee,0054,2020,107000
03,Collier,0054,2020,4100
12,Lee,0054,2021,108000
03,Collier,0054,2021,4300
12,Lee,0054,2022,115000
03,Collier,0054,2022,4400
12,Lee,0054,2023,108000
03,Collier,0054,2023,3200
12,Lee,0054,2024,116500
03,Collier,0054,2024,3300
03,Collier,0054,2025,3300
12,Lee,0054,2025,106000
12,Lee,0055,1981,7428
12,Lee,0055,1982,12171
12,Lee,0055,1983,9544
12,Lee,0055,1984,11065
12,Lee,0055,1985,12068
03,Collier,0055,1985,5616
12,Lee,0055,1986,12960
03,Collier,0055,1986,5587
12,Lee,0055,1987,12604
03,Collier,0055,1987,5795
12,Lee,0055,1988,18000
12,Lee,0055,1989,16464
12,Lee,0055,1990,22720
12,Lee,0055,1991,25219
12,Lee,0055,1993,37000
12,Lee,0055,1994,35000
12,Lee,0055,1995,37500
12,Lee,0055,1996,32000
12,Lee,0055,1997,44500
12,Lee,0055,1998,52000
12,Lee,0055,1999,59000
12,Lee,0055,2000,60500
12,Lee,0055,2001,62500
12,Lee,0055,2002,65500
12,Lee,0055,2003,64500
12,Lee,0055,2004,67500
12,Lee,0055,2005,76000
12,Lee,0055,2006,78000
12,Lee,0055,2007,72000
12,Lee,0055,2008,71000
12,Lee,0055,2009,70000
12,Lee,0055,2010,70500
12,Lee,0055,2011,70000
12,Lee,0055,2012,74000
12,Lee,0055,2013,81500
12,Lee,0055,2014,84500
12,Lee,0055,2015,93000
12,Lee,0055,2016,100500
12,Lee,0055,2017,101500
12,Lee,0055,2018,106500
12,Lee,0055,2019,109000
12,Lee,0055,2020,94500
12,Lee,0055,2021,112000
12,Lee,0055,2022,117000
12,Lee,0055,2023,126500
12,Lee,0055,2024,108500
12,Lee,0055,2025,116500
12,Lee,0056,1982,14204
12,Lee,0056,1983,11375
12,Lee,0056,1984,13238
12,Lee,0056,1985,14567
12,Lee,0056,1986,16096
12,Lee,0056,1987,16242
12,Lee,0056,1988,18077
12,Lee,0056,1989,16893
12,Lee,0056,1990,21102
12,Lee,0056,1991,31080
12,Lee,0056,1993,42000
12,Lee,0056,1994,40500
12,Lee,0056,1995,44500
12,Lee,0056,1996,38500
12,Lee,0056,1997,51000
12,Lee,0056,1998,65000
12,Lee,0056,1999,70000
12,Lee,0056,2000,70500
12,Lee,0056,2001,66000
12,Lee,0056,2002,69500
12,Lee,0056,2003,78000
12,Lee,0056,2004,82000
12,Lee,0056,2005,86000
12,Lee,0056,2006,83000
12,Lee,0056,2007,79000
12,Lee,0056,2008,66500
12,Lee,0056,2009,65500
12,Lee,0056,2010,74000
12,Lee,0056,2011,75500
12,Lee,0056,2012,72500
12,Lee,0056,2013,76500
03,Collier,0056,2015,2700
03,Collier,0056,2016,2500
03,Collier,0056,2017,2500
03,Collier,0056,2018,3000
03,Collier,0056,2019,3700
03,Collier,0056,2020,3700
03,Collier,0056,2021,3900
03,Collier,0056,2022,4000
03,Collier,0056,2023,3700
03,Collier,0056,2024,3900
03,Collier,0056,2025,3900
12,Lee,0057,1981,11945
12,Lee,0057,1982,16619
12,Lee,0057,1983,14684
12,Lee,0057,1984,15173
12,Lee,0057,1985,16978
12,Lee,0057,1986,18956
12,Lee,0057,1987,19178
12,Lee,0057,1988,21294
12,Lee,0057,1989,19425
12,Lee,0057,1990,31082
12,Lee,0057,1991,34897
12,Lee,0057,1993,42000
12,Lee,0057,1994,42500
12,Lee,0057,1995,38000
12,Lee,0057,1996,38500
12,Lee,0057,1997,47000
12,Lee,0057,1998,57000
12,Lee,0057,1999,58000
12,Lee,0057,2000,61000
12,Lee,0057,2001,60000
12,Lee,0057,2002,63000
12,Lee,0057,2003,63500
12,Lee,0057,2004,66500
12,Lee,0057,2005,75000
12,Lee,0057,2006,78500
12,Lee,0057,2007,75000
12,Lee,0057,2008,63000
12,Lee,0057,2009,62000
12,Lee,0057,2010,66000
12,Lee,0057,2011,64500
12,Lee,0057,2012,65000
12,Lee,0057,2013,68500
12,Lee,0057,2014,77000
12,Lee,0057,2015,83500
03,Collier,0057,2015,4700
03,Collier,0057,2016,4900
12,Lee,0057,2016,90000
03,Collier,0057,2017,5100
12,Lee,0057,2017,93000
12,Lee,0057,2018,100500
03,Collier,0057,2018,7100
03,Collier,0057,2019,7300
12,Lee,0057,2019,100500
12,Lee,0057,2020,87500
03,Collier,0057,2020,7100
12,Lee,0057,2021,97500
03,Collier,0057,2021,7300
12,Lee,0057,2022,112000
03,Collier,0057,2022,6700
12,Lee,0057,2023,121000
03,Collier,0057,2023,6600
12,Lee,0057,2024,118500
03,Collier,0057,2024,6800
12,Lee,0057,2025,114500
12,Lee,0058,1982,22514
12,Lee,0058,1983,22268
12,Lee,0058,1984,24701
12,Lee,0058,1985,25231
12,Lee,0058,1986,28734
12,Lee,0058,1987,31440
12,Lee,0058,1988,33521
12,Lee,0058,1989,30285
12,Lee,0058,1990,31862
12,Lee,0058,1991,40077
12,Lee,0058,1993,41500
12,Lee,0058,1994,42500
12,Lee,0058,1995,45000
12,Lee,0058,1996,41000
12,Lee,0058,1997,53000
12,Lee,0058,1998,58500
12,Lee,0058,1999,54000
12,Lee,0058,2000,57000
12,Lee,0058,2001,60500
12,Lee,0058,2002,64000
12,Lee,0058,2003,66000
12,Lee,0058,2004,69000
12,Lee,0058,2005,74500
12,Lee,0058,2006,79500
12,Lee,0058,2007,73000
12,Lee,0058,2008,65500
12,Lee,0058,2009,61500
12,Lee,0058,2010,65500
12,Lee,0058,2011,70500
12,Lee,0058,2012,59500
12,Lee,0058,2013,68500
12,Lee,0058,2014,75500
12,Lee,0058,2015,78500
03,Collier,0058,2015,22000
03,Collier,0058,2016,23000
12,Lee,0058,2016,86000
03,Collier,0058,2017,24000
12,Lee,0058,2017,89000
12,Lee,0058,2018,93500
03,Collier,0058,2018,19300
03,Collier,0058,2019,19700
12,Lee,0058,2019,96000
12,Lee,0058,2020,83500
03,Collier,0058,2020,17700
12,Lee,0058,2021,84500
03,Collier,0058,2021,18500
12,Lee,0058,2022,85500
03,Collier,0058,2022,18900
12,Lee,0058,2023,109500
03,Collier,0058,2023,20500
12,Lee,0058,2024,106500
03,Collier,0058,2024,21500
03,Collier,0058,2025,24000
12,Lee,0058,2025,109000
12,Lee,0059,1981,16896
12,Lee,0059,1982,21100
12,Lee,0059,1983,21276
12,Lee,0059,1985,23456
12,Lee,0059,1986,26912
12,Lee,0059,1987,26046
12,Lee,0059,1988,27755
12,Lee,0059,1989,24811
12,Lee,0059,1990,32493
12,Lee,0059,1991,40339
12,Lee,0059,1993,49500
12,Lee,0059,1994,42000
12,Lee,0059,1995,47500
12,Lee,0059,1996,41500
12,Lee,0059,1997,53000
12,Lee,0059,1998,53500
12,Lee,0059,1999,55500
12,Lee,0059,2000,61500
12,Lee,0059,2001,59500
12,Lee,0059,2002,62500
12,Lee,0059,2003,69500
12,Lee,0059,2004,77000
12,Lee,0059,2005,76000
12,Lee,0059,2006,80500
12,Lee,0059,2007,78000
12,Lee,0059,2008,70500
12,Lee,0059,2009,65500
12,Lee,0059,2010,70500
12,Lee,0059,2011,74500
12,Lee,0059,2012,65000
12,Lee,0059,2013,68000
12,Lee,0059,2014,74000
12,Lee,0059,2015,80500
03,Collier,0059,2015,3300
03,Collier,0059,2016,3500
12,Lee,0059,2016,88500
03,Collier,0059,2017,3600
12,Lee,0059,2017,92000
12,Lee,0059,2018,95500
03,Collier,0059,2018,3300
03,Collier,0059,2019,3300
12,Lee,0059,2019,97000
12,Lee,0059,2020,88500
03,Collier,0059,2020,3300
12,Lee,0059,2021,102000
03,Collier,0059,2021,3500
12,Lee,0059,2022,109500
03,Collier,0059,2022,2900
12,Lee,0059,2023,114000
03,Collier,0059,2023,3200
12,Lee,0059,2024,118000
03,Collier,0059,2024,3400
03,Collier,0059,2025,3400
12,Lee,0059,2025,120000
12,Lee,0060,1981,17445
12,Lee,0060,1982,21286
12,Lee,0060,1983,21485
12,Lee,0060,1984,23525
12,Lee,0060,1985,23829
12,Lee,0060,1986,27261
12,Lee,0060,1987,28078
12,Lee,0060,1988,31411
12,Lee,0060,1989,27566
12,Lee,0060,1990,23268
12,Lee,0060,1991,24280
12,Lee,0060,1992,40500
12,Lee,0060,1993,41000
12,Lee,0060,1994,45500
12,Lee,0060,1995,47000
12,Lee,0060,1996,47000
12,Lee,0060,1997,49000
12,Lee,0060,1998,54500
12,Lee,0060,1999,53500
12,Lee,0060,2000,58000
12,Lee,0060,2001,58000
12,Lee,0060,2002,61000
12,Lee,0060,2003,65000
12,Lee,0060,2004,75000
12,Lee,0060,2005,73000
12,Lee,0060,2006,75500
12,Lee,0060,2007,73500
12,Lee,0060,2008,65500
12,Lee,0060,2009,63000
12,Lee,0060,2010,66500
12,Lee,0060,2011,68000
12,Lee,0060,2012,70000
12,Lee,0060,2013,72000
12,Lee,0060,2014,70500
12,Lee,0060,2015,77500
03,Collier,0060,2015,10500
03,Collier,0060,2016,10900
12,Lee,0060,2016,84500
03,Collier,0060,2017,11300
12,Lee,0060,2017,87500
12,Lee,0060,2018,91000
03,Collier,0060,2018,12100
03,Collier,0060,2019,12300
12,Lee,0060,2019,93500
12,Lee,0060,2020,84000
03,Collier,0060,2020,12100
12,Lee,0060,2021,97500
03,Collier,0060,2021,12600
12,Lee,0060,2022,106000
03,Collier,0060,2022,12900
12,Lee,0060,2023,110000
03,Collier,0060,2023,11900
12,Lee,0060,2024,113500
03,Collier,0060,2024,12300
03,Collier,0060,2025,12300
12,Lee,0060,2025,112000
12,Lee,0061,1982,18699
12,Lee,0061,1983,18371
12,Lee,0061,1985,22344
12,Lee,0061,1986,23649
12,Lee,0061,1987,26535
12,Lee,0061,1988,27658
12,Lee,0061,1989,25727
12,Lee,0061,1991,33095
12,Lee,0061,1993,39000
12,Lee,0061,1994,37000
12,Lee,0061,1995,36000
12,Lee,0061,1996,32000
12,Lee,0061,1997,41000
12,Lee,0061,1998,43000
12,Lee,0061,1999,47500
12,Lee,0061,2000,47500
12,Lee,0061,2001,47500
12,Lee,0061,2002,50000
12,Lee,0061,2003,49500
12,Lee,0061,2004,55500
12,Lee,0061,2005,59500
12,Lee,0061,2006,62000
12,Lee,0061,2007,62500
12,Lee,0061,2008,54000
12,Lee,0061,2009,51000
12,Lee,0061,2010,53000
12,Lee,0061,2011,54000
12,Lee,0061,2012,52000
12,Lee,0061,2013,53000
12,Lee,0061,2014,55000
12,Lee,0061,2015,57500
03,Collier,0061,2015,1250
03,Collier,0061,2016,1350
12,Lee,0061,2016,69000
03,Collier,0061,2017,1350
12,Lee,0061,2017,71000
12,Lee,0061,2018,70000
03,Collier,0061,2018,1950
03,Collier,0061,2019,1950
12,Lee,0061,2019,72000
12,Lee,0061,2020,70000
03,Collier,0061,2020,2300
12,Lee,0061,2021,68500
03,Collier,0061,2021,2300
12,Lee,0061,2022,94500
03,Collier,0061,2022,2300
12,Lee,0061,2023,77000
03,Collier,0061,2023,2500
12,Lee,0061,2024,87000
03,Collier,0061,2024,2500
03,Collier,0061,2025,4100
12,Lee,0061,2025,90000
12,Lee,0062,1981,7856
12,Lee,0062,1982,12506
12,Lee,0062,1983,11155
12,Lee,0062,1984,12851
12,Lee,0062,1985,13970
12,Lee,0062,1986,15219
12,Lee,0062,1987,17463
12,Lee,0062,1988,18755
12,Lee,0062,1989,17414
12,Lee,0062,1990,19267
12,Lee,0062,1991,20062
12,Lee,0062,1992,23500
12,Lee,0062,1993,26500
12,Lee,0062,1994,25000
12,Lee,0062,1995,25000
12,Lee,0062,1996,26500
12,Lee,0062,1997,29000
12,Lee,0062,1998,29000
12,Lee,0062,1999,30500
12,Lee,0062,2000,31500
12,Lee,0062,2001,32500
12,Lee,0062,2002,33000
12,Lee,0062,2003,37000
12,Lee,0062,2004,38000
12,Lee,0062,2005,43500
12,Lee,0062,2006,44500
12,Lee,0062,2007,41500
12,Lee,0062,2008,38000
12,Lee,0062,2009,35000
12,Lee,0062,2010,39000
12,Lee,0062,2011,38500
12,Lee,0062,2012,37000
12,Lee,0062,2013,38000
12,Lee,0062,2014,39500
12,Lee,0062,2015,42000
03,Collier,0062,2015,9500
03,Collier,0062,2016,9900
12,Lee,0062,2016,44500
03,Collier,0062,2017,10300
12,Lee,0062,2017,46000
12,Lee,0062,2018,47000
03,Collier,0062,2018,10700
03,Collier,0062,2019,10900
12,Lee,0062,2019,50000
12,Lee,0062,2020,44500
03,Collier,0062,2020,10700
12,Lee,0062,2021,53500
03,Collier,0062,2021,11100
12,Lee,0062,2022,57000
03,Collier,0062,2022,13500
12,Lee,0062,2023,62000
03,Collier,0062,2023,14300
12,Lee,0062,2024,64500
03,Collier,0062,2024,14900
03,Collier,0062,2025,14900
12,Lee,0062,2025,59000
12,Lee,0063,1982,12354
12,Lee,0063,1983,12594
12,Lee,0063,1984,14129
12,Lee,0063,1985,14835
12,Lee,0063,1986,16545
12,Lee,0063,1987,16343
12,Lee,0063,1988,17046
12,Lee,0063,1989,15787
12,Lee,0063,1990,29290
12,Lee,0063,1991,29754
12,Lee,0063,1992,32500
12,Lee,0063,1993,35500
12,Lee,0063,1994,34500
12,Lee,0063,1995,35500
12,Lee,0063,1996,35000
12,Lee,0063,1997,39000
12,Lee,0063,1998,43000
12,Lee,0063,1999,48500
12,Lee,0063,2000,51500
12,Lee,0063,2001,46500
12,Lee,0063,2002,52000
12,Lee,0063,2003,60500
12,Lee,0063,2004,60000
12,Lee,0063,2005,79000
12,Lee,0063,2006,83000
12,Lee,0063,2007,81500
12,Lee,0063,2008,76000
12,Lee,0063,2009,71500
12,Lee,0063,2010,72500
12,Lee,0063,2011,72500
12,Lee,0063,2012,75000
12,Lee,0063,2013,75000
12,Lee,0063,2014,76000
12,Lee,0063,2015,84000
03,Collier,0063,2015,5600
03,Collier,0063,2016,5800
12,Lee,0063,2016,85000
03,Collier,0063,2017,6000
12,Lee,0063,2017,81000
12,Lee,0063,2018,85000
03,Collier,0063,2018,5900
03,Collier,0063,2019,6000
12,Lee,0063,2019,99000
12,Lee,0063,2020,75000
03,Collier,0063,2020,5900
12,Lee,0063,2021,75000
03,Collier,0063,2021,6100
12,Lee,0063,2022,75000
03,Collier,0063,2022,5600
12,Lee,0063,2023,75000
03,Collier,0063,2023,6500
12,Lee,0063,2024,73500
03,Collier,0063,2024,6700
03,Collier,0063,2025,6700
12,Lee,0063,2025,74000
12,Lee,0064,1982,8359
12,Lee,0064,1983,12805
12,Lee,0064,1984,14234
12,Lee,0064,1985,15117
12,Lee,0064,1986,16126
12,Lee,0064,1987,16906
12,Lee,0064,1988,17538
12,Lee,0064,1989,14915
12,Lee,0064,1991,9628
12,Lee,0064,1992,10000
12,Lee,0064,1993,11500
12,Lee,0064,1994,11500
12,Lee,0064,1995,11000
12,Lee,0064,1996,12500
12,Lee,0064,1997,13000
12,Lee,0064,1998,12500
12,Lee,0064,1999,13500
12,Lee,0064,2000,14900
12,Lee,0064,2001,15000
12,Lee,0064,2002,14700
12,Lee,0064,2003,18400
12,Lee,0064,2004,22000
12,Lee,0064,2005,26000
12,Lee,0064,2006,31000
12,Lee,0064,2007,29000
12,Lee,0064,2008,25500
12,Lee,0064,2009,27000
12,Lee,0064,2010,27000
12,Lee,0064,2011,27500
12,Lee,0064,2012,28000
12,Lee,0064,2013,28000
12,Lee,0064,2014,32500
03,Collier,0064,2021,9700
03,Collier,0064,2022,9900
03,Collier,0064,2023,10500
03,Collier,0064,2024,11000
03,Collier,0064,2025,12000
12,Lee,0065,1982,11718
12,Lee,0065,1983,11574
12,Lee,0065,1984,12366
12,Lee,0065,1985,13983
12,Lee,0065,1986,15589
12,Lee,0065,1987,18992
12,Lee,0065,1988,19598
12,Lee,0065,1989,17873
12,Lee,0065,1990,19420
12,Lee,0065,1991,24988
12,Lee,0065,1992,27500
12,Lee,0065,1993,31000
12,Lee,0065,1994,29500
12,Lee,0065,1995,30000
12,Lee,0065,1996,32000
12,Lee,0065,1997,32500
12,Lee,0065,1998,32000
12,Lee,0065,1999,35500
12,Lee,0065,2000,38000
12,Lee,0065,2001,41500
12,Lee,0065,2002,45500
12,Lee,0065,2003,48500
12,Lee,0065,2004,51500
12,Lee,0065,2005,48500
12,Lee,0065,2006,56000
12,Lee,0065,2007,60000
12,Lee,0065,2008,51000
12,Lee,0065,2009,48500
12,Lee,0065,2010,51500
12,Lee,0065,2011,52500
12,Lee,0065,2012,47000
12,Lee,0065,2013,47500
12,Lee,0065,2014,48000
12,Lee,0065,2015,49500
12,Lee,0065,2016,48500
12,Lee,0065,2017,43000
12,Lee,0065,2018,49000
12,Lee,0065,2019,55500
12,Lee,0065,2020,42500
12,Lee,0065,2021,49000
03,Collier,0065,2021,8200
12,Lee,0065,2022,59000
03,Collier,0065,2022,8400
12,Lee,0065,2023,58000
03,Collier,0065,2023,9100
12,Lee,0065,2024,57000
03,Collier,0065,2024,9400
03,Collier,0065,2025,11000
12,Lee,0065,2025,57000
12,Lee,0066,1982,18198
12,Lee,0066,1983,16875
12,Lee,0066,1985,21523
12,Lee,0066,1986,22643
12,Lee,0066,1987,27409
12,Lee,0066,1988,29378
12,Lee,0066,1989,26330
12,Lee,0066,1990,31464
12,Lee,0066,1991,22275
12,Lee,0066,1992,32500
12,Lee,0066,1993,31500
12,Lee,0066,1994,34500
12,Lee,0066,1995,31500
12,Lee,0066,1996,35000
12,Lee,0066,1997,36000
12,Lee,0066,1998,32000
12,Lee,0066,1999,33000
12,Lee,0066,2000,38000
12,Lee,0066,2001,39500
12,Lee,0066,2002,45000
12,Lee,0066,2003,44500
12,Lee,0066,2004,55000
12,Lee,0066,2005,59000
12,Lee,0066,2006,50000
12,Lee,0066,2007,53000
12,Lee,0066,2008,46500
12,Lee,0066,2009,42500
12,Lee,0066,2010,42500
12,Lee,0066,2011,43000
12,Lee,0066,2012,41000
12,Lee,0066,2013,41000
12,Lee,0066,2014,43000
12,Lee,0066,2015,48000
12,Lee,0066,2016,50000
12,Lee,0066,2017,49500
12,Lee,0066,2018,50500
12,Lee,0066,2019,52500
12,Lee,0066,2020,43500
12,Lee,0066,2021,55000
03,Collier,0066,2021,7000
12,Lee,0066,2022,62500
03,Collier,0066,2022,7200
12,Lee,0066,2023,63500
03,Collier,0066,2023,7800
12,Lee,0066,2024,62500
03,Collier,0066,2024,8100
03,Collier,0066,2025,10000
12,Lee,0066,2025,57000
12,Lee,0067,1982,20407
12,Lee,0067,1983,19513
12,Lee,0067,1985,25080
12,Lee,0067,1986,28922
12,Lee,0067,1987,32046
12,Lee,0067,1988,33849
12,Lee,0067,1989,29695
12,Lee,0067,1990,37113
12,Lee,0067,1991,36910
12,Lee,0067,1992,39500
12,Lee,0067,1993,40500
12,Lee,0067,1994,42000
12,Lee,0067,1995,42500
12,Lee,0067,1996,46000
12,Lee,0067,1997,41000
12,Lee,0067,1998,42000
12,Lee,0067,1999,41500
12,Lee,0067,2000,47000
12,Lee,0067,2001,54000
12,Lee,0067,2002,51500
12,Lee,0067,2003,57500
12,Lee,0067,2004,61500
12,Lee,0067,2005,59500
12,Lee,0067,2006,61500
12,Lee,0067,2007,55000
12,Lee,0067,2008,59000
12,Lee,0067,2009,56500
12,Lee,0067,2010,62000
12,Lee,0067,2011,63000
12,Lee,0067,2012,60500
12,Lee,0067,2013,50000
12,Lee,0067,2014,52000
12,Lee,0067,2015,58500
12,Lee,0067,2016,53000
12,Lee,0067,2017,52000
12,Lee,0067,2018,52000
12,Lee,0067,2019,60000
12,Lee,0067,2020,46000
12,Lee,0067,2021,60000
03,Collier,0067,2021,9500
12,Lee,0067,2022,60000
03,Collier,0067,2022,9700
12,Lee,0067,2023,63000
03,Collier,0067,2023,10500
12,Lee,0067,2024,62000
03,Collier,0067,2024,11000
03,Collier,0067,2025,11000
12,Lee,0067,2025,62000
12,Lee,0068,1982,2172
12,Lee,0068,1983,2506
12,Lee,0068,1984,2651
12,Lee,0068,1985,3044
12,Lee,0068,1986,2333
12,Lee,0068,1987,2615
12,Lee,0068,1988,2459
12,Lee,0068,1989,2232
12,Lee,0068,1990,4406
12,Lee,0068,1991,3379
12,Lee,0068,1992,3500
12,Lee,0068,1993,3600
12,Lee,0068,1994,3800
12,Lee,0068,1996,5000
12,Lee,0068,1997,4400
12,Lee,0068,1998,4700
12,Lee,0068,1999,4900
12,Lee,0068,2000,5000
12,Lee,0068,2001,5900
12,Lee,0068,2002,5500
12,Lee,0068,2003,6900
12,Lee,0068,2004,7800
12,Lee,0068,2005,10300
12,Lee,0068,2006,10600
12,Lee,0068,2007,10100
12,Lee,0068,2008,8000
12,Lee,0068,2009,9100
12,Lee,0068,2010,8800
12,Lee,0068,2011,9000
12,Lee,0068,2012,8400
12,Lee,0068,2013,8600
12,Lee,0068,2014,10300
12,Lee,0068,2015,10100
12,Lee,0068,2016,10200
12,Lee,0068,2017,12200
12,Lee,0068,2018,11400
12,Lee,0068,2019,11800
12,Lee,0068,2020,11600
12,Lee,0068,2021,15700
12,Lee,0068,2022,17200
12,Lee,0068,2023,20700
12,Lee,0068,2024,22500
12,Lee,0068,2025,22500
12,Lee,0069,1982,8728
12,Lee,0069,1983,8761
12,Lee,0069,1985,10218
12,Lee,0069,1986,11803
12,Lee,0069,1987,12199
12,Lee,0069,1988,12114
12,Lee,0069,1989,11023
12,Lee,0069,1990,13056
12,Lee,0069,1991,14857
12,Lee,0069,1993,17000
12,Lee,0069,1994,19000
12,Lee,0070,1982,5748
12,Lee,0070,1983,6271
12,Lee,0070,1984,6396
12,Lee,0070,1985,7499
12,Lee,0070,1986,8095
12,Lee,0070,1987,8283
12,Lee,0070,1988,8812
12,Lee,0070,1989,7809
12,Lee,0070,1990,7949
12,Lee,0070,1991,8109
12,Lee,0070,1992,7900
12,Lee,0070,1993,7500
12,Lee,0070,1994,8300
12,Lee,0070,2008,12100
12,Lee,0070,2009,12300
12,Lee,0070,2010,13100
12,Lee,0070,2011,10700
12,Lee,0070,2012,10900
12,Lee,0070,2013,11100
12,Lee,0070,2014,11400
12,Lee,0070,2015,11900
12,Lee,0070,2016,12500
12,Lee,0070,2017,13100
12,Lee,0070,2018,15200
12,Lee,0070,2019,16000
12,Lee,0070,2020,16000
12,Lee,0070,2021,17000
12,Lee,0070,2022,17500
12,Lee,0070,2023,15000
12,Lee,0070,2024,15800
12,Lee,0070,2025,16600
12,Lee,0071,1982,13695
12,Lee,0071,1983,13554
12,Lee,0071,1984,13877
12,Lee,0071,1985,14893
12,Lee,0071,1986,16297
12,Lee,0071,1987,10111
12,Lee,0071,1988,10520
12,Lee,0071,1989,9621
12,Lee,0072,1982,9649
12,Lee,0072,1983,9394
12,Lee,0072,1984,9289
12,Lee,0072,1985,10055
12,Lee,0072,1986,10808
12,Lee,0072,1987,10847
12,Lee,0072,1988,11113
12,Lee,0072,1989,9951
12,Lee,0072,1990,10518
12,Lee,0072,1991,13471
12,Lee,0072,1992,13000
12,Lee,0072,1993,13000
12,Lee,0072,1994,13000
12,Lee,0073,1982,5876
12,Lee,0073,1983,4732
12,Lee,0073,1984,4672
12,Lee,0073,1985,5310
12,Lee,0073,1986,6181
12,Lee,0073,1987,5927
12,Lee,0073,1988,6115
12,Lee,0073,1989,5900
12,Lee,0073,1990,11407
12,Lee,0073,1991,11468
12,Lee,0073,1992,11500
12,Lee,0073,1993,11500
12,Lee,0073,1994,11500
12,Lee,0074,1982,9351
12,Lee,0074,1983,9488
12,Lee,0074,1984,9956
12,Lee,0074,1985,10943
12,Lee,0074,1986,11743
12,Lee,0074,1987,11049
12,Lee,0074,1988,11724
12,Lee,0074,1989,11362
12,Lee,0074,1990,14674
12,Lee,0074,1991,14611
12,Lee,0074,1992,15200
12,Lee,0074,1993,16100
12,Lee,0074,1994,18000
12,Lee,0074,1995,16900
12,Lee,0074,1996,16900
12,Lee,0074,1997,16900
12,Lee,0074,1998,16900
12,Lee,0074,1999,17800
12,Lee,0074,2000,20100
12,Lee,0074,2001,20100
12,Lee,0074,2002,21000
12,Lee,0074,2003,22000
12,Lee,0074,2004,23500
12,Lee,0074,2005,24000
12,Lee,0074,2006,26000
12,Lee,0074,2007,27000
12,Lee,0074,2008,23500
12,Lee,0074,2009,20500
12,Lee,0074,2010,20300
12,Lee,0074,2011,19600
12,Lee,0074,2012,20500
12,Lee,0074,2013,21500
12,Lee,0075,1982,7053
12,Lee,0075,1983,7024
12,Lee,0075,1984,6744
12,Lee,0075,1985,6493
12,Lee,0075,1986,7605
12,Lee,0076,1989,15157
12,Lee,0076,1991,19756
12,Lee,0076,1992,23500
12,Lee,0076,1993,23500
12,Lee,0076,2002,45000
12,Lee,0076,2003,48500
12,Lee,0076,2004,58500
12,Lee,0076,2005,55000
12,Lee,0076,2006,68000
12,Lee,0076,2007,60500
12,Lee,0076,2008,60500
12,Lee,0076,2009,55500
12,Lee,0076,2010,58500
12,Lee,0076,2011,66500
12,Lee,0076,2012,60500
12,Lee,0076,2013,56500
12,Lee,0077,1990,5359
12,Lee,0077,1991,5609
12,Lee,0077,1992,6300
12,Lee,0077,1993,6600
12,Lee,0077,1994,7300
12,Lee,0077,1995,6600
12,Lee,0077,1996,8000
12,Lee,0077,1997,10500
12,Lee,0077,1998,10100
12,Lee,0077,1999,9300
12,Lee,0077,2000,10000
12,Lee,0077,2001,9800
12,Lee,0077,2002,9200
12,Lee,0077,2003,11200
12,Lee,0077,2004,12400
12,Lee,0077,2005,19600
12,Lee,0077,2006,25500
12,Lee,0077,2007,23000
12,Lee,0077,2008,20000
12,Lee,0077,2009,22000
12,Lee,0077,2010,23000
12,Lee,0077,2011,23000
12,Lee,0077,2012,21000
12,Lee,0077,2013,26000
12,Lee,0077,2014,27000
12,Lee,0077,2015,26000
12,Lee,0077,2016,29500
12,Lee,0077,2017,31500
12,Lee,0077,2018,32500
12,Lee,0077,2019,33500
12,Lee,0077,2020,35000
12,Lee,0077,2021,40000
12,Lee,0077,2022,44500
12,Lee,0077,2023,49500
12,Lee,0077,2024,53500
12,Lee,0077,2025,53500
12,Lee,0078,1990,7976
12,Lee,0078,1991,8984
12,Lee,0078,1992,10000
12,Lee,0078,1993,9100
12,Lee,0078,1994,8100
12,Lee,0078,1995,8700
12,Lee,0078,1996,10000
12,Lee,0078,1997,10400
12,Lee,0078,1998,9200
12,Lee,0078,1999,10500
12,Lee,0078,2000,9300
12,Lee,0078,2001,8500
12,Lee,0078,2002,10100
12,Lee,0078,2003,8700
12,Lee,0078,2004,9500
12,Lee,0078,2005,9300
12,Lee,0078,2006,9000
12,Lee,0078,2007,7800
12,Lee,0078,2008,8300
12,Lee,0078,2009,7700
12,Lee,0078,2010,8100
12,Lee,0078,2011,7900
12,Lee,0078,2012,7100
12,Lee,0078,2013,7800
12,Lee,0078,2014,8200
12,Lee,0078,2015,9800
12,Lee,0078,2016,10300
12,Lee,0078,2017,10000
12,Lee,0078,2018,10800
12,Lee,0078,2019,11800
12,Lee,0078,2020,13200
12,Lee,0078,2021,12600
12,Lee,0078,2022,13000
12,Lee,0078,2023,13900
12,Lee,0078,2024,16100
12,Lee,0078,2025,16400
12,Lee,0079,1990,16049
12,Lee,0079,1991,19136
12,Lee,0079,1992,18600
12,Lee,0079,1993,19200
12,Lee,0079,1994,20500
12,Lee,0079,1995,19800
12,Lee,0079,1996,16600
12,Lee,0079,1997,14900
12,Lee,0079,1998,15300
12,Lee,0079,1999,16800
12,Lee,0079,2000,16100
12,Lee,0079,2001,16900
12,Lee,0079,2002,18100
12,Lee,0079,2003,18100
12,Lee,0079,2004,21000
12,Lee,0079,2005,20500
12,Lee,0079,2006,19600
12,Lee,0079,2007,19400
12,Lee,0079,2008,18800
12,Lee,0079,2009,18200
12,Lee,0079,2010,21000
12,Lee,0079,2011,19600
12,Lee,0079,2012,18500
12,Lee,0079,2013,18500
12,Lee,0079,2014,21000
12,Lee,0079,2015,22000
12,Lee,0079,2016,22000
12,Lee,0079,2017,18200
12,Lee,0079,2018,22500
12,Lee,0079,2019,22500
12,Lee,0079,2020,25000
12,Lee,0079,2021,20500
12,Lee,0079,2022,24000
12,Lee,0079,2023,25000
12,Lee,0079,2024,25000
12,Lee,0079,2025,27000
12,Lee,0080,1991,32000
12,Lee,0080,1992,33500
12,Lee,0080,1993,33500
12,Lee,0080,1994,36000
12,Lee,0080,1995,37000
12,Lee,0080,1996,35500
12,Lee,0080,1997,39000
12,Lee,0080,1998,44000
12,Lee,0080,1999,49000
12,Lee,0080,2000,53000
12,Lee,0080,2001,52500
12,Lee,0080,2002,52500
12,Lee,0080,2003,57500
12,Lee,0080,2004,62500
12,Lee,0080,2005,75500
12,Lee,0080,2006,77000
12,Lee,0080,2007,68500
12,Lee,0080,2008,69500
12,Lee,0080,2009,62000
12,Lee,0080,2010,65000
12,Lee,0080,2011,65000
12,Lee,0080,2012,69500
12,Lee,0080,2013,67500
12,Lee,0080,2014,68500
12,Lee,0080,2015,70500
12,Lee,0080,2016,70500
12,Lee,0080,2017,77000
12,Lee,0080,2018,79000
12,Lee,0080,2019,80500
12,Lee,0080,2020,71500
12,Lee,0080,2021,75500
12,Lee,0080,2022,75500
12,Lee,0080,2023,77500
12,Lee,0080,2024,78000
12,Lee,0080,2025,74500
12,Lee,0081,1991,26357
12,Lee,0081,1992,26000
12,Lee,0081,1993,30000
12,Lee,0081,1994,27000
12,Lee,0081,1995,29000
12,Lee,0081,1996,30000
12,Lee,0081,1997,31000
12,Lee,0081,1998,37000
12,Lee,0081,1999,41500
12,Lee,0081,2000,38000
12,Lee,0081,2001,37500
12,Lee,0081,2002,43500
12,Lee,0081,2003,47500
12,Lee,0081,2004,48000
12,Lee,0081,2005,63000
12,Lee,0081,2006,66500
12,Lee,0081,2007,63000
12,Lee,0081,2008,57500
12,Lee,0081,2009,56500
12,Lee,0081,2010,55000
12,Lee,0081,2011,55000
12,Lee,0081,2012,55000
12,Lee,0081,2013,55500
12,Lee,0081,2014,56500
12,Lee,0081,2015,57500
12,Lee,0081,2016,58500
12,Lee,0081,2017,55000
12,Lee,0081,2018,60500
12,Lee,0081,2019,60000
12,Lee,0081,2020,56000
12,Lee,0081,2021,60500
12,Lee,0081,2022,67500
12,Lee,0081,2023,63500
12,Lee,0081,2024,62500
12,Lee,0081,2025,62500
12,Lee,0082,1991,20128
12,Lee,0082,1992,22000
12,Lee,0082,1993,22500
12,Lee,0082,1994,24000
12,Lee,0082,1995,24000
12,Lee,0082,1996,23500
12,Lee,0082,1997,28000
12,Lee,0082,1998,28000
12,Lee,0082,1999,29000
12,Lee,0082,2000,27500
12,Lee,0082,2001,33500
12,Lee,0082,2002,35500
12,Lee,0082,2003,40000
12,Lee,0082,2004,41000
12,Lee,0082,2005,38500
12,Lee,0082,2006,41500
12,Lee,0082,2007,42500
12,Lee,0082,2008,41500
12,Lee,0082,2009,40500
12,Lee,0082,2010,40500
12,Lee,0082,2011,41500
12,Lee,0082,2012,39500
12,Lee,0082,2013,40500
12,Lee,0082,2014,40500
12,Lee,0082,2015,42000
12,Lee,0082,2016,40000
12,Lee,0082,2017,40000
12,Lee,0082,2018,40000
12,Lee,0082,2019,42500
12,Lee,0082,2020,38500
12,Lee,0082,2021,38000
12,Lee,0082,2022,38000
12,Lee,0082,2023,39000
12,Lee,0082,2024,38000
12,Lee,0082,2025,38000
12,Lee,0083,1991,25356
12,Lee,0083,1992,24500
12,Lee,0083,1993,25000
12,Lee,0083,1994,23000
12,Lee,0083,1995,25500
12,Lee,0083,1996,22500
12,Lee,0083,1997,22000
12,Lee,0083,1998,20500
12,Lee,0083,1999,22000
12,Lee,0083,2000,26000
12,Lee,0083,2001,21400
12,Lee,0083,2002,25000
12,Lee,0083,2003,25000
12,Lee,0083,2004,24000
12,Lee,0083,2005,23000
12,Lee,0083,2006,22500
12,Lee,0083,2007,22000
12,Lee,0083,2008,22000
12,Lee,0083,2009,23000
12,Lee,0083,2010,24000
12,Lee,0083,2011,25000
12,Lee,0083,2012,25000
12,Lee,0083,2013,24500
12,Lee,0083,2014,24500
12,Lee,0083,2015,24000
12,Lee,0083,2016,24000
12,Lee,0083,2017,23500
12,Lee,0083,2018,24500
12,Lee,0083,2019,25000
12,Lee,0083,2020,22500
12,Lee,0083,2021,22500
12,Lee,0083,2022,22500
12,Lee,0083,2023,22500
12,Lee,0083,2024,22500
12,Lee,0083,2025,22500
12,Lee,0084,1991,24630
12,Lee,0084,1992,24000
12,Lee,0084,1993,23000
12,Lee,0084,1994,23500
12,Lee,0084,1995,23000
12,Lee,0084,1996,22500
12,Lee,0084,1997,20000
12,Lee,0084,1998,21500
12,Lee,0084,1999,18000
12,Lee,0084,2008,20500
12,Lee,0084,2009,20500
12,Lee,0084,2010,20300
12,Lee,0084,2011,20500
12,Lee,0084,2012,20400
12,Lee,0084,2013,20500
12,Lee,0084,2014,20400
12,Lee,0084,2015,21500
12,Lee,0084,2016,22500
12,Lee,0084,2017,23500
12,Lee,0084,2018,18600
12,Lee,0084,2019,19400
12,Lee,0084,2020,19200
12,Lee,0084,2021,19200
12,Lee,0084,2022,19200
12,Lee,0084,2023,22500
12,Lee,0084,2024,22500
12,Lee,0084,2025,22500
12,Lee,0085,1991,23525
12,Lee,0085,1992,21500
12,Lee,0085,1993,23000
12,Lee,0085,1994,23000
12,Lee,0085,1995,22000
12,Lee,0085,1996,22000
12,Lee,0085,1997,24000
12,Lee,0085,1998,23500
12,Lee,0085,1999,24500
12,Lee,0085,2000,27000
12,Lee,0085,2001,26000
12,Lee,0085,2002,27000
12,Lee,0085,2003,28000
12,Lee,0085,2004,29500
12,Lee,0085,2005,31500
12,Lee,0085,2006,36000
12,Lee,0085,2007,34000
12,Lee,0085,2008,30000
12,Lee,0085,2009,29500
12,Lee,0085,2010,29500
12,Lee,0085,2011,29500
12,Lee,0085,2012,28500
12,Lee,0085,2013,28500
12,Lee,0085,2014,29500
12,Lee,0085,2015,32000
12,Lee,0085,2016,35000
12,Lee,0085,2017,33500
12,Lee,0085,2018,33500
12,Lee,0085,2019,36500
12,Lee,0085,2020,36500
12,Lee,0085,2021,43000
12,Lee,0085,2022,47000
12,Lee,0085,2023,44500
12,Lee,0085,2024,48500
12,Lee,0085,2025,52500
12,Lee,0086,1991,6748
12,Lee,0086,1992,7400
12,Lee,0086,1993,7700
12,Lee,0086,1994,8000
12,Lee,0086,1995,8300
12,Lee,0086,1996,8400
12,Lee,0086,1997,9200
12,Lee,0086,2010,12700
12,Lee,0086,2011,13700
12,Lee,0086,2012,12500
12,Lee,0086,2013,12700
12,Lee,0086,2014,13100
12,Lee,0086,2015,14600
12,Lee,0086,2016,15700
12,Lee,0086,2017,16900
12,Lee,0086,2018,17300
12,Lee,0086,2019,18600
12,Lee,0086,2020,20000
12,Lee,0086,2021,21000
12,Lee,0086,2022,23000
12,Lee,0086,2023,24000
12,Lee,0086,2024,26000
12,Lee,0086,2025,28000
12,Lee,0087,1991,23004
12,Lee,0087,1992,22500
12,Lee,0087,1993,22000
12,Lee,0087,1994,22000
12,Lee,0087,1995,15000
12,Lee,0088,1991,25287
12,Lee,0088,1992,26500
12,Lee,0088,1993,27500
12,Lee,0088,1994,27500
12,Lee,0088,1995,27500
12,Lee,0088,1996,27500
12,Lee,0088,1997,28500
12,Lee,0088,1998,23500
12,Lee,0088,1999,23000
12,Lee,0089,1991,25537
12,Lee,0089,1992,22500
12,Lee,0089,1993,23000
12,Lee,0089,1994,25000
12,Lee,0089,1995,26000
12,Lee,0089,1996,24500
12,Lee,0089,1997,26500
12,Lee,0089,1998,26000
12,Lee,0089,1999,28500
12,Lee,0089,2000,30500
12,Lee,0089,2001,32000
12,Lee,0089,2002,32500
12,Lee,0089,2003,37500
12,Lee,0089,2004,48500
12,Lee,0089,2005,39000
12,Lee,0089,2006,41500
12,Lee,0089,2007,44500
12,Lee,0089,2008,40500
12,Lee,0089,2009,36500
12,Lee,0089,2010,36500
12,Lee,0089,2011,36500
12,Lee,0089,2012,34000
12,Lee,0089,2013,35000
12,Lee,0089,2014,40500
12,Lee,0089,2015,42000
12,Lee,0089,2016,41500
12,Lee,0089,2017,42500
12,Lee,0089,2018,45000
12,Lee,0089,2019,50500
12,Lee,0089,2020,40000
12,Lee,0089,2021,48000
12,Lee,0089,2022,48000
12,Lee,0089,2023,52500
12,Lee,0089,2024,51500
12,Lee,0089,2025,51500
03,Collier,0090,1970,2448
03,Collier,0090,1971,2269
03,Collier,0090,1972,2518
03,Collier,0090,1973,2405
03,Collier,0090,1974,2991
03,Collier,0090,1975,3257
03,Collier,0090,1976,2297
03,Collier,0090,1977,1818
03,Collier,0090,1978,2810
03,Collier,0090,1979,2535
03,Collier,0090,1980,2288
03,Collier,0090,1981,2560
03,Collier,0090,1982,2448
12,Lee,0090,1991,47790
12,Lee,0090,1992,53000
12,Lee,0090,1993,51500
12,Lee,0090,1994,62000
12,Lee,0090,1995,57000
12,Lee,0090,1996,58000
12,Lee,0090,1997,54000
12,Lee,0090,1998,51000
12,Lee,0090,1999,53000
12,Lee,0090,2000,57000
12,Lee,0090,2001,57500
12,Lee,0090,2002,59500
12,Lee,0090,2003,60500
12,Lee,0090,2004,62500
12,Lee,0090,2005,61000
12,Lee,0090,2006,62000
12,Lee,0090,2007,66000
12,Lee,0090,2008,57500
12,Lee,0090,2009,65000
12,Lee,0090,2010,60500
12,Lee,0090,2011,60500
12,Lee,0090,2012,59000
12,Lee,0090,2013,56000
12,Lee,0091,1991,56845
12,Lee,0091,1992,55500
12,Lee,0091,1993,55000
12,Lee,0091,1994,53500
12,Lee,0091,1995,58000
12,Lee,0091,1996,54000
12,Lee,0091,1997,42500
12,Lee,0091,1998,45000
12,Lee,0091,1999,40000
12,Lee,0091,2000,41500
12,Lee,0091,2001,41000
12,Lee,0091,2002,42000
12,Lee,0091,2003,47500
12,Lee,0091,2004,47500
12,Lee,0091,2005,49500
12,Lee,0091,2006,49000
12,Lee,0091,2007,50500
12,Lee,0091,2008,52000
12,Lee,0091,2009,45500
12,Lee,0091,2010,48000
12,Lee,0091,2011,46500
12,Lee,0091,2012,51500
12,Lee,0091,2013,51500
12,Lee,0091,2014,54000
12,Lee,0091,2015,48500
12,Lee,0091,2016,50500
12,Lee,0091,2017,53000
12,Lee,0091,2018,53000
12,Lee,0091,2019,48500
12,Lee,0091,2020,44000
12,Lee,0091,2021,49500
12,Lee,0091,2022,49500
12,Lee,0091,2023,55000
12,Lee,0091,2024,54000
12,Lee,0091,2025,54000
12,Lee,0092,1991,46183
12,Lee,0092,1992,49000
12,Lee,0092,1993,48500
12,Lee,0092,1994,46500
12,Lee,0092,1995,52000
12,Lee,0092,1996,48500
12,Lee,0092,1997,41000
12,Lee,0092,1998,45500
12,Lee,0092,1999,44500
12,Lee,0092,2000,53000
12,Lee,0092,2001,46000
12,Lee,0092,2002,55000
12,Lee,0092,2003,53000
12,Lee,0092,2004,50000
12,Lee,0092,2005,55000
12,Lee,0092,2006,63000
12,Lee,0092,2007,57000
12,Lee,0092,2008,52000
12,Lee,0092,2009,53500
12,Lee,0092,2010,49000
12,Lee,0092,2011,53000
12,Lee,0092,2012,51500
12,Lee,0092,2013,50000
12,Lee,0092,2014,52000
12,Lee,0092,2015,52500
12,Lee,0092,2016,44500
12,Lee,0092,2017,49000
12,Lee,0092,2018,49000
12,Lee,0092,2019,49000
12,Lee,0092,2020,36000
12,Lee,0092,2021,46500
12,Lee,0092,2022,46500
12,Lee,0092,2023,46000
12,Lee,0092,2024,45000
12,Lee,0092,2025,45000
12,Lee,0093,1991,45273
12,Lee,0093,1992,44500
12,Lee,0093,1993,50000
12,Lee,0093,1994,48000
12,Lee,0093,1995,48000
12,Lee,0093,1996,45000
12,Lee,0093,1997,39500
12,Lee,0093,1998,43000
12,Lee,0093,1999,39500
12,Lee,0093,2000,43500
12,Lee,0093,2001,42500
12,Lee,0093,2002,46000
12,Lee,0093,2003,49000
12,Lee,0093,2004,50000
12,Lee,0093,2005,48000
12,Lee,0093,2006,52500
12,Lee,0093,2007,57000
12,Lee,0093,2008,52000
12,Lee,0093,2009,52000
12,Lee,0093,2010,53000
12,Lee,0093,2011,50000
12,Lee,0093,2012,55500
12,Lee,0093,2013,55000
12,Lee,0093,2014,58000
12,Lee,0093,2015,52000
12,Lee,0093,2016,55500
12,Lee,0093,2017,51500
12,Lee,0093,2018,51500
12,Lee,0093,2019,51500
12,Lee,0093,2020,38000
12,Lee,0093,2021,44000
12,Lee,0093,2022,45500
12,Lee,0093,2023,46500
12,Lee,0093,2024,45500
12,Lee,0093,2025,45500
03,Collier,0094,1974,17440
03,Collier,0094,1975,18235
03,Collier,0094,1977,19765
03,Collier,0094,1978,20890
03,Collier,0094,1979,26635
03,Collier,0094,1980,22987
03,Collier,0094,1981,26279
03,Collier,0094,1982,27570
03,Collier,0094,1983,29363
03,Collier,0094,1984,30667
03,Collier,0094,1985,31070
03,Collier,0094,1986,31295
03,Collier,0094,1987,32832
03,Collier,0094,1988,35379
03,Collier,0094,1989,36398
03,Collier,0094,1990,37761
12,Lee,0094,1991,34084
03,Collier,0094,1991,37294
12,Lee,0094,1992,34500
03,Collier,0094,1992,38769
12,Lee,0094,1993,33000
03,Collier,0094,1993,36975
12,Lee,0094,1994,31000
03,Collier,0094,1994,35445
12,Lee,0094,1995,31000
03,Collier,0094,1995,35711
12,Lee,0094,1996,31000
03,Collier,0094,1996,36649
12,Lee,0094,1997,31000
03,Collier,0094,1997,36619
12,Lee,0094,1998,29500
03,Collier,0094,1998,38000
12,Lee,0094,1999,29000
03,Collier,0094,1999,39000
12,Lee,0094,2000,28000
03,Collier,0094,2000,35911
12,Lee,0094,2001,28000
03,Collier,0094,2001,39827
12,Lee,0094,2002,32500
03,Collier,0094,2002,40258
12,Lee,0094,2003,33000
03,Collier,0094,2003,41463
12,Lee,0094,2004,34000
03,Collier,0094,2004,44055
12,Lee,0094,2005,35000
03,Collier,0094,2005,45229
03,Collier,0094,2006,45559
12,Lee,0094,2006,40000
12,Lee,0094,2007,44000
03,Collier,0094,2007,43776
12,Lee,0094,2008,37500
03,Collier,0094,2008,41699
12,Lee,0094,2009,36500
03,Collier,0094,2009,41162
03,Collier,0094,2010,39899
12,Lee,0094,2010,40500
03,Collier,0094,2011,38035
12,Lee,0094,2011,37000
12,Lee,0094,2012,37500
03,Collier,0094,2012,38102
03,Collier,0094,2013,39232
12,Lee,0094,2013,39000
12,Lee,0094,2014,38500
03,Collier,0094,2014,40223
12,Lee,0094,2015,42000
03,Collier,0094,2015,41557
03,Collier,0094,2016,42286
12,Lee,0094,2016,34500
03,Collier,0094,2017,41302
12,Lee,0094,2017,42000
12,Lee,0094,2018,42000
03,Collier,0094,2018,40039
03,Collier,0094,2019,42797
12,Lee,0094,2019,39500
12,Lee,0094,2020,35500
03,Collier,0094,2020,38469
12,Lee,0094,2021,38500
03,Collier,0094,2021,44331
12,Lee,0094,2022,38500
03,Collier,0094,2022,44103
12,Lee,0094,2023,39000
03,Collier,0094,2023,43255
12,Lee,0094,2024,38000
03,Collier,0094,2024,43163
03,Collier,0094,2025,43418
12,Lee,0094,2025,38000
12,Lee,0095,1991,22421
12,Lee,0095,1992,23000
12,Lee,0095,1993,22000
12,Lee,0095,1994,23000
12,Lee,0095,1995,24000
12,Lee,0095,1996,22500
12,Lee,0095,1997,21500
12,Lee,0095,1998,20500
12,Lee,0095,1999,21500
12,Lee,0095,2000,24500
12,Lee,0095,2001,23000
12,Lee,0095,2002,24500
12,Lee,0095,2003,26000
12,Lee,0095,2004,25500
12,Lee,0095,2005,24000
12,Lee,0095,2006,23000
12,Lee,0095,2007,22500
12,Lee,0095,2008,24500
12,Lee,0095,2009,23500
12,Lee,0095,2010,25500
12,Lee,0095,2011,26500
12,Lee,0095,2012,23500
12,Lee,0095,2013,23500
12,Lee,0095,2014,23500
12,Lee,0095,2015,23500
12,Lee,0095,2016,23500
12,Lee,0095,2017,23000
12,Lee,0095,2018,23500
12,Lee,0095,2019,24500
12,Lee,0095,2020,22000
12,Lee,0095,2021,21000
12,Lee,0095,2022,25000
12,Lee,0095,2023,23500
12,Lee,0095,2024,23500
12,Lee,0095,2025,23500
12,Lee,0096,1991,23509
12,Lee,0096,1992,22500
12,Lee,0096,1993,23000
12,Lee,0097,1991,16323
12,Lee,0097,1992,18000
12,Lee,0097,1993,19000
12,Lee,0097,1994,18000
12,Lee,0097,2008,38500
12,Lee,0097,2009,38500
12,Lee,0097,2010,40500
12,Lee,0097,2011,36500
12,Lee,0097,2012,37500
12,Lee,0097,2013,38500
12,Lee,0097,2014,40500
12,Lee,0097,2015,41000
12,Lee,0097,2016,43000
12,Lee,0097,2017,46000
12,Lee,0097,2018,46500
12,Lee,0097,2019,47000
12,Lee,0097,2020,47000
12,Lee,0097,2021,50000
12,Lee,0097,2022,52000
12,Lee,0097,2023,52000
12,Lee,0097,2024,54500
12,Lee,0097,2025,57000
12,Lee,0098,1991,40805
12,Lee,0098,1992,44000
12,Lee,0098,1993,44000
12,Lee,0098,1994,46000
12,Lee,0098,1995,46500
12,Lee,0098,1996,47000
12,Lee,0098,1997,43500
12,Lee,0098,1998,45500
12,Lee,0098,1999,49500
12,Lee,0098,2000,46000
12,Lee,0098,2001,51500
12,Lee,0098,2002,54500
12,Lee,0098,2003,58000
12,Lee,0098,2004,63000
12,Lee,0098,2005,60000
12,Lee,0098,2006,67500
12,Lee,0098,2007,67000
12,Lee,0098,2008,60500
12,Lee,0098,2009,60500
12,Lee,0098,2010,59500
12,Lee,0098,2011,61000
12,Lee,0098,2012,60500
12,Lee,0098,2013,51500
12,Lee,0098,2014,54000
12,Lee,0098,2015,58000
12,Lee,0098,2016,58500
12,Lee,0098,2017,56500
12,Lee,0098,2018,54000
12,Lee,0098,2019,56000
12,Lee,0098,2020,47000
12,Lee,0098,2021,56500
12,Lee,0098,2022,56500
12,Lee,0098,2023,63000
12,Lee,0098,2024,62000
12,Lee,0098,2025,62000
12,Lee,0099,1991,22330
12,Lee,0099,1992,24000
12,Lee,0099,1993,23500
12,Lee,0099,1994,26500
12,Lee,0099,1995,25000
12,Lee,0099,1996,29500
12,Lee,0099,1997,30500
12,Lee,0099,1998,30500
12,Lee,0099,1999,33000
12,Lee,0099,2000,36000
12,Lee,0099,2001,35500
12,Lee,0099,2002,42000
12,Lee,0099,2003,41000
12,Lee,0099,2004,53000
12,Lee,0099,2005,57000
12,Lee,0099,2006,62000
12,Lee,0099,2007,48000
12,Lee,0099,2008,41000
12,Lee,0099,2009,38000
12,Lee,0099,2010,40000
12,Lee,0099,2011,38500
12,Lee,0099,2012,38500
12,Lee,0099,2013,39500
12,Lee,0099,2014,42500
12,Lee,0099,2015,53500
12,Lee,0099,2016,68000
12,Lee,0099,2017,47000
12,Lee,0099,2018,47000
12,Lee,0099,2019,57000
12,Lee,0099,2020,39500
12,Lee,0099,2021,47000
12,Lee,0099,2022,47000
12,Lee,0099,2023,49500
12,Lee,0099,2024,48500
12,Lee,0099,2025,48500
12,Lee,0100,1991,19062
12,Lee,0100,1992,20500
12,Lee,0100,1993,21000
12,Lee,0100,1994,21500
12,Lee,0101,1991,4473
12,Lee,0101,1992,4800
12,Lee,0101,1993,5000
12,Lee,0101,1994,6200
12,Lee,0101,1995,7000
12,Lee,0101,1996,7800
12,Lee,0101,1997,8800
12,Lee,0101,1998,9200
12,Lee,0101,1999,8600
12,Lee,0101,2000,9100
12,Lee,0101,2001,10500
12,Lee,0101,2002,12300
12,Lee,0101,2003,14000
12,Lee,0101,2004,16300
12,Lee,0101,2005,18800
12,Lee,0101,2006,23000
12,Lee,0101,2007,22500
12,Lee,0101,2008,19500
12,Lee,0101,2009,21000
12,Lee,0101,2010,22500
12,Lee,0101,2011,22500
12,Lee,0101,2012,22000
12,Lee,0101,2013,25500
12,Lee,0102,1991,12360
12,Lee,0102,1992,14300
12,Lee,0102,1993,14000
12,Lee,0102,1994,16000
03,Collier,0103,1970,838
03,Collier,0103,1971,883
03,Collier,0103,1972,957
03,Collier,0103,1973,731
03,Collier,0103,1974,780
03,Collier,0103,1975,962
03,Collier,0103,1976,580
03,Collier,0103,1977,816
12,Lee,0103,1991,10863
12,Lee,0103,1992,10600
12,Lee,0103,1993,12000
12,Lee,0103,1994,11500
12,Lee,0103,1995,12200
12,Lee,0103,1996,12300
12,Lee,0103,1997,11700
12,Lee,0103,1998,12500
12,Lee,0103,1999,13900
12,Lee,0103,2000,13900
12,Lee,0103,2001,15300
12,Lee,0103,2002,15400
12,Lee,0103,2003,15400
12,Lee,0103,2004,17400
12,Lee,0103,2005,20000
12,Lee,0103,2006,17900
12,Lee,0103,2007,16600
12,Lee,0103,2008,15700
12,Lee,0103,2009,15000
12,Lee,0103,2010,16000
12,Lee,0103,2011,15500
12,Lee,0103,2012,16200
12,Lee,0103,2013,15700
12,Lee,0103,2014,17700
12,Lee,0103,2015,18800
12,Lee,0103,2016,20500
12,Lee,0103,2017,19400
12,Lee,0103,2018,21000
12,Lee,0103,2019,22500
12,Lee,0103,2020,20500
12,Lee,0103,2021,22500
12,Lee,0103,2022,22500
12,Lee,0103,2023,24500
03,Collier,0104,1970,2896
03,Collier,0104,1971,2557
03,Collier,0104,1972,2635
03,Collier,0104,1973,2133
03,Collier,0104,1974,2923
03,Collier,0104,1975,3167
03,Collier,0104,1976,2848
03,Collier,0104,1977,3147
03,Collier,0104,1978,2825
03,Collier,0104,1979,3105
03,Collier,0104,1980,2698
03,Collier,0104,1981,3093
03,Collier,0104,1982,2630
03,Collier,0104,1983,2789
03,Collier,0104,1984,3443
03,Collier,0104,1985,2935
03,Collier,0104,1986,3349
03,Collier,0104,1987,3450
03,Collier,0104,1988,3779
03,Collier,0104,1989,3478
03,Collier,0104,1991,3998
12,Lee,0104,1992,18500
03,Collier,0104,1992,3600
12,Lee,0104,1993,18700
03,Collier,0104,1993,3600
12,Lee,0104,1994,22000
03,Collier,0104,1994,2400
12,Lee,0104,1995,22000
03,Collier,0104,1995,3100
12,Lee,0104,1996,23000
03,Collier,0104,1996,2800
12,Lee,0104,1997,24000
03,Collier,0104,1997,3300
12,Lee,0104,1998,25000
03,Collier,0104,1998,2700
12,Lee,0104,1999,26500
03,Collier,0104,1999,4300
12,Lee,0104,2000,27500
03,Collier,0104,2000,3200
12,Lee,0104,2001,27000
03,Collier,0104,2001,3400
12,Lee,0104,2002,26500
03,Collier,0104,2002,3100
12,Lee,0104,2003,24000
03,Collier,0104,2003,3400
12,Lee,0104,2004,27500
03,Collier,0104,2004,2900
12,Lee,0104,2005,27500
03,Collier,0104,2005,3100
03,Collier,0104,2006,2600
12,Lee,0104,2006,34500
12,Lee,0104,2007,32000
03,Collier,0104,2007,2700
12,Lee,0104,2008,27000
03,Collier,0104,2008,2600
12,Lee,0104,2009,27500
03,Collier,0104,2009,2700
03,Collier,0104,2010,2600
12,Lee,0104,2010,28000
03,Collier,0104,2011,2600
12,Lee,0104,2011,28000
12,Lee,0104,2012,27000
03,Collier,0104,2012,2400
03,Collier,0104,2013,2400
12,Lee,0104,2013,27000
03,Collier,0104,2014,2400
03,Collier,0104,2015,3700
03,Collier,0104,2016,3900
03,Collier,0104,2017,3400
03,Collier,0104,2018,2800
03,Collier,0104,2019,2700
03,Collier,0104,2020,2700
03,Collier,0104,2021,2700
03,Collier,0104,2022,3400
03,Collier,0104,2023,3600
03,Collier,0104,2024,3800
03,Collier,0104,2025,3300
03,Collier,0105,1970,2219
03,Collier,0105,1971,2734
03,Collier,0105,1972,2689
03,Collier,0105,1973,3110
03,Collier,0105,1974,3705
03,Collier,0105,1975,2882
03,Collier,0105,1977,2833
12,Lee,0105,1992,27000
12,Lee,0105,1993,27500
12,Lee,0105,1994,30000
12,Lee,0105,1995,30000
12,Lee,0105,1996,31500
12,Lee,0105,1997,31000
12,Lee,0105,1998,29500
12,Lee,0105,1999,32000
12,Lee,0105,2000,35500
12,Lee,0105,2001,38500
12,Lee,0105,2002,43000
12,Lee,0105,2003,41000
12,Lee,0105,2004,44000
12,Lee,0105,2005,44000
12,Lee,0105,2006,45000
12,Lee,0105,2007,47000
12,Lee,0105,2008,45500
12,Lee,0105,2009,41500
12,Lee,0105,2010,41000
12,Lee,0105,2011,41000
12,Lee,0105,2012,39500
12,Lee,0105,2013,40500
03,Collier,0106,1970,3077
03,Collier,0106,1971,2613
03,Collier,0106,1972,2550
03,Collier,0106,1973,3371
03,Collier,0106,1977,4095
12,Lee,0106,1994,19100
12,Lee,0106,1995,21500
12,Lee,0106,1996,24000
12,Lee,0106,1997,26500
12,Lee,0106,1998,28500
12,Lee,0106,1999,30500
12,Lee,0106,2000,32000
12,Lee,0106,2001,39500
12,Lee,0106,2002,40000
12,Lee,0106,2003,43000
03,Collier,0107,1970,649
03,Collier,0107,1971,671
03,Collier,0107,1972,508
03,Collier,0107,1973,668
03,Collier,0107,1974,827
03,Collier,0107,1975,1067
03,Collier,0107,1976,1260
03,Collier,0107,1977,1225
03,Collier,0107,1985,1165
03,Collier,0107,1986,4017
03,Collier,0107,1987,1665
12,Lee,0107,2004,13300
12,Lee,0107,2005,12600
12,Lee,0107,2006,15700
12,Lee,0107,2007,15100
12,Lee,0107,2008,12700
12,Lee,0107,2009,14300
12,Lee,0107,2010,14900
12,Lee,0107,2011,15100
12,Lee,0107,2012,14100
12,Lee,0107,2013,17000
12,Lee,0107,2014,17600
12,Lee,0107,2015,17100
12,Lee,0107,2016,18900
12,Lee,0107,2017,20500
12,Lee,0107,2018,21500
12,Lee,0107,2019,22500
12,Lee,0107,2020,24500
12,Lee,0107,2021,28500
12,Lee,0107,2022,28500
12,Lee,0107,2023,36000
12,Lee,0107,2024,39000
12,Lee,0107,2025,39000
12,Lee,0108,2004,9700
12,Lee,0108,2005,10700
12,Lee,0108,2006,13100
12,Lee,0108,2007,13200
12,Lee,0108,2008,11100
12,Lee,0108,2009,12200
12,Lee,0108,2010,12800
12,Lee,0108,2011,13000
12,Lee,0108,2012,12700
12,Lee,0108,2013,14700
12,Lee,0108,2014,15100
12,Lee,0108,2015,15700
12,Lee,0108,2016,17200
12,Lee,0108,2017,18300
12,Lee,0108,2018,19100
12,Lee,0108,2019,19800
12,Lee,0108,2020,21000
12,Lee,0108,2021,27000
12,Lee,0108,2022,27000
12,Lee,0108,2023,33500
12,Lee,0108,2024,36500
12,Lee,0108,2025,36500
12,Lee,0109,2005,31000
12,Lee,0109,2006,29500
12,Lee,0109,2007,28500
12,Lee,0109,2008,23500
12,Lee,0109,2009,26000
12,Lee,0109,2010,27500
12,Lee,0109,2011,27000
12,Lee,0109,2012,26500
12,Lee,0109,2013,26500
12,Lee,0109,2014,32500
12,Lee,0109,2015,31500
12,Lee,0109,2016,32000
12,Lee,0109,2017,30500
12,Lee,0109,2018,37000
12,Lee,0109,2019,38500
12,Lee,0109,2020,29000
12,Lee,0109,2021,33000
12,Lee,0109,2022,33000
12,Lee,0109,2023,39000
12,Lee,0109,2024,38000
12,Lee,0109,2025,38000
03,Collier,0110,1970,2476
03,Collier,0110,1971,1333
03,Collier,0110,1972,726
03,Collier,0110,1973,1151
03,Collier,0110,1974,895
03,Collier,0110,1975,760
03,Collier,0110,1976,700
03,Collier,0110,1977,1148
03,Collier,0110,1985,1189
03,Collier,0110,1986,1007
03,Collier,0110,1987,1626
12,Lee,0110,2015,10800
12,Lee,0110,2016,11400
12,Lee,0110,2017,12000
12,Lee,0110,2018,10700
12,Lee,0110,2019,10100
12,Lee,0110,2020,10100
12,Lee,0110,2021,10700
12,Lee,0110,2022,11000
12,Lee,0110,2023,9200
12,Lee,0110,2024,9600
12,Lee,0110,2025,10000
03,Collier,0111,1970,2674
03,Collier,0111,1971,1934
03,Collier,0111,1972,2401
03,Collier,0111,1973,2316
03,Collier,0111,1974,2741
03,Collier,0111,1975,2739
03,Collier,0111,1976,2523
03,Collier,0111,1977,3028
03,Collier,0111,1978,2813
03,Collier,0111,1979,2975
03,Collier,0111,1980,2597
03,Collier,0111,1981,3530
03,Collier,0111,1982,2973
03,Collier,0111,1983,2884
03,Collier,0111,1984,3228
03,Collier,0111,1985,2988
03,Collier,0111,1986,3432
03,Collier,0111,1987,3506
03,Collier,0111,1988,3454
03,Collier,0111,1989,3018
03,Collier,0111,1991,4159
03,Collier,0111,1992,3900
03,Collier,0111,1993,3800
03,Collier,0111,1994,3000
03,Collier,0111,1995,3900
03,Collier,0111,1996,3500
03,Collier,0111,1997,3200
03,Collier,0111,1998,3400
03,Collier,0111,1999,4800
03,Collier,0111,2000,3900
03,Collier,0111,2001,4100
03,Collier,0111,2002,3900
03,Collier,0111,2003,4800
03,Collier,0111,2004,4200
03,Collier,0111,2005,3600
03,Collier,0111,2006,3400
03,Collier,0111,2007,3200
03,Collier,0111,2008,3100
03,Collier,0111,2009,3000
03,Collier,0111,2010,2800
03,Collier,0111,2011,2800
03,Collier,0111,2012,2700
03,Collier,0111,2013,3100
03,Collier,0111,2014,3100
03,Collier,0111,2015,4400
03,Collier,0111,2016,4600
03,Collier,0111,2017,3700
03,Collier,0111,2018,3300
03,Collier,0111,2019,3100
03,Collier,0111,2020,3400
12,Lee,0111,2021,13500
03,Collier,0111,2021,3000
12,Lee,0111,2022,14000
03,Collier,0111,2022,3200
12,Lee,0111,2023,15500
03,Collier,0111,2023,3700
12,Lee,0111,2024,14500
03,Collier,0111,2024,3900
03,Collier,0111,2025,3900
12,Lee,0111,2025,15000
03,Collier,0112,1970,1403
03,Collier,0112,1971,1303
03,Collier,0112,1972,1375
03,Collier,0112,1973,1295
03,Collier,0112,1974,1329
03,Collier,0112,1975,1592
03,Collier,0112,1976,1543
03,Collier,0112,1977,1629
12,Lee,0112,2021,11000
12,Lee,0112,2022,11500
12,Lee,0112,2023,12500
12,Lee,0112,2024,11500
12,Lee,0112,2025,12000
12,Lee,0113,2021,10500
12,Lee,0113,2022,11000
12,Lee,0113,2023,12000
12,Lee,0113,2024,10500
12,Lee,0113,2025,11000
12,Lee,0114,2021,13500
12,Lee,0114,2022,14000
12,Lee,0114,2023,15500
12,Lee,0114,2024,15000
12,Lee,0114,2025,15500
12,Lee,0115,2015,3300
12,Lee,0115,2016,3400
12,Lee,0115,2017,3400
12,Lee,0115,2018,2800
12,Lee,0115,2019,3000
12,Lee,0115,2020,3000
12,Lee,0115,2021,3000
12,Lee,0115,2022,3100
12,Lee,0115,2023,3000
12,Lee,0115,2024,3000
12,Lee,0115,2025,3000
12,Lee,0116,2015,8200
12,Lee,0116,2016,8700
12,Lee,0116,2017,9100
12,Lee,0116,2018,8700
12,Lee,0116,2019,8800
12,Lee,0116,2020,8800
12,Lee,0116,2021,9300
12,Lee,0116,2022,9700
12,Lee,0116,2023,11300
12,Lee,0116,2024,11900
12,Lee,0116,2025,12500
12,Lee,0117,2015,8600
12,Lee,0117,2016,9200
12,Lee,0117,2017,9600
12,Lee,0117,2018,9600
12,Lee,0117,2019,9800
12,Lee,0117,2020,9800
12,Lee,0117,2021,10500
12,Lee,0117,2022,11000
12,Lee,0117,2023,10800
12,Lee,0117,2024,11400
12,Lee,0117,2025,12000
12,Lee,0118,2015,4200
12,Lee,0118,2016,7000
12,Lee,0118,2017,7400
12,Lee,0118,2018,7400
12,Lee,0118,2019,7800
12,Lee,0118,2020,7800
12,Lee,0118,2021,8200
12,Lee,0118,2022,8400
12,Lee,0118,2023,17100
12,Lee,0118,2024,17900
12,Lee,0118,2025,18700
12,Lee,0120,2015,2600
12,Lee,0120,2016,2600
12,Lee,0120,2017,2600
12,Lee,0120,2018,5100
12,Lee,0120,2019,5300
12,Lee,0120,2020,5300
12,Lee,0120,2021,5600
12,Lee,0120,2022,5800
12,Lee,0120,2023,3000
12,Lee,0120,2024,3200
12,Lee,0120,2025,3400
12,Lee,0121,2015,3900
12,Lee,0121,2016,4100
12,Lee,0121,2017,4100
12,Lee,0121,2018,4000
12,Lee,0121,2019,4100
12,Lee,0121,2020,4100
12,Lee,0121,2021,4100
12,Lee,0121,2022,4100
12,Lee,0121,2023,3300
12,Lee,0121,2024,3300
12,Lee,0121,2025,3300
12,Lee,0122,2015,4300
12,Lee,0122,2016,4500
12,Lee,0122,2017,4800
12,Lee,0122,2018,4700
12,Lee,0122,2019,4800
12,Lee,0122,2020,4800
12,Lee,0122,2021,5100
12,Lee,0122,2022,5300
12,Lee,0122,2023,6000
12,Lee,0122,2024,6300
12,Lee,0122,2025,6600
03,Collier,0123,1970,18449
03,Collier,0123,1971,16474
03,Collier,0123,1972,20244
03,Collier,0123,1973,23175
03,Collier,0123,1975,27598
03,Collier,0123,1976,18580
03,Collier,0123,1977,24795
03,Collier,0123,1978,29620
03,Collier,0123,1979,30093
03,Collier,0123,1980,29353
03,Collier,0123,1981,29326
03,Collier,0123,1982,30248
03,Collier,0123,1983,28159
03,Collier,0123,1984,27976
03,Collier,0123,1985,26861
03,Collier,0123,1987,27393
03,Collier,0123,1988,28261
03,Collier,0123,1989,23029
03,Collier,0123,1990,35339
03,Collier,0123,1991,36763
03,Collier,0123,1992,33500
03,Collier,0123,1993,34000
03,Collier,0123,1994,32500
03,Collier,0123,1995,38000
03,Collier,0123,1996,38000
03,Collier,0123,1997,32500
03,Collier,0123,1998,33000
03,Collier,0123,1999,35000
03,Collier,0123,2000,34000
03,Collier,0123,2001,37500
03,Collier,0123,2002,38000
03,Collier,0123,2003,38500
03,Collier,0123,2004,40500
03,Collier,0123,2005,42500
03,Collier,0123,2006,41000
03,Collier,0123,2007,42000
03,Collier,0123,2008,37500
03,Collier,0123,2009,35500
03,Collier,0123,2010,35000
03,Collier,0123,2011,35000
03,Collier,0123,2012,35500
03,Collier,0123,2013,35500
03,Collier,0123,2014,36500
12,Lee,0123,2015,1200
03,Collier,0123,2015,37500
03,Collier,0123,2016,38000
12,Lee,0123,2016,1150
03,Collier,0123,2017,35000
12,Lee,0123,2017,1250
12,Lee,0123,2018,1450
03,Collier,0123,2018,34000
03,Collier,0123,2019,38500
12,Lee,0123,2019,1500
12,Lee,0123,2020,1500
03,Collier,0123,2020,31500
12,Lee,0123,2021,1600
03,Collier,0123,2021,37000
12,Lee,0123,2022,1700
03,Collier,0123,2022,40000
12,Lee,0123,2023,2050
03,Collier,0123,2023,42000
12,Lee,0123,2024,2200
03,Collier,0123,2024,42000
03,Collier,0123,2025,42000
12,Lee,0123,2025,2300
03,Collier,0124,1987,41832
03,Collier,0124,1988,41657
03,Collier,0124,1989,41532
03,Collier,0124,1990,51413
03,Collier,0124,1991,51328
03,Collier,0124,1992,50500
03,Collier,0124,1993,52000
03,Collier,0124,1994,50000
03,Collier,0124,1995,52500
03,Collier,0124,1996,54500
03,Collier,0124,1997,52000
03,Collier,0124,1998,52000
03,Collier,0124,1999,55000
03,Collier,0124,2000,52000
03,Collier,0124,2001,55000
03,Collier,0124,2002,58000
03,Collier,0124,2003,58500
03,Collier,0124,2004,60500
03,Collier,0124,2005,61000
03,Collier,0124,2006,64000
03,Collier,0124,2007,63500
03,Collier,0124,2008,56500
03,Collier,0124,2009,53000
03,Collier,0124,2010,50000
03,Collier,0124,2011,50000
03,Collier,0124,2012,50000
03,Collier,0124,2013,51500
03,Collier,0124,2014,53500
12,Lee,0124,2015,500
03,Collier,0124,2015,52000
03,Collier,0124,2016,57000
12,Lee,0124,2016,400
03,Collier,0124,2017,52500
12,Lee,0124,2017,400
12,Lee,0124,2018,500
03,Collier,0124,2018,51500
03,Collier,0124,2019,50000
12,Lee,0124,2019,600
12,Lee,0124,2020,600
03,Collier,0124,2020,42500
12,Lee,0124,2021,650
03,Collier,0124,2021,51000
12,Lee,0124,2022,700
03,Collier,0124,2022,55500
12,Lee,0124,2023,600
03,Collier,0124,2023,57500
12,Lee,0124,2024,600
03,Collier,0124,2024,56500
03,Collier,0124,2025,55000
12,Lee,0124,2025,600
12,Lee,0125,2015,4900
12,Lee,0125,2016,5200
12,Lee,0125,2017,5500
12,Lee,0125,2018,5400
12,Lee,0125,2019,5500
12,Lee,0125,2020,5600
12,Lee,0125,2021,6000
12,Lee,0125,2022,6200
12,Lee,0125,2023,7700
12,Lee,0125,2024,8100
12,Lee,0125,2025,8500
12,Lee,0126,2015,4400
12,Lee,0126,2016,4600
12,Lee,0126,2017,5000
12,Lee,0126,2018,4600
12,Lee,0126,2019,4800
12,Lee,0126,2020,5000
12,Lee,0126,2021,4600
12,Lee,0126,2022,4800
12,Lee,0126,2023,5200
12,Lee,0126,2024,5400
12,Lee,0126,2025,5600
12,Lee,0127,2015,4800
12,Lee,0127,2016,5000
12,Lee,0127,2017,5200
12,Lee,0127,2018,5700
12,Lee,0127,2019,5600
12,Lee,0127,2020,5600
12,Lee,0127,2021,5600
12,Lee,0127,2022,5600
12,Lee,0127,2023,5600
12,Lee,0127,2024,5600
12,Lee,0127,2025,5600
12,Lee,0128,2015,3100
12,Lee,0128,2016,3100
12,Lee,0128,2017,3100
12,Lee,0128,2018,4100
12,Lee,0128,2019,4100
12,Lee,0128,2020,3300
12,Lee,0128,2021,3300
12,Lee,0128,2022,3300
12,Lee,0128,2023,3300
12,Lee,0128,2024,3500
12,Lee,0128,2025,3500
12,Lee,0129,2015,4400
12,Lee,0129,2016,4200
12,Lee,0129,2017,4200
12,Lee,0129,2018,5300
12,Lee,0129,2019,6400
12,Lee,0129,2020,6400
12,Lee,0129,2021,6400
12,Lee,0129,2022,6400
12,Lee,0129,2023,4200
12,Lee,0129,2024,4300
12,Lee,0129,2025,4400
03,Collier,0130,1970,673
03,Collier,0130,1971,881
03,Collier,0130,1972,598
03,Collier,0130,1973,619
03,Collier,0130,1974,802
03,Collier,0130,1975,1280
03,Collier,0130,1976,1133
03,Collier,0130,1977,1573
03,Collier,0130,1985,1098
03,Collier,0130,1986,1147
03,Collier,0130,1987,1224
12,Lee,0130,2015,1700
12,Lee,0130,2016,1600
12,Lee,0130,2017,1600
12,Lee,0130,2018,1550
12,Lee,0130,2019,1550
12,Lee,0130,2020,1600
12,Lee,0130,2021,1650
12,Lee,0130,2022,1650
12,Lee,0130,2023,1650
12,Lee,0130,2024,1700
12,Lee,0130,2025,1700
03,Collier,0131,1977,443
12,Lee,0131,2015,1000
12,Lee,0131,2016,1100
12,Lee,0131,2017,1200
12,Lee,0131,2018,1300
12,Lee,0131,2019,1400
12,Lee,0131,2020,1400
12,Lee,0131,2021,1500
12,Lee,0131,2022,1450
12,Lee,0131,2023,1350
12,Lee,0131,2024,1450
12,Lee,0131,2025,1550
03,Collier,0132,1970,2821
03,Collier,0132,1971,3002
03,Collier,0132,1972,3697
03,Collier,0132,1973,3360
03,Collier,0132,1974,3710
03,Collier,0132,1975,5028
03,Collier,0132,1976,3690
03,Collier,0132,1977,4558
03,Collier,0132,1978,6223
03,Collier,0132,1979,7225
03,Collier,0132,1980,9610
03,Collier,0132,1981,9113
03,Collier,0132,1982,10795
03,Collier,0132,1983,10589
03,Collier,0132,1984,11197
03,Collier,0132,1985,11033
03,Collier,0132,1986,12903
03,Collier,0132,1987,12262
03,Collier,0132,1988,12638
03,Collier,0132,1989,12793
12,Lee,0132,2015,2500
12,Lee,0132,2016,2700
12,Lee,0132,2017,2900
12,Lee,0132,2018,2450
12,Lee,0132,2019,2600
12,Lee,0132,2020,2600
12,Lee,0132,2021,2800
12,Lee,0132,2022,2900
12,Lee,0132,2023,4800
12,Lee,0132,2024,5100
12,Lee,0132,2025,5400
03,Collier,0133,1970,1631
03,Collier,0133,1971,1398
03,Collier,0133,1972,1816
03,Collier,0133,1973,1690
03,Collier,0133,1974,1430
03,Collier,0133,1976,1210
03,Collier,0133,1977,7218
12,Lee,0133,2015,1400
12,Lee,0133,2016,1300
12,Lee,0133,2017,1300
12,Lee,0133,2018,1800
12,Lee,0133,2019,1800
12,Lee,0133,2020,1850
12,Lee,0133,2021,2400
12,Lee,0133,2022,2400
12,Lee,0133,2023,2400
12,Lee,0133,2024,2450
12,Lee,0133,2025,2500
03,Collier,0134,1970,1557
03,Collier,0134,1971,1372
03,Collier,0134,1972,1899
03,Collier,0134,1973,1794
03,Collier,0134,1977,1208
12,Lee,0134,2015,5000
12,Lee,0134,2016,5500
12,Lee,0134,2017,5600
12,Lee,0134,2018,5300
12,Lee,0134,2019,5300
12,Lee,0134,2020,5350
12,Lee,0134,2021,3700
12,Lee,0134,2022,3700
12,Lee,0134,2023,3700
12,Lee,0134,2024,3750
12,Lee,0134,2025,3800
12,Lee,0135,2015,2000
12,Lee,0135,2016,1950
12,Lee,0135,2017,2100
12,Lee,0135,2018,2500
12,Lee,0135,2019,2600
12,Lee,0135,2020,2700
12,Lee,0135,2021,3000
12,Lee,0135,2022,3200
12,Lee,0135,2023,3400
12,Lee,0135,2024,3600
12,Lee,0135,2025,3800
12,Lee,0136,2015,5300
12,Lee,0136,2016,5500
12,Lee,0136,2017,5500
12,Lee,0136,2018,5400
12,Lee,0136,2019,5500
12,Lee,0136,2020,5500
12,Lee,0136,2021,5500
12,Lee,0136,2022,5600
12,Lee,0136,2023,3400
12,Lee,0136,2024,3400
12,Lee,0136,2025,3400
12,Lee,0137,2015,6200
12,Lee,0137,2016,6600
12,Lee,0137,2017,7000
12,Lee,0137,2018,6900
12,Lee,0137,2019,7200
12,Lee,0137,2020,7200
12,Lee,0137,2021,7600
12,Lee,0137,2022,8700
12,Lee,0137,2023,8700
12,Lee,0137,2024,9100
12,Lee,0137,2025,9500
03,Collier,0138,1970,1729
03,Collier,0138,1971,2315
03,Collier,0138,1972,2184
03,Collier,0138,1973,1888
03,Collier,0138,1974,2964
03,Collier,0138,1975,2939
03,Collier,0138,1976,3478
03,Collier,0138,1977,3625
03,Collier,0138,1978,3223
03,Collier,0138,1979,5140
03,Collier,0138,1980,4423
03,Collier,0138,1981,5237
03,Collier,0138,1982,7995
03,Collier,0138,1983,5231
03,Collier,0138,1984,7843
03,Collier,0138,1985,6039
03,Collier,0138,1987,9276
12,Lee,0138,2015,2000
12,Lee,0138,2016,2000
12,Lee,0138,2017,2000
12,Lee,0138,2018,2200
12,Lee,0138,2019,2300
12,Lee,0138,2020,2400
12,Lee,0138,2021,1900
12,Lee,0138,2022,1950
12,Lee,0138,2023,2100
12,Lee,0138,2024,2200
12,Lee,0138,2025,2300
03,Collier,0139,1970,4256
03,Collier,0139,1971,4178
03,Collier,0139,1972,5092
03,Collier,0139,1973,7262
03,Collier,0139,1974,6860
03,Collier,0139,1975,8452
03,Collier,0139,1976,5375
03,Collier,0139,1977,13063
12,Lee,0139,2015,1600
12,Lee,0139,2016,1700
12,Lee,0139,2017,1800
12,Lee,0139,2018,2000
12,Lee,0139,2019,1950
12,Lee,0139,2020,1950
12,Lee,0139,2021,2100
12,Lee,0139,2022,2200
12,Lee,0139,2023,1850
12,Lee,0139,2024,1950
12,Lee,0139,2025,2050
03,Collier,0140,1970,5533
03,Collier,0140,1971,4978
03,Collier,0140,1972,5680
03,Collier,0140,1973,8377
03,Collier,0140,1974,8645
03,Collier,0140,1975,6780
03,Collier,0140,1976,8347
03,Collier,0140,1977,9310
03,Collier,0140,1987,12009
12,Lee,0140,2015,2600
12,Lee,0140,2016,2100
12,Lee,0140,2017,2100
12,Lee,0140,2018,2900
12,Lee,0140,2019,3000
12,Lee,0140,2020,3000
12,Lee,0140,2021,3000
12,Lee,0140,2022,3100
12,Lee,0140,2023,5100
12,Lee,0140,2024,5000
12,Lee,0140,2025,5000
03,Collier,0141,1970,219
03,Collier,0141,1971,242
03,Collier,0141,1972,215
03,Collier,0141,1973,266
03,Collier,0141,1974,280
03,Collier,0141,1975,565
03,Collier,0141,1977,147
03,Collier,0141,1978,230
12,Lee,0141,2015,900
12,Lee,0141,2016,900
12,Lee,0141,2017,900
12,Lee,0141,2018,1100
12,Lee,0141,2019,1200
12,Lee,0141,2020,1200
12,Lee,0141,2021,1200
12,Lee,0141,2022,1200
12,Lee,0141,2023,2300
12,Lee,0141,2024,2300
12,Lee,0141,2025,2300
12,Lee,0142,2015,2100
12,Lee,0142,2016,2300
12,Lee,0142,2017,2300
12,Lee,0142,2018,2300
12,Lee,0142,2019,2400
12,Lee,0142,2020,1350
12,Lee,0142,2021,1450
12,Lee,0142,2022,1550
12,Lee,0142,2023,1650
12,Lee,0142,2024,1700
12,Lee,0142,2025,1800
03,Collier,0143,1974,3880
03,Collier,0143,1975,3955
03,Collier,0143,1976,4285
03,Collier,0143,1977,4375
03,Collier,0143,1978,4880
03,Collier,0143,1979,5151
03,Collier,0143,1980,4763
03,Collier,0143,1981,4535
03,Collier,0143,1982,4545
03,Collier,0143,1983,4888
03,Collier,0143,1984,4853
03,Collier,0143,1985,4924
03,Collier,0143,1986,5269
03,Collier,0143,1987,6013
03,Collier,0143,1988,6281
03,Collier,0143,1989,6966
03,Collier,0143,1990,7092
03,Collier,0143,1991,7279
03,Collier,0143,1998,9179
03,Collier,0143,1999,9988
03,Collier,0143,2000,10524
03,Collier,0143,2001,11247
03,Collier,0143,2002,11926
03,Collier,0143,2003,12435
03,Collier,0143,2004,13336
03,Collier,0143,2005,14332
03,Collier,0143,2006,15372
03,Collier,0143,2007,15568
03,Collier,0143,2008,13952
03,Collier,0143,2009,14629
03,Collier,0143,2010,14270
03,Collier,0143,2011,13939
03,Collier,0143,2012,13722
03,Collier,0143,2013,14038
03,Collier,0143,2014,14678
12,Lee,0143,2015,2100
03,Collier,0143,2015,15771
03,Collier,0143,2016,16450
12,Lee,0143,2016,2300
03,Collier,0143,2017,17355
12,Lee,0143,2017,2300
12,Lee,0143,2018,2900
03,Collier,0143,2018,17994
03,Collier,0143,2019,18495
12,Lee,0143,2019,3000
12,Lee,0143,2020,3000
03,Collier,0143,2020,16112
12,Lee,0143,2021,3200
03,Collier,0143,2021,16100
12,Lee,0143,2022,5100
03,Collier,0143,2022,19721
12,Lee,0143,2023,5400
03,Collier,0143,2023,22092
12,Lee,0143,2024,5600
03,Collier,0143,2024,22930
03,Collier,0143,2025,23500
12,Lee,0143,2025,5800
03,Collier,0144,1970,2062
03,Collier,0144,1971,1487
03,Collier,0144,1972,1517
03,Collier,0144,1973,1678
03,Collier,0144,1974,2181
03,Collier,0144,1975,3269
03,Collier,0144,1976,2377
03,Collier,0144,1977,2990
03,Collier,0144,1978,3108
03,Collier,0144,1979,3243
03,Collier,0144,1980,3360
03,Collier,0144,1981,3820
03,Collier,0144,1982,3525
03,Collier,0144,1983,3225
03,Collier,0144,1984,3160
03,Collier,0144,1985,3412
03,Collier,0144,1986,3754
03,Collier,0144,1987,4794
03,Collier,0144,1988,4583
03,Collier,0144,1989,4198
12,Lee,0144,2015,1600
12,Lee,0144,2016,1700
12,Lee,0144,2017,1800
12,Lee,0144,2018,1700
12,Lee,0144,2019,1800
12,Lee,0144,2020,1800
12,Lee,0144,2021,1900
12,Lee,0144,2022,2000
12,Lee,0144,2023,3700
12,Lee,0144,2024,3900
12,Lee,0144,2025,4100
12,Lee,0145,2015,600
12,Lee,0145,2016,600
12,Lee,0145,2017,600
12,Lee,0145,2018,650
12,Lee,0145,2019,700
12,Lee,0145,2020,750
12,Lee,0145,2021,1050
12,Lee,0145,2022,1050
12,Lee,0145,2023,1150
12,Lee,0145,2024,1250
12,Lee,0145,2025,1350
03,Collier,0146,1970,1838
03,Collier,0146,1971,1199
03,Collier,0146,1972,1521
03,Collier,0146,1973,1192
03,Collier,0146,1974,861
03,Collier,0146,1975,735
03,Collier,0146,1976,745
03,Collier,0146,1977,760
12,Lee,0146,2015,800
12,Lee,0146,2016,800
12,Lee,0146,2017,800
12,Lee,0146,2018,800
12,Lee,0146,2019,850
12,Lee,0146,2020,900
12,Lee,0146,2021,1500
12,Lee,0146,2022,1600
12,Lee,0146,2023,1700
12,Lee,0146,2024,1800
12,Lee,0146,2025,1900
03,Collier,0147,1970,595
03,Collier,0147,1971,467
03,Collier,0147,1972,668
03,Collier,0147,1973,733
03,Collier,0147,1977,540
12,Lee,0147,2015,2000
12,Lee,0147,2016,2200
12,Lee,0147,2017,2200
12,Lee,0147,2018,2200
12,Lee,0147,2019,2300
12,Lee,0147,2020,2400
12,Lee,0147,2021,4000
12,Lee,0147,2022,4200
12,Lee,0147,2023,4600
12,Lee,0147,2024,4800
12,Lee,0147,2025,5000
03,Collier,0148,1970,2779
03,Collier,0148,1971,3381
03,Collier,0148,1972,3254
03,Collier,0148,1973,3413
03,Collier,0148,1974,3240
03,Collier,0148,1975,2838
03,Collier,0148,1976,3720
03,Collier,0148,1977,4363
03,Collier,0148,1978,3178
03,Collier,0148,1979,4658
03,Collier,0148,1980,4103
03,Collier,0148,1981,3595
03,Collier,0148,1982,4165
03,Collier,0148,1984,3438
03,Collier,0148,1985,2763
03,Collier,0148,1986,6588
03,Collier,0148,1987,3558
12,Lee,0148,2015,2150
12,Lee,0148,2016,2150
12,Lee,0148,2017,2150
12,Lee,0148,2018,1900
12,Lee,0148,2019,1900
12,Lee,0148,2020,1900
12,Lee,0148,2021,1900
12,Lee,0148,2022,1900
12,Lee,0148,2023,2350
12,Lee,0148,2024,2350
12,Lee,0148,2025,2350
03,Collier,0149,1970,982
03,Collier,0149,1971,821
03,Collier,0149,1972,626
03,Collier,0149,1973,937
03,Collier,0149,1974,1285
03,Collier,0149,1975,1421
03,Collier,0149,1977,1397
12,Lee,0149,2015,4100
12,Lee,0149,2016,4100
12,Lee,0149,2017,4100
12,Lee,0149,2018,4200
12,Lee,0149,2019,4200
12,Lee,0149,2020,4000
12,Lee,0149,2021,4000
12,Lee,0149,2022,4000
12,Lee,0149,2023,4400
12,Lee,0149,2024,4400
12,Lee,0149,2025,4400
03,Collier,0150,1970,1484
03,Collier,0150,1971,1478
03,Collier,0150,1972,1428
03,Collier,0150,1973,1882
03,Collier,0150,1974,2475
03,Collier,0150,1975,2468
03,Collier,0150,1976,2005
03,Collier,0150,1977,2168
03,Collier,0150,1978,3200
03,Collier,0150,1979,4417
03,Collier,0150,1980,3458
03,Collier,0150,1981,5225
03,Collier,0150,1982,6495
03,Collier,0150,1983,6769
03,Collier,0150,1984,7081
03,Collier,0150,1985,2890
03,Collier,0150,1986,3645
03,Collier,0150,1987,3923
12,Lee,0150,2015,1600
12,Lee,0150,2016,1700
12,Lee,0150,2017,1800
12,Lee,0150,2018,1500
12,Lee,0150,2019,1600
12,Lee,0150,2020,1550
12,Lee,0150,2021,1650
12,Lee,0150,2022,1750
12,Lee,0150,2023,1950
12,Lee,0150,2024,1950
12,Lee,0150,2025,2000
03,Collier,0151,1977,1458
12,Lee,0151,2015,180
12,Lee,0151,2016,180
12,Lee,0151,2017,180
12,Lee,0151,2018,200
12,Lee,0151,2019,200
12,Lee,0151,2020,300
12,Lee,0151,2021,300
12,Lee,0151,2022,300
12,Lee,0151,2023,300
12,Lee,0151,2024,300
12,Lee,0151,2025,400
03,Collier,0152,1977,325
12,Lee,0152,2015,3500
12,Lee,0152,2016,3700
12,Lee,0152,2017,3900
12,Lee,0152,2018,2100
12,Lee,0152,2019,2400
12,Lee,0152,2020,2400
12,Lee,0152,2021,2500
12,Lee,0152,2022,2600
12,Lee,0152,2023,3800
12,Lee,0152,2024,4000
12,Lee,0152,2025,4200
03,Collier,0153,1977,4750
12,Lee,0153,2015,1800
12,Lee,0153,2016,1800
12,Lee,0153,2017,1800
12,Lee,0153,2018,2000
12,Lee,0153,2019,1200
12,Lee,0153,2020,1600
12,Lee,0153,2021,1400
12,Lee,0153,2022,1500
12,Lee,0153,2023,1600
12,Lee,0153,2024,1700
12,Lee,0153,2025,1800
12,Lee,0154,2015,40
12,Lee,0154,2016,40
12,Lee,0154,2017,40
12,Lee,0154,2018,60
12,Lee,0154,2019,40
12,Lee,0154,2020,40
12,Lee,0154,2021,40
12,Lee,0154,2022,40
12,Lee,0154,2023,40
12,Lee,0154,2024,40
12,Lee,0154,2025,40
03,Collier,0155,1970,911
03,Collier,0155,1971,1597
03,Collier,0155,1972,1233
03,Collier,0155,1973,1336
03,Collier,0155,1974,1335
03,Collier,0155,1975,1538
03,Collier,0155,1976,2045
03,Collier,0155,1977,2458
03,Collier,0155,1978,2945
03,Collier,0155,1979,3728
03,Collier,0155,1980,4540
03,Collier,0155,1981,5685
03,Collier,0155,1982,4540
03,Collier,0155,1983,4938
03,Collier,0155,1984,5643
03,Collier,0155,1985,7088
03,Collier,0155,1986,8445
03,Collier,0155,1987,9002
12,Lee,0155,2015,1050
12,Lee,0155,2016,1100
12,Lee,0155,2017,1300
12,Lee,0155,2018,2500
12,Lee,0155,2019,2300
12,Lee,0155,2020,2300
12,Lee,0155,2021,2500
12,Lee,0155,2022,2700
12,Lee,0155,2023,1800
12,Lee,0155,2024,1900
12,Lee,0155,2025,1900
03,Collier,0156,1978,420
12,Lee,0156,2015,750
12,Lee,0156,2016,800
12,Lee,0156,2017,800
12,Lee,0156,2018,950
12,Lee,0156,2019,900
12,Lee,0156,2020,900
12,Lee,0156,2021,1000
12,Lee,0156,2022,1100
12,Lee,0156,2023,1100
12,Lee,0156,2024,1200
12,Lee,0156,2025,1200
03,Collier,0157,1970,2079
03,Collier,0157,1971,3059
03,Collier,0157,1972,4427
03,Collier,0157,1973,4865
03,Collier,0157,1975,6320
03,Collier,0157,1976,5965
03,Collier,0157,1977,5913
03,Collier,0157,1978,7855
03,Collier,0157,1979,9755
03,Collier,0157,1980,10718
03,Collier,0157,1981,11895
03,Collier,0157,1982,12368
03,Collier,0157,1983,11195
03,Collier,0157,1984,11418
03,Collier,0157,1985,12756
03,Collier,0157,1986,14653
03,Collier,0157,1987,13988
03,Collier,0157,1988,16158
03,Collier,0157,1989,15854
03,Collier,0157,1990,19782
03,Collier,0157,1991,20277
03,Collier,0157,1992,22500
03,Collier,0157,1993,22500
03,Collier,0157,1994,22500
03,Collier,0157,1995,25000
03,Collier,0157,1996,25500
03,Collier,0157,1997,25000
03,Collier,0157,1998,29000
03,Collier,0157,1999,26000
03,Collier,0157,2000,31000
03,Collier,0157,2001,31500
03,Collier,0157,2002,29000
03,Collier,0157,2003,35000
03,Collier,0157,2004,35000
03,Collier,0157,2005,33000
03,Collier,0157,2006,33000
03,Collier,0157,2007,35500
03,Collier,0157,2008,30000
03,Collier,0157,2009,30000
03,Collier,0157,2010,31000
03,Collier,0157,2011,31000
03,Collier,0157,2012,28500
03,Collier,0157,2013,28500
03,Collier,0157,2014,30000
12,Lee,0157,2015,2100
03,Collier,0157,2015,33000
03,Collier,0157,2016,41500
12,Lee,0157,2016,2100
03,Collier,0157,2017,41000
12,Lee,0157,2017,2100
12,Lee,0157,2018,2400
03,Collier,0157,2018,40000
03,Collier,0157,2019,40500
12,Lee,0157,2019,2500
12,Lee,0157,2020,2600
03,Collier,0157,2020,33000
12,Lee,0157,2021,1400
03,Collier,0157,2021,37500
12,Lee,0157,2022,1500
03,Collier,0157,2022,38500
12,Lee,0157,2023,1600
03,Collier,0157,2023,41000
12,Lee,0157,2024,1700
03,Collier,0157,2024,41000
03,Collier,0157,2025,41000
12,Lee,0157,2025,1800
03,Collier,0158,1970,3360
03,Collier,0158,1971,3339
03,Collier,0158,1972,3994
03,Collier,0158,1973,3815
03,Collier,0158,1974,4411
03,Collier,0158,1975,5594
03,Collier,0158,1976,6380
03,Collier,0158,1977,9085
03,Collier,0158,1985,11214
03,Collier,0158,1986,14088
03,Collier,0158,1987,16928
03,Collier,0158,1988,17085
03,Collier,0158,1989,16418
03,Collier,0158,1990,24206
03,Collier,0158,1991,22977
03,Collier,0158,1992,23000
03,Collier,0158,1993,26000
03,Collier,0158,1994,28000
03,Collier,0158,1995,28500
03,Collier,0158,2008,61900
03,Collier,0158,2009,31500
03,Collier,0158,2010,30500
03,Collier,0158,2011,31000
03,Collier,0158,2012,31000
03,Collier,0158,2013,31000
03,Collier,0158,2014,32500
12,Lee,0158,2015,3600
03,Collier,0158,2015,36000
03,Collier,0158,2016,38000
12,Lee,0158,2016,3800
03,Collier,0158,2017,39000
12,Lee,0158,2017,4000
12,Lee,0158,2018,3600
03,Collier,0158,2018,33000
03,Collier,0158,2019,34500
12,Lee,0158,2019,4000
12,Lee,0158,2020,3800
03,Collier,0158,2020,33500
12,Lee,0158,2021,4500
03,Collier,0158,2021,34500
12,Lee,0158,2022,4700
03,Collier,0158,2022,35500
12,Lee,0158,2023,5100
03,Collier,0158,2023,34000
12,Lee,0158,2024,5300
03,Collier,0158,2024,35000
03,Collier,0158,2025,35000
12,Lee,0158,2025,5500
03,Collier,0159,1976,6370
03,Collier,0159,1977,3198
03,Collier,0159,1978,9795
03,Collier,0159,1979,16705
03,Collier,0159,1980,19050
03,Collier,0159,1983,26451
03,Collier,0159,1984,26040
03,Collier,0159,1985,28106
12,Lee,0159,2015,800
12,Lee,0159,2016,900
12,Lee,0159,2017,1000
12,Lee,0159,2018,900
12,Lee,0159,2019,1000
12,Lee,0159,2020,1000
12,Lee,0159,2021,1100
12,Lee,0159,2022,1100
12,Lee,0159,2023,1500
12,Lee,0159,2024,1600
12,Lee,0159,2025,1700
03,Collier,0160,1970,1359
03,Collier,0160,1971,1779
03,Collier,0160,1972,2402
03,Collier,0160,1973,3266
03,Collier,0160,1975,3788
03,Collier,0160,1985,10855
03,Collier,0160,1986,12951
03,Collier,0160,1987,15584
03,Collier,0160,2001,52500
03,Collier,0160,2002,51000
03,Collier,0160,2003,52500
03,Collier,0160,2004,53000
03,Collier,0160,2005,57000
03,Collier,0160,2006,52500
03,Collier,0160,2007,53000
03,Collier,0160,2008,46000
03,Collier,0160,2009,46500
03,Collier,0160,2010,49500
03,Collier,0160,2011,49500
03,Collier,0160,2012,48500
03,Collier,0160,2013,50500
03,Collier,0160,2014,51500
12,Lee,0160,2015,2200
03,Collier,0160,2015,55500
03,Collier,0160,2016,57500
12,Lee,0160,2016,2400
03,Collier,0160,2017,59500
12,Lee,0160,2017,2600
12,Lee,0160,2018,2300
03,Collier,0160,2018,50000
03,Collier,0160,2019,53500
12,Lee,0160,2019,2400
12,Lee,0160,2020,2500
03,Collier,0160,2020,52500
12,Lee,0160,2021,2700
03,Collier,0160,2021,54500
12,Lee,0160,2022,2900
03,Collier,0160,2022,56500
12,Lee,0160,2023,3100
03,Collier,0160,2023,58500
03,Collier,0160,2024,60500
12,Lee,0160,2024,3300
03,Collier,0160,2025,60500
12,Lee,0160,2025,3500
03,Collier,0161,1970,581
03,Collier,0161,1971,713
03,Collier,0161,1972,892
03,Collier,0161,1973,1184
03,Collier,0161,1974,1601
03,Collier,0161,1975,1752
03,Collier,0161,1976,1920
03,Collier,0161,1985,3513
03,Collier,0161,1986,3361
03,Collier,0161,1987,3654
12,Lee,0161,2015,2700
12,Lee,0161,2016,2900
12,Lee,0161,2017,3100
12,Lee,0161,2018,2900
12,Lee,0161,2019,3000
12,Lee,0161,2020,3000
12,Lee,0161,2021,3200
12,Lee,0161,2022,3200
12,Lee,0161,2023,3400
12,Lee,0161,2024,3600
12,Lee,0161,2025,3800
03,Collier,0162,1970,5735
03,Collier,0162,1971,6136
03,Collier,0162,1972,4463
03,Collier,0162,1973,5212
03,Collier,0162,1974,6043
03,Collier,0162,1975,6961
03,Collier,0162,1976,6560
12,Lee,0162,2015,2600
12,Lee,0162,2016,2600
12,Lee,0162,2017,2600
12,Lee,0162,2018,3600
12,Lee,0162,2019,3600
12,Lee,0162,2020,3100
12,Lee,0162,2021,3100
12,Lee,0162,2022,3100
12,Lee,0162,2023,3100
12,Lee,0162,2024,3100
12,Lee,0162,2025,3100
12,Lee,0163,2015,2900
12,Lee,0163,2016,2700
12,Lee,0163,2017,2700
12,Lee,0163,2018,2600
12,Lee,0163,2019,1950
12,Lee,0163,2020,1900
12,Lee,0163,2021,1900
12,Lee,0163,2022,1900
12,Lee,0163,2023,2000
12,Lee,0163,2024,2100
12,Lee,0163,2025,2100
03,Collier,0164,1970,2175
03,Collier,0164,1971,2073
03,Collier,0164,1972,3042
03,Collier,0164,1973,3109
03,Collier,0164,1974,3064
03,Collier,0164,1975,4075
03,Collier,0164,1976,3905
03,Collier,0164,1977,4490
03,Collier,0164,1985,6968
03,Collier,0164,1986,8508
03,Collier,0164,1987,8060
12,Lee,0164,2015,2100
12,Lee,0164,2016,2050
12,Lee,0164,2017,2050
12,Lee,0164,2018,2050
12,Lee,0164,2019,2050
12,Lee,0164,2020,2100
12,Lee,0164,2021,1950
12,Lee,0164,2022,1950
12,Lee,0164,2023,1950
12,Lee,0164,2024,2000
12,Lee,0164,2025,2000
03,Collier,0165,1970,1190
03,Collier,0165,1971,1784
03,Collier,0165,1972,1246
03,Collier,0165,1973,1713
03,Collier,0165,1974,1852
03,Collier,0165,1975,2077
03,Collier,0165,1976,1500
03,Collier,0165,1977,1938
12,Lee,0165,2015,1950
12,Lee,0165,2016,1950
12,Lee,0165,2017,1950
12,Lee,0165,2018,2400
12,Lee,0165,2019,2400
12,Lee,0165,2020,2400
12,Lee,0165,2021,2400
12,Lee,0165,2022,2900
12,Lee,0165,2023,3000
12,Lee,0165,2024,3000
12,Lee,0165,2025,3000
03,Collier,0166,1970,1445
03,Collier,0166,1971,1713
03,Collier,0166,1972,1537
03,Collier,0166,1973,1971
03,Collier,0166,1974,2484
03,Collier,0166,1975,2858
03,Collier,0166,1976,2713
03,Collier,0166,1977,2590
03,Collier,0166,1978,3043
03,Collier,0166,1979,4670
03,Collier,0166,1980,4915
03,Collier,0166,1981,6363
03,Collier,0166,1982,8018
03,Collier,0166,1983,8828
03,Collier,0166,1984,9124
03,Collier,0166,1985,7339
03,Collier,0166,1986,8818
03,Collier,0166,1987,9737
12,Lee,0166,2015,2300
12,Lee,0166,2016,2500
12,Lee,0166,2017,2600
12,Lee,0166,2018,2600
12,Lee,0166,2019,2600
12,Lee,0166,2020,2600
12,Lee,0166,2021,2600
12,Lee,0166,2022,2600
12,Lee,0166,2023,3000
12,Lee,0166,2024,3100
12,Lee,0166,2025,3200
03,Collier,0167,1970,2045
03,Collier,0167,1971,1828
03,Collier,0167,1972,1931
03,Collier,0167,1973,2466
03,Collier,0167,1974,3149
03,Collier,0167,1975,3212
03,Collier,0167,1976,3150
03,Collier,0167,1977,3035
03,Collier,0167,1978,4195
03,Collier,0167,1979,5108
03,Collier,0167,1980,6423
03,Collier,0167,1981,6735
03,Collier,0167,1982,7853
03,Collier,0167,1983,9464
03,Collier,0167,1984,10185
03,Collier,0167,1985,7289
03,Collier,0167,1986,8598
03,Collier,0167,1987,7525
03,Collier,0167,1988,8769
03,Collier,0167,1989,8657
12,Lee,0167,2015,2200
12,Lee,0167,2016,2200
12,Lee,0167,2017,2200
12,Lee,0167,2018,2100
12,Lee,0167,2019,2200
12,Lee,0167,2020,2200
12,Lee,0167,2021,2200
12,Lee,0167,2022,2200
12,Lee,0167,2023,2300
12,Lee,0167,2024,2300
12,Lee,0167,2025,2300
03,Collier,0168,1970,121
03,Collier,0168,1971,93
03,Collier,0168,1972,250
03,Collier,0168,1973,280
03,Collier,0168,1974,370
03,Collier,0168,1975,462
03,Collier,0168,1977,618
03,Collier,0168,1985,275
03,Collier,0168,1986,359
03,Collier,0168,1987,955
12,Lee,0168,2015,2400
12,Lee,0168,2016,2250
12,Lee,0168,2017,2250
12,Lee,0168,2018,2150
12,Lee,0168,2019,2150
12,Lee,0168,2020,2100
12,Lee,0168,2021,2100
12,Lee,0168,2022,2100
12,Lee,0168,2023,2300
12,Lee,0168,2024,2400
12,Lee,0168,2025,2400
03,Collier,0169,1970,1337
03,Collier,0169,1971,1218
03,Collier,0169,1972,1004
03,Collier,0169,1973,1206
03,Collier,0169,1974,1620
03,Collier,0169,1975,1724
03,Collier,0169,1976,1515
03,Collier,0169,1977,1978
03,Collier,0169,1978,1340
03,Collier,0169,1979,1680
03,Collier,0169,1980,1603
03,Collier,0169,1981,1813
03,Collier,0169,1982,1360
03,Collier,0169,1983,2050
03,Collier,0169,1984,2275
03,Collier,0169,1985,1909
03,Collier,0169,1986,2704
03,Collier,0169,1987,2574
03,Collier,0169,1988,2885
03,Collier,0169,1989,3074
12,Lee,0169,2015,4500
12,Lee,0169,2016,4700
12,Lee,0169,2017,4900
12,Lee,0169,2018,4600
12,Lee,0169,2019,4800
12,Lee,0169,2020,5700
12,Lee,0169,2021,6100
12,Lee,0169,2022,6300
12,Lee,0169,2023,6900
12,Lee,0169,2024,7500
12,Lee,0169,2025,7800
03,Collier,0170,1970,2138
03,Collier,0170,1971,1341
03,Collier,0170,1972,2185
03,Collier,0170,1973,1247
03,Collier,0170,1974,2181
03,Collier,0170,1975,3301
03,Collier,0170,1976,2900
03,Collier,0170,1985,4853
03,Collier,0170,1986,6425
03,Collier,0170,1987,5504
03,Collier,0170,1988,6480
03,Collier,0170,1989,5669
03,Collier,0170,1990,5494
03,Collier,0170,1991,6460
03,Collier,0170,1992,7500
03,Collier,0170,1993,8400
03,Collier,0170,1994,7900
03,Collier,0170,1995,8400
03,Collier,0170,1996,8400
03,Collier,0170,1997,7900
03,Collier,0170,1998,9400
03,Collier,0170,1999,10900
03,Collier,0170,2000,11500
03,Collier,0170,2001,13100
03,Collier,0170,2002,13500
03,Collier,0170,2003,13400
03,Collier,0170,2004,14300
03,Collier,0170,2005,14400
03,Collier,0170,2006,14600
03,Collier,0170,2007,14000
03,Collier,0170,2008,13200
03,Collier,0170,2009,11800
03,Collier,0170,2010,11300
03,Collier,0170,2011,11300
03,Collier,0170,2012,10500
03,Collier,0170,2013,10500
03,Collier,0170,2014,11100
03,Collier,0170,2015,13200
03,Collier,0170,2016,13400
12,Lee,0170,2016,5000
03,Collier,0170,2017,12800
12,Lee,0170,2017,5000
03,Collier,0170,2018,13400
12,Lee,0170,2018,5400
03,Collier,0170,2019,14500
12,Lee,0170,2019,5500
12,Lee,0170,2020,5600
03,Collier,0170,2020,12900
12,Lee,0170,2021,5500
03,Collier,0170,2021,14900
12,Lee,0170,2022,5700
03,Collier,0170,2022,15300
12,Lee,0170,2023,6300
03,Collier,0170,2023,16500
03,Collier,0170,2024,16400
12,Lee,0170,2024,6700
03,Collier,0170,2025,16400
12,Lee,0170,2025,7100
03,Collier,0171,1970,2162
03,Collier,0171,1971,1387
03,Collier,0171,1972,1457
03,Collier,0171,1973,1798
03,Collier,0171,1974,2540
03,Collier,0171,1975,2915
03,Collier,0171,1976,1583
03,Collier,0171,1977,2120
03,Collier,0171,1978,2180
03,Collier,0171,1979,2445
03,Collier,0171,1980,2393
03,Collier,0171,1981,2758
03,Collier,0171,1982,2775
03,Collier,0171,1983,3415
03,Collier,0171,1984,4180
03,Collier,0171,1985,4706
03,Collier,0171,1986,4410
03,Collier,0171,1987,4738
12,Lee,0171,2015,1450
12,Lee,0171,2016,1350
12,Lee,0171,2017,1350
12,Lee,0171,2018,1600
12,Lee,0171,2019,1600
12,Lee,0171,2020,1650
12,Lee,0171,2021,1300
12,Lee,0171,2022,1300
12,Lee,0171,2023,1300
12,Lee,0171,2024,1350
12,Lee,0171,2025,1400
03,Collier,0172,1970,2213
03,Collier,0172,1971,1436
03,Collier,0172,1972,1421
03,Collier,0172,1973,1468
03,Collier,0172,1974,1351
03,Collier,0172,1975,1581
03,Collier,0172,1976,1640
03,Collier,0172,1977,2177
03,Collier,0172,1978,2547
03,Collier,0172,1979,2168
03,Collier,0172,1980,1790
12,Lee,0172,2015,900
12,Lee,0172,2016,900
12,Lee,0172,2017,900
12,Lee,0172,2018,700
12,Lee,0172,2019,700
12,Lee,0172,2020,700
12,Lee,0172,2021,700
12,Lee,0172,2022,700
12,Lee,0172,2023,900
12,Lee,0172,2024,900
12,Lee,0172,2025,900
03,Collier,0173,1970,2248
03,Collier,0173,1971,1828
03,Collier,0173,1972,1630
03,Collier,0173,1973,1708
03,Collier,0173,1974,2811
03,Collier,0173,1975,2741
03,Collier,0173,1976,1875
03,Collier,0173,1977,1815
03,Collier,0173,1978,2630
03,Collier,0173,1980,2697
03,Collier,0173,1981,2600
03,Collier,0173,1982,3433
03,Collier,0173,1983,3670
03,Collier,0173,1984,4144
03,Collier,0173,1985,4777
03,Collier,0173,1986,5388
03,Collier,0173,1987,3800
03,Collier,0173,1988,4467
03,Collier,0173,1989,3825
03,Collier,0173,1990,5209
03,Collier,0173,1991,7709
03,Collier,0173,1992,8600
03,Collier,0173,1993,10600
03,Collier,0173,1994,8600
03,Collier,0173,1995,9500
03,Collier,0173,1996,10500
03,Collier,0173,1997,12200
03,Collier,0173,1998,12100
03,Collier,0173,1999,12400
03,Collier,0173,2000,12400
03,Collier,0173,2001,15700
03,Collier,0173,2002,15600
03,Collier,0173,2003,18700
03,Collier,0173,2004,20400
03,Collier,0173,2005,18500
03,Collier,0173,2006,19700
03,Collier,0173,2007,18700
03,Collier,0173,2008,17500
03,Collier,0173,2009,16000
03,Collier,0173,2010,17500
03,Collier,0173,2011,17200
03,Collier,0173,2012,17100
03,Collier,0173,2013,22000
03,Collier,0173,2014,19800
12,Lee,0173,2015,11300
03,Collier,0173,2015,20500
03,Collier,0173,2016,22500
12,Lee,0173,2016,11900
03,Collier,0173,2017,24000
12,Lee,0173,2017,12700
03,Collier,0173,2018,22000
12,Lee,0173,2018,11700
03,Collier,0173,2019,23000
12,Lee,0173,2019,12500
12,Lee,0173,2020,12000
03,Collier,0173,2020,22000
12,Lee,0173,2021,12500
03,Collier,0173,2021,23500
12,Lee,0173,2022,13000
03,Collier,0173,2022,27500
12,Lee,0173,2023,17500
03,Collier,0173,2023,26000
03,Collier,0173,2024,26500
12,Lee,0173,2024,18300
03,Collier,0173,2025,26000
12,Lee,0173,2025,19100
03,Collier,0174,1970,2038
03,Collier,0174,1971,2025
03,Collier,0174,1972,1547
03,Collier,0174,1973,1564
03,Collier,0174,1974,1703
03,Collier,0174,1975,2033
03,Collier,0174,1976,1320
03,Collier,0174,1977,2133
12,Lee,0174,2015,1650
12,Lee,0174,2016,1750
12,Lee,0174,2017,1850
12,Lee,0174,2018,2500
12,Lee,0174,2019,2700
12,Lee,0174,2020,2200
12,Lee,0174,2021,2400
12,Lee,0174,2022,2500
12,Lee,0174,2023,2700
12,Lee,0174,2024,3000
12,Lee,0174,2025,3100
03,Collier,0175,1976,13600
03,Collier,0175,1977,15240
03,Collier,0175,1978,12638
03,Collier,0175,1979,16075
03,Collier,0175,1980,12975
03,Collier,0175,1983,24272
03,Collier,0175,1984,23008
03,Collier,0175,1985,24846
03,Collier,0175,1986,29140
03,Collier,0175,1987,27329
03,Collier,0175,1988,28445
03,Collier,0175,1989,27263
03,Collier,0175,1990,32260
03,Collier,0175,1991,31765
03,Collier,0175,1992,33000
03,Collier,0175,1993,31000
03,Collier,0175,1994,34000
03,Collier,0175,1995,34000
03,Collier,0175,2001,51500
03,Collier,0175,2002,43000
03,Collier,0175,2003,47500
03,Collier,0175,2004,49000
03,Collier,0175,2005,48500
03,Collier,0175,2006,43500
03,Collier,0175,2007,44000
03,Collier,0175,2008,50000
03,Collier,0175,2009,49000
03,Collier,0175,2010,41500
03,Collier,0175,2011,41500
03,Collier,0175,2012,40500
03,Collier,0175,2013,43000
03,Collier,0175,2014,44000
12,Lee,0175,2015,1700
03,Collier,0175,2015,44500
03,Collier,0175,2016,46500
12,Lee,0175,2016,1750
03,Collier,0175,2017,48000
12,Lee,0175,2017,1850
03,Collier,0175,2018,43500
12,Lee,0175,2018,1550
03,Collier,0175,2019,43500
12,Lee,0175,2019,1800
12,Lee,0175,2020,1800
03,Collier,0175,2020,42500
12,Lee,0175,2021,1900
03,Collier,0175,2021,44500
12,Lee,0175,2022,2000
03,Collier,0175,2022,46500
12,Lee,0175,2023,3100
03,Collier,0175,2023,51500
03,Collier,0175,2024,53500
12,Lee,0175,2024,3300
03,Collier,0175,2025,53500
12,Lee,0175,2025,3500
03,Collier,0176,1976,3620
03,Collier,0176,1977,3155
03,Collier,0176,1978,4863
03,Collier,0176,1979,6577
03,Collier,0176,1980,6050
03,Collier,0176,1981,7773
03,Collier,0176,1982,8543
03,Collier,0176,1983,9413
03,Collier,0176,1984,10514
03,Collier,0176,1985,9899
03,Collier,0176,1986,11999
03,Collier,0176,1987,11550
03,Collier,0176,1988,11812
03,Collier,0176,1989,11324
03,Collier,0176,1990,17044
03,Collier,0176,1991,17981
03,Collier,0176,1992,18600
03,Collier,0176,1993,18200
03,Collier,0176,1994,18900
03,Collier,0176,1995,20000
03,Collier,0176,1996,19800
03,Collier,0176,1997,18000
03,Collier,0176,1998,22000
03,Collier,0176,1999,24500
03,Collier,0176,2000,27500
03,Collier,0176,2001,29000
03,Collier,0176,2002,30000
03,Collier,0176,2003,28500
03,Collier,0176,2004,30500
03,Collier,0176,2005,29500
03,Collier,0176,2006,30500
03,Collier,0176,2007,28000
03,Collier,0176,2008,25000
03,Collier,0176,2009,24500
03,Collier,0176,2010,23500
03,Collier,0176,2011,23500
03,Collier,0176,2012,26000
03,Collier,0176,2013,23000
03,Collier,0176,2014,23000
12,Lee,0176,2015,3800
03,Collier,0176,2015,28000
03,Collier,0176,2016,25000
12,Lee,0176,2016,4000
03,Collier,0176,2017,24500
12,Lee,0176,2017,4000
03,Collier,0176,2018,24500
12,Lee,0176,2018,4100
03,Collier,0176,2019,27000
12,Lee,0176,2019,4200
12,Lee,0176,2020,4300
03,Collier,0176,2020,22000
03,Collier,0176,2021,26500
12,Lee,0176,2021,3800
12,Lee,0176,2022,3800
03,Collier,0176,2022,27500
12,Lee,0176,2023,4000
03,Collier,0176,2023,26000
03,Collier,0176,2024,27000
12,Lee,0176,2024,4000
03,Collier,0176,2025,27000
12,Lee,0176,2025,4000
03,Collier,0177,1976,12500
03,Collier,0177,1977,12573
03,Collier,0177,1978,10333
03,Collier,0177,1979,12293
03,Collier,0177,1980,12070
03,Collier,0177,1983,19119
03,Collier,0177,1984,21494
03,Collier,0177,1985,19046
03,Collier,0177,1986,25723
03,Collier,0177,1987,21712
03,Collier,0177,1988,23566
03,Collier,0177,1989,23437
03,Collier,0177,1990,26869
03,Collier,0177,1991,25609
03,Collier,0177,1992,27000
03,Collier,0177,1993,25500
03,Collier,0177,1994,27000
03,Collier,0177,1995,28000
03,Collier,0177,2008,36500
03,Collier,0177,2009,35500
03,Collier,0177,2010,34500
03,Collier,0177,2011,26500
03,Collier,0177,2012,26500
03,Collier,0177,2013,30500
03,Collier,0177,2014,30500
12,Lee,0177,2015,2600
03,Collier,0177,2015,31000
03,Collier,0177,2016,32000
12,Lee,0177,2016,2600
03,Collier,0177,2017,33000
12,Lee,0177,2017,2600
03,Collier,0177,2018,29500
12,Lee,0177,2018,2600
03,Collier,0177,2019,32500
12,Lee,0177,2019,2700
12,Lee,0177,2020,2750
03,Collier,0177,2020,31500
03,Collier,0177,2021,32500
12,Lee,0177,2021,2800
12,Lee,0177,2022,3000
03,Collier,0177,2022,33500
12,Lee,0177,2023,3200
03,Collier,0177,2023,34000
03,Collier,0177,2024,35000
12,Lee,0177,2024,3400
03,Collier,0177,2025,35000
12,Lee,0177,2025,3600
03,Collier,0178,1976,10100
03,Collier,0178,1977,11448
03,Collier,0178,1978,14408
03,Collier,0178,1979,14788
03,Collier,0178,1980,14165
03,Collier,0178,1981,17156
03,Collier,0178,1982,17265
03,Collier,0178,1983,16631
03,Collier,0178,1984,17007
03,Collier,0178,1985,16102
03,Collier,0178,1986,18706
03,Collier,0178,1987,17989
03,Collier,0178,1988,19208
03,Collier,0178,1989,18807
03,Collier,0178,1990,18590
03,Collier,0178,1991,22378
03,Collier,0178,1992,20900
03,Collier,0178,1993,20800
03,Collier,0178,1994,22000
03,Collier,0178,1995,23000
03,Collier,0178,1996,23500
03,Collier,0178,1997,21500
03,Collier,0178,1998,23500
03,Collier,0178,1999,25500
03,Collier,0178,2000,28000
03,Collier,0178,2001,30000
03,Collier,0178,2002,33500
03,Collier,0178,2003,31500
03,Collier,0178,2004,33000
03,Collier,0178,2005,34000
03,Collier,0178,2006,33000
03,Collier,0178,2007,32500
03,Collier,0178,2008,27000
03,Collier,0178,2009,26000
03,Collier,0178,2010,21500
03,Collier,0178,2011,21500
03,Collier,0178,2012,24500
03,Collier,0178,2013,23500
03,Collier,0178,2014,23500
12,Lee,0178,2015,7000
03,Collier,0178,2015,28500
03,Collier,0178,2016,26000
12,Lee,0178,2016,7200
03,Collier,0178,2017,24500
12,Lee,0178,2017,7400
03,Collier,0178,2018,24000
12,Lee,0178,2018,7500
03,Collier,0178,2019,25500
12,Lee,0178,2019,7500
12,Lee,0178,2020,7300
03,Collier,0178,2020,21000
03,Collier,0178,2021,24500
12,Lee,0178,2021,7300
12,Lee,0178,2022,10200
03,Collier,0178,2022,24000
12,Lee,0178,2023,10500
03,Collier,0178,2023,26000
03,Collier,0178,2024,27000
12,Lee,0178,2024,10300
03,Collier,0178,2025,30000
12,Lee,0178,2025,10300
03,Collier,0179,1976,11140
03,Collier,0179,1977,14058
03,Collier,0179,1978,14131
03,Collier,0179,1979,15053
03,Collier,0179,1980,14339
03,Collier,0179,1981,15528
03,Collier,0179,1982,12033
03,Collier,0179,1983,13979
03,Collier,0179,1984,15361
03,Collier,0179,1985,15829
03,Collier,0179,1986,17121
03,Collier,0179,1987,16401
03,Collier,0179,2010,37000
03,Collier,0179,2011,36500
03,Collier,0179,2012,35500
03,Collier,0179,2013,35500
03,Collier,0179,2014,36000
12,Lee,0179,2015,11900
03,Collier,0179,2015,39500
03,Collier,0179,2016,38500
12,Lee,0179,2016,12200
03,Collier,0179,2017,39000
12,Lee,0179,2017,12200
03,Collier,0179,2018,39000
12,Lee,0179,2018,12600
03,Collier,0179,2019,40000
12,Lee,0179,2019,13000
12,Lee,0179,2020,12500
03,Collier,0179,2020,33500
03,Collier,0179,2021,40500
12,Lee,0179,2021,12500
12,Lee,0179,2022,12500
03,Collier,0179,2022,40500
12,Lee,0179,2023,16200
03,Collier,0179,2023,41500
03,Collier,0179,2024,41500
12,Lee,0179,2024,15900
03,Collier,0179,2025,41500
12,Lee,0179,2025,16100
03,Collier,0180,1978,835
03,Collier,0180,1979,775
03,Collier,0180,1980,643
03,Collier,0180,1981,895
03,Collier,0180,1982,778
03,Collier,0180,1983,748
03,Collier,0180,1984,880
03,Collier,0180,1985,1000
12,Lee,0180,2015,1850
12,Lee,0180,2016,2000
12,Lee,0180,2017,2150
12,Lee,0180,2018,2200
12,Lee,0180,2019,2300
12,Lee,0180,2020,2700
12,Lee,0180,2021,2900
12,Lee,0180,2022,3100
12,Lee,0180,2023,3300
12,Lee,0180,2024,3500
12,Lee,0180,2025,3700
03,Collier,0181,1978,1605
03,Collier,0181,1979,1648
03,Collier,0181,1980,1645
03,Collier,0181,1981,1613
03,Collier,0181,1982,1888
03,Collier,0181,1983,1517
03,Collier,0181,1984,1670
03,Collier,0181,1985,1717
03,Collier,0181,1986,1751
03,Collier,0181,1987,1772
12,Lee,0181,2015,3100
12,Lee,0181,2016,2900
12,Lee,0181,2017,2900
12,Lee,0181,2018,2700
12,Lee,0181,2019,2700
12,Lee,0181,2020,2750
12,Lee,0181,2021,2700
12,Lee,0181,2022,2700
12,Lee,0181,2023,2700
12,Lee,0181,2024,2800
12,Lee,0181,2025,2800
03,Collier,0182,1978,1405
03,Collier,0182,1979,1213
03,Collier,0182,1980,1295
03,Collier,0182,1981,1530
03,Collier,0182,1982,1608
03,Collier,0182,1983,1151
03,Collier,0182,1984,1035
03,Collier,0182,1985,1281
03,Collier,0182,1986,1183
03,Collier,0182,1987,835
03,Collier,0182,1988,734
03,Collier,0182,1989,717
03,Collier,0182,1991,920
03,Collier,0182,1992,1100
03,Collier,0182,1993,1000
03,Collier,0182,1994,900
03,Collier,0182,1995,900
03,Collier,0182,1996,1350
03,Collier,0182,1997,1200
03,Collier,0182,1998,1100
03,Collier,0182,1999,1550
03,Collier,0182,2000,1550
03,Collier,0182,2001,1650
03,Collier,0182,2002,2050
03,Collier,0182,2003,1900
03,Collier,0182,2004,2600
03,Collier,0182,2005,2800
03,Collier,0182,2006,3000
03,Collier,0182,2007,2700
03,Collier,0182,2008,2600
03,Collier,0182,2009,2900
03,Collier,0182,2010,2300
03,Collier,0182,2011,2300
03,Collier,0182,2012,2200
03,Collier,0182,2013,2700
03,Collier,0182,2014,2700
12,Lee,0182,2015,8800
03,Collier,0182,2015,3000
03,Collier,0182,2016,3200
12,Lee,0182,2016,9000
03,Collier,0182,2017,3000
12,Lee,0182,2017,9200
03,Collier,0182,2018,3100
12,Lee,0182,2018,8800
03,Collier,0182,2019,3300
12,Lee,0182,2019,9000
12,Lee,0182,2020,7700
03,Collier,0182,2020,3300
03,Collier,0182,2021,3400
12,Lee,0182,2021,7700
12,Lee,0182,2022,7700
03,Collier,0182,2022,5100
12,Lee,0182,2023,7900
03,Collier,0182,2023,7000
03,Collier,0182,2024,8200
12,Lee,0182,2024,8500
03,Collier,0182,2025,8200
12,Lee,0182,2025,8500
03,Collier,0183,1978,3508
03,Collier,0183,1979,3398
03,Collier,0183,1980,2890
03,Collier,0183,1981,3058
03,Collier,0183,1982,2980
03,Collier,0183,1983,3155
03,Collier,0183,1984,2686
03,Collier,0183,1985,2931
03,Collier,0183,1986,3073
03,Collier,0183,1987,3466
03,Collier,0183,1988,3573
03,Collier,0183,1989,3064
03,Collier,0183,1991,3710
03,Collier,0183,1992,4400
03,Collier,0183,1993,4600
03,Collier,0183,1994,4500
03,Collier,0183,1995,4500
03,Collier,0183,1996,5900
03,Collier,0183,1997,5800
03,Collier,0183,1998,6200
03,Collier,0183,1999,5800
03,Collier,0183,2000,6200
03,Collier,0183,2001,6800
03,Collier,0183,2002,7400
03,Collier,0183,2003,8000
03,Collier,0183,2004,9500
03,Collier,0183,2005,12800
03,Collier,0183,2006,10800
03,Collier,0183,2007,10500
03,Collier,0183,2008,9500
03,Collier,0183,2009,10200
03,Collier,0183,2010,9800
03,Collier,0183,2011,10000
03,Collier,0183,2012,9600
03,Collier,0183,2013,10000
03,Collier,0183,2014,10400
12,Lee,0183,2015,4100
03,Collier,0183,2015,10900
03,Collier,0183,2016,12000
12,Lee,0183,2016,4300
03,Collier,0183,2017,13200
12,Lee,0183,2017,4300
03,Collier,0183,2018,12800
12,Lee,0183,2018,3900
03,Collier,0183,2019,13200
12,Lee,0183,2019,4000
12,Lee,0183,2020,4000
03,Collier,0183,2020,12200
03,Collier,0183,2021,16900
12,Lee,0183,2021,4000
12,Lee,0183,2022,4000
03,Collier,0183,2022,16200
12,Lee,0183,2023,4200
03,Collier,0183,2023,17800
03,Collier,0183,2024,18800
12,Lee,0183,2024,4200
03,Collier,0183,2025,20800
12,Lee,0183,2025,4200
03,Collier,0184,1978,4110
03,Collier,0184,1979,3285
03,Collier,0184,1980,3035
03,Collier,0184,1981,2760
03,Collier,0184,1982,3223
03,Collier,0184,1983,2671
03,Collier,0184,1984,2669
03,Collier,0184,1985,2659
03,Collier,0184,1986,3324
03,Collier,0184,1987,3514
12,Lee,0184,1991,25237
12,Lee,0184,1992,24529
12,Lee,0184,1993,26932
12,Lee,0184,1994,27449
12,Lee,0184,1995,28988
12,Lee,0184,1996,31298
12,Lee,0184,1997,33872
12,Lee,0184,1998,38753
12,Lee,0184,1999,41967
12,Lee,0184,2000,43420
12,Lee,0184,2001,44784
12,Lee,0184,2002,46667
12,Lee,0184,2003,48500
12,Lee,0184,2004,50801
12,Lee,0184,2005,54009
12,Lee,0184,2006,56478
12,Lee,0184,2007,55702
12,Lee,0184,2008,54884
12,Lee,0184,2009,54500
12,Lee,0184,2010,67723
03,Collier,0184,2011,4800
12,Lee,0184,2011,70160
12,Lee,0184,2012,71868
03,Collier,0184,2012,5200
03,Collier,0184,2013,5200
12,Lee,0184,2013,71794
12,Lee,0184,2014,77211
03,Collier,0184,2014,5400
12,Lee,0184,2015,89417
03,Collier,0184,2015,5000
03,Collier,0184,2016,5200
12,Lee,0184,2016,98964
03,Collier,0184,2017,6200
12,Lee,0184,2017,102014
03,Collier,0184,2018,5900
12,Lee,0184,2018,106243
03,Collier,0184,2019,6100
12,Lee,0184,2019,108459
12,Lee,0184,2020,93954
03,Collier,0184,2020,5600
03,Collier,0184,2021,6400
12,Lee,0184,2021,112936
12,Lee,0184,2022,119082
03,Collier,0184,2022,6600
12,Lee,0184,2023,125171
03,Collier,0184,2023,7200
03,Collier,0184,2024,7400
12,Lee,0184,2024,125280
03,Collier,0184,2025,8300
12,Lee,0184,2025,129200
03,Collier,0185,1978,11968
03,Collier,0185,1979,11155
03,Collier,0185,1980,11690
03,Collier,0185,1981,13695
03,Collier,0185,1982,14825
03,Collier,0185,1983,13064
03,Collier,0185,1984,14574
03,Collier,0185,1985,17477
03,Collier,0185,1986,23816
03,Collier,0185,1987,22255
03,Collier,0185,1988,21309
03,Collier,0185,1989,19988
03,Collier,0185,1990,25812
03,Collier,0185,1991,24692
03,Collier,0185,1992,23500
03,Collier,0185,1993,25000
03,Collier,0185,1994,25500
03,Collier,0185,1995,24500
12,Lee,0185,2015,3100
12,Lee,0185,2016,3300
12,Lee,0185,2017,3300
12,Lee,0185,2018,3700
12,Lee,0185,2019,3800
12,Lee,0185,2020,3900
12,Lee,0185,2021,3300
12,Lee,0185,2022,3500
12,Lee,0185,2023,3900
12,Lee,0185,2024,4100
12,Lee,0185,2025,4300
03,Collier,0186,1983,9478
03,Collier,0186,1984,10841
03,Collier,0186,1985,5615
12,Lee,0186,2015,4800
12,Lee,0186,2016,5000
12,Lee,0186,2017,5000
12,Lee,0186,2018,5300
12,Lee,0186,2019,5400
12,Lee,0186,2020,5500
12,Lee,0186,2021,4800
12,Lee,0186,2022,5000
12,Lee,0186,2023,5400
12,Lee,0186,2024,5600
12,Lee,0186,2025,5800
03,Collier,0187,1983,8411
03,Collier,0187,1984,9372
03,Collier,0187,1985,5666
03,Collier,0187,1986,5881
03,Collier,0187,1987,6408
03,Collier,0187,1988,7317
03,Collier,0187,1989,6958
12,Lee,0187,2015,7500
12,Lee,0187,2016,7900
12,Lee,0187,2017,8300
12,Lee,0187,2018,7100
12,Lee,0187,2019,7400
12,Lee,0187,2020,7400
12,Lee,0187,2021,7800
12,Lee,0187,2022,6100
12,Lee,0187,2023,5600
12,Lee,0187,2024,5800
12,Lee,0187,2025,6000
03,Collier,0188,1983,10049
03,Collier,0188,1984,11681
03,Collier,0188,1985,13009
03,Collier,0188,1986,12195
03,Collier,0188,1987,12927
03,Collier,0188,1988,14725
03,Collier,0188,1989,14805
03,Collier,0188,1997,18200
03,Collier,0188,1998,19600
03,Collier,0188,1999,17100
03,Collier,0188,2000,16900
03,Collier,0188,2001,18600
03,Collier,0188,2002,19300
03,Collier,0188,2003,19600
12,Lee,0188,2015,4500
12,Lee,0188,2016,4600
12,Lee,0188,2017,4600
12,Lee,0188,2018,4900
12,Lee,0188,2019,5000
12,Lee,0188,2020,5100
12,Lee,0188,2021,4100
12,Lee,0188,2022,4300
12,Lee,0188,2023,4700
12,Lee,0188,2024,4900
12,Lee,0188,2025,5100
03,Collier,0189,1983,9381
03,Collier,0189,1984,10489
03,Collier,0189,1985,11443
03,Collier,0189,1986,12359
03,Collier,0189,1987,12648
03,Collier,0189,1988,14037
03,Collier,0189,1989,13453
03,Collier,0189,1990,18820
03,Collier,0189,1991,17014
03,Collier,0189,1992,17500
03,Collier,0189,1993,18500
03,Collier,0189,1994,20000
03,Collier,0189,1995,19500
03,Collier,0189,1996,21000
03,Collier,0189,1997,21500
03,Collier,0189,1998,22500
03,Collier,0189,1999,22000
03,Collier,0189,2000,22000
03,Collier,0189,2001,24000
03,Collier,0189,2002,23000
03,Collier,0189,2003,25500
03,Collier,0189,2004,26500
03,Collier,0189,2005,25000
03,Collier,0189,2006,24500
03,Collier,0189,2007,25000
03,Collier,0189,2008,23000
03,Collier,0189,2009,23000
03,Collier,0189,2010,22000
03,Collier,0189,2011,22000
03,Collier,0189,2012,22000
03,Collier,0189,2013,14000
03,Collier,0189,2014,14200
12,Lee,0189,2015,1550
03,Collier,0189,2015,17500
03,Collier,0189,2016,21000
12,Lee,0189,2016,1550
03,Collier,0189,2017,20000
12,Lee,0189,2017,1550
03,Collier,0189,2018,18900
12,Lee,0189,2018,1700
03,Collier,0189,2019,19400
12,Lee,0189,2019,1800
12,Lee,0189,2020,1800
03,Collier,0189,2020,13800
03,Collier,0189,2021,16100
12,Lee,0189,2021,1900
12,Lee,0189,2022,2000
03,Collier,0189,2022,14700
12,Lee,0189,2023,1500
03,Collier,0189,2023,15300
03,Collier,0189,2024,15100
12,Lee,0189,2024,1600
03,Collier,0189,2025,13100
12,Lee,0189,2025,1700
03,Collier,0190,1988,17819
03,Collier,0190,1989,16190
03,Collier,0190,1990,20367
03,Collier,0190,1991,22390
03,Collier,0190,1992,25000
03,Collier,0190,1993,26000
03,Collier,0190,1994,28000
03,Collier,0190,1995,28000
03,Collier,0190,1996,28000
03,Collier,0190,1997,30000
03,Collier,0190,1998,33500
03,Collier,0190,1999,33500
03,Collier,0190,2000,36500
03,Collier,0190,2001,42000
03,Collier,0190,2002,43500
03,Collier,0190,2003,45000
03,Collier,0190,2004,52000
03,Collier,0190,2005,53000
03,Collier,0190,2006,47500
03,Collier,0190,2007,51000
03,Collier,0190,2008,42500
03,Collier,0190,2009,43500
03,Collier,0190,2010,40000
03,Collier,0190,2011,40000
03,Collier,0190,2012,39000
03,Collier,0190,2013,40000
03,Collier,0190,2014,45000
12,Lee,0190,2015,3900
03,Collier,0190,2015,48000
03,Collier,0190,2016,55000
12,Lee,0190,2016,3700
03,Collier,0190,2017,48000
12,Lee,0190,2017,3700
03,Collier,0190,2018,48500
12,Lee,0190,2018,5000
03,Collier,0190,2019,58000
12,Lee,0190,2019,5100
12,Lee,0190,2020,5200
03,Collier,0190,2020,51500
03,Collier,0190,2021,64500
12,Lee,0190,2021,4900
12,Lee,0190,2022,4900
03,Collier,0190,2022,75000
12,Lee,0190,2023,5000
03,Collier,0190,2023,67500
03,Collier,0190,2024,66500
12,Lee,0190,2024,5100
03,Collier,0190,2025,66500
12,Lee,0190,2025,5200
03,Collier,0191,1991,26522
03,Collier,0191,1992,27100
03,Collier,0191,1993,29866
03,Collier,0191,1994,30613
03,Collier,0191,1995,31197
03,Collier,0191,1996,32871
03,Collier,0191,1997,37159
03,Collier,0191,1998,40137
03,Collier,0191,1999,44648
03,Collier,0191,2000,47861
03,Collier,0191,2001,51928
03,Collier,0191,2002,54616
03,Collier,0191,2003,58335
03,Collier,0191,2004,61378
03,Collier,0191,2005,60821
03,Collier,0191,2006,62001
03,Collier,0191,2007,63147
03,Collier,0191,2008,56985
03,Collier,0191,2009,58578
03,Collier,0191,2010,59784
03,Collier,0191,2011,61224
03,Collier,0191,2012,62897
03,Collier,0191,2013,65423
03,Collier,0191,2014,70332
12,Lee,0191,2015,13500
03,Collier,0191,2015,76809
03,Collier,0191,2016,80453
12,Lee,0191,2016,14300
03,Collier,0191,2017,82348
12,Lee,0191,2017,15300
03,Collier,0191,2018,89362
12,Lee,0191,2018,14800
03,Collier,0191,2019,89215
12,Lee,0191,2019,15000
12,Lee,0191,2020,15000
03,Collier,0191,2020,75323
03,Collier,0191,2021,89884
12,Lee,0191,2021,16000
12,Lee,0191,2022,17600
03,Collier,0191,2022,89105
12,Lee,0191,2023,18400
03,Collier,0191,2023,90376
03,Collier,0191,2024,98123
12,Lee,0191,2024,19300
03,Collier,0191,2025,92396
12,Lee,0191,2025,19900
03,Collier,0192,1993,34500
03,Collier,0192,1994,33500
03,Collier,0192,1995,28500
03,Collier,0192,1996,35000
03,Collier,0192,1997,41500
03,Collier,0192,1998,41000
03,Collier,0192,1999,39000
03,Collier,0192,2000,38500
03,Collier,0192,2001,38500
03,Collier,0192,2002,47000
03,Collier,0192,2003,47500
03,Collier,0192,2004,52000
03,Collier,0192,2005,53000
03,Collier,0192,2006,52000
03,Collier,0192,2007,50500
03,Collier,0192,2008,50500
03,Collier,0192,2009,46500
03,Collier,0192,2010,48500
03,Collier,0192,2011,48500
03,Collier,0192,2012,47000
03,Collier,0192,2013,48000
03,Collier,0192,2014,48000
12,Lee,0192,2015,11800
03,Collier,0192,2015,49500
03,Collier,0192,2016,50000
12,Lee,0192,2016,12100
03,Collier,0192,2017,47000
12,Lee,0192,2017,12100
03,Collier,0192,2018,47000
12,Lee,0192,2018,13100
03,Collier,0192,2019,53500
12,Lee,0192,2019,13500
12,Lee,0192,2020,14000
03,Collier,0192,2020,41000
03,Collier,0192,2021,52000
12,Lee,0192,2021,12200
12,Lee,0192,2022,12700
03,Collier,0192,2022,55000
12,Lee,0192,2023,13900
03,Collier,0192,2023,57000
03,Collier,0192,2024,56500
12,Lee,0192,2024,14600
03,Collier,0192,2025,60000
12,Lee,0192,2025,15300
03,Collier,0193,1993,14500
03,Collier,0193,1994,15500
03,Collier,0193,1995,17000
03,Collier,0193,1996,16500
03,Collier,0193,1997,15500
03,Collier,0193,1998,16500
03,Collier,0193,1999,16900
03,Collier,0193,2000,19000
03,Collier,0193,2001,21500
03,Collier,0193,2002,21500
03,Collier,0193,2003,22500
03,Collier,0193,2004,24000
03,Collier,0193,2005,25000
03,Collier,0193,2006,24000
03,Collier,0193,2007,22000
03,Collier,0193,2008,18900
03,Collier,0193,2009,18600
03,Collier,0193,2010,17400
03,Collier,0193,2011,17200
03,Collier,0193,2012,17000
03,Collier,0193,2013,16300
03,Collier,0193,2014,16500
12,Lee,0193,2015,6300
03,Collier,0193,2015,22000
03,Collier,0193,2016,23500
12,Lee,0193,2016,6500
03,Collier,0193,2017,22000
12,Lee,0193,2017,6500
03,Collier,0193,2018,24500
12,Lee,0193,2018,7000
03,Collier,0193,2019,24500
12,Lee,0193,2019,7200
12,Lee,0193,2020,7500
03,Collier,0193,2020,22500
03,Collier,0193,2021,26000
12,Lee,0193,2021,6000
12,Lee,0193,2022,6200
03,Collier,0193,2022,26000
12,Lee,0193,2023,6800
03,Collier,0193,2023,28000
03,Collier,0193,2024,29000
12,Lee,0193,2024,7200
03,Collier,0193,2025,27500
12,Lee,0193,2025,7600
03,Collier,0194,1994,9300
03,Collier,0194,1995,9300
03,Collier,0194,1996,9500
03,Collier,0194,1997,9900
03,Collier,0194,1998,9700
03,Collier,0194,1999,10400
03,Collier,0194,2000,10100
03,Collier,0194,2001,11700
03,Collier,0194,2002,11600
03,Collier,0194,2003,10400
03,Collier,0194,2004,12100
03,Collier,0194,2005,11000
03,Collier,0194,2006,11200
03,Collier,0194,2007,12100
03,Collier,0194,2008,10700
03,Collier,0194,2009,10700
03,Collier,0194,2010,10700
03,Collier,0194,2011,10700
03,Collier,0194,2012,9800
03,Collier,0194,2013,10300
03,Collier,0194,2014,10500
12,Lee,0194,2015,1200
03,Collier,0194,2015,10900
03,Collier,0194,2016,15200
12,Lee,0194,2016,1200
03,Collier,0194,2017,15700
12,Lee,0194,2017,1200
03,Collier,0194,2018,18100
12,Lee,0194,2018,1200
03,Collier,0194,2019,20000
12,Lee,0194,2019,1300
12,Lee,0194,2020,1300
03,Collier,0194,2020,16400
03,Collier,0194,2021,22500
12,Lee,0194,2021,1400
12,Lee,0194,2022,1500
03,Collier,0194,2022,21000
12,Lee,0194,2023,500
03,Collier,0194,2023,24500
03,Collier,0194,2024,25500
12,Lee,0194,2024,500
03,Collier,0194,2025,25500
12,Lee,0194,2025,500
03,Collier,0195,1994,17400
03,Collier,0195,1995,18000
03,Collier,0195,1996,18600
03,Collier,0195,1997,16900
03,Collier,0195,1998,21000
03,Collier,0195,1999,23500
03,Collier,0195,2000,26500
03,Collier,0195,2001,32500
03,Collier,0195,2002,30500
03,Collier,0195,2003,30000
03,Collier,0195,2004,32000
03,Collier,0195,2005,32000
03,Collier,0195,2006,32000
03,Collier,0195,2007,30500
03,Collier,0195,2008,29500
03,Collier,0195,2009,28500
03,Collier,0195,2010,26000
03,Collier,0195,2011,26000
03,Collier,0195,2012,23000
03,Collier,0195,2013,23000
03,Collier,0195,2014,23500
12,Lee,0195,2015,10300
03,Collier,0195,2015,27000
03,Collier,0195,2016,27000
12,Lee,0195,2016,10500
03,Collier,0195,2017,28000
12,Lee,0195,2017,10500
03,Collier,0195,2018,25000
12,Lee,0195,2018,11400
03,Collier,0195,2019,29000
12,Lee,0195,2019,12000
12,Lee,0195,2020,12000
03,Collier,0195,2020,21000
03,Collier,0195,2021,28000
12,Lee,0195,2021,12500
12,Lee,0195,2022,13000
03,Collier,0195,2022,26000
12,Lee,0195,2023,10300
03,Collier,0195,2023,28000
03,Collier,0195,2024,29000
12,Lee,0195,2024,10800
03,Collier,0195,2025,30000
12,Lee,0195,2025,11300
12,Lee,0196,2015,4000
12,Lee,0196,2016,4200
12,Lee,0196,2017,4400
12,Lee,0196,2018,4200
12,Lee,0196,2019,4500
12,Lee,0196,2020,4600
12,Lee,0196,2021,4800
12,Lee,0196,2022,5000
12,Lee,0196,2023,5400
12,Lee,0196,2024,4900
12,Lee,0196,2025,5100
12,Lee,0197,2015,2900
12,Lee,0197,2016,3100
12,Lee,0197,2017,3300
12,Lee,0197,2018,3900
12,Lee,0197,2019,4000
12,Lee,0197,2020,4100
12,Lee,0197,2021,5500
12,Lee,0197,2022,5700
12,Lee,0197,2023,6300
12,Lee,0197,2024,6700
12,Lee,0197,2025,7100
12,Lee,0198,2015,2100
12,Lee,0198,2016,2150
12,Lee,0198,2017,2150
12,Lee,0198,2018,1450
12,Lee,0198,2019,1500
12,Lee,0198,2020,1500
12,Lee,0198,2021,1500
12,Lee,0198,2022,1500
12,Lee,0198,2023,1550
12,Lee,0198,2024,1550
12,Lee,0198,2025,1550
12,Lee,0199,2015,3600
12,Lee,0199,2016,3800
12,Lee,0199,2017,4000
12,Lee,0199,2018,4400
12,Lee,0199,2019,4600
12,Lee,0199,2020,3900
12,Lee,0199,2021,4100
12,Lee,0199,2022,4300
12,Lee,0199,2023,4700
12,Lee,0199,2024,5000
12,Lee,0199,2025,5200
03,Collier,0200,1999,8000
03,Collier,0200,2000,9400
03,Collier,0200,2001,8800
03,Collier,0200,2002,9700
03,Collier,0200,2003,9200
03,Collier,0200,2004,10000
03,Collier,0200,2005,11000
03,Collier,0200,2006,12200
03,Collier,0200,2007,12300
03,Collier,0200,2008,10400
03,Collier,0200,2009,11000
03,Collier,0200,2010,11100
03,Collier,0200,2011,11300
03,Collier,0200,2012,10400
03,Collier,0200,2013,10700
03,Collier,0200,2014,11100
12,Lee,0200,2015,750
03,Collier,0200,2015,11500
03,Collier,0200,2016,12800
12,Lee,0200,2016,750
03,Collier,0200,2017,14200
12,Lee,0200,2017,750
03,Collier,0200,2018,13300
12,Lee,0200,2018,700
03,Collier,0200,2019,13700
12,Lee,0200,2019,800
12,Lee,0200,2020,900
03,Collier,0200,2020,12700
03,Collier,0200,2021,17300
12,Lee,0200,2021,950
12,Lee,0200,2022,950
03,Collier,0200,2022,16300
12,Lee,0200,2023,1050
03,Collier,0200,2023,17900
03,Collier,0200,2024,18900
12,Lee,0200,2024,1050
03,Collier,0200,2025,22000
12,Lee,0200,2025,1050
12,Lee,0201,2015,1250
12,Lee,0201,2016,1250
12,Lee,0201,2017,1250
03,Collier,0201,2018,300
12,Lee,0201,2018,1250
03,Collier,0201,2019,300
12,Lee,0201,2019,1300
12,Lee,0201,2020,1350
03,Collier,0201,2020,300
03,Collier,0201,2021,300
12,Lee,0201,2021,1100
12,Lee,0201,2022,1100
03,Collier,0201,2022,300
12,Lee,0201,2023,1200
03,Collier,0201,2023,300
03,Collier,0201,2024,300
12,Lee,0201,2024,1200
03,Collier,0201,2025,300
12,Lee,0201,2025,1200
12,Lee,0202,2015,6300
12,Lee,0202,2016,6500
12,Lee,0202,2017,6700
12,Lee,0202,2018,7500
12,Lee,0202,2019,7500
12,Lee,0202,2020,5500
12,Lee,0202,2021,5500
12,Lee,0202,2022,5500
12,Lee,0202,2023,5700
12,Lee,0202,2024,5200
12,Lee,0202,2025,5200
12,Lee,0203,1990,23761
12,Lee,0203,1991,24190
12,Lee,0203,1992,22888
12,Lee,0203,1993,17579
12,Lee,0203,1994,17993
12,Lee,0203,1995,17950
12,Lee,0203,1996,18595
12,Lee,0203,1997,25469
12,Lee,0203,1998,30876
12,Lee,0203,1999,34756
12,Lee,0203,2000,37898
12,Lee,0203,2001,38303
12,Lee,0203,2002,39197
12,Lee,0203,2003,42021
12,Lee,0203,2004,46691
12,Lee,0203,2005,50391
12,Lee,0203,2006,51587
12,Lee,0203,2007,49464
12,Lee,0203,2008,46629
12,Lee,0203,2009,46712
12,Lee,0203,2010,46773
12,Lee,0203,2011,46470
12,Lee,0203,2012,47779
12,Lee,0203,2013,48848
12,Lee,0203,2014,50359
12,Lee,0203,2015,53290
12,Lee,0203,2016,54465
12,Lee,0203,2017,53596
12,Lee,0203,2018,55119
12,Lee,0203,2019,55270
12,Lee,0203,2020,49799
12,Lee,0203,2021,55581
12,Lee,0203,2022,54379
12,Lee,0203,2023,53126
12,Lee,0203,2024,52325
12,Lee,0203,2025,55624
12,Lee,0204,2015,9000
12,Lee,0204,2016,9600
12,Lee,0204,2017,10200
12,Lee,0204,2018,11000
12,Lee,0204,2019,11400
12,Lee,0204,2020,11400
12,Lee,0204,2021,12000
12,Lee,0204,2022,12600
12,Lee,0204,2023,13800
12,Lee,0204,2024,14500
12,Lee,0204,2025,15100
03,Collier,0205,1999,8700
03,Collier,0205,2000,8400
03,Collier,0205,2001,7800
03,Collier,0205,2002,8300
03,Collier,0205,2003,8600
03,Collier,0205,2004,8500
03,Collier,0205,2005,8800
03,Collier,0205,2006,8200
03,Collier,0205,2007,8300
03,Collier,0205,2008,6400
03,Collier,0205,2009,5900
03,Collier,0205,2010,5200
03,Collier,0205,2011,5200
03,Collier,0205,2012,5300
03,Collier,0205,2013,4400
03,Collier,0205,2014,4600
12,Lee,0205,2015,5800
03,Collier,0205,2015,5600
03,Collier,0205,2016,6000
12,Lee,0205,2016,6200
03,Collier,0205,2017,7500
12,Lee,0205,2017,6600
03,Collier,0205,2018,7400
12,Lee,0205,2018,6200
03,Collier,0205,2019,7500
12,Lee,0205,2019,6400
12,Lee,0205,2020,4700
03,Collier,0205,2020,6900
03,Collier,0205,2021,8300
12,Lee,0205,2021,4900
12,Lee,0205,2022,5100
03,Collier,0205,2022,7800
12,Lee,0205,2023,5500
03,Collier,0205,2023,8800
03,Collier,0205,2024,9300
12,Lee,0205,2024,5700
03,Collier,0205,2025,9900
12,Lee,0205,2025,6000
12,Lee,0206,2015,3100
12,Lee,0206,2016,3100
12,Lee,0206,2017,3100
12,Lee,0206,2018,2700
12,Lee,0206,2019,2800
12,Lee,0206,2020,2800
12,Lee,0206,2021,2800
12,Lee,0206,2022,2800
12,Lee,0206,2023,5400
12,Lee,0206,2024,5200
12,Lee,0206,2025,5200
12,Lee,0207,2015,5700
12,Lee,0207,2016,6100
12,Lee,0207,2017,6300
12,Lee,0207,2018,6400
12,Lee,0207,2019,6500
12,Lee,0207,2020,6500
12,Lee,0207,2021,6900
12,Lee,0207,2022,11100
12,Lee,0207,2023,13000
12,Lee,0207,2024,13600
12,Lee,0207,2025,14200
12,Lee,0208,2015,12100
12,Lee,0208,2016,12500
12,Lee,0208,2017,12500
12,Lee,0208,2018,10800
12,Lee,0208,2019,11000
12,Lee,0208,2020,11200
12,Lee,0208,2021,11100
12,Lee,0208,2022,11500
12,Lee,0208,2023,12500
12,Lee,0208,2024,15000
12,Lee,0208,2025,15600
12,Lee,0209,2017,7300
12,Lee,0209,2018,7400
12,Lee,0209,2019,7400
12,Lee,0209,2020,7200
12,Lee,0209,2021,6000
12,Lee,0209,2022,6000
12,Lee,0209,2023,6100
12,Lee,0209,2024,6000
12,Lee,0209,2025,6000
03,Collier,0210,1999,13100
03,Collier,0210,2000,16200
03,Collier,0210,2001,15100
03,Collier,0210,2002,15700
03,Collier,0210,2003,15800
12,Lee,0210,2017,5800
12,Lee,0210,2018,5700
12,Lee,0210,2019,5700
12,Lee,0210,2020,5600
12,Lee,0210,2021,5400
12,Lee,0210,2022,5400
12,Lee,0210,2023,5500
12,Lee,0210,2024,5700
12,Lee,0210,2025,5700
03,Collier,0211,1999,15000
03,Collier,0211,2000,15600
03,Collier,0211,2001,17700
03,Collier,0211,2002,16300
03,Collier,0211,2003,17700
12,Lee,0211,2017,12500
12,Lee,0211,2018,12000
12,Lee,0211,2019,12000
12,Lee,0211,2020,11500
12,Lee,0211,2021,12000
12,Lee,0211,2022,12000
12,Lee,0211,2023,12500
12,Lee,0211,2024,13500
12,Lee,0211,2025,13500
12,Lee,0212,2017,11500
12,Lee,0212,2018,10000
12,Lee,0212,2019,10000
12,Lee,0212,2020,9800
12,Lee,0212,2021,10500
12,Lee,0212,2022,10500
12,Lee,0212,2023,10500
12,Lee,0212,2024,11500
12,Lee,0212,2025,11500
12,Lee,0213,2017,7000
12,Lee,0213,2018,6900
12,Lee,0213,2019,6900
12,Lee,0213,2020,6700
12,Lee,0213,2021,6600
12,Lee,0213,2022,6600
12,Lee,0213,2023,6700
12,Lee,0213,2024,6000
12,Lee,0213,2025,6000
12,Lee,0214,2017,8400
12,Lee,0214,2018,7900
12,Lee,0214,2019,7900
12,Lee,0214,2020,7700
12,Lee,0214,2021,7500
12,Lee,0214,2022,7500
12,Lee,0214,2023,7700
12,Lee,0214,2024,7200
12,Lee,0214,2025,7300
12,Lee,0215,2017,4000
12,Lee,0215,2018,4000
12,Lee,0215,2019,4000
12,Lee,0215,2020,3900
12,Lee,0215,2021,3700
12,Lee,0215,2022,3700
12,Lee,0215,2023,3800
12,Lee,0215,2024,3700
12,Lee,0215,2025,3700
12,Lee,0216,2017,4700
12,Lee,0216,2018,4200
12,Lee,0216,2019,4200
12,Lee,0216,2020,4100
12,Lee,0216,2021,3700
12,Lee,0216,2022,3700
12,Lee,0216,2023,3800
12,Lee,0216,2024,5300
12,Lee,0216,2025,5300
12,Lee,0217,2017,5600
12,Lee,0217,2018,5200
12,Lee,0217,2019,5200
12,Lee,0217,2020,5100
12,Lee,0217,2021,4600
12,Lee,0217,2022,4600
12,Lee,0217,2023,4700
12,Lee,0217,2024,4900
12,Lee,0217,2025,4900
12,Lee,0218,2017,6400
12,Lee,0218,2018,6600
12,Lee,0218,2019,6800
12,Lee,0218,2020,6800
12,Lee,0218,2021,6700
12,Lee,0218,2022,6900
12,Lee,0218,2023,7400
12,Lee,0218,2024,7600
12,Lee,0218,2025,7700
12,Lee,0219,2017,8100
12,Lee,0219,2018,8800
12,Lee,0219,2019,9000
12,Lee,0219,2020,9000
12,Lee,0219,2021,9000
12,Lee,0219,2022,9300
12,Lee,0219,2023,9900
12,Lee,0219,2024,11000
12,Lee,0219,2025,11000
12,Lee,0220,2021,6500
12,Lee,0220,2022,6800
12,Lee,0220,2023,7400
12,Lee,0220,2024,7100
12,Lee,0220,2025,7400
12,Lee,0221,2021,7000
12,Lee,0221,2022,7300
12,Lee,0221,2023,8000
12,Lee,0221,2024,7700
12,Lee,0221,2025,8100
12,Lee,0222,2021,6400
12,Lee,0222,2022,6700
12,Lee,0222,2023,7300
12,Lee,0222,2024,7400
12,Lee,0222,2025,7700
12,Lee,0223,2021,6000
12,Lee,0223,2022,6300
12,Lee,0223,2023,6900
12,Lee,0223,2024,6600
12,Lee,0223,2025,6900
12,Lee,0224,2021,16000
12,Lee,0224,2022,16500
12,Lee,0224,2023,18000
12,Lee,0224,2024,15000
12,Lee,0224,2025,15500
12,Lee,0225,2021,4000
12,Lee,0225,2022,4200
12,Lee,0225,2023,4600
12,Lee,0225,2024,4400
12,Lee,0225,2025,4600
03,Collier,0270,1994,2280
03,Collier,0270,1995,2887
03,Collier,0270,1996,2914
03,Collier,0270,1997,2845
03,Collier,0270,1998,2875
03,Collier,0270,1999,3056
03,Collier,0270,2000,3019
03,Collier,0270,2001,3025
03,Collier,0270,2002,3056
03,Collier,0270,2003,2915
03,Collier,0270,2004,2951
03,Collier,0270,2005,2828
03,Collier,0270,2006,2865
03,Collier,0270,2007,2876
03,Collier,0270,2008,2505
03,Collier,0270,2009,2995
03,Collier,0270,2010,2699
03,Collier,0270,2011,2659
03,Collier,0270,2012,2477
03,Collier,0270,2013,2500
03,Collier,0270,2014,2662
03,Collier,0270,2015,2891
03,Collier,0270,2016,3026
03,Collier,0270,2017,2903
03,Collier,0270,2018,2875
03,Collier,0270,2019,3137
03,Collier,0270,2020,2831
03,Collier,0270,2021,3293
03,Collier,0270,2022,3515
03,Collier,0270,2023,3638
03,Collier,0270,2024,3673
03,Collier,0270,2025,3667
03,Collier,0271,2018,400
03,Collier,0271,2019,1850
03,Collier,0271,2020,1850
03,Collier,0271,2021,2400
03,Collier,0271,2022,2400
03,Collier,0271,2023,2600
03,Collier,0271,2024,2800
03,Collier,0271,2025,3200
03,Collier,0272,2018,200
03,Collier,0272,2019,300
03,Collier,0272,2020,300
03,Collier,0272,2021,190
03,Collier,0272,2022,190
03,Collier,0272,2023,200
03,Collier,0272,2024,210
03,Collier,0272,2025,230
12,Lee,0273,1994,3094
12,Lee,0273,1995,3088
12,Lee,0273,1996,3162
12,Lee,0273,1997,3141
12,Lee,0273,1998,3295
12,Lee,0273,1999,3712
12,Lee,0273,2000,3657
12,Lee,0273,2001,3835
12,Lee,0273,2002,4086
12,Lee,0273,2003,4416
12,Lee,0273,2004,4937
12,Lee,0273,2005,5532
12,Lee,0273,2006,5719
12,Lee,0273,2007,6039
12,Lee,0273,2008,4232
12,Lee,0273,2009,3964
12,Lee,0273,2010,4034
12,Lee,0273,2011,4126
12,Lee,0273,2012,4217
12,Lee,0273,2013,4195
12,Lee,0273,2014,4653
12,Lee,0273,2015,5216
12,Lee,0273,2016,6620
12,Lee,0273,2017,7337
12,Lee,0273,2018,7959
12,Lee,0273,2019,9292
12,Lee,0273,2020,9182
03,Collier,0273,2021,3300
12,Lee,0273,2021,11660
12,Lee,0273,2022,12799
03,Collier,0273,2022,3300
12,Lee,0273,2023,14878
03,Collier,0273,2023,3500
03,Collier,0273,2024,3700
12,Lee,0273,2024,17364
03,Collier,0273,2025,3700
12,Lee,0273,2025,19691
03,Collier,0351,2000,15681
03,Collier,0351,2001,17021
03,Collier,0351,2002,18351
03,Collier,0351,2003,19230
03,Collier,0351,2004,20461
03,Collier,0351,2005,21563
03,Collier,0351,2006,22029
03,Collier,0351,2007,21141
03,Collier,0351,2008,19033
03,Collier,0351,2009,19114
03,Collier,0351,2010,19484
03,Collier,0351,2011,19204
03,Collier,0351,2012,19444
03,Collier,0351,2013,20221
03,Collier,0351,2014,21320
03,Collier,0351,2015,23127
03,Collier,0351,2016,24597
03,Collier,0351,2017,24968
03,Collier,0351,2018,24970
03,Collier,0351,2019,26404
03,Collier,0351,2020,20830
03,Collier,0351,2021,26851
03,Collier,0351,2022,28521
03,Collier,0351,2023,29848
03,Collier,0351,2024,30214
03,Collier,0351,2025,31302
12,Lee,0471,2024,53462
12,Lee,0471,2025,53627
12,Lee,0472,2025,45986
12,Lee,0473,2025,37862
12,Lee,0474,2024,26170
12,Lee,0474,2025,25855
12,Lee,0475,2024,34199
12,Lee,0475,2025,34833
12,Lee,0476,2024,33970
12,Lee,0476,2025,33520
12,Lee,1001,1990,5116
12,Lee,1001,1991,4608
12,Lee,1001,1992,6000
12,Lee,1001,1993,6500
12,Lee,1001,1994,5900
12,Lee,1001,1995,5800
12,Lee,1001,1996,5600
12,Lee,1001,1997,6200
12,Lee,1001,1998,6800
12,Lee,1001,1999,6400
12,Lee,1001,2000,7600
12,Lee,1001,2001,7100
12,Lee,1001,2002,6900
12,Lee,1001,2003,7200
12,Lee,1001,2004,9500
12,Lee,1001,2005,10400
12,Lee,1001,2006,11100
12,Lee,1001,2007,9200
12,Lee,1001,2008,7700
12,Lee,1001,2009,7100
12,Lee,1001,2010,7300
12,Lee,1001,2011,7300
12,Lee,1001,2012,7500
12,Lee,1001,2013,7000
12,Lee,1001,2014,7200
12,Lee,1001,2015,7800
12,Lee,1001,2016,8600
12,Lee,1001,2017,8800
12,Lee,1001,2018,9400
12,Lee,1001,2019,11000
12,Lee,1001,2020,11000
12,Lee,1001,2021,16000
12,Lee,1001,2022,17800
12,Lee,1001,2023,19800
12,Lee,1001,2024,22000
12,Lee,1001,2025,24000
12,Lee,1002,1990,5552
12,Lee,1002,1991,4683
12,Lee,1002,1992,5600
12,Lee,1002,1993,5800
12,Lee,1002,1994,5900
12,Lee,1002,1995,5000
12,Lee,1002,1996,4600
12,Lee,1002,1997,5200
12,Lee,1002,1998,5800
12,Lee,1002,1999,5100
12,Lee,1002,2000,5500
12,Lee,1002,2001,5400
12,Lee,1002,2002,6500
12,Lee,1002,2003,7200
12,Lee,1002,2004,7700
12,Lee,1002,2005,8600
12,Lee,1002,2006,8400
12,Lee,1002,2007,8400
12,Lee,1002,2008,7500
12,Lee,1002,2009,6900
12,Lee,1002,2010,6800
12,Lee,1002,2011,6800
12,Lee,1002,2012,7500
12,Lee,1002,2013,7100
12,Lee,1002,2014,7300
12,Lee,1002,2015,7800
12,Lee,1002,2016,8600
12,Lee,1002,2017,9200
12,Lee,1002,2018,9600
12,Lee,1002,2019,10600
12,Lee,1002,2020,11000
12,Lee,1002,2021,12400
12,Lee,1002,2022,13600
12,Lee,1002,2023,13200
12,Lee,1002,2024,14500
12,Lee,1002,2025,15800
12,Lee,1003,2000,14000
12,Lee,1003,2001,15400
12,Lee,1003,2002,15200
12,Lee,1003,2003,13000
12,Lee,1003,2004,13200
12,Lee,1003,2005,13300
12,Lee,1003,2006,13500
12,Lee,1003,2007,10500
12,Lee,1003,2008,12500
12,Lee,1003,2009,12600
12,Lee,1003,2010,12200
12,Lee,1003,2011,13200
12,Lee,1003,2012,12900
12,Lee,1003,2013,12700
12,Lee,1003,2014,13100
12,Lee,1003,2015,16300
12,Lee,1003,2016,16100
12,Lee,1003,2017,16000
12,Lee,1003,2018,17100
12,Lee,1003,2019,17500
12,Lee,1003,2020,17900
12,Lee,1003,2021,20700
12,Lee,1003,2022,22500
12,Lee,1003,2023,20400
12,Lee,1003,2024,20200
12,Lee,1003,2025,20300
12,Lee,1004,2005,1750
12,Lee,1004,2006,1900
12,Lee,1004,2007,1900
12,Lee,1004,2008,2100
12,Lee,1004,2009,2000
12,Lee,1004,2010,1750
12,Lee,1004,2011,1900
12,Lee,1004,2012,1900
12,Lee,1004,2013,2000
12,Lee,1004,2014,1500
12,Lee,1004,2015,1900
12,Lee,1004,2016,2050
12,Lee,1004,2017,2200
12,Lee,1004,2018,2050
12,Lee,1004,2019,2200
12,Lee,1004,2020,2200
12,Lee,1004,2021,2300
12,Lee,1004,2022,2500
12,Lee,1004,2023,2200
12,Lee,1004,2024,3000
12,Lee,1004,2025,1950
12,Lee,1005,2008,3300
12,Lee,1005,2009,3100
12,Lee,1005,2010,2900
12,Lee,1005,2011,3300
12,Lee,1005,2012,3300
12,Lee,1005,2013,3800
12,Lee,1005,2014,3800
12,Lee,1005,2015,4600
12,Lee,1005,2016,4800
12,Lee,1005,2017,4400
12,Lee,1005,2018,4600
12,Lee,1005,2019,5200
12,Lee,1005,2020,5700
12,Lee,1005,2021,5400
12,Lee,1005,2022,5600
12,Lee,1005,2023,6200
12,Lee,1005,2024,6400
12,Lee,1005,2025,6500
12,Lee,1006,2010,1050
12,Lee,1006,2011,900
12,Lee,1006,2012,900
12,Lee,1006,2013,700
12,Lee,1006,2014,700
12,Lee,1006,2015,850
12,Lee,1006,2016,900
12,Lee,1006,2017,950
12,Lee,1006,2018,1000
12,Lee,1006,2019,1050
12,Lee,1006,2020,1050
12,Lee,1006,2021,1100
12,Lee,1006,2022,1100
12,Lee,1006,2023,650
12,Lee,1006,2024,550
12,Lee,1006,2025,650
12,Lee,1211,2015,2200
12,Lee,1211,2016,2200
12,Lee,1211,2017,2200
12,Lee,1211,2018,2100
12,Lee,1211,2019,2300
12,Lee,1211,2020,2300
12,Lee,1211,2021,2400
12,Lee,1211,2022,2500
12,Lee,1211,2023,1700
12,Lee,1211,2024,1800
12,Lee,1211,2025,1900
12,Lee,1212,2015,7500
12,Lee,1212,2016,7700
12,Lee,1212,2017,7700
12,Lee,1212,2018,7400
12,Lee,1212,2019,7600
12,Lee,1212,2020,7800
12,Lee,1212,2021,6800
12,Lee,1212,2022,7100
12,Lee,1212,2023,7700
12,Lee,1212,2024,8100
12,Lee,1212,2025,8500
12,Lee,1213,2015,6700
12,Lee,1213,2016,6900
12,Lee,1213,2017,7100
12,Lee,1213,2018,6400
12,Lee,1213,2019,6600
12,Lee,1213,2020,5800
12,Lee,1213,2021,5800
12,Lee,1213,2022,6000
12,Lee,1213,2023,6400
12,Lee,1213,2024,6700
12,Lee,1213,2025,6700
12,Lee,1214,2015,4700
12,Lee,1214,2016,4900
12,Lee,1214,2017,4900
12,Lee,1214,2018,4900
12,Lee,1214,2019,5000
12,Lee,1214,2020,5100
12,Lee,1214,2021,4900
12,Lee,1214,2022,5100
12,Lee,1214,2023,5500
12,Lee,1214,2024,5300
12,Lee,1214,2025,5300
12,Lee,1215,2015,4300
12,Lee,1215,2016,4400
12,Lee,1215,2017,4400
12,Lee,1215,2018,3300
12,Lee,1215,2019,4500
12,Lee,1215,2020,5000
12,Lee,1215,2021,3000
12,Lee,1215,2022,3200
12,Lee,1215,2023,3400
12,Lee,1215,2024,3600
12,Lee,1215,2025,3800
12,Lee,1216,2015,4000
12,Lee,1216,2016,4000
12,Lee,1216,2017,4000
12,Lee,1216,2018,4200
12,Lee,1216,2019,4300
12,Lee,1216,2020,4300
12,Lee,1216,2021,4600
12,Lee,1216,2022,4900
12,Lee,1216,2023,2300
12,Lee,1216,2024,2400
12,Lee,1216,2025,2500
12,Lee,1217,2015,1200
12,Lee,1217,2016,1200
12,Lee,1217,2017,1200
12,Lee,1217,2018,2500
12,Lee,1217,2019,2700
12,Lee,1217,2020,2700
12,Lee,1217,2021,2700
12,Lee,1217,2022,2700
12,Lee,1217,2023,3100
12,Lee,1217,2024,3100
12,Lee,1217,2025,3100
12,Lee,1218,2015,4700
12,Lee,1218,2016,4900
12,Lee,1218,2017,5100
12,Lee,1218,2018,4000
12,Lee,1218,2019,4500
12,Lee,1218,2020,4200
12,Lee,1218,2021,4400
12,Lee,1218,2022,4600
12,Lee,1218,2023,4600
12,Lee,1218,2024,4800
12,Lee,1218,2025,5000
12,Lee,1219,2015,7100
12,Lee,1219,2016,6900
12,Lee,1219,2017,7100
12,Lee,1219,2018,8900
12,Lee,1219,2019,8900
12,Lee,1219,2020,9000
12,Lee,1219,2021,8200
12,Lee,1219,2022,8200
12,Lee,1219,2023,8400
12,Lee,1219,2024,8500
12,Lee,1219,2025,8600
12,Lee,1227,2021,2700
12,Lee,1227,2022,2800
12,Lee,1227,2023,3100
12,Lee,1227,2024,2000
12,Lee,1227,2025,2100
12,Lee,1228,2021,4000
12,Lee,1228,2022,4200
12,Lee,1228,2023,4600
12,Lee,1228,2024,3200
12,Lee,1228,2025,3300
12,Lee,1229,2021,4300
12,Lee,1229,2022,4500
12,Lee,1229,2023,4900
12,Lee,1229,2024,4000
12,Lee,1229,2025,4200
12,Lee,1230,2021,3000
12,Lee,1230,2022,3100
12,Lee,1230,2023,3400
12,Lee,1230,2024,2200
12,Lee,1230,2025,2300
12,Lee,1232,2015,8600
12,Lee,1232,2016,8800
12,Lee,1232,2017,8800
12,Lee,1232,2018,8700
12,Lee,1232,2019,8800
12,Lee,1232,2020,8900
12,Lee,1232,2021,9100
12,Lee,1232,2022,9300
12,Lee,1232,2023,9900
12,Lee,1232,2024,9700
12,Lee,1232,2025,9700
12,Lee,1248,2016,2900
12,Lee,1248,2017,2900
12,Lee,1248,2018,3300
12,Lee,1248,2019,3300
12,Lee,1248,2020,3800
12,Lee,1248,2021,4300
12,Lee,1248,2022,4300
12,Lee,1248,2023,4300
12,Lee,1248,2024,4300
12,Lee,1248,2025,4300
12,Lee,1254,2015,3400
12,Lee,1254,2016,3600
12,Lee,1254,2017,3800
12,Lee,1254,2018,3300
12,Lee,1254,2019,3600
12,Lee,1254,2020,3900
12,Lee,1254,2021,3400
12,Lee,1254,2022,3600
12,Lee,1254,2023,4000
12,Lee,1254,2024,4200
12,Lee,1254,2025,4400
12,Lee,1256,2015,300
12,Lee,1256,2016,300
12,Lee,1256,2017,300
12,Lee,1256,2018,200
12,Lee,1256,2019,200
12,Lee,1256,2020,200
12,Lee,1256,2021,200
12,Lee,1256,2022,200
12,Lee,1256,2023,200
12,Lee,1256,2024,400
12,Lee,1256,2025,400
12,Lee,1269,2015,9200
12,Lee,1269,2016,9400
12,Lee,1269,2017,9400
12,Lee,1269,2018,10600
12,Lee,1269,2019,11000
12,Lee,1269,2020,11500
12,Lee,1269,2021,10300
12,Lee,1269,2022,10500
12,Lee,1269,2023,11200
12,Lee,1269,2024,11000
12,Lee,1269,2025,11000
12,Lee,1278,2015,3700
12,Lee,1278,2016,3700
12,Lee,1278,2017,3700
12,Lee,1278,2018,3900
12,Lee,1278,2019,3200
12,Lee,1278,2020,3200
12,Lee,1278,2021,3200
12,Lee,1278,2022,3200
12,Lee,1278,2023,3600
12,Lee,1278,2024,3600
12,Lee,1278,2025,3600
03,Collier,2000,1985,8309
03,Collier,2000,1986,7592
03,Collier,2000,1987,8376
03,Collier,2000,1988,8698
03,Collier,2000,1989,8194
03,Collier,2000,1990,13707
03,Collier,2000,1991,14156
03,Collier,2000,1992,16100
03,Collier,2000,1993,19400
03,Collier,2000,1994,19500
03,Collier,2000,1995,18300
03,Collier,2000,1996,16700
03,Collier,2000,1997,23500
03,Collier,2000,1998,24500
03,Collier,2000,1999,27000
03,Collier,2000,2000,28500
03,Collier,2000,2001,31000
03,Collier,2000,2002,32000
03,Collier,2000,2003,35500
03,Collier,2000,2004,41000
03,Collier,2000,2005,37000
03,Collier,2000,2006,28500
03,Collier,2000,2007,33500
03,Collier,2000,2008,32500
03,Collier,2000,2009,34000
03,Collier,2000,2010,32500
03,Collier,2000,2011,31500
03,Collier,2000,2012,31000
03,Collier,2000,2013,34500
03,Collier,2000,2014,36500
03,Collier,2000,2015,40500
03,Collier,2000,2016,39500
03,Collier,2000,2017,43500
03,Collier,2000,2018,41500
03,Collier,2000,2019,45000
03,Collier,2000,2020,39000
03,Collier,2000,2021,45500
03,Collier,2000,2022,49000
03,Collier,2000,2023,49500
03,Collier,2000,2024,52500
03,Collier,2000,2025,47500
03,Collier,2001,1985,12666
03,Collier,2001,1986,13096
03,Collier,2001,1987,15901
03,Collier,2001,1988,15832
03,Collier,2001,1989,14237
03,Collier,2001,1990,23250
03,Collier,2001,1991,24007
03,Collier,2001,1992,28000
03,Collier,2001,1993,30000
03,Collier,2001,1994,28500
03,Collier,2001,1995,31500
03,Collier,2001,1996,32000
03,Collier,2001,1997,36500
03,Collier,2002,1983,9928
03,Collier,2002,1984,10714
03,Collier,2002,1985,14202
03,Collier,2002,1986,15146
03,Collier,2002,1987,16588
03,Collier,2002,1990,27367
03,Collier,2002,1991,28715
03,Collier,2002,1992,31000
03,Collier,2002,1993,35000
03,Collier,2002,1994,38000
03,Collier,2002,1995,39000
03,Collier,2002,1996,34000
03,Collier,2002,1997,49500
03,Collier,2002,1998,56000
03,Collier,2002,1999,58000
03,Collier,2002,2000,64500
03,Collier,2002,2001,67000
03,Collier,2002,2002,65500
03,Collier,2002,2003,75000
03,Collier,2002,2004,85000
03,Collier,2002,2005,78500
03,Collier,2002,2006,83000
03,Collier,2002,2007,80000
12,Lee,2002,2008,43500
03,Collier,2002,2008,78000
12,Lee,2002,2009,43500
03,Collier,2002,2009,77000
03,Collier,2002,2010,75500
12,Lee,2002,2010,43500
03,Collier,2002,2011,74500
03,Collier,2002,2012,74000
03,Collier,2002,2013,87000
03,Collier,2002,2014,90500
03,Collier,2003,2007,38000
03,Collier,2003,2008,37000
03,Collier,2003,2009,32500
03,Collier,2003,2010,55000
03,Collier,2003,2011,55000
03,Collier,2003,2012,55000
03,Collier,2003,2013,58000
03,Collier,2003,2014,64000
03,Collier,2003,2015,70000
03,Collier,2003,2016,72500
03,Collier,2003,2017,79000
03,Collier,2003,2018,76500
03,Collier,2003,2019,79000
03,Collier,2003,2020,70000
03,Collier,2003,2021,83000
03,Collier,2003,2022,85500
03,Collier,2003,2023,83000
03,Collier,2003,2024,57000
03,Collier,2003,2025,85500
12,Lee,2006,2008,27000
12,Lee,2006,2009,27000
12,Lee,2006,2010,29000
12,Lee,2007,2008,25500
12,Lee,2007,2009,25500
12,Lee,2007,2010,25500
12,Lee,2010,2008,34000
12,Lee,2010,2009,33000
12,Lee,2010,2010,32000
12,Lee,2011,2008,9100
12,Lee,2011,2009,9200
12,Lee,2011,2010,9800
12,Lee,2012,2008,5600
12,Lee,2012,2009,5600
12,Lee,2012,2010,5600
12,Lee,2013,2008,32000
12,Lee,2013,2009,32000
12,Lee,2013,2010,32000
12,Lee,2013,2011,22500
12,Lee,2013,2012,22500
12,Lee,2013,2013,22500
12,Lee,2013,2014,25500
12,Lee,2013,2015,26500
12,Lee,2013,2016,27500
12,Lee,2013,2017,28500
12,Lee,2013,2018,25000
12,Lee,2013,2019,28000
12,Lee,2013,2020,28000
12,Lee,2013,2021,28000
12,Lee,2013,2022,28500
12,Lee,2013,2023,29000
12,Lee,2013,2024,28000
12,Lee,2013,2025,28000
12,Lee,2014,2008,57000
12,Lee,2014,2009,57000
12,Lee,2014,2010,56000
12,Lee,2015,2008,37500
12,Lee,2015,2009,36000
12,Lee,2015,2010,35000
12,Lee,2016,2008,13500
12,Lee,2016,2009,13500
12,Lee,2016,2010,13500
12,Lee,2017,2008,24500
12,Lee,2017,2009,24500
12,Lee,2017,2010,24500
12,Lee,2018,2008,15900
12,Lee,2018,2009,16100
12,Lee,2018,2010,16100
12,Lee,2019,2008,42000
12,Lee,2019,2009,42000
12,Lee,2019,2010,42000
12,Lee,2019,2011,42500
12,Lee,2019,2012,41500
12,Lee,2019,2013,41500
12,Lee,2019,2014,44500
12,Lee,2022,2008,32000
12,Lee,2022,2009,32000
12,Lee,2022,2010,34000
12,Lee,2022,2011,31000
12,Lee,2022,2012,31000
12,Lee,2022,2013,32000
12,Lee,2022,2014,36000
12,Lee,2024,2008,19500
12,Lee,2024,2009,19300
12,Lee,2024,2010,19100
12,Lee,2024,2011,19900
12,Lee,2024,2012,19300
12,Lee,2024,2013,18900
12,Lee,2024,2014,25500
12,Lee,2024,2015,26500
12,Lee,2024,2016,28500
12,Lee,2024,2017,30500
12,Lee,2024,2018,30000
12,Lee,2024,2019,31000
12,Lee,2024,2020,31000
12,Lee,2024,2021,33000
12,Lee,2024,2022,34500
12,Lee,2024,2023,39500
12,Lee,2024,2024,41500
12,Lee,2024,2025,43500
12,Lee,2027,2008,8800
12,Lee,2027,2009,9000
12,Lee,2027,2010,9000
12,Lee,2028,2008,20600
12,Lee,2028,2009,20600
12,Lee,2028,2010,20400
12,Lee,2028,2011,19700
12,Lee,2028,2012,19500
12,Lee,2028,2013,19900
12,Lee,2028,2014,26000
12,Lee,2029,2008,17000
12,Lee,2029,2009,17000
12,Lee,2029,2010,16800
12,Lee,2029,2011,16500
12,Lee,2029,2012,16300
12,Lee,2029,2013,16500
12,Lee,2029,2014,16400
12,Lee,2030,2008,51000
12,Lee,2030,2009,52000
12,Lee,2030,2010,52000
12,Lee,2031,2008,68000
12,Lee,2031,2009,69000
12,Lee,2031,2010,69000
12,Lee,2031,2011,68500
12,Lee,2031,2012,67000
12,Lee,2031,2013,67000
12,Lee,2031,2014,70500
12,Lee,2033,2008,1750
12,Lee,2033,2009,1850
12,Lee,2033,2010,1850
12,Lee,2033,2011,1850
12,Lee,2033,2012,1600
12,Lee,2033,2013,1600
12,Lee,2034,2008,21200
12,Lee,2034,2009,21100
12,Lee,2034,2010,21000
12,Lee,2034,2011,20000
12,Lee,2034,2012,19200
12,Lee,2034,2013,18800
12,Lee,2034,2014,21000
12,Lee,2035,2011,26500
12,Lee,2035,2012,26500
12,Lee,2035,2013,26500
12,Lee,2035,2014,34000
12,Lee,2036,2008,20000
12,Lee,2036,2009,20000
12,Lee,2036,2010,20000
12,Lee,2038,2008,17100
12,Lee,2038,2009,17300
12,Lee,2038,2010,17500
12,Lee,2039,2008,20500
12,Lee,2039,2009,20500
12,Lee,2039,2010,20500
12,Lee,2039,2011,19700
12,Lee,2039,2012,22500
12,Lee,2039,2013,22500
12,Lee,2039,2014,21500
12,Lee,2040,2008,52000
12,Lee,2040,2009,52000
12,Lee,2040,2010,52000
12,Lee,2040,2011,53500
12,Lee,2040,2012,53500
12,Lee,2040,2013,54500
12,Lee,2040,2014,57000
12,Lee,2042,2008,32500
12,Lee,2042,2009,32500
12,Lee,2042,2010,32500
12,Lee,2042,2011,32000
12,Lee,2042,2012,32000
12,Lee,2042,2013,32000
12,Lee,2042,2014,37500
12,Lee,2043,2008,45000
12,Lee,2043,2009,45000
12,Lee,2043,2010,44000
12,Lee,2044,2008,14400
12,Lee,2044,2009,14400
12,Lee,2044,2010,14600
12,Lee,2046,2008,50000
12,Lee,2046,2009,51000
12,Lee,2046,2010,51500
12,Lee,2046,2011,51500
12,Lee,2046,2012,49000
12,Lee,2046,2013,49000
12,Lee,2048,2008,41000
12,Lee,2048,2009,43000
12,Lee,2048,2010,43500
12,Lee,2050,2008,55000
12,Lee,2050,2009,54000
12,Lee,2050,2010,54000
12,Lee,2050,2011,48500
12,Lee,2050,2012,48500
12,Lee,2050,2013,49500
12,Lee,2050,2014,54000
12,Lee,2053,2008,34500
12,Lee,2053,2009,33500
12,Lee,2053,2010,27000
12,Lee,2055,2008,22000
12,Lee,2055,2009,22000
12,Lee,2055,2010,22000
12,Lee,2056,2008,50000
12,Lee,2056,2009,50000
12,Lee,2056,2010,50000
12,Lee,2056,2011,47500
12,Lee,2056,2012,47500
12,Lee,2056,2013,48500
12,Lee,2056,2014,49500
12,Lee,2058,2008,19500
12,Lee,2058,2009,19300
12,Lee,2058,2010,19300
12,Lee,2058,2011,19600
12,Lee,2058,2012,19600
12,Lee,2058,2013,19700
12,Lee,2058,2014,19600
12,Lee,2060,2008,29000
12,Lee,2060,2009,31000
12,Lee,2060,2010,23500
12,Lee,2061,2008,28000
12,Lee,2061,2009,29500
12,Lee,2061,2010,28500
12,Lee,2100,2008,53000
12,Lee,2100,2009,54000
12,Lee,2100,2010,55000
12,Lee,2100,2011,55000
12,Lee,2100,2012,54000
12,Lee,2100,2013,54000
12,Lee,2100,2014,54000
12,Lee,2100,2015,54000
12,Lee,2100,2016,56000
12,Lee,2100,2017,56000
12,Lee,2100,2018,52500
12,Lee,2100,2019,54000
12,Lee,2100,2020,54000
12,Lee,2100,2021,54000
12,Lee,2100,2022,55000
12,Lee,2100,2023,54000
12,Lee,2100,2024,53000
12,Lee,2100,2025,53000
12,Lee,2101,2008,47500
12,Lee,2101,2009,47500
12,Lee,2101,2010,46500
12,Lee,2101,2011,47000
12,Lee,2101,2012,46500
12,Lee,2101,2013,47500
12,Lee,2101,2014,51000
12,Lee,2101,2015,53000
12,Lee,2101,2016,55000
12,Lee,2101,2017,56000
12,Lee,2101,2018,58500
12,Lee,2101,2019,56500
12,Lee,2101,2020,55500
12,Lee,2101,2021,55500
12,Lee,2101,2022,55500
12,Lee,2101,2023,60500
12,Lee,2101,2024,59500
12,Lee,2101,2025,59500
12,Lee,2102,2008,17100
12,Lee,2102,2009,17100
12,Lee,2102,2010,17100
12,Lee,2102,2011,16500
12,Lee,2102,2012,16500
12,Lee,2102,2013,16700
12,Lee,2102,2014,18300
12,Lee,2102,2015,18900
12,Lee,2102,2016,19300
12,Lee,2102,2017,19700
12,Lee,2102,2018,18500
12,Lee,2102,2019,19500
12,Lee,2102,2020,19500
12,Lee,2102,2021,20500
12,Lee,2102,2022,21500
12,Lee,2102,2023,23500
12,Lee,2102,2024,24500
12,Lee,2102,2025,14000
03,Collier,2354,2015,5600
03,Collier,2354,2016,5800
03,Collier,2354,2017,6000
03,Collier,2354,2018,5300
03,Collier,2354,2019,5400
03,Collier,2354,2020,5300
03,Collier,2354,2021,5500
03,Collier,2354,2022,5700
03,Collier,2354,2023,6600
03,Collier,2354,2024,6800
03,Collier,2354,2025,6800
12,Lee,3016,2008,34500
12,Lee,3016,2009,32000
12,Lee,3016,2010,32000
12,Lee,3016,2011,32000
12,Lee,3016,2012,32500
12,Lee,3016,2013,32500
12,Lee,3016,2014,33500
12,Lee,3016,2015,34000
12,Lee,3016,2016,35000
12,Lee,3016,2017,35000
12,Lee,3016,2018,38000
12,Lee,3016,2019,39000
12,Lee,3016,2020,39000
12,Lee,3016,2021,39000
12,Lee,3016,2022,40000
12,Lee,3016,2023,37000
12,Lee,3016,2024,36000
12,Lee,3016,2025,36000
12,Lee,3043,2008,14300
12,Lee,3043,2009,14100
12,Lee,3043,2010,14100
12,Lee,3043,2011,14900
12,Lee,3043,2012,14900
12,Lee,3043,2013,15100
12,Lee,3043,2014,14800
12,Lee,3043,2015,15200
12,Lee,3043,2016,15600
12,Lee,3043,2017,16000
12,Lee,3043,2018,14700
12,Lee,3043,2019,15000
12,Lee,3043,2020,15000
12,Lee,3043,2021,15000
12,Lee,3043,2022,15500
12,Lee,3043,2023,15600
12,Lee,3043,2024,15200
12,Lee,3043,2025,15400
12,Lee,3049,2008,10900
12,Lee,3049,2009,10800
12,Lee,3049,2010,10800
12,Lee,3049,2011,9800
12,Lee,3049,2012,9800
12,Lee,3049,2013,10000
12,Lee,3049,2014,10000
12,Lee,3049,2015,10200
12,Lee,3049,2016,10500
12,Lee,3049,2017,10800
12,Lee,3049,2018,11100
12,Lee,3049,2019,12000
12,Lee,3049,2020,12000
12,Lee,3049,2021,12000
12,Lee,3049,2022,12500
12,Lee,3049,2023,11000
12,Lee,3049,2024,10800
12,Lee,3049,2025,10800
12,Lee,3053,2008,14400
12,Lee,3053,2009,14200
12,Lee,3053,2010,14000
12,Lee,3053,2011,14500
12,Lee,3053,2012,14100
12,Lee,3053,2013,13900
12,Lee,3053,2014,16300
12,Lee,3053,2015,17100
12,Lee,3053,2016,18100
12,Lee,3053,2017,19100
12,Lee,3053,2018,19600
12,Lee,3053,2019,20000
12,Lee,3053,2020,20000
12,Lee,3053,2021,21000
12,Lee,3053,2022,22000
12,Lee,3053,2023,30000
12,Lee,3053,2024,31000
12,Lee,3053,2025,32000
12,Lee,3054,2008,23200
12,Lee,3054,2009,14500
12,Lee,3054,2010,14300
12,Lee,3054,2011,14100
12,Lee,3054,2012,17600
12,Lee,3054,2013,17200
12,Lee,3054,2014,17400
12,Lee,3054,2015,21000
12,Lee,3054,2016,22000
12,Lee,3054,2017,23000
12,Lee,3054,2018,24000
12,Lee,3054,2019,24500
12,Lee,3054,2020,24500
12,Lee,3054,2021,26000
12,Lee,3054,2022,27000
12,Lee,3054,2023,34500
12,Lee,3054,2024,36500
12,Lee,3054,2025,38500
12,Lee,3079,2008,1300
12,Lee,3079,2009,1300
12,Lee,3079,2010,1300
12,Lee,3079,2011,1400
12,Lee,3079,2012,1400
12,Lee,3079,2013,1400
12,Lee,3079,2014,2800
12,Lee,3079,2015,2800
12,Lee,3079,2016,2800
12,Lee,3079,2017,2800
12,Lee,3079,2018,1300
12,Lee,3079,2019,2000
12,Lee,3079,2020,2000
12,Lee,3079,2021,2000
12,Lee,3079,2022,2000
12,Lee,3079,2023,1300
12,Lee,3079,2024,1300
12,Lee,3079,2025,1300
12,Lee,3114,2008,14500
12,Lee,3114,2009,12900
12,Lee,3114,2010,12900
12,Lee,3114,2011,12700
12,Lee,3114,2012,12600
12,Lee,3114,2013,12800
12,Lee,3114,2014,13000
12,Lee,3114,2015,14000
12,Lee,3114,2016,14400
12,Lee,3114,2017,14400
12,Lee,3114,2018,15000
12,Lee,3114,2019,15500
12,Lee,3114,2020,15500
12,Lee,3114,2021,15500
12,Lee,3114,2022,16000
12,Lee,3114,2023,17400
12,Lee,3114,2024,17000
12,Lee,3114,2025,17200
12,Lee,3119,2008,16700
12,Lee,3119,2009,16500
12,Lee,3119,2010,16500
12,Lee,3119,2011,16400
12,Lee,3119,2012,16400
12,Lee,3119,2013,16600
12,Lee,3119,2014,20000
12,Lee,3119,2015,20000
12,Lee,3119,2016,21000
12,Lee,3119,2017,22000
12,Lee,3119,2018,23500
12,Lee,3119,2019,24000
12,Lee,3119,2020,24000
12,Lee,3119,2021,24000
12,Lee,3119,2022,24500
12,Lee,3119,2023,29000
12,Lee,3119,2024,28000
12,Lee,3119,2025,28000
12,Lee,3140,2008,1850
12,Lee,3140,2009,1850
12,Lee,3140,2010,1850
12,Lee,3140,2011,2200
12,Lee,3140,2012,2200
12,Lee,3140,2013,2200
12,Lee,3140,2014,3000
12,Lee,3140,2015,3000
12,Lee,3140,2016,3000
12,Lee,3140,2017,3000
12,Lee,3140,2018,4700
12,Lee,3140,2019,5000
12,Lee,3140,2020,5000
12,Lee,3140,2021,5000
12,Lee,3140,2022,5100
12,Lee,3140,2023,5600
12,Lee,3140,2024,5400
12,Lee,3140,2025,5400
12,Lee,3146,2008,2500
12,Lee,3146,2009,2500
12,Lee,3146,2010,2500
12,Lee,3146,2011,3800
12,Lee,3146,2012,3800
12,Lee,3146,2013,3800
12,Lee,3146,2014,4200
12,Lee,3146,2015,4400
12,Lee,3146,2016,4600
12,Lee,3146,2017,4800
12,Lee,3146,2018,5000
12,Lee,3146,2019,5200
12,Lee,3146,2020,3900
12,Lee,3146,2021,4100
12,Lee,3146,2022,4300
12,Lee,3146,2023,4500
12,Lee,3146,2024,10900
12,Lee,3146,2025,11400
12,Lee,3147,2008,5000
12,Lee,3147,2009,5000
12,Lee,3147,2010,5000
12,Lee,3147,2011,4100
12,Lee,3147,2012,4100
12,Lee,3147,2013,4100
12,Lee,3147,2014,4900
12,Lee,3147,2015,5100
12,Lee,3147,2016,5500
12,Lee,3147,2017,5900
12,Lee,3147,2018,6100
12,Lee,3147,2019,6400
12,Lee,3147,2020,4600
12,Lee,3147,2021,4800
12,Lee,3147,2022,5000
12,Lee,3147,2023,5200
12,Lee,3147,2024,12200
12,Lee,3147,2025,12800
12,Lee,3154,2008,18900
12,Lee,3154,2009,18700
12,Lee,3154,2010,18700
12,Lee,3154,2011,17300
12,Lee,3154,2012,17300
12,Lee,3154,2013,17500
12,Lee,3154,2014,17700
12,Lee,3154,2015,18100
12,Lee,3154,2016,18700
12,Lee,3154,2017,19300
12,Lee,3154,2018,19400
12,Lee,3154,2019,19600
12,Lee,3154,2020,19600
12,Lee,3154,2021,19500
12,Lee,3154,2022,20000
12,Lee,3154,2023,14600
12,Lee,3154,2024,14300
12,Lee,3154,2025,14500
12,Lee,3914,2024,7100
03,Collier,4010,2008,35500
03,Collier,4010,2009,34500
03,Collier,4010,2010,33500
03,Collier,4010,2011,33500
03,Collier,4010,2012,33500
03,Collier,4010,2013,33500
03,Collier,4010,2014,34500
03,Collier,4010,2015,37000
03,Collier,4010,2016,39000
03,Collier,4010,2017,40000
03,Collier,4010,2018,34500
03,Collier,4010,2019,35500
03,Collier,4010,2020,34500
03,Collier,4010,2021,35500
03,Collier,4010,2022,36500
03,Collier,4010,2023,35000
03,Collier,4010,2024,36000
03,Collier,4010,2025,36000
03,Collier,4030,2008,12600
03,Collier,4030,2009,12400
03,Collier,4030,2010,12200
03,Collier,4030,2011,10000
03,Collier,4030,2012,9800
03,Collier,4030,2013,9800
03,Collier,4030,2014,12400
03,Collier,4030,2015,12800
03,Collier,4030,2016,13400
03,Collier,4030,2017,14000
03,Collier,4030,2018,9300
03,Collier,4030,2019,14200
03,Collier,4030,2020,14000
03,Collier,4030,2021,14600
03,Collier,4030,2022,15000
03,Collier,4030,2023,12500
03,Collier,4030,2024,12900
03,Collier,4030,2025,12900
03,Collier,4034,2008,2500
03,Collier,4034,2009,2500
03,Collier,4034,2010,2500
03,Collier,4034,2011,1300
03,Collier,4034,2012,1300
03,Collier,4034,2013,1300
03,Collier,4034,2014,2000
03,Collier,4034,2015,2000
03,Collier,4034,2016,2000
03,Collier,4034,2017,2000
03,Collier,4034,2018,1450
03,Collier,4034,2019,2100
03,Collier,4034,2020,2100
03,Collier,4034,2021,2100
03,Collier,4034,2022,2100
03,Collier,4034,2023,2000
03,Collier,4034,2024,2000
03,Collier,4034,2025,2000
03,Collier,4100,2011,10400
12,Lee,4100,2011,2750
12,Lee,4100,2012,2750
03,Collier,4100,2012,10200
03,Collier,4100,2013,10200
12,Lee,4100,2013,3150
12,Lee,4100,2014,3250
03,Collier,4100,2014,9100
12,Lee,4100,2015,3400
03,Collier,4100,2015,9500
03,Collier,4100,2016,9500
12,Lee,4100,2016,3450
03,Collier,4100,2017,9500
12,Lee,4100,2017,3700
12,Lee,4100,2018,3500
03,Collier,4100,2018,10000
12,Lee,4100,2019,3900
03,Collier,4100,2019,10000
12,Lee,4100,2020,3900
03,Collier,4100,2020,9800
03,Collier,4100,2021,10200
12,Lee,4100,2021,4150
12,Lee,4100,2022,4400
03,Collier,4100,2022,10400
12,Lee,4100,2023,3200
03,Collier,4100,2023,8400
03,Collier,4100,2024,8400
12,Lee,4100,2024,3400
03,Collier,4100,2025,8400
12,Lee,4100,2025,3600
03,Collier,4101,2011,4000
12,Lee,4101,2011,2100
12,Lee,4101,2012,2100
03,Collier,4101,2012,3900
03,Collier,4101,2013,3900
12,Lee,4101,2013,2100
12,Lee,4101,2014,4100
03,Collier,4101,2014,1950
12,Lee,4101,2015,4300
03,Collier,4101,2015,2000
03,Collier,4101,2016,2000
12,Lee,4101,2016,4500
03,Collier,4101,2017,2000
12,Lee,4101,2017,4900
12,Lee,4101,2018,5700
03,Collier,4101,2018,1950
12,Lee,4101,2019,6000
03,Collier,4101,2019,1950
12,Lee,4101,2020,5700
03,Collier,4101,2020,1950
03,Collier,4101,2021,2000
12,Lee,4101,2021,6000
12,Lee,4101,2022,7300
03,Collier,4101,2022,2000
12,Lee,4101,2023,8000
03,Collier,4101,2023,1700
03,Collier,4101,2024,1800
12,Lee,4101,2024,8400
03,Collier,4101,2025,1800
12,Lee,4101,2025,8800
03,Collier,4102,2011,3000
03,Collier,4102,2012,3000
03,Collier,4102,2013,3000
03,Collier,4102,2014,3400
03,Collier,4102,2015,3600
03,Collier,4102,2016,3800
03,Collier,4102,2017,4000
03,Collier,4102,2018,2800
03,Collier,4102,2019,3300
03,Collier,4102,2020,3300
03,Collier,4102,2021,3500
03,Collier,4102,2022,3600
03,Collier,4102,2023,2900
03,Collier,4102,2024,3000
03,Collier,4102,2025,3000
03,Collier,4103,2011,2200
03,Collier,4103,2012,2200
03,Collier,4103,2013,2200
03,Collier,4103,2014,3500
03,Collier,4103,2015,3700
03,Collier,4103,2016,3900
03,Collier,4103,2017,4100
03,Collier,4103,2018,2800
03,Collier,4103,2019,2800
03,Collier,4103,2020,2800
03,Collier,4103,2021,3000
03,Collier,4103,2022,2900
03,Collier,4103,2023,3200
03,Collier,4103,2024,3400
03,Collier,4103,2025,3400
03,Collier,4104,2011,23000
12,Lee,4104,2011,17400
12,Lee,4104,2012,17300
03,Collier,4104,2012,23000
03,Collier,4104,2013,23000
12,Lee,4104,2013,17300
12,Lee,4104,2014,12800
03,Collier,4104,2014,24000
12,Lee,4104,2015,13400
03,Collier,4104,2015,25000
03,Collier,4104,2016,26000
12,Lee,4104,2016,14100
03,Collier,4104,2017,27000
12,Lee,4104,2017,15100
12,Lee,4104,2018,16400
03,Collier,4104,2018,23500
12,Lee,4104,2019,17000
03,Collier,4104,2019,23500
12,Lee,4104,2020,17500
03,Collier,4104,2020,20400
03,Collier,4104,2021,21500
12,Lee,4104,2021,16900
12,Lee,4104,2022,17600
03,Collier,4104,2022,22000
12,Lee,4104,2023,19000
03,Collier,4104,2023,24000
03,Collier,4104,2024,25000
12,Lee,4104,2024,19900
03,Collier,4104,2025,26500
12,Lee,4104,2025,20800
03,Collier,4106,2012,9700
03,Collier,4106,2013,9900
03,Collier,4106,2014,10300
03,Collier,4106,2015,10000
03,Collier,4106,2016,10400
03,Collier,4106,2017,10800
03,Collier,4106,2018,7900
03,Collier,4106,2019,8100
03,Collier,4106,2020,5500
03,Collier,4106,2021,5700
03,Collier,4106,2022,5900
03,Collier,4106,2023,6300
03,Collier,4106,2024,6500
03,Collier,4106,2025,7000
03,Collier,4107,2011,2700
03,Collier,4107,2012,2700
03,Collier,4107,2013,2700
03,Collier,4107,2014,2500
03,Collier,4108,2011,9500
03,Collier,4108,2012,9400
03,Collier,4108,2013,9400
03,Collier,4108,2014,9900
03,Collier,4108,2015,10300
03,Collier,4108,2016,10700
03,Collier,4108,2017,11100
03,Collier,4108,2018,10700
03,Collier,4108,2019,10900
03,Collier,4108,2020,10700
03,Collier,4108,2021,11100
03,Collier,4108,2022,11000
03,Collier,4108,2023,12600
03,Collier,4108,2024,13000
03,Collier,4108,2025,13000
03,Collier,4110,2011,8500
12,Lee,4110,2011,2100
12,Lee,4110,2012,2100
03,Collier,4110,2012,8400
03,Collier,4110,2013,8400
12,Lee,4110,2013,2100
12,Lee,4110,2014,1100
03,Collier,4110,2014,9100
12,Lee,4110,2015,1200
03,Collier,4110,2015,9500
03,Collier,4110,2016,9900
12,Lee,4110,2016,1300
03,Collier,4110,2017,10300
12,Lee,4110,2017,1400
12,Lee,4110,2018,1200
03,Collier,4110,2018,10200
12,Lee,4110,2019,1300
03,Collier,4110,2019,10400
12,Lee,4110,2020,1250
03,Collier,4110,2020,10200
03,Collier,4110,2021,10600
12,Lee,4110,2021,1350
12,Lee,4110,2022,1450
03,Collier,4110,2022,10200
12,Lee,4110,2023,1550
03,Collier,4110,2023,11500
03,Collier,4110,2024,11900
12,Lee,4110,2024,1550
03,Collier,4110,2025,11900
12,Lee,4110,2025,1650
03,Collier,4111,2011,1900
03,Collier,4111,2012,1900
03,Collier,4111,2013,1950
03,Collier,4111,2014,1950
03,Collier,4111,2015,2000
03,Collier,4111,2016,2700
03,Collier,4111,2017,2700
03,Collier,4111,2018,2300
03,Collier,4111,2019,3700
03,Collier,4111,2020,3700
03,Collier,4111,2021,3900
03,Collier,4111,2022,4000
03,Collier,4111,2023,2800
03,Collier,4111,2024,2900
03,Collier,4111,2025,2900
03,Collier,4112,2011,4200
03,Collier,4112,2012,4100
03,Collier,4112,2013,4100
03,Collier,4112,2014,4200
03,Collier,4112,2015,4400
03,Collier,4112,2016,4600
03,Collier,4112,2017,4800
03,Collier,4112,2018,4800
03,Collier,4112,2019,4800
03,Collier,4112,2020,4100
03,Collier,4112,2021,4300
03,Collier,4112,2022,4400
03,Collier,4112,2023,4800
03,Collier,4112,2024,5000
03,Collier,4112,2025,4900
03,Collier,4113,2011,4300
03,Collier,4113,2012,4200
03,Collier,4113,2013,4200
03,Collier,4113,2014,5500
03,Collier,4113,2015,5700
03,Collier,4113,2016,5900
03,Collier,4113,2017,6100
03,Collier,4113,2018,6500
03,Collier,4113,2019,6700
03,Collier,4113,2020,6500
03,Collier,4113,2021,6700
03,Collier,4113,2022,6900
03,Collier,4113,2023,9500
03,Collier,4113,2024,9900
03,Collier,4113,2025,9900
03,Collier,4114,2011,6000
12,Lee,4114,2011,7500
12,Lee,4114,2012,7500
03,Collier,4114,2012,5900
03,Collier,4114,2013,5900
12,Lee,4114,2013,7500
12,Lee,4114,2014,7400
03,Collier,4114,2014,5900
12,Lee,4114,2015,7800
03,Collier,4114,2015,6100
03,Collier,4114,2016,6300
12,Lee,4114,2016,8000
03,Collier,4114,2017,6500
12,Lee,4114,2017,8200
12,Lee,4114,2018,9200
03,Collier,4114,2018,6200
12,Lee,4114,2019,9200
03,Collier,4114,2019,6400
12,Lee,4114,2020,9000
03,Collier,4114,2020,6200
03,Collier,4114,2021,6400
12,Lee,4114,2021,9000
12,Lee,4114,2022,10800
03,Collier,4114,2022,6600
12,Lee,4114,2023,10300
03,Collier,4114,2023,8500
03,Collier,4114,2024,8800
12,Lee,4114,2024,10100
03,Collier,4114,2025,8800
12,Lee,4114,2025,10100
12,Lee,4115,2011,2900
12,Lee,4115,2012,2900
12,Lee,4115,2013,2900
12,Lee,4115,2014,5500
12,Lee,4115,2015,5700
12,Lee,4115,2016,6000
12,Lee,4115,2017,6200
12,Lee,4115,2018,6300
12,Lee,4115,2019,6300
12,Lee,4115,2020,6100
12,Lee,4115,2021,6100
12,Lee,4115,2022,8100
12,Lee,4115,2023,7700
12,Lee,4115,2024,7500
12,Lee,4115,2025,7500
03,Collier,4116,2011,12500
12,Lee,4116,2011,1800
12,Lee,4116,2012,1800
03,Collier,4116,2012,12500
03,Collier,4116,2013,12500
12,Lee,4116,2013,1800
12,Lee,4116,2014,3400
03,Collier,4116,2014,5900
12,Lee,4116,2015,3600
03,Collier,4116,2015,6100
03,Collier,4116,2016,6300
12,Lee,4116,2016,3800
03,Collier,4116,2017,6500
12,Lee,4116,2017,4000
12,Lee,4116,2018,3900
03,Collier,4116,2018,14600
12,Lee,4116,2019,4100
03,Collier,4116,2019,14800
12,Lee,4116,2020,4100
03,Collier,4116,2020,14600
03,Collier,4116,2021,15200
12,Lee,4116,2021,4300
12,Lee,4116,2022,4500
03,Collier,4116,2022,15500
12,Lee,4116,2023,4700
03,Collier,4116,2023,18800
03,Collier,4116,2024,19400
12,Lee,4116,2024,4900
03,Collier,4116,2025,19400
12,Lee,4116,2025,5100
03,Collier,4117,2011,2900
03,Collier,4117,2012,2900
03,Collier,4117,2013,2900
03,Collier,4117,2014,3200
03,Collier,4117,2015,3400
03,Collier,4117,2016,3600
03,Collier,4117,2017,3800
03,Collier,4117,2018,3500
03,Collier,4117,2019,3500
03,Collier,4117,2020,3500
03,Collier,4117,2021,3700
03,Collier,4117,2022,4900
03,Collier,4117,2023,5600
03,Collier,4117,2024,5800
03,Collier,4117,2025,5800
03,Collier,4118,2011,4600
12,Lee,4118,2011,7200
12,Lee,4118,2012,7200
03,Collier,4118,2012,4500
03,Collier,4118,2013,4500
12,Lee,4118,2013,7200
12,Lee,4118,2014,7300
03,Collier,4118,2014,5200
12,Lee,4118,2015,7700
03,Collier,4118,2015,5400
03,Collier,4118,2016,5600
12,Lee,4118,2016,7700
03,Collier,4118,2017,5800
12,Lee,4118,2017,7700
12,Lee,4118,2018,8600
03,Collier,4118,2018,4900
12,Lee,4118,2019,9000
03,Collier,4118,2019,4900
12,Lee,4118,2020,9000
03,Collier,4118,2020,4900
03,Collier,4118,2021,5100
12,Lee,4118,2021,9000
12,Lee,4118,2022,9200
03,Collier,4118,2022,5300
12,Lee,4118,2023,9300
03,Collier,4118,2023,6000
03,Collier,4118,2024,6200
12,Lee,4118,2024,9100
03,Collier,4118,2025,6200
12,Lee,4118,2025,9100
03,Collier,4119,2011,2900
03,Collier,4119,2012,2900
03,Collier,4119,2013,2900
03,Collier,4119,2014,3100
03,Collier,4119,2015,3300
03,Collier,4119,2016,3500
03,Collier,4119,2017,3700
03,Collier,4119,2018,3500
03,Collier,4119,2019,3500
03,Collier,4119,2020,3500
03,Collier,4119,2021,3700
03,Collier,4119,2022,3800
03,Collier,4119,2023,3000
03,Collier,4119,2024,3200
03,Collier,4119,2025,3200
03,Collier,4121,2011,5200
12,Lee,4121,2011,1850
12,Lee,4121,2012,1850
03,Collier,4121,2012,5100
03,Collier,4121,2013,5100
12,Lee,4121,2013,1850
12,Lee,4121,2014,1850
03,Collier,4121,2014,5700
12,Lee,4121,2015,1950
03,Collier,4121,2015,5900
03,Collier,4121,2016,6100
12,Lee,4121,2016,2100
03,Collier,4121,2017,6300
12,Lee,4121,2017,2300
12,Lee,4121,2018,2400
03,Collier,4121,2018,6700
12,Lee,4121,2019,2500
03,Collier,4121,2019,6900
12,Lee,4121,2020,2500
03,Collier,4121,2020,6700
03,Collier,4121,2021,6900
12,Lee,4121,2021,2700
12,Lee,4121,2022,2900
03,Collier,4121,2022,8400
12,Lee,4121,2023,2700
03,Collier,4121,2023,9300
03,Collier,4121,2024,9700
12,Lee,4121,2024,2900
03,Collier,4121,2025,9700
12,Lee,4121,2025,3100
03,Collier,4122,2011,6300
12,Lee,4122,2011,14300
12,Lee,4122,2012,14300
03,Collier,4122,2012,6200
03,Collier,4122,2013,6200
12,Lee,4122,2013,14300
12,Lee,4122,2014,15800
03,Collier,4122,2014,7000
12,Lee,4122,2015,16600
03,Collier,4122,2015,7200
03,Collier,4122,2016,7500
12,Lee,4122,2016,17600
03,Collier,4122,2017,7700
12,Lee,4122,2017,18600
12,Lee,4122,2018,18300
03,Collier,4122,2018,8400
12,Lee,4122,2019,19100
03,Collier,4122,2019,8600
12,Lee,4122,2020,16800
03,Collier,4122,2020,8400
03,Collier,4122,2021,8800
12,Lee,4122,2021,17800
12,Lee,4122,2022,18600
03,Collier,4122,2022,11400
12,Lee,4122,2023,20200
03,Collier,4122,2023,12100
03,Collier,4122,2024,12500
12,Lee,4122,2024,19400
03,Collier,4122,2025,12500
12,Lee,4122,2025,20000
03,Collier,4123,2011,750
12,Lee,4123,2011,6000
12,Lee,4123,2012,6000
03,Collier,4123,2012,750
03,Collier,4123,2013,750
12,Lee,4123,2013,6000
12,Lee,4123,2014,7800
03,Collier,4123,2014,650
12,Lee,4123,2015,8200
03,Collier,4123,2015,650
03,Collier,4123,2016,650
12,Lee,4123,2016,8700
03,Collier,4123,2017,650
12,Lee,4123,2017,9100
12,Lee,4123,2018,8500
03,Collier,4123,2018,800
12,Lee,4123,2019,8900
03,Collier,4123,2019,800
12,Lee,4123,2020,8900
03,Collier,4123,2020,750
03,Collier,4123,2021,750
12,Lee,4123,2021,9500
12,Lee,4123,2022,9900
03,Collier,4123,2022,750
12,Lee,4123,2023,10400
03,Collier,4123,2023,850
03,Collier,4123,2024,850
12,Lee,4123,2024,10900
03,Collier,4123,2025,1850
12,Lee,4123,2025,11400
03,Collier,4124,2011,3900
12,Lee,4124,2011,400
12,Lee,4124,2012,400
03,Collier,4124,2012,3900
03,Collier,4124,2013,3900
12,Lee,4124,2013,9600
12,Lee,4124,2014,8800
03,Collier,4124,2014,5100
12,Lee,4124,2015,9200
03,Collier,4124,2015,5300
03,Collier,4124,2016,5500
12,Lee,4124,2016,9800
03,Collier,4124,2017,5700
12,Lee,4124,2017,10400
12,Lee,4124,2018,9100
03,Collier,4124,2018,5100
12,Lee,4124,2019,9300
03,Collier,4124,2019,5100
12,Lee,4124,2020,9300
03,Collier,4124,2020,5100
03,Collier,4124,2021,5300
12,Lee,4124,2021,9900
12,Lee,4124,2022,10000
03,Collier,4124,2022,5700
12,Lee,4124,2023,9700
03,Collier,4124,2023,6800
03,Collier,4124,2024,7000
12,Lee,4124,2024,10100
03,Collier,4124,2025,7000
12,Lee,4124,2025,10500
03,Collier,4125,2011,6600
03,Collier,4125,2012,6500
03,Collier,4125,2013,6900
03,Collier,4125,2014,6900
03,Collier,4125,2015,7100
03,Collier,4125,2016,7300
03,Collier,4125,2017,7500
03,Collier,4125,2018,7500
03,Collier,4125,2019,7600
03,Collier,4125,2020,7400
03,Collier,4125,2021,7600
03,Collier,4125,2022,7800
03,Collier,4125,2023,9100
03,Collier,4125,2024,9500
03,Collier,4125,2025,9500
03,Collier,4126,2011,2200
12,Lee,4126,2011,5100
12,Lee,4126,2012,5100
03,Collier,4126,2012,2200
03,Collier,4126,2013,2200
12,Lee,4126,2013,5100
12,Lee,4126,2014,5100
03,Collier,4126,2014,2800
12,Lee,4126,2015,5400
03,Collier,4126,2015,3000
03,Collier,4126,2016,3200
12,Lee,4126,2016,5500
03,Collier,4126,2017,3400
12,Lee,4126,2017,5600
12,Lee,4126,2018,6000
03,Collier,4126,2018,4500
12,Lee,4126,2019,6000
03,Collier,4126,2019,4500
12,Lee,4126,2020,5900
03,Collier,4126,2020,4500
03,Collier,4126,2021,4700
12,Lee,4126,2021,5900
12,Lee,4126,2022,5900
03,Collier,4126,2022,4900
12,Lee,4126,2023,13100
03,Collier,4126,2023,6800
03,Collier,4126,2024,7000
12,Lee,4126,2024,12900
03,Collier,4126,2025,7000
12,Lee,4126,2025,13000
03,Collier,4127,2011,4400
12,Lee,4127,2011,4000
12,Lee,4127,2012,4000
03,Collier,4127,2012,4400
03,Collier,4127,2013,4400
12,Lee,4127,2013,4000
12,Lee,4127,2014,4400
03,Collier,4127,2014,5400
12,Lee,4127,2015,4600
03,Collier,4127,2015,5600
03,Collier,4127,2016,5800
12,Lee,4127,2016,4700
03,Collier,4127,2017,6000
12,Lee,4127,2017,4800
12,Lee,4127,2018,4700
03,Collier,4127,2018,7500
12,Lee,4127,2019,4700
03,Collier,4127,2019,7700
12,Lee,4127,2020,4500
03,Collier,4127,2020,7500
03,Collier,4127,2021,7800
12,Lee,4127,2021,4500
12,Lee,4127,2022,4500
03,Collier,4127,2022,5500
12,Lee,4127,2023,3500
03,Collier,4127,2023,6200
03,Collier,4127,2024,6400
12,Lee,4127,2024,3500
03,Collier,4127,2025,6400
12,Lee,4127,2025,3500
03,Collier,4128,2011,36000
03,Collier,4128,2012,35500
03,Collier,4128,2013,35500
03,Collier,4128,2014,33000
03,Collier,4128,2015,39000
03,Collier,4128,2016,41000
03,Collier,4128,2017,42000
03,Collier,4128,2018,34000
03,Collier,4128,2019,35000
03,Collier,4128,2020,31500
03,Collier,4128,2021,32500
03,Collier,4128,2022,33500
03,Collier,4128,2023,36500
03,Collier,4128,2024,37500
03,Collier,4128,2025,37000
03,Collier,4129,2011,1800
12,Lee,4129,2011,300
12,Lee,4129,2012,300
03,Collier,4129,2012,1800
03,Collier,4129,2013,1800
12,Lee,4129,2013,600
12,Lee,4129,2014,600
03,Collier,4129,2014,1600
12,Lee,4129,2015,600
03,Collier,4129,2015,1700
03,Collier,4129,2016,1800
12,Lee,4129,2016,800
03,Collier,4129,2017,1900
12,Lee,4129,2017,800
12,Lee,4129,2018,650
03,Collier,4129,2018,2800
12,Lee,4129,2019,700
03,Collier,4129,2019,2800
12,Lee,4129,2020,700
03,Collier,4129,2020,2600
03,Collier,4129,2021,2800
12,Lee,4129,2021,700
12,Lee,4129,2022,700
03,Collier,4129,2022,2800
12,Lee,4129,2023,350
03,Collier,4129,2023,3000
03,Collier,4129,2024,3200
12,Lee,4129,2024,350
03,Collier,4129,2025,2800
12,Lee,4129,2025,350
12,Lee,4130,2011,2500
12,Lee,4130,2012,2500
12,Lee,4130,2013,2100
12,Lee,4130,2014,1850
12,Lee,4130,2015,1950
12,Lee,4130,2016,2100
12,Lee,4130,2017,2250
12,Lee,4130,2018,2050
12,Lee,4130,2019,2300
12,Lee,4130,2020,2300
12,Lee,4130,2021,2500
12,Lee,4130,2022,2600
12,Lee,4130,2023,2600
12,Lee,4130,2024,2800
12,Lee,4130,2025,3000
03,Collier,4131,2011,4000
12,Lee,4131,2011,5700
12,Lee,4131,2012,5700
03,Collier,4131,2012,4000
03,Collier,4131,2013,4000
12,Lee,4131,2013,5700
12,Lee,4131,2014,4700
03,Collier,4131,2014,7900
12,Lee,4131,2015,4900
03,Collier,4131,2015,8200
03,Collier,4131,2016,8600
12,Lee,4131,2016,5200
03,Collier,4131,2017,8800
12,Lee,4131,2017,5500
12,Lee,4131,2018,4400
03,Collier,4131,2018,10200
12,Lee,4131,2019,4600
03,Collier,4131,2019,10400
12,Lee,4131,2020,4600
03,Collier,4131,2020,10200
03,Collier,4131,2021,10600
12,Lee,4131,2021,4900
12,Lee,4131,2022,6100
03,Collier,4131,2022,10800
12,Lee,4131,2023,4600
03,Collier,4131,2023,4500
03,Collier,4131,2024,4700
12,Lee,4131,2024,4800
03,Collier,4131,2025,4700
12,Lee,4131,2025,5000
12,Lee,4133,2011,1950
12,Lee,4133,2012,1950
12,Lee,4133,2013,1950
12,Lee,4133,2014,6700
12,Lee,4133,2015,7100
12,Lee,4133,2016,7100
12,Lee,4133,2017,7100
12,Lee,4133,2018,6900
12,Lee,4133,2019,7100
12,Lee,4133,2020,7100
12,Lee,4133,2021,7100
12,Lee,4133,2022,7300
12,Lee,4133,2023,6500
12,Lee,4133,2024,6300
12,Lee,4133,2025,6300
12,Lee,4134,2011,8800
12,Lee,4134,2012,8800
12,Lee,4134,2013,8800
12,Lee,4134,2014,5400
12,Lee,4134,2015,5600
12,Lee,4134,2016,5800
12,Lee,4134,2017,5800
12,Lee,4134,2018,5800
12,Lee,4134,2019,5900
12,Lee,4134,2020,5900
12,Lee,4134,2021,5900
12,Lee,4134,2022,5900
12,Lee,4134,2023,5100
12,Lee,4134,2024,5000
12,Lee,4134,2025,5000
12,Lee,4135,2011,12500
12,Lee,4135,2012,12500
12,Lee,4135,2013,12500
12,Lee,4135,2014,14500
12,Lee,4135,2015,15300
12,Lee,4135,2016,16300
12,Lee,4135,2017,17200
12,Lee,4135,2018,16300
12,Lee,4135,2019,17000
12,Lee,4135,2020,14700
12,Lee,4135,2021,15500
12,Lee,4135,2022,16100
12,Lee,4135,2023,17500
12,Lee,4135,2024,15600
12,Lee,4135,2025,16400
12,Lee,4136,2011,4000
12,Lee,4136,2012,4000
12,Lee,4136,2013,4000
12,Lee,4136,2014,3700
12,Lee,4136,2015,3900
12,Lee,4136,2016,4100
12,Lee,4136,2017,4300
12,Lee,4136,2018,4000
12,Lee,4136,2019,4200
12,Lee,4136,2020,4200
12,Lee,4136,2021,4400
12,Lee,4136,2022,4900
12,Lee,4136,2023,4400
12,Lee,4136,2024,4600
12,Lee,4136,2025,4800
03,Collier,4137,2011,1800
03,Collier,4137,2012,1800
03,Collier,4137,2013,1800
03,Collier,4137,2014,2200
03,Collier,4137,2015,2200
03,Collier,4137,2016,2200
03,Collier,4137,2017,2200
03,Collier,4137,2018,2900
03,Collier,4137,2019,2900
03,Collier,4137,2020,2900
03,Collier,4137,2021,3100
03,Collier,4137,2022,3100
03,Collier,4137,2023,2400
03,Collier,4137,2024,2400
03,Collier,4137,2025,2400
03,Collier,4139,2011,2100
03,Collier,4139,2012,2100
03,Collier,4139,2013,2100
03,Collier,4139,2014,2900
03,Collier,4139,2015,3100
03,Collier,4139,2016,3300
03,Collier,4139,2017,3500
03,Collier,4139,2018,4400
03,Collier,4139,2019,4400
03,Collier,4139,2020,4400
03,Collier,4139,2021,4600
03,Collier,4139,2022,6000
03,Collier,4139,2023,6800
03,Collier,4139,2024,7000
03,Collier,4139,2025,7000
12,Lee,4140,2011,3800
12,Lee,4140,2012,3800
12,Lee,4140,2013,3800
12,Lee,4140,2014,3400
12,Lee,4140,2015,3600
12,Lee,4140,2016,3800
12,Lee,4140,2017,4000
12,Lee,4140,2018,4300
12,Lee,4140,2019,4500
12,Lee,4140,2020,4500
12,Lee,4140,2021,4700
12,Lee,4140,2022,5900
12,Lee,4140,2023,6000
12,Lee,4140,2024,6300
12,Lee,4140,2025,6600
12,Lee,4141,2011,21300
12,Lee,4141,2012,21200
12,Lee,4141,2013,21200
12,Lee,4141,2014,20500
12,Lee,4141,2015,21500
12,Lee,4141,2016,22000
12,Lee,4141,2017,22000
12,Lee,4141,2018,19700
12,Lee,4141,2019,21000
12,Lee,4141,2020,21300
12,Lee,4141,2021,21100
12,Lee,4141,2022,21800
12,Lee,4141,2023,23500
12,Lee,4141,2024,23000
12,Lee,4141,2025,23000
12,Lee,4142,2011,14000
12,Lee,4142,2012,14000
12,Lee,4142,2013,14000
12,Lee,4142,2014,15200
12,Lee,4142,2015,16000
12,Lee,4142,2016,17000
12,Lee,4142,2017,18000
12,Lee,4142,2018,17500
12,Lee,4142,2019,18300
12,Lee,4142,2020,18500
12,Lee,4142,2021,19500
12,Lee,4142,2022,17800
12,Lee,4142,2023,17500
12,Lee,4142,2024,18300
12,Lee,4142,2025,19100
12,Lee,4143,2011,6600
12,Lee,4143,2012,6600
12,Lee,4143,2013,6600
12,Lee,4143,2014,6400
12,Lee,4143,2015,6800
12,Lee,4143,2016,7000
12,Lee,4143,2017,7200
12,Lee,4143,2018,8400
12,Lee,4143,2019,8400
12,Lee,4143,2020,8200
12,Lee,4143,2021,8200
12,Lee,4143,2022,8200
12,Lee,4143,2023,10000
12,Lee,4143,2024,9800
12,Lee,4143,2025,9800
03,Collier,4144,2011,6900
12,Lee,4144,2011,3300
12,Lee,4144,2012,3300
03,Collier,4144,2012,6800
03,Collier,4144,2013,6800
12,Lee,4144,2013,3300
12,Lee,4144,2014,3200
03,Collier,4144,2014,10600
12,Lee,4144,2015,3400
03,Collier,4144,2015,11000
03,Collier,4144,2016,11400
12,Lee,4144,2016,3400
03,Collier,4144,2017,11800
12,Lee,4144,2017,3400
12,Lee,4144,2018,4600
03,Collier,4144,2018,14200
12,Lee,4144,2019,4100
03,Collier,4144,2019,14400
12,Lee,4144,2020,4000
03,Collier,4144,2020,14200
03,Collier,4144,2021,14800
12,Lee,4144,2021,4000
12,Lee,4144,2022,4000
03,Collier,4144,2022,10700
12,Lee,4144,2023,3400
03,Collier,4144,2023,13000
03,Collier,4144,2024,13400
12,Lee,4144,2024,3400
03,Collier,4144,2025,13400
12,Lee,4144,2025,3400
12,Lee,4145,2011,4400
12,Lee,4145,2012,4400
12,Lee,4145,2013,4400
12,Lee,4145,2014,5100
12,Lee,4145,2015,5300
12,Lee,4145,2016,5500
12,Lee,4145,2017,5700
12,Lee,4145,2018,6900
12,Lee,4145,2019,6900
12,Lee,4145,2020,6700
12,Lee,4145,2021,6700
12,Lee,4145,2022,5900
12,Lee,4145,2023,5900
12,Lee,4145,2024,5700
12,Lee,4145,2025,5700
12,Lee,4147,2011,4000
12,Lee,4147,2012,4000
12,Lee,4147,2013,4000
12,Lee,4147,2014,4200
12,Lee,4147,2015,4400
12,Lee,4147,2016,4500
12,Lee,4147,2017,4500
12,Lee,4147,2018,5000
12,Lee,4147,2019,5500
12,Lee,4147,2020,5500
12,Lee,4147,2021,5800
12,Lee,4147,2022,6000
12,Lee,4147,2023,3000
12,Lee,4147,2024,3200
12,Lee,4147,2025,3400
03,Collier,4148,2011,2700
12,Lee,4148,2011,15000
12,Lee,4148,2012,15000
03,Collier,4148,2012,2700
03,Collier,4148,2013,2700
12,Lee,4148,2013,15000
12,Lee,4148,2014,17900
03,Collier,4148,2014,3600
12,Lee,4148,2015,18800
03,Collier,4148,2015,3800
03,Collier,4148,2016,4000
12,Lee,4148,2016,18900
03,Collier,4148,2017,4200
12,Lee,4148,2017,18900
12,Lee,4148,2018,19400
03,Collier,4148,2018,4000
12,Lee,4148,2019,20000
03,Collier,4148,2019,4000
12,Lee,4148,2020,20000
03,Collier,4148,2020,4000
03,Collier,4148,2021,4200
12,Lee,4148,2021,21000
12,Lee,4148,2022,22000
03,Collier,4148,2022,4200
12,Lee,4148,2023,24000
03,Collier,4148,2023,3600
03,Collier,4148,2024,3800
12,Lee,4148,2024,15200
03,Collier,4148,2025,3800
12,Lee,4148,2025,15800
03,Collier,4149,2011,25500
12,Lee,4149,2011,2800
12,Lee,4149,2012,2800
03,Collier,4149,2012,25500
03,Collier,4149,2013,25500
12,Lee,4149,2013,2800
12,Lee,4149,2014,2900
03,Collier,4149,2014,30500
12,Lee,4149,2015,6000
03,Collier,4149,2015,32000
03,Collier,4149,2016,32500
12,Lee,4149,2016,5800
03,Collier,4149,2017,33500
12,Lee,4149,2017,6000
12,Lee,4149,2018,6000
03,Collier,4149,2018,31500
12,Lee,4149,2019,6000
03,Collier,4149,2019,32500
12,Lee,4149,2020,6050
03,Collier,4149,2020,25500
03,Collier,4149,2021,26500
12,Lee,4149,2021,6100
12,Lee,4149,2022,6100
03,Collier,4149,2022,27500
12,Lee,4149,2023,6300
03,Collier,4149,2023,29500
03,Collier,4149,2024,30500
12,Lee,4149,2024,6400
03,Collier,4149,2025,31500
12,Lee,4149,2025,6500
03,Collier,4150,2024,30500
03,Collier,4150,2025,30500
03,Collier,4152,2011,12500
12,Lee,4152,2011,4300
12,Lee,4152,2012,4300
03,Collier,4152,2012,12500
03,Collier,4152,2013,12500
12,Lee,4152,2013,4300
12,Lee,4152,2014,5700
03,Collier,4152,2014,14400
12,Lee,4152,2015,5900
03,Collier,4152,2015,15000
03,Collier,4152,2016,15600
12,Lee,4152,2016,6100
03,Collier,4152,2017,16000
12,Lee,4152,2017,6100
12,Lee,4152,2018,5500
03,Collier,4152,2018,15900
12,Lee,4152,2019,6000
03,Collier,4152,2019,16200
12,Lee,4152,2020,6000
03,Collier,4152,2020,14800
03,Collier,4152,2021,15400
12,Lee,4152,2021,6400
12,Lee,4152,2022,6700
03,Collier,4152,2022,15800
12,Lee,4152,2023,5700
03,Collier,4152,2023,17000
03,Collier,4152,2024,17600
12,Lee,4152,2024,5900
03,Collier,4152,2025,18200
12,Lee,4152,2025,6100
03,Collier,4153,2011,450
12,Lee,4153,2011,5700
12,Lee,4153,2012,5700
03,Collier,4153,2012,450
03,Collier,4153,2013,450
12,Lee,4153,2013,5700
12,Lee,4153,2014,6000
03,Collier,4153,2014,300
12,Lee,4153,2015,6400
12,Lee,4153,2016,6600
12,Lee,4153,2017,6800
12,Lee,4153,2018,7600
12,Lee,4153,2019,7600
12,Lee,4153,2020,7400
12,Lee,4153,2021,7400
12,Lee,4153,2022,7400
12,Lee,4153,2023,7600
12,Lee,4153,2024,9100
12,Lee,4153,2025,9100
03,Collier,4155,2011,22500
12,Lee,4155,2011,10700
12,Lee,4155,2012,10700
03,Collier,4155,2012,22500
03,Collier,4155,2013,22500
12,Lee,4155,2013,10700
12,Lee,4155,2014,9200
03,Collier,4155,2014,27500
12,Lee,4155,2015,9600
03,Collier,4155,2015,28500
03,Collier,4155,2016,27500
12,Lee,4155,2016,10200
03,Collier,4155,2017,28500
12,Lee,4155,2017,10800
12,Lee,4155,2018,9900
03,Collier,4155,2018,31000
12,Lee,4155,2019,10300
03,Collier,4155,2019,27000
12,Lee,4155,2020,11900
03,Collier,4155,2020,26500
03,Collier,4155,2021,27500
12,Lee,4155,2021,12600
12,Lee,4155,2022,13200
03,Collier,4155,2022,28500
12,Lee,4155,2023,14400
03,Collier,4155,2023,33500
03,Collier,4155,2024,34500
12,Lee,4155,2024,15000
03,Collier,4155,2025,34500
12,Lee,4155,2025,15500
03,Collier,4157,2011,750
12,Lee,4157,2011,11200
12,Lee,4157,2012,11200
03,Collier,4157,2012,750
03,Collier,4157,2013,750
12,Lee,4157,2013,11200
12,Lee,4157,2014,19800
03,Collier,4157,2014,1200
12,Lee,4157,2015,21000
03,Collier,4157,2015,1200
03,Collier,4157,2016,1300
12,Lee,4157,2016,21000
03,Collier,4157,2017,1300
12,Lee,4157,2017,21000
12,Lee,4157,2018,20000
03,Collier,4157,2018,2200
12,Lee,4157,2019,21000
03,Collier,4157,2019,2200
12,Lee,4157,2020,22000
03,Collier,4157,2020,2200
03,Collier,4157,2021,2200
12,Lee,4157,2021,22000
12,Lee,4157,2022,22000
03,Collier,4157,2022,2200
12,Lee,4157,2023,23000
03,Collier,4157,2023,2800
03,Collier,4157,2024,2800
12,Lee,4157,2024,23000
03,Collier,4157,2025,2800
12,Lee,4157,2025,23000
12,Lee,4161,2011,5200
12,Lee,4161,2012,5200
12,Lee,4161,2013,5200
12,Lee,4161,2014,4800
12,Lee,4161,2015,5000
12,Lee,4161,2016,5200
12,Lee,4161,2017,5200
12,Lee,4161,2018,5200
12,Lee,4161,2019,5300
12,Lee,4161,2020,5300
12,Lee,4161,2021,5300
12,Lee,4161,2022,5300
12,Lee,4161,2023,9700
12,Lee,4161,2024,9500
12,Lee,4161,2025,9500
12,Lee,4164,2011,8900
12,Lee,4164,2012,8900
12,Lee,4164,2013,8900
12,Lee,4164,2014,5300
12,Lee,4164,2015,5500
12,Lee,4164,2016,5900
12,Lee,4164,2017,6300
12,Lee,4164,2018,6400
12,Lee,4164,2019,6600
12,Lee,4164,2020,6600
12,Lee,4164,2021,7000
12,Lee,4164,2022,7600
12,Lee,4164,2023,7600
12,Lee,4164,2024,8000
12,Lee,4164,2025,8400
03,Collier,4165,2014,2000
03,Collier,4165,2015,2100
03,Collier,4165,2016,170
03,Collier,4165,2017,170
03,Collier,4165,2018,120
03,Collier,4165,2019,120
03,Collier,4165,2020,120
03,Collier,4165,2021,80
03,Collier,4165,2022,80
03,Collier,4165,2023,80
03,Collier,4165,2024,80
03,Collier,4165,2025,80
03,Collier,4166,2011,16600
12,Lee,4166,2011,15800
12,Lee,4166,2012,15700
03,Collier,4166,2012,16400
03,Collier,4166,2013,16400
12,Lee,4166,2013,15700
12,Lee,4166,2014,15100
03,Collier,4166,2014,23000
12,Lee,4166,2015,15800
03,Collier,4166,2015,24000
03,Collier,4166,2016,25000
12,Lee,4166,2016,16000
03,Collier,4166,2017,26000
12,Lee,4166,2017,16000
12,Lee,4166,2018,17500
03,Collier,4166,2018,26500
12,Lee,4166,2019,18000
03,Collier,4166,2019,27000
12,Lee,4166,2020,18500
03,Collier,4166,2020,24000
03,Collier,4166,2021,25000
12,Lee,4166,2021,18500
12,Lee,4166,2022,18700
03,Collier,4166,2022,26000
12,Lee,4166,2023,19700
03,Collier,4166,2023,28000
03,Collier,4166,2024,29000
12,Lee,4166,2024,19500
03,Collier,4166,2025,25500
12,Lee,4166,2025,19600
12,Lee,4168,2011,17600
12,Lee,4168,2012,17400
12,Lee,4168,2013,17400
12,Lee,4168,2014,17200
12,Lee,4168,2015,18000
12,Lee,4168,2016,18200
12,Lee,4168,2017,18200
12,Lee,4168,2018,19500
12,Lee,4168,2019,20000
12,Lee,4168,2020,20500
12,Lee,4168,2021,19800
12,Lee,4168,2022,20000
12,Lee,4168,2023,21000
12,Lee,4168,2024,21000
12,Lee,4168,2025,21000
03,Collier,4171,2011,9200
12,Lee,4171,2011,7600
12,Lee,4171,2012,7600
03,Collier,4171,2012,9000
03,Collier,4171,2013,9000
12,Lee,4171,2013,7600
12,Lee,4171,2014,6800
03,Collier,4171,2014,9700
12,Lee,4171,2015,7200
03,Collier,4171,2015,10100
03,Collier,4171,2016,10500
12,Lee,4171,2016,6900
03,Collier,4171,2017,10900
12,Lee,4171,2017,7100
12,Lee,4171,2018,8900
03,Collier,4171,2018,13600
12,Lee,4171,2019,8900
03,Collier,4171,2019,13800
12,Lee,4171,2020,8900
03,Collier,4171,2020,13600
03,Collier,4171,2021,13700
12,Lee,4171,2021,9400
12,Lee,4171,2022,9800
03,Collier,4171,2022,13800
12,Lee,4171,2023,12100
03,Collier,4171,2023,15700
12,Lee,4171,2024,12700
12,Lee,4171,2025,13300
03,Collier,4172,2011,350
12,Lee,4172,2011,9200
12,Lee,4172,2012,9100
03,Collier,4172,2012,350
03,Collier,4172,2013,350
12,Lee,4172,2013,9100
12,Lee,4172,2014,7300
03,Collier,4172,2014,350
12,Lee,4172,2015,7700
03,Collier,4172,2015,350
03,Collier,4172,2016,500
12,Lee,4172,2016,7300
03,Collier,4172,2017,500
12,Lee,4172,2017,7300
12,Lee,4172,2018,9200
03,Collier,4172,2018,450
12,Lee,4172,2019,10000
03,Collier,4172,2019,450
12,Lee,4172,2020,10000
03,Collier,4172,2020,700
03,Collier,4172,2021,800
12,Lee,4172,2021,10000
12,Lee,4172,2022,9900
03,Collier,4172,2022,800
12,Lee,4172,2023,11600
03,Collier,4172,2023,900
03,Collier,4172,2024,900
12,Lee,4172,2024,12000
03,Collier,4172,2025,900
12,Lee,4172,2025,12000
12,Lee,4173,2011,1500
12,Lee,4173,2012,1500
12,Lee,4173,2013,5900
12,Lee,4173,2014,6100
12,Lee,4173,2015,6400
12,Lee,4173,2016,6900
12,Lee,4173,2017,7300
12,Lee,4173,2018,7000
12,Lee,4173,2019,7500
12,Lee,4173,2020,6600
12,Lee,4173,2021,7000
12,Lee,4173,2022,7600
12,Lee,4173,2023,11100
12,Lee,4173,2024,11700
12,Lee,4173,2025,12300
03,Collier,4174,2011,650
03,Collier,4174,2012,650
03,Collier,4174,2013,650
03,Collier,4174,2014,7900
03,Collier,4174,2015,8200
03,Collier,4174,2016,8600
03,Collier,4174,2017,8800
03,Collier,4174,2018,7900
03,Collier,4174,2019,8100
03,Collier,4174,2020,7900
03,Collier,4174,2021,8300
03,Collier,4174,2022,9700
03,Collier,4174,2023,9200
03,Collier,4174,2024,9600
03,Collier,4174,2025,9600
12,Lee,4175,2011,26500
12,Lee,4175,2012,26500
12,Lee,4175,2013,26500
12,Lee,4175,2014,32000
12,Lee,4175,2015,34000
12,Lee,4175,2016,36000
12,Lee,4175,2017,38000
12,Lee,4175,2018,27000
12,Lee,4175,2019,28000
12,Lee,4175,2020,29000
12,Lee,4175,2021,31000
12,Lee,4175,2022,32000
12,Lee,4175,2023,35000
12,Lee,4175,2024,54500
12,Lee,4175,2025,57000
03,Collier,4176,2011,3800
03,Collier,4176,2012,3700
03,Collier,4176,2013,3700
03,Collier,4176,2014,9100
03,Collier,4176,2015,9500
03,Collier,4176,2016,10300
03,Collier,4176,2017,10900
03,Collier,4176,2018,11700
03,Collier,4176,2019,12100
03,Collier,4176,2020,11800
03,Collier,4176,2021,12400
03,Collier,4176,2022,12800
03,Collier,4176,2023,15600
03,Collier,4176,2024,16600
03,Collier,4176,2025,16800
12,Lee,4177,2011,21500
12,Lee,4177,2012,21500
12,Lee,4177,2013,21500
12,Lee,4177,2014,19700
12,Lee,4177,2015,20500
12,Lee,4177,2016,21500
12,Lee,4177,2017,22500
12,Lee,4177,2018,23000
12,Lee,4177,2019,24000
12,Lee,4177,2020,24000
12,Lee,4177,2021,25000
12,Lee,4177,2022,30000
12,Lee,4177,2023,28500
12,Lee,4177,2024,29500
12,Lee,4177,2025,30500
12,Lee,4178,2011,21000
12,Lee,4178,2012,21000
12,Lee,4178,2013,21000
12,Lee,4178,2014,35000
12,Lee,4178,2015,37000
12,Lee,4178,2016,37000
12,Lee,4178,2017,38000
12,Lee,4178,2018,35000
12,Lee,4178,2019,36000
12,Lee,4178,2020,36000
12,Lee,4178,2021,36000
12,Lee,4178,2022,37000
12,Lee,4178,2023,36500
12,Lee,4178,2024,36500
12,Lee,4178,2025,36500
12,Lee,4181,2011,4000
12,Lee,4181,2012,4000
12,Lee,4181,2013,4000
12,Lee,4181,2014,4100
12,Lee,4181,2015,4300
12,Lee,4181,2016,4400
12,Lee,4181,2017,4400
12,Lee,4181,2018,4000
12,Lee,4181,2019,4400
12,Lee,4181,2020,4400
12,Lee,4181,2021,4400
12,Lee,4181,2022,4500
12,Lee,4181,2023,5300
12,Lee,4181,2024,5100
12,Lee,4181,2025,5100
12,Lee,4182,2011,4100
12,Lee,4182,2012,4100
12,Lee,4182,2013,4100
12,Lee,4182,2014,5400
12,Lee,4182,2015,5600
12,Lee,4182,2016,5900
12,Lee,4182,2017,6300
12,Lee,4182,2018,7100
12,Lee,4182,2019,7400
12,Lee,4182,2020,7400
12,Lee,4182,2021,7800
12,Lee,4182,2022,10200
12,Lee,4182,2023,11600
12,Lee,4182,2024,12200
12,Lee,4182,2025,12800
12,Lee,4183,2011,6200
12,Lee,4183,2012,6200
12,Lee,4183,2013,6200
12,Lee,4183,2014,7000
12,Lee,4183,2015,7400
12,Lee,4183,2016,7800
12,Lee,4183,2017,8400
12,Lee,4183,2018,10600
12,Lee,4183,2019,11000
12,Lee,4183,2020,11000
12,Lee,4183,2021,11500
12,Lee,4183,2022,11900
12,Lee,4183,2023,12400
12,Lee,4183,2024,13000
12,Lee,4183,2025,13600
03,Collier,4185,2011,1000
12,Lee,4185,2011,1400
12,Lee,4185,2012,1400
03,Collier,4185,2012,1000
03,Collier,4185,2013,1000
12,Lee,4185,2013,1400
12,Lee,4185,2014,1000
03,Collier,4185,2014,900
12,Lee,4185,2015,1100
03,Collier,4185,2015,900
03,Collier,4185,2016,900
12,Lee,4185,2016,1100
03,Collier,4185,2017,900
12,Lee,4185,2017,1200
12,Lee,4185,2018,1350
03,Collier,4185,2018,1400
12,Lee,4185,2019,1400
03,Collier,4185,2019,1400
12,Lee,4185,2020,1400
03,Collier,4185,2020,1400
03,Collier,4185,2021,1500
12,Lee,4185,2021,1500
12,Lee,4185,2022,1600
03,Collier,4185,2022,1000
12,Lee,4185,2023,2500
03,Collier,4185,2023,1300
03,Collier,4185,2024,1300
12,Lee,4185,2024,2700
03,Collier,4185,2025,1300
12,Lee,4185,2025,2900
03,Collier,4186,2011,40000
12,Lee,4186,2011,3400
12,Lee,4186,2012,3400
03,Collier,4186,2012,39000
03,Collier,4186,2013,39000
12,Lee,4186,2013,3400
12,Lee,4186,2014,1200
03,Collier,4186,2014,42500
12,Lee,4186,2015,1300
03,Collier,4186,2015,45000
03,Collier,4186,2016,47000
12,Lee,4186,2016,1400
03,Collier,4186,2017,48000
12,Lee,4186,2017,1500
12,Lee,4186,2018,1500
03,Collier,4186,2018,46000
12,Lee,4186,2019,1600
03,Collier,4186,2019,47000
12,Lee,4186,2020,1600
03,Collier,4186,2020,42500
03,Collier,4186,2021,44500
12,Lee,4186,2021,1700
12,Lee,4186,2022,2200
03,Collier,4186,2022,45500
12,Lee,4186,2023,2600
03,Collier,4186,2023,49500
03,Collier,4186,2024,51500
12,Lee,4186,2024,2800
03,Collier,4186,2025,54000
12,Lee,4186,2025,3000
03,Collier,4187,2011,5300
03,Collier,4187,2012,5200
03,Collier,4187,2013,5200
03,Collier,4187,2014,4500
03,Collier,4187,2015,4700
03,Collier,4187,2016,4900
03,Collier,4187,2017,5100
03,Collier,4187,2018,7800
03,Collier,4187,2019,8000
03,Collier,4187,2020,7800
03,Collier,4187,2021,8200
03,Collier,4187,2022,11700
03,Collier,4187,2023,13700
03,Collier,4187,2024,14200
03,Collier,4187,2025,14200
03,Collier,4188,2011,3600
03,Collier,4188,2012,3500
03,Collier,4188,2013,4600
03,Collier,4188,2014,5500
03,Collier,4188,2015,5700
03,Collier,4188,2016,5900
03,Collier,4188,2017,6100
03,Collier,4188,2018,4100
03,Collier,4188,2019,5500
03,Collier,4188,2020,5300
03,Collier,4188,2021,5500
03,Collier,4188,2022,5700
03,Collier,4188,2023,5100
03,Collier,4188,2024,5300
03,Collier,4188,2025,5300
12,Lee,4189,2011,2300
12,Lee,4189,2012,2300
12,Lee,4189,2013,2300
12,Lee,4189,2014,1900
12,Lee,4189,2015,2000
12,Lee,4189,2016,2000
12,Lee,4189,2017,2000
12,Lee,4189,2018,2300
12,Lee,4189,2019,2500
12,Lee,4189,2020,2500
12,Lee,4189,2021,2500
12,Lee,4189,2022,2600
12,Lee,4189,2023,2500
12,Lee,4189,2024,2500
12,Lee,4189,2025,2500
12,Lee,4190,2011,2300
12,Lee,4190,2012,2300
12,Lee,4190,2013,2300
12,Lee,4190,2014,3800
12,Lee,4190,2015,4000
12,Lee,4190,2016,4000
12,Lee,4190,2017,4000
12,Lee,4190,2018,3600
12,Lee,4190,2019,4000
12,Lee,4190,2020,4000
12,Lee,4190,2021,4000
12,Lee,4190,2022,4100
12,Lee,4190,2023,4400
12,Lee,4190,2024,4400
12,Lee,4190,2025,4400
12,Lee,4192,2011,3200
12,Lee,4192,2012,3200
12,Lee,4192,2013,3200
12,Lee,4192,2014,3200
12,Lee,4192,2015,6300
12,Lee,4192,2016,6500
12,Lee,4192,2017,6500
12,Lee,4192,2018,7600
12,Lee,4192,2019,8000
12,Lee,4192,2020,8400
12,Lee,4192,2021,8800
12,Lee,4192,2022,9000
12,Lee,4192,2023,9600
12,Lee,4192,2024,9400
12,Lee,4192,2025,9400
12,Lee,4194,2011,13400
12,Lee,4194,2012,13400
12,Lee,4194,2013,13400
12,Lee,4194,2014,10600
12,Lee,4194,2015,11100
12,Lee,4194,2016,11100
12,Lee,4194,2017,11100
12,Lee,4194,2018,11800
12,Lee,4194,2019,12000
12,Lee,4194,2020,12000
12,Lee,4194,2021,12000
12,Lee,4194,2022,12500
12,Lee,4194,2023,15300
12,Lee,4194,2024,15000
12,Lee,4194,2025,15200
12,Lee,4195,2011,10900
12,Lee,4195,2012,10900
12,Lee,4195,2013,10900
12,Lee,4195,2014,10900
12,Lee,4195,2015,11500
12,Lee,4195,2016,11700
12,Lee,4195,2017,11900
12,Lee,4195,2018,12600
12,Lee,4195,2019,12600
12,Lee,4195,2020,12200
12,Lee,4195,2021,12200
12,Lee,4195,2022,12200
12,Lee,4195,2023,13600
12,Lee,4195,2024,13400
12,Lee,4195,2025,13500
12,Lee,4196,2011,4100
12,Lee,4196,2012,4100
12,Lee,4196,2013,4100
12,Lee,4196,2014,3000
12,Lee,4196,2015,3200
12,Lee,4196,2016,3400
12,Lee,4196,2017,3600
12,Lee,4196,2018,3400
12,Lee,4196,2019,3600
12,Lee,4196,2020,3600
12,Lee,4196,2021,3800
12,Lee,4196,2022,3100
12,Lee,4196,2023,3400
12,Lee,4196,2024,3600
12,Lee,4196,2025,3800
12,Lee,4197,2011,12100
12,Lee,4197,2012,12100
12,Lee,4197,2013,12100
12,Lee,4197,2014,7600
12,Lee,4197,2015,8000
12,Lee,4197,2016,8400
12,Lee,4197,2017,8800
12,Lee,4197,2018,8400
12,Lee,4197,2019,8800
12,Lee,4197,2020,8800
12,Lee,4197,2021,9400
12,Lee,4197,2022,13400
12,Lee,4197,2023,14600
12,Lee,4197,2024,15400
12,Lee,4197,2025,16100
12,Lee,4198,2011,1700
12,Lee,4198,2012,1700
12,Lee,4198,2013,2600
12,Lee,4198,2014,2600
12,Lee,4198,2015,2800
12,Lee,4198,2016,2600
12,Lee,4198,2017,2800
12,Lee,4198,2018,3400
12,Lee,4198,2019,4100
12,Lee,4198,2020,4100
12,Lee,4198,2021,4300
12,Lee,4198,2022,4400
12,Lee,4198,2023,6300
12,Lee,4198,2024,6700
12,Lee,4198,2025,7100
12,Lee,4199,2012,11500
03,Collier,4199,2012,2800
03,Collier,4199,2013,2800
12,Lee,4199,2013,11500
12,Lee,4199,2014,11700
03,Collier,4199,2014,2800
12,Lee,4199,2015,13200
03,Collier,4199,2015,3500
03,Collier,4199,2016,3700
12,Lee,4199,2016,13600
03,Collier,4199,2017,3900
12,Lee,4199,2017,13600
12,Lee,4199,2018,11300
03,Collier,4199,2018,2300
12,Lee,4199,2019,11500
03,Collier,4199,2019,2300
12,Lee,4199,2020,11700
03,Collier,4199,2020,2300
03,Collier,4199,2021,2400
12,Lee,4199,2021,11200
12,Lee,4199,2022,11600
03,Collier,4199,2022,2400
12,Lee,4199,2023,12600
03,Collier,4199,2023,2400
03,Collier,4199,2024,2400
12,Lee,4199,2024,13200
03,Collier,4199,2025,2400
12,Lee,4199,2025,13800
12,Lee,4200,2012,1700
03,Collier,4200,2012,550
03,Collier,4200,2013,550
12,Lee,4200,2013,1700
03,Collier,4200,2014,550
03,Collier,4200,2015,500
03,Collier,4200,2016,500
03,Collier,4200,2017,500
03,Collier,4200,2018,700
03,Collier,4200,2019,700
03,Collier,4200,2020,1150
03,Collier,4200,2021,1150
03,Collier,4200,2022,1150
03,Collier,4200,2023,1250
03,Collier,4200,2024,1250
03,Collier,4200,2025,1350
12,Lee,4201,2012,4700
03,Collier,4201,2012,3100
03,Collier,4201,2013,3100
12,Lee,4201,2013,4700
12,Lee,4201,2014,4800
03,Collier,4201,2014,3100
12,Lee,4201,2015,4500
03,Collier,4201,2015,2500
03,Collier,4201,2016,2700
12,Lee,4201,2016,4700
03,Collier,4201,2017,2700
12,Lee,4201,2017,4900
12,Lee,4201,2018,5000
03,Collier,4201,2018,2800
12,Lee,4201,2019,5200
03,Collier,4201,2019,2800
12,Lee,4201,2020,5700
03,Collier,4201,2020,2800
03,Collier,4201,2021,3000
12,Lee,4201,2021,6100
12,Lee,4201,2022,6300
03,Collier,4201,2022,3500
12,Lee,4201,2023,6900
03,Collier,4201,2023,4000
03,Collier,4201,2024,4200
12,Lee,4201,2024,6200
03,Collier,4201,2025,4200
12,Lee,4201,2025,6400
12,Lee,4202,2012,6300
12,Lee,4202,2013,6300
12,Lee,4202,2014,6400
12,Lee,4202,2015,6700
12,Lee,4202,2016,7100
12,Lee,4202,2017,7500
12,Lee,4202,2018,8400
12,Lee,4202,2019,8800
12,Lee,4202,2020,9800
12,Lee,4202,2021,10400
12,Lee,4202,2022,10800
12,Lee,4202,2023,11800
03,Collier,4202,2024,10800
12,Lee,4202,2024,13200
12,Lee,4202,2025,13800
12,Lee,4203,2012,13000
03,Collier,4203,2012,5100
03,Collier,4203,2013,5100
12,Lee,4203,2013,13000
12,Lee,4203,2014,13500
03,Collier,4203,2014,5200
12,Lee,4203,2015,14600
03,Collier,4203,2015,6700
03,Collier,4203,2016,7200
12,Lee,4203,2016,15000
03,Collier,4203,2017,7400
12,Lee,4203,2017,15400
12,Lee,4203,2018,16700
03,Collier,4203,2018,7500
12,Lee,4203,2019,16700
03,Collier,4203,2019,8200
12,Lee,4203,2020,17300
03,Collier,4203,2020,8000
03,Collier,4203,2021,8400
12,Lee,4203,2021,17300
12,Lee,4203,2022,17300
03,Collier,4203,2022,8600
12,Lee,4203,2023,17700
03,Collier,4203,2023,10700
03,Collier,4203,2024,11100
12,Lee,4203,2024,17700
03,Collier,4203,2025,11100
12,Lee,4203,2025,17900
03,Collier,4204,2024,800
03,Collier,4204,2025,800
12,Lee,4205,2006,12600
03,Collier,4205,2024,7700
03,Collier,4205,2025,7700
03,Collier,4206,2024,7700
03,Collier,4206,2025,7700
03,Collier,4207,2024,800
03,Collier,4207,2025,800
03,Collier,4208,2024,10800
03,Collier,4208,2025,11000
03,Collier,4209,2024,10800
03,Collier,4209,2025,11000
12,Lee,4215,2008,6800
12,Lee,4215,2009,6800
12,Lee,4215,2010,6800
12,Lee,4215,2011,7400
12,Lee,4215,2012,7200
12,Lee,4215,2013,7200
12,Lee,4215,2014,6700
12,Lee,4215,2015,6900
12,Lee,4215,2016,7100
12,Lee,4215,2017,7300
12,Lee,4215,2018,8300
12,Lee,4215,2019,9000
12,Lee,4215,2020,9000
12,Lee,4215,2021,9500
12,Lee,4215,2022,9900
12,Lee,4215,2023,8600
12,Lee,4215,2024,9000
12,Lee,4215,2025,9400
12,Lee,4226,2008,33000
12,Lee,4226,2009,33000
12,Lee,4226,2010,33000
12,Lee,4226,2011,34000
12,Lee,4226,2012,34000
12,Lee,4226,2013,34000
12,Lee,4226,2014,35500
12,Lee,4226,2015,37000
12,Lee,4226,2016,38000
12,Lee,4226,2017,38000
12,Lee,4226,2018,38000
12,Lee,4226,2019,38500
12,Lee,4226,2020,38500
12,Lee,4226,2021,41000
12,Lee,4226,2022,43000
12,Lee,4226,2023,39000
12,Lee,4226,2024,41000
12,Lee,4226,2025,43000
12,Lee,4237,2008,39000
12,Lee,4237,2009,39000
12,Lee,4237,2010,38000
12,Lee,4237,2011,31500
12,Lee,4237,2012,31500
12,Lee,4237,2013,32500
12,Lee,4237,2014,34000
12,Lee,4237,2015,35000
12,Lee,4237,2016,36000
12,Lee,4237,2017,37000
12,Lee,4237,2018,34000
12,Lee,4237,2019,37000
12,Lee,4237,2020,37000
12,Lee,4237,2021,37000
12,Lee,4237,2022,37000
12,Lee,4237,2023,38000
12,Lee,4237,2024,38000
12,Lee,4237,2025,38000
12,Lee,4247,2008,22000
12,Lee,4247,2009,21000
12,Lee,4247,2010,20800
12,Lee,4247,2011,18500
12,Lee,4247,2012,18500
12,Lee,4247,2013,19300
12,Lee,4247,2014,19900
12,Lee,4247,2015,21000
12,Lee,4247,2016,20000
12,Lee,4247,2017,19000
12,Lee,4247,2018,21500
12,Lee,4247,2019,20500
12,Lee,4247,2020,20500
12,Lee,4247,2021,20500
12,Lee,4247,2022,20500
12,Lee,4247,2023,23000
12,Lee,4247,2024,23500
12,Lee,4247,2025,24000
12,Lee,4248,2011,5000
12,Lee,4248,2012,5000
12,Lee,4248,2013,5200
12,Lee,4248,2014,5600
12,Lee,4248,2015,5900
12,Lee,4248,2016,5700
12,Lee,4248,2017,5500
12,Lee,4248,2018,7700
12,Lee,4248,2019,8800
12,Lee,4248,2020,8800
12,Lee,4248,2021,8800
12,Lee,4248,2022,8800
12,Lee,4248,2023,8400
12,Lee,4248,2024,8500
12,Lee,4248,2025,8600
12,Lee,4249,2008,34500
12,Lee,4249,2010,26500
12,Lee,4249,2011,27500
12,Lee,4249,2012,27500
12,Lee,4249,2013,4800
12,Lee,4249,2014,5000
12,Lee,4249,2015,5200
12,Lee,4249,2016,31000
12,Lee,4249,2017,32000
12,Lee,4249,2018,33000
12,Lee,4249,2019,39000
12,Lee,4249,2020,39000
12,Lee,4249,2021,39000
12,Lee,4249,2022,39000
12,Lee,4249,2023,40500
12,Lee,4249,2024,41000
12,Lee,4249,2025,41500
12,Lee,4250,2008,3400
12,Lee,4250,2009,3200
12,Lee,4250,2010,3200
12,Lee,4250,2011,2900
12,Lee,4250,2012,2900
12,Lee,4250,2013,3100
12,Lee,4250,2014,3800
12,Lee,4250,2015,4000
12,Lee,4250,2016,3800
12,Lee,4250,2017,3600
12,Lee,4250,2018,7800
12,Lee,4250,2019,9200
12,Lee,4250,2020,9200
12,Lee,4250,2021,9200
12,Lee,4250,2022,9200
12,Lee,4250,2023,13800
12,Lee,4250,2024,14000
12,Lee,4250,2025,14000
12,Lee,4251,2010,2100
12,Lee,4251,2011,2100
12,Lee,4251,2012,2100
12,Lee,4251,2013,2700
12,Lee,4257,2008,27500
12,Lee,4257,2009,27500
12,Lee,4257,2010,27500
12,Lee,4257,2011,28000
12,Lee,4257,2012,27500
12,Lee,4257,2013,27500
12,Lee,4257,2014,25500
12,Lee,4257,2015,26500
12,Lee,4257,2016,27500
12,Lee,4257,2017,28500
12,Lee,4257,2018,23500
12,Lee,4257,2019,26000
12,Lee,4257,2020,26000
12,Lee,4257,2021,27500
12,Lee,4257,2022,28500
12,Lee,4257,2023,23000
12,Lee,4257,2024,24000
12,Lee,4257,2025,25000
12,Lee,4263,2008,49500
12,Lee,4263,2009,50500
12,Lee,4263,2010,50500
12,Lee,4263,2011,54000
12,Lee,4263,2012,54000
12,Lee,4263,2013,54000
12,Lee,4263,2014,56000
12,Lee,4263,2015,53500
12,Lee,4263,2016,54500
12,Lee,4263,2017,55500
12,Lee,4263,2018,54500
12,Lee,4263,2019,55000
12,Lee,4263,2020,54000
12,Lee,4263,2021,54000
12,Lee,4263,2022,54000
12,Lee,4263,2023,67500
12,Lee,4263,2024,66500
12,Lee,4263,2025,67000
12,Lee,4267,2008,33000
12,Lee,4267,2009,33000
12,Lee,4267,2010,33000
12,Lee,4267,2011,30500
12,Lee,4267,2012,29500
12,Lee,4267,2013,28500
12,Lee,4267,2014,35500
12,Lee,4267,2015,30000
12,Lee,4267,2016,32000
12,Lee,4267,2017,33000
12,Lee,4267,2018,30500
12,Lee,4267,2019,32000
12,Lee,4267,2020,32000
12,Lee,4267,2021,32000
12,Lee,4267,2022,32500
12,Lee,4267,2023,36500
12,Lee,4267,2024,35500
12,Lee,4267,2025,35500
12,Lee,4274,2008,7300
12,Lee,4274,2009,7300
12,Lee,4274,2010,7500
12,Lee,4274,2011,5700
12,Lee,4274,2012,5700
12,Lee,4274,2013,6500
12,Lee,4274,2014,6500
12,Lee,4274,2015,6500
12,Lee,4274,2016,10300
12,Lee,4274,2017,10300
12,Lee,4274,2018,6700
12,Lee,4274,2019,7000
12,Lee,4274,2020,7000
12,Lee,4274,2021,7400
12,Lee,4274,2022,7700
12,Lee,4274,2023,5300
12,Lee,4274,2024,5500
12,Lee,4274,2025,5700
12,Lee,4278,2008,24000
12,Lee,4278,2009,24000
12,Lee,4278,2010,24000
12,Lee,4278,2011,21000
12,Lee,4278,2012,21000
12,Lee,4278,2013,21000
12,Lee,4278,2014,23500
12,Lee,4278,2015,24500
12,Lee,4278,2016,25500
12,Lee,4278,2017,26500
12,Lee,4278,2018,23500
12,Lee,4278,2019,25000
12,Lee,4278,2020,25000
12,Lee,4278,2021,25000
12,Lee,4278,2022,27500
12,Lee,4278,2023,27000
12,Lee,4278,2024,27000
12,Lee,4278,2025,27000
12,Lee,4280,2008,27500
12,Lee,4280,2009,27500
12,Lee,4280,2010,27500
12,Lee,4280,2011,26000
12,Lee,4280,2012,26000
12,Lee,4280,2013,26000
12,Lee,4280,2014,30500
12,Lee,4280,2015,31500
12,Lee,4280,2016,32500
12,Lee,4280,2017,30500
12,Lee,4280,2018,29500
12,Lee,4280,2019,30500
12,Lee,4280,2020,30500
12,Lee,4280,2021,30500
12,Lee,4280,2022,30500
12,Lee,4280,2023,32000
12,Lee,4280,2024,32000
12,Lee,4280,2025,32000
12,Lee,4284,2008,11200
12,Lee,4284,2009,11400
12,Lee,4284,2010,11600
12,Lee,4284,2011,11100
12,Lee,4284,2012,10900
12,Lee,4284,2013,10900
12,Lee,4284,2014,11000
12,Lee,4284,2015,2400
12,Lee,4284,2016,2400
12,Lee,4284,2017,2400
12,Lee,4284,2018,2600
12,Lee,4284,2019,2800
12,Lee,4284,2020,2800
12,Lee,4284,2021,3000
12,Lee,4284,2022,3100
12,Lee,4284,2023,18300
12,Lee,4284,2024,19200
12,Lee,4284,2025,19800
12,Lee,4300,2008,9900
12,Lee,4300,2009,9900
12,Lee,4300,2010,10100
12,Lee,4300,2011,6900
12,Lee,4300,2012,6900
12,Lee,4300,2013,6900
12,Lee,4300,2014,8400
12,Lee,4300,2015,8400
12,Lee,4300,2016,8200
12,Lee,4300,2017,8000
12,Lee,4300,2018,10200
12,Lee,4300,2019,11000
12,Lee,4300,2020,11000
12,Lee,4300,2021,11500
12,Lee,4300,2022,12000
12,Lee,4300,2023,7100
12,Lee,4300,2024,7500
12,Lee,4300,2025,7900
12,Lee,4315,2008,6900
12,Lee,4315,2009,6900
12,Lee,4315,2010,6900
12,Lee,4315,2011,5500
12,Lee,4315,2012,5300
12,Lee,4315,2013,5200
12,Lee,4315,2014,6600
12,Lee,4315,2015,7000
12,Lee,4315,2016,7400
12,Lee,4315,2017,7800
12,Lee,4315,2018,8100
12,Lee,4315,2019,8500
12,Lee,4315,2020,8500
12,Lee,4315,2021,9000
12,Lee,4315,2022,9400
12,Lee,4315,2023,10400
12,Lee,4315,2024,10900
12,Lee,4315,2025,11400
12,Lee,4319,2008,5000
12,Lee,4319,2009,5000
12,Lee,4319,2010,5000
12,Lee,4319,2011,17200
12,Lee,4319,2012,17200
12,Lee,4319,2013,17400
12,Lee,4319,2014,20000
12,Lee,4319,2015,21000
12,Lee,4319,2016,21000
12,Lee,4319,2017,21000
12,Lee,4319,2018,19200
12,Lee,4319,2019,20000
12,Lee,4319,2020,20000
12,Lee,4319,2021,21000
12,Lee,4319,2022,22000
12,Lee,4319,2023,13800
12,Lee,4319,2024,14500
12,Lee,4319,2025,15100
12,Lee,4323,2008,19300
12,Lee,4323,2009,19300
12,Lee,4323,2010,19300
12,Lee,4323,2011,20500
12,Lee,4323,2012,20500
12,Lee,4323,2013,20500
12,Lee,4323,2014,21000
12,Lee,4323,2015,22000
12,Lee,4323,2016,23000
12,Lee,4323,2017,24000
12,Lee,4323,2018,22000
12,Lee,4323,2019,23000
12,Lee,4323,2020,23000
12,Lee,4323,2021,24500
12,Lee,4323,2022,25500
12,Lee,4323,2023,28000
12,Lee,4323,2024,29500
12,Lee,4323,2025,15800
12,Lee,4370,2008,10300
12,Lee,4370,2009,10500
12,Lee,4370,2010,10500
12,Lee,4370,2011,13800
12,Lee,4370,2012,13400
12,Lee,4370,2013,13400
12,Lee,4370,2014,13500
12,Lee,4370,2015,14300
12,Lee,4370,2016,14700
12,Lee,4370,2017,15100
12,Lee,4370,2018,13000
12,Lee,4370,2019,14100
12,Lee,4370,2020,13700
12,Lee,4370,2021,13700
12,Lee,4370,2022,13700
12,Lee,4370,2023,15200
12,Lee,4370,2024,14900
12,Lee,4370,2025,15100
12,Lee,4373,2008,14200
12,Lee,4373,2009,14000
12,Lee,4373,2010,13800
12,Lee,4373,2011,14400
12,Lee,4373,2012,14000
12,Lee,4373,2013,13800
12,Lee,4373,2014,16000
12,Lee,4373,2015,16800
12,Lee,4373,2016,17800
12,Lee,4373,2017,18800
12,Lee,4373,2018,19400
12,Lee,4373,2019,20000
12,Lee,4373,2020,20000
12,Lee,4373,2021,20000
12,Lee,4373,2022,20500
12,Lee,4373,2023,25000
12,Lee,4373,2024,24500
12,Lee,4373,2025,24500
12,Lee,4374,2008,18400
12,Lee,4374,2009,18200
12,Lee,4374,2010,18000
12,Lee,4374,2011,17500
12,Lee,4374,2012,17000
12,Lee,4374,2013,16600
12,Lee,4374,2014,19000
12,Lee,4374,2015,20000
12,Lee,4374,2016,21000
12,Lee,4374,2017,22000
12,Lee,4374,2018,20400
12,Lee,4374,2019,20600
12,Lee,4374,2020,20500
12,Lee,4374,2021,20500
12,Lee,4374,2022,21000
12,Lee,4374,2023,29000
12,Lee,4374,2024,28000
12,Lee,4374,2025,28000
12,Lee,4384,2008,15000
12,Lee,4384,2009,15200
12,Lee,4384,2010,15400
12,Lee,4384,2011,14400
12,Lee,4384,2012,14200
12,Lee,4384,2013,14200
12,Lee,4384,2014,12700
12,Lee,4384,2015,13300
12,Lee,4384,2016,13700
12,Lee,4384,2017,14100
12,Lee,4384,2018,14300
12,Lee,4384,2019,14500
12,Lee,4384,2020,14500
12,Lee,4384,2021,15500
12,Lee,4384,2022,16000
12,Lee,4384,2023,14100
12,Lee,4384,2024,14800
12,Lee,4384,2025,15400
12,Lee,4387,2008,26000
12,Lee,4387,2009,26000
12,Lee,4387,2010,26000
12,Lee,4387,2011,27500
12,Lee,4387,2012,26500
12,Lee,4387,2013,26500
12,Lee,4387,2014,30000
12,Lee,4387,2015,32000
12,Lee,4387,2016,33000
12,Lee,4387,2017,34500
12,Lee,4387,2018,34000
12,Lee,4387,2019,33500
12,Lee,4387,2020,32500
12,Lee,4387,2021,32500
12,Lee,4387,2022,32500
12,Lee,4387,2023,35000
12,Lee,4387,2024,34000
12,Lee,4387,2025,34000
12,Lee,4389,2008,6700
12,Lee,4389,2009,6700
12,Lee,4389,2010,6700
12,Lee,4389,2011,6900
12,Lee,4389,2012,6700
12,Lee,4389,2013,6500
12,Lee,4389,2014,6700
12,Lee,4389,2015,7100
12,Lee,4389,2016,7500
12,Lee,4389,2017,7900
12,Lee,4389,2018,8100
12,Lee,4389,2019,8400
12,Lee,4389,2020,8400
12,Lee,4389,2021,8900
12,Lee,4389,2022,9300
12,Lee,4389,2023,10500
12,Lee,4389,2024,11100
12,Lee,4389,2025,11700
12,Lee,4414,2008,11700
12,Lee,4414,2009,11300
12,Lee,4414,2010,11100
12,Lee,4414,2011,11400
12,Lee,4414,2012,11400
12,Lee,4414,2013,11900
12,Lee,4414,2014,14400
12,Lee,4414,2015,15100
12,Lee,4414,2016,14500
12,Lee,4414,2017,13900
12,Lee,4414,2018,16500
12,Lee,4414,2019,16200
12,Lee,4414,2020,16000
12,Lee,4414,2021,16000
12,Lee,4414,2022,16000
12,Lee,4414,2023,21000
12,Lee,4414,2024,21500
12,Lee,4414,2025,22000
12,Lee,4443,2008,5300
12,Lee,4443,2009,5300
12,Lee,4443,2010,5300
12,Lee,4443,2011,5200
12,Lee,4443,2012,5000
12,Lee,4443,2013,5000
12,Lee,4443,2014,5900
12,Lee,4443,2015,6300
12,Lee,4443,2016,6700
12,Lee,4443,2017,7100
12,Lee,4443,2018,8700
12,Lee,4443,2019,9000
12,Lee,4443,2020,9000
12,Lee,4443,2021,9500
12,Lee,4443,2022,9900
12,Lee,4443,2023,11000
12,Lee,4443,2024,11600
12,Lee,4443,2025,12200
12,Lee,4447,2008,19900
12,Lee,4447,2009,21500
12,Lee,4447,2010,21500
12,Lee,4447,2011,21000
12,Lee,4447,2012,21000
12,Lee,4447,2013,21000
12,Lee,4447,2014,22000
12,Lee,4447,2015,20000
12,Lee,4447,2016,20000
12,Lee,4447,2017,20000
12,Lee,4447,2018,24500
12,Lee,4447,2019,24500
12,Lee,4447,2020,24000
12,Lee,4447,2021,24000
12,Lee,4447,2022,24000
12,Lee,4447,2023,25000
12,Lee,4447,2024,25500
12,Lee,4447,2025,25500
12,Lee,4453,2008,9400
12,Lee,4453,2009,9900
12,Lee,4453,2010,9700
12,Lee,4453,2011,8900
12,Lee,4453,2012,9100
12,Lee,4453,2013,9100
12,Lee,4453,2014,11600
12,Lee,4465,2008,8000
12,Lee,4465,2009,7600
12,Lee,4465,2010,7400
12,Lee,4465,2011,10100
12,Lee,4465,2012,10100
12,Lee,4465,2013,10500
12,Lee,4465,2014,11000
12,Lee,4465,2015,11600
12,Lee,4465,2016,11200
12,Lee,4465,2017,10800
12,Lee,4465,2018,15000
12,Lee,4465,2019,20500
12,Lee,4465,2020,20500
12,Lee,4465,2021,20500
12,Lee,4465,2022,20500
12,Lee,4465,2023,19600
12,Lee,4465,2024,20000
12,Lee,4465,2025,20500
12,Lee,4469,2008,10700
12,Lee,4469,2009,10900
12,Lee,4469,2010,11600
12,Lee,4469,2011,10400
12,Lee,4469,2012,10600
12,Lee,4469,2013,10800
12,Lee,4469,2014,11600
12,Lee,4469,2015,12200
12,Lee,4469,2016,12800
12,Lee,4469,2017,13400
12,Lee,4469,2018,15800
12,Lee,4469,2019,16000
12,Lee,4469,2020,15800
12,Lee,4469,2021,16500
12,Lee,4469,2022,17000
12,Lee,4469,2023,19900
12,Lee,4469,2024,21000
12,Lee,4469,2025,22000
12,Lee,4487,2008,1150
12,Lee,4487,2009,1150
12,Lee,4487,2010,1150
12,Lee,4487,2011,1700
12,Lee,4487,2012,1700
12,Lee,4487,2013,1700
12,Lee,4487,2014,1800
12,Lee,4487,2015,1900
12,Lee,4487,2016,2000
12,Lee,4487,2017,2100
12,Lee,4487,2018,2000
12,Lee,4487,2019,2200
12,Lee,4487,2020,2200
12,Lee,4487,2021,2300
12,Lee,4487,2022,2400
12,Lee,4487,2023,4000
12,Lee,4487,2024,4200
12,Lee,4487,2025,4400
12,Lee,4490,2008,15000
12,Lee,4490,2009,14400
12,Lee,4490,2010,14100
12,Lee,4490,2011,10100
12,Lee,4490,2012,10100
12,Lee,4490,2013,10500
12,Lee,4490,2014,11100
12,Lee,4490,2015,11700
12,Lee,4490,2016,11300
12,Lee,4490,2017,10900
12,Lee,4490,2018,13700
12,Lee,4490,2019,18800
12,Lee,4490,2020,18800
12,Lee,4490,2021,19000
12,Lee,4490,2022,19000
12,Lee,4490,2023,12500
12,Lee,4490,2024,13000
12,Lee,4490,2025,13000
12,Lee,4492,2008,20100
12,Lee,4492,2009,20100
12,Lee,4492,2010,20000
12,Lee,4492,2011,15600
12,Lee,4492,2012,15600
12,Lee,4492,2013,15800
12,Lee,4492,2014,18300
12,Lee,4492,2015,19100
12,Lee,4492,2016,19700
12,Lee,4492,2017,20300
12,Lee,4492,2018,20400
12,Lee,4492,2019,21000
12,Lee,4492,2020,21000
12,Lee,4492,2021,21500
12,Lee,4492,2022,21500
12,Lee,4492,2023,23500
12,Lee,4492,2024,24500
12,Lee,4492,2025,25500
03,Collier,4503,2008,42000
03,Collier,4503,2009,41000
03,Collier,4503,2010,40000
03,Collier,4503,2011,37000
03,Collier,4503,2012,36500
03,Collier,4503,2013,36500
03,Collier,4503,2014,41500
03,Collier,4503,2015,41500
03,Collier,4503,2016,43500
03,Collier,4503,2017,44500
03,Collier,4503,2018,39000
03,Collier,4503,2019,41500
03,Collier,4503,2020,40500
03,Collier,4503,2021,42500
03,Collier,4503,2022,44000
03,Collier,4503,2023,43000
03,Collier,4503,2024,45000
03,Collier,4503,2025,45000
03,Collier,4507,2008,31800
03,Collier,4507,2009,43500
03,Collier,4507,2010,42500
03,Collier,4507,2012,43000
03,Collier,4507,2013,43000
03,Collier,4507,2014,44000
03,Collier,4507,2015,52000
03,Collier,4507,2016,54000
03,Collier,4507,2017,56000
03,Collier,4507,2018,48000
03,Collier,4507,2019,49500
03,Collier,4507,2020,48500
03,Collier,4507,2021,50500
03,Collier,4507,2022,52000
03,Collier,4507,2023,57500
03,Collier,4507,2024,59500
03,Collier,4507,2025,59500
12,Lee,4510,2008,5500
03,Collier,4510,2008,19600
12,Lee,4510,2009,5500
03,Collier,4510,2010,18500
12,Lee,4510,2010,5500
03,Collier,4510,2011,18300
12,Lee,4510,2011,3800
12,Lee,4510,2012,3800
03,Collier,4510,2012,18100
03,Collier,4510,2013,19200
12,Lee,4510,2013,3800
12,Lee,4510,2014,4900
03,Collier,4510,2014,19400
12,Lee,4510,2015,4900
03,Collier,4510,2015,20000
03,Collier,4510,2016,16000
12,Lee,4510,2016,4900
03,Collier,4510,2017,16600
12,Lee,4510,2017,4900
12,Lee,4510,2018,4300
03,Collier,4510,2018,19100
12,Lee,4510,2019,4500
03,Collier,4510,2019,18200
12,Lee,4510,2020,4500
03,Collier,4510,2020,17800
03,Collier,4510,2021,18600
12,Lee,4510,2021,4800
12,Lee,4510,2022,5000
03,Collier,4510,2022,19000
12,Lee,4510,2023,6200
03,Collier,4510,2023,23500
03,Collier,4510,2024,24500
12,Lee,4510,2024,6600
12,Lee,4510,2025,7000
03,Collier,4510,2025,24500
12,Lee,4511,2008,23000
12,Lee,4511,2009,23000
12,Lee,4511,2010,23000
12,Lee,4511,2011,22500
12,Lee,4511,2012,22500
12,Lee,4511,2013,22500
12,Lee,4511,2014,23000
12,Lee,4511,2015,24000
12,Lee,4511,2016,25000
12,Lee,4511,2017,26000
12,Lee,4511,2018,25000
12,Lee,4511,2019,25500
12,Lee,4511,2020,25500
12,Lee,4511,2021,25500
12,Lee,4511,2022,25500
12,Lee,4511,2023,26500
12,Lee,4511,2024,26500
12,Lee,4511,2025,26500
12,Lee,4513,2008,54500
12,Lee,4513,2009,53500
12,Lee,4513,2010,53500
12,Lee,4513,2011,54500
12,Lee,4513,2012,54500
12,Lee,4513,2013,55500
12,Lee,4513,2014,59500
12,Lee,4513,2015,57500
12,Lee,4513,2016,59500
12,Lee,4513,2017,60500
12,Lee,4513,2018,63000
12,Lee,4513,2019,59000
12,Lee,4513,2020,58000
12,Lee,4513,2021,58000
12,Lee,4513,2022,58000
12,Lee,4513,2023,68500
12,Lee,4513,2024,67500
12,Lee,4513,2025,68500
12,Lee,4514,2008,30000
12,Lee,4514,2009,29000
12,Lee,4514,2010,28000
12,Lee,4514,2011,25000
12,Lee,4514,2012,25000
12,Lee,4514,2013,26000
12,Lee,4514,2014,32000
12,Lee,4514,2015,33500
12,Lee,4514,2016,32000
12,Lee,4514,2017,23000
12,Lee,4514,2018,22500
12,Lee,4514,2019,23500
12,Lee,4514,2020,23500
12,Lee,4514,2021,23500
12,Lee,4514,2022,23500
12,Lee,4514,2023,31500
12,Lee,4514,2024,32000
12,Lee,4514,2025,32500
12,Lee,4515,2008,51500
12,Lee,4515,2009,51500
12,Lee,4515,2010,51500
12,Lee,4515,2011,48000
12,Lee,4515,2012,48000
12,Lee,4515,2013,49000
12,Lee,4515,2014,49000
12,Lee,4515,2015,42000
12,Lee,4515,2016,43000
12,Lee,4515,2017,43000
12,Lee,4515,2018,41500
12,Lee,4515,2019,42000
12,Lee,4515,2020,42000
12,Lee,4515,2021,42000
12,Lee,4515,2022,43000
12,Lee,4515,2023,42500
12,Lee,4515,2024,41500
12,Lee,4515,2025,41500
12,Lee,4516,2008,58000
03,Collier,4516,2008,17600
12,Lee,4516,2009,57000
03,Collier,4516,2009,17200
12,Lee,4516,2010,57000
03,Collier,4516,2011,14300
12,Lee,4516,2011,57000
12,Lee,4516,2012,57000
03,Collier,4516,2012,14100
03,Collier,4516,2013,14100
12,Lee,4516,2013,58000
12,Lee,4516,2014,56000
03,Collier,4516,2014,15300
12,Lee,4516,2015,55000
03,Collier,4516,2015,15900
03,Collier,4516,2016,16500
12,Lee,4516,2016,57000
03,Collier,4516,2017,17100
12,Lee,4516,2017,57000
12,Lee,4516,2018,47000
03,Collier,4516,2018,17700
12,Lee,4516,2019,50000
03,Collier,4516,2019,21500
12,Lee,4516,2020,50000
03,Collier,4516,2020,21500
03,Collier,4516,2021,22500
12,Lee,4516,2021,50000
12,Lee,4516,2022,51000
03,Collier,4516,2022,23000
12,Lee,4516,2023,54000
03,Collier,4516,2023,21500
03,Collier,4516,2024,22500
12,Lee,4516,2024,53000
12,Lee,4516,2025,53000
03,Collier,4516,2025,22500
12,Lee,4521,2008,4800
03,Collier,4521,2008,11800
12,Lee,4521,2009,4800
03,Collier,4521,2009,11600
03,Collier,4521,2010,11400
12,Lee,4521,2010,4800
03,Collier,4521,2011,11000
12,Lee,4521,2011,4400
12,Lee,4521,2012,4400
03,Collier,4521,2012,10800
03,Collier,4521,2013,10800
12,Lee,4521,2013,4400
12,Lee,4521,2014,6500
03,Collier,4521,2014,11800
12,Lee,4521,2015,6900
03,Collier,4521,2015,12200
03,Collier,4521,2016,12800
12,Lee,4521,2016,7100
03,Collier,4521,2017,13400
12,Lee,4521,2017,7300
12,Lee,4521,2018,6700
03,Collier,4521,2018,13600
12,Lee,4521,2019,6400
03,Collier,4521,2019,15900
12,Lee,4521,2020,6200
03,Collier,4521,2020,15700
03,Collier,4521,2021,16300
12,Lee,4521,2021,6200
12,Lee,4521,2022,6200
03,Collier,4521,2022,16600
12,Lee,4521,2023,8300
03,Collier,4521,2023,16700
03,Collier,4521,2024,17300
12,Lee,4521,2024,8100
12,Lee,4521,2025,8100
03,Collier,4521,2025,17300
12,Lee,4522,2008,39000
12,Lee,4522,2009,39000
03,Collier,4522,2010,4600
12,Lee,4522,2010,39000
03,Collier,4522,2011,4600
12,Lee,4522,2011,36500
12,Lee,4522,2012,36500
03,Collier,4522,2012,4600
03,Collier,4522,2013,4500
12,Lee,4522,2013,36500
12,Lee,4522,2014,42500
03,Collier,4522,2014,4500
12,Lee,4522,2015,42500
03,Collier,4522,2015,4700
03,Collier,4522,2016,6000
12,Lee,4522,2016,44500
03,Collier,4522,2017,6200
12,Lee,4522,2017,45500
12,Lee,4522,2018,44500
03,Collier,4522,2018,5800
12,Lee,4522,2019,45000
03,Collier,4522,2019,7600
12,Lee,4522,2020,44000
03,Collier,4522,2020,7400
03,Collier,4522,2021,7600
12,Lee,4522,2021,44000
12,Lee,4522,2022,44000
03,Collier,4522,2022,7750
12,Lee,4522,2023,52000
03,Collier,4522,2023,9200
03,Collier,4522,2024,9600
12,Lee,4522,2024,51000
12,Lee,4522,2025,51000
03,Collier,4522,2025,9600
03,Collier,4523,2014,25500
03,Collier,4523,2015,25000
03,Collier,4523,2016,25500
03,Collier,4523,2017,27000
03,Collier,4523,2018,32000
03,Collier,4523,2019,32000
03,Collier,4523,2020,32000
03,Collier,4523,2021,38000
03,Collier,4523,2022,39000
03,Collier,4523,2023,42000
03,Collier,4523,2024,41500
03,Collier,4523,2025,41500
03,Collier,4524,2008,18300
03,Collier,4524,2009,17900
03,Collier,4524,2010,17500
03,Collier,4524,2011,13900
03,Collier,4524,2012,13700
03,Collier,4524,2013,13700
03,Collier,4524,2014,12200
03,Collier,4524,2015,12600
03,Collier,4524,2016,13200
03,Collier,4524,2017,13800
03,Collier,4524,2018,13400
03,Collier,4524,2019,11300
03,Collier,4524,2020,11100
03,Collier,4524,2021,11500
03,Collier,4524,2022,11900
03,Collier,4524,2023,11900
03,Collier,4524,2024,12300
03,Collier,4524,2025,12300
12,Lee,4525,2008,20100
03,Collier,4525,2008,27000
12,Lee,4525,2009,19200
03,Collier,4525,2009,26000
03,Collier,4525,2010,25000
12,Lee,4525,2010,18800
03,Collier,4525,2011,25500
12,Lee,4525,2011,15100
12,Lee,4525,2012,15100
03,Collier,4525,2012,25500
03,Collier,4525,2013,25500
12,Lee,4525,2013,15800
12,Lee,4525,2014,18400
03,Collier,4525,2014,28000
12,Lee,4525,2015,19200
03,Collier,4525,2015,29000
03,Collier,4525,2016,30000
12,Lee,4525,2016,18400
03,Collier,4525,2017,31000
12,Lee,4525,2017,17600
12,Lee,4525,2018,23500
03,Collier,4525,2018,33500
12,Lee,4525,2019,29500
03,Collier,4525,2019,34500
12,Lee,4525,2020,29500
03,Collier,4525,2020,33500
03,Collier,4525,2021,34500
12,Lee,4525,2021,29500
12,Lee,4525,2022,29500
03,Collier,4525,2022,35000
12,Lee,4525,2023,30000
03,Collier,4525,2023,43000
03,Collier,4525,2024,44500
12,Lee,4525,2024,30500
12,Lee,4525,2025,31000
03,Collier,4525,2025,44500
12,Lee,4526,2008,18700
03,Collier,4526,2008,39500
12,Lee,4526,2009,18500
03,Collier,4526,2009,38500
12,Lee,4526,2010,18500
03,Collier,4526,2011,30000
12,Lee,4526,2011,17100
12,Lee,4526,2012,17100
03,Collier,4526,2012,30000
03,Collier,4526,2013,30000
12,Lee,4526,2013,17300
12,Lee,4526,2014,24000
03,Collier,4526,2014,38000
12,Lee,4526,2015,25000
03,Collier,4526,2015,38500
03,Collier,4526,2016,40500
12,Lee,4526,2016,26000
03,Collier,4526,2017,41500
12,Lee,4526,2017,27000
12,Lee,4526,2018,22000
03,Collier,4526,2018,37500
12,Lee,4526,2019,26000
03,Collier,4526,2019,38500
12,Lee,4526,2020,25000
03,Collier,4526,2020,39000
03,Collier,4526,2021,41000
12,Lee,4526,2021,25000
12,Lee,4526,2022,25000
03,Collier,4526,2022,42000
12,Lee,4526,2023,30000
03,Collier,4526,2023,45000
03,Collier,4526,2024,47000
12,Lee,4526,2024,29000
12,Lee,4526,2025,29000
03,Collier,4526,2025,45500
12,Lee,4527,2008,13800
12,Lee,4527,2009,13600
12,Lee,4527,2010,13600
12,Lee,4527,2011,12000
12,Lee,4527,2012,12000
12,Lee,4527,2013,12200
12,Lee,4527,2014,14200
12,Lee,4527,2015,14600
12,Lee,4527,2016,15400
12,Lee,4527,2017,16000
12,Lee,4527,2018,17500
12,Lee,4527,2019,16900
12,Lee,4527,2020,16500
12,Lee,4527,2021,16500
12,Lee,4527,2022,16500
12,Lee,4527,2023,22000
12,Lee,4527,2024,22000
12,Lee,4527,2025,22000
03,Collier,4528,2008,26000
03,Collier,4528,2009,25000
03,Collier,4528,2010,24000
03,Collier,4528,2011,32000
03,Collier,4528,2012,32000
03,Collier,4528,2013,32000
03,Collier,4528,2014,35000
03,Collier,4528,2015,38000
03,Collier,4528,2016,43000
03,Collier,4528,2017,44000
03,Collier,4528,2018,38000
03,Collier,4528,2019,38500
03,Collier,4528,2020,37500
03,Collier,4528,2021,39000
03,Collier,4528,2022,40000
03,Collier,4528,2023,50500
03,Collier,4528,2024,52500
03,Collier,4528,2025,52500
03,Collier,4529,2008,18300
03,Collier,4529,2009,17900
03,Collier,4529,2010,17500
03,Collier,4529,2011,21000
03,Collier,4529,2012,20900
03,Collier,4529,2013,20900
03,Collier,4529,2014,22500
03,Collier,4529,2015,23500
03,Collier,4529,2016,22500
03,Collier,4529,2017,23500
03,Collier,4529,2018,26000
03,Collier,4529,2019,27000
03,Collier,4529,2020,26500
03,Collier,4529,2021,27500
03,Collier,4529,2022,28000
03,Collier,4529,2023,29000
03,Collier,4529,2024,30000
03,Collier,4529,2025,30000
03,Collier,4530,2008,26000
03,Collier,4530,2009,25000
03,Collier,4530,2010,24000
03,Collier,4530,2011,19700
03,Collier,4530,2012,19500
03,Collier,4530,2013,19500
03,Collier,4530,2014,21000
03,Collier,4530,2015,22000
03,Collier,4530,2016,23000
03,Collier,4530,2017,24000
03,Collier,4530,2018,19800
03,Collier,4530,2019,21500
03,Collier,4530,2020,21500
03,Collier,4530,2021,22500
03,Collier,4530,2022,23000
03,Collier,4530,2023,24000
03,Collier,4530,2024,25000
03,Collier,4530,2025,25000
03,Collier,4531,2008,24500
03,Collier,4531,2009,23500
03,Collier,4531,2010,23000
03,Collier,4531,2011,21500
03,Collier,4531,2012,21500
03,Collier,4531,2013,21500
03,Collier,4531,2014,24500
03,Collier,4531,2015,25500
03,Collier,4531,2016,26500
03,Collier,4531,2017,27500
03,Collier,4531,2018,28500
03,Collier,4531,2019,26000
03,Collier,4531,2020,26000
03,Collier,4531,2021,27000
03,Collier,4531,2022,27500
03,Collier,4531,2023,37500
03,Collier,4531,2024,38500
03,Collier,4531,2025,38500
03,Collier,4532,2008,25000
03,Collier,4532,2009,24000
03,Collier,4532,2010,24000
03,Collier,4532,2011,20400
03,Collier,4532,2012,22000
03,Collier,4532,2013,22000
03,Collier,4532,2014,22000
03,Collier,4532,2015,22500
03,Collier,4532,2016,29500
03,Collier,4532,2017,29500
03,Collier,4532,2018,32000
03,Collier,4532,2019,35000
03,Collier,4532,2020,34000
03,Collier,4532,2021,35000
03,Collier,4532,2022,36000
03,Collier,4532,2023,42000
03,Collier,4532,2024,42000
03,Collier,4532,2025,42000
03,Collier,4534,2008,16400
03,Collier,4534,2009,16000
03,Collier,4534,2010,15600
03,Collier,4534,2011,11500
03,Collier,4534,2012,11300
03,Collier,4534,2013,11300
03,Collier,4534,2014,13500
03,Collier,4534,2015,14100
03,Collier,4534,2016,14700
03,Collier,4534,2017,15300
03,Collier,4534,2018,15000
03,Collier,4534,2019,18200
03,Collier,4534,2020,17800
03,Collier,4534,2021,18600
03,Collier,4534,2022,19000
03,Collier,4534,2023,18700
03,Collier,4534,2024,19300
03,Collier,4534,2025,19300
03,Collier,4536,2008,34000
03,Collier,4536,2009,33000
03,Collier,4536,2010,32000
03,Collier,4536,2011,30000
03,Collier,4536,2012,30000
03,Collier,4536,2013,30000
03,Collier,4536,2014,34500
03,Collier,4536,2015,34500
03,Collier,4536,2016,35500
03,Collier,4536,2017,36500
03,Collier,4536,2018,38500
03,Collier,4536,2019,37000
03,Collier,4536,2020,36000
03,Collier,4536,2021,37000
03,Collier,4536,2022,38000
03,Collier,4536,2023,52000
03,Collier,4536,2024,54000
03,Collier,4536,2025,54000
03,Collier,4537,2008,31600
03,Collier,4537,2009,18800
03,Collier,4537,2010,18400
03,Collier,4537,2011,18200
03,Collier,4537,2012,25500
03,Collier,4537,2013,25500
03,Collier,4537,2014,25500
03,Collier,4537,2015,30000
03,Collier,4537,2016,31000
03,Collier,4537,2017,32000
03,Collier,4537,2018,28000
03,Collier,4537,2019,31500
03,Collier,4537,2020,30500
03,Collier,4537,2021,31500
03,Collier,4537,2022,32000
03,Collier,4537,2023,38500
03,Collier,4537,2024,39500
03,Collier,4537,2025,39500
03,Collier,4543,2008,27000
03,Collier,4543,2009,26000
03,Collier,4543,2010,25000
03,Collier,4548,2008,8200
03,Collier,4548,2009,8000
03,Collier,4548,2010,7800
03,Collier,4548,2011,6300
03,Collier,4548,2012,6300
03,Collier,4548,2013,6300
03,Collier,4548,2014,6500
03,Collier,4548,2015,6700
03,Collier,4548,2016,6900
03,Collier,4548,2017,7100
03,Collier,4548,2018,8400
03,Collier,4548,2019,8200
03,Collier,4548,2020,8000
03,Collier,4548,2021,8400
03,Collier,4548,2022,8800
03,Collier,4548,2023,9000
03,Collier,4548,2024,9400
03,Collier,4548,2025,9400
03,Collier,4567,2008,46000
03,Collier,4567,2009,45000
03,Collier,4567,2010,44000
03,Collier,4567,2011,45500
03,Collier,4567,2012,44500
03,Collier,4567,2013,44500
03,Collier,4567,2014,52500
03,Collier,4567,2015,54500
03,Collier,4567,2016,56500
03,Collier,4567,2017,58500
03,Collier,4567,2018,52000
03,Collier,4567,2019,55500
03,Collier,4567,2020,54500
03,Collier,4567,2021,56500
03,Collier,4567,2022,58000
03,Collier,4567,2023,59000
03,Collier,4567,2024,61000
03,Collier,4567,2025,61000
03,Collier,4569,2008,27500
03,Collier,4569,2009,26500
03,Collier,4569,2010,25500
03,Collier,4569,2011,24500
03,Collier,4569,2012,24500
03,Collier,4569,2013,24500
03,Collier,4569,2014,26000
03,Collier,4569,2015,27000
03,Collier,4569,2016,28000
03,Collier,4569,2017,29000
03,Collier,4569,2018,25500
03,Collier,4569,2019,25500
03,Collier,4569,2020,25500
03,Collier,4569,2021,26500
03,Collier,4569,2022,27000
03,Collier,4569,2023,31000
03,Collier,4569,2024,32000
03,Collier,4569,2025,32000
03,Collier,4575,2008,27000
03,Collier,4575,2009,26000
03,Collier,4575,2010,25000
03,Collier,4575,2011,23000
03,Collier,4575,2012,23000
03,Collier,4575,2013,23000
03,Collier,4575,2014,23500
03,Collier,4575,2015,24500
03,Collier,4575,2016,25500
03,Collier,4575,2017,26500
03,Collier,4575,2018,26000
03,Collier,4575,2019,29500
03,Collier,4575,2020,28500
03,Collier,4575,2021,29500
03,Collier,4575,2022,31200
03,Collier,4575,2023,32500
03,Collier,4575,2024,33500
03,Collier,4575,2025,33500
03,Collier,4576,2008,29500
03,Collier,4576,2009,28500
03,Collier,4576,2010,27500
03,Collier,4576,2011,26500
03,Collier,4576,2012,26500
03,Collier,4576,2013,26500
03,Collier,4576,2014,27500
03,Collier,4576,2015,28500
03,Collier,4576,2016,29500
03,Collier,4576,2017,30500
03,Collier,4576,2018,30500
03,Collier,4576,2019,33500
03,Collier,4576,2020,32500
03,Collier,4576,2021,33500
03,Collier,4576,2022,3500
03,Collier,4576,2023,39500
03,Collier,4576,2024,40500
03,Collier,4576,2025,40500
03,Collier,4578,2008,8700
03,Collier,4578,2009,8500
03,Collier,4578,2010,8300
03,Collier,4578,2011,6400
03,Collier,4578,2012,6400
03,Collier,4578,2013,6400
03,Collier,4578,2014,6500
03,Collier,4578,2015,6700
03,Collier,4578,2016,6900
03,Collier,4578,2017,7100
03,Collier,4578,2018,7100
03,Collier,4578,2019,6300
03,Collier,4578,2020,6100
03,Collier,4578,2021,6300
03,Collier,4578,2022,6500
03,Collier,4578,2023,7100
03,Collier,4578,2024,7300
03,Collier,4578,2025,7300
03,Collier,4585,2008,5300
03,Collier,4585,2009,5100
03,Collier,4585,2010,4900
03,Collier,4585,2011,4300
03,Collier,4585,2012,4300
03,Collier,4585,2013,4300
03,Collier,4585,2014,4200
03,Collier,4585,2015,4400
03,Collier,4585,2016,4600
03,Collier,4585,2017,4800
03,Collier,4585,2018,3900
03,Collier,4585,2019,4600
03,Collier,4585,2020,4600
03,Collier,4585,2021,4800
03,Collier,4585,2022,5000
03,Collier,4585,2023,4200
03,Collier,4585,2024,4400
03,Collier,4585,2025,4400
03,Collier,4597,2008,23500
03,Collier,4597,2009,23000
03,Collier,4597,2010,23000
03,Collier,4597,2011,21000
03,Collier,4597,2012,21000
03,Collier,4597,2013,21000
03,Collier,4597,2014,24000
03,Collier,4597,2015,25000
03,Collier,4597,2016,26000
03,Collier,4597,2017,27000
03,Collier,4597,2018,25500
03,Collier,4597,2019,28500
03,Collier,4597,2020,27500
03,Collier,4597,2021,28500
03,Collier,4597,2022,29000
03,Collier,4597,2023,31500
03,Collier,4597,2024,32500
03,Collier,4597,2025,32500
12,Lee,4600,2011,2200
12,Lee,4600,2012,2200
12,Lee,4600,2013,2200
12,Lee,4600,2014,6700
12,Lee,4600,2015,7100
12,Lee,4600,2016,7500
12,Lee,4600,2017,7900
12,Lee,4600,2018,8600
12,Lee,4600,2019,9000
12,Lee,4600,2020,9000
12,Lee,4600,2021,9600
12,Lee,4600,2022,10500
12,Lee,4600,2023,11300
12,Lee,4600,2024,11900
12,Lee,4600,2025,12500
03,Collier,4601,2014,34000
03,Collier,4601,2015,41000
03,Collier,4601,2016,40000
03,Collier,4601,2017,39500
03,Collier,4601,2018,39500
03,Collier,4601,2019,42000
03,Collier,4601,2020,46000
03,Collier,4601,2021,50000
03,Collier,4601,2022,56000
03,Collier,4601,2023,58000
03,Collier,4601,2024,57500
03,Collier,4601,2025,60000
03,Collier,4602,2008,34500
03,Collier,4602,2009,33500
03,Collier,4602,2010,32500
03,Collier,4602,2011,27500
03,Collier,4602,2012,27500
03,Collier,4602,2013,27500
03,Collier,4602,2014,30500
03,Collier,4602,2015,31500
03,Collier,4602,2016,32000
03,Collier,4602,2017,35000
03,Collier,4602,2018,38000
03,Collier,4602,2019,42500
03,Collier,4602,2020,41500
03,Collier,4602,2021,42500
03,Collier,4602,2022,43000
03,Collier,4602,2023,47500
03,Collier,4602,2024,47500
03,Collier,4602,2025,47500
03,Collier,4603,2008,30000
03,Collier,4603,2009,29000
03,Collier,4603,2010,28500
03,Collier,4603,2011,26500
03,Collier,4603,2012,26500
03,Collier,4603,2013,26500
03,Collier,4603,2014,29000
03,Collier,4603,2015,30000
03,Collier,4603,2016,30000
03,Collier,4603,2017,30000
03,Collier,4603,2018,32500
03,Collier,4603,2019,38000
03,Collier,4603,2020,37000
03,Collier,4603,2021,38000
03,Collier,4603,2022,39000
03,Collier,4603,2023,45500
03,Collier,4603,2024,45500
03,Collier,4603,2025,45500
12,Lee,4604,2011,4600
12,Lee,4604,2012,4600
12,Lee,4604,2013,4600
12,Lee,4604,2014,3700
12,Lee,4604,2015,3900
12,Lee,4604,2016,4100
12,Lee,4604,2017,4300
12,Lee,4604,2018,4500
12,Lee,4604,2019,4700
12,Lee,4604,2020,4700
12,Lee,4604,2021,4900
12,Lee,4604,2022,5100
12,Lee,4604,2023,5400
12,Lee,4604,2024,5600
12,Lee,4604,2025,5800
03,Collier,4605,2008,28500
03,Collier,4605,2009,27500
03,Collier,4605,2010,26500
03,Collier,4605,2011,41500
12,Lee,4605,2011,4400
12,Lee,4605,2012,4400
03,Collier,4605,2012,40500
03,Collier,4605,2013,40500
12,Lee,4605,2013,4400
12,Lee,4605,2014,5900
03,Collier,4605,2014,47000
12,Lee,4605,2015,6200
03,Collier,4605,2015,47500
03,Collier,4605,2016,49500
12,Lee,4605,2016,6700
03,Collier,4605,2017,51500
12,Lee,4605,2017,6900
12,Lee,4605,2018,6200
03,Collier,4605,2018,47000
12,Lee,4605,2019,6500
03,Collier,4605,2019,50000
12,Lee,4605,2020,6500
03,Collier,4605,2020,49000
03,Collier,4605,2021,51000
12,Lee,4605,2021,6900
12,Lee,4605,2022,10800
03,Collier,4605,2022,52000
12,Lee,4605,2023,12400
03,Collier,4605,2023,57000
03,Collier,4605,2024,59000
12,Lee,4605,2024,13000
12,Lee,4605,2025,13600
03,Collier,4605,2025,59000
03,Collier,4606,2024,59000
03,Collier,4606,2025,59500
12,Lee,4607,2008,5600
12,Lee,4607,2009,5600
12,Lee,4607,2010,5600
12,Lee,4607,2011,9100
12,Lee,4607,2012,8900
12,Lee,4607,2013,8900
12,Lee,4607,2014,9700
12,Lee,4607,2015,10300
12,Lee,4607,2016,10500
12,Lee,4607,2017,10700
12,Lee,4607,2018,12200
12,Lee,4607,2019,11400
12,Lee,4607,2020,11200
12,Lee,4607,2021,11200
12,Lee,4607,2022,11200
12,Lee,4607,2023,15100
12,Lee,4607,2024,14800
12,Lee,4607,2025,15000
12,Lee,4608,2008,3800
12,Lee,4608,2009,3800
12,Lee,4608,2010,3800
12,Lee,4608,2011,3200
12,Lee,4608,2012,3200
12,Lee,4608,2013,3200
12,Lee,4608,2014,3800
12,Lee,4608,2015,4000
12,Lee,4608,2016,4000
12,Lee,4608,2017,4000
12,Lee,4608,2018,3500
12,Lee,4608,2019,3800
12,Lee,4608,2020,3700
12,Lee,4608,2021,3700
12,Lee,4608,2022,3700
12,Lee,4608,2023,4300
12,Lee,4608,2024,4300
12,Lee,4608,2025,4300
12,Lee,4610,2011,4100
12,Lee,4610,2012,4100
12,Lee,4610,2013,4100
12,Lee,4610,2014,2700
12,Lee,4610,2015,2900
12,Lee,4610,2016,2900
12,Lee,4610,2017,2900
12,Lee,4610,2018,3500
12,Lee,4610,2019,3500
12,Lee,4610,2020,3500
12,Lee,4610,2021,3500
12,Lee,4610,2022,3500
12,Lee,4610,2023,3000
12,Lee,4610,2024,3000
12,Lee,4610,2025,3000
12,Lee,4611,2011,8200
12,Lee,4611,2012,8200
12,Lee,4611,2013,8200
12,Lee,4611,2014,9400
12,Lee,4611,2015,9800
12,Lee,4611,2016,10200
12,Lee,4611,2017,10200
12,Lee,4611,2018,11800
12,Lee,4611,2019,12000
12,Lee,4611,2020,12000
12,Lee,4611,2021,12500
12,Lee,4611,2022,11400
12,Lee,4611,2023,10000
12,Lee,4611,2024,10400
12,Lee,4611,2025,10800
12,Lee,4612,2008,6400
12,Lee,4612,2009,6400
12,Lee,4612,2010,6200
12,Lee,4612,2011,5500
12,Lee,4612,2012,5500
12,Lee,4612,2013,5500
12,Lee,4612,2014,5500
12,Lee,4612,2015,5700
12,Lee,4612,2016,6000
12,Lee,4612,2017,6200
12,Lee,4612,2018,5500
12,Lee,4612,2019,6400
12,Lee,4612,2020,6200
12,Lee,4612,2021,6200
12,Lee,4612,2022,6200
12,Lee,4612,2023,5000
12,Lee,4612,2024,4900
12,Lee,4612,2025,4900
12,Lee,4613,2011,3000
12,Lee,4613,2012,3000
12,Lee,4613,2013,3000
12,Lee,4613,2014,3500
12,Lee,4613,2015,3700
12,Lee,4613,2016,3600
12,Lee,4613,2017,3600
12,Lee,4613,2018,3800
12,Lee,4613,2019,4000
12,Lee,4613,2020,4000
12,Lee,4613,2021,4200
12,Lee,4613,2022,4400
12,Lee,4613,2023,3300
12,Lee,4613,2024,3500
12,Lee,4613,2025,3700
12,Lee,4614,2008,2200
12,Lee,4614,2009,2200
12,Lee,4614,2010,2200
12,Lee,4614,2011,1200
12,Lee,4614,2012,1200
12,Lee,4614,2013,1200
12,Lee,4614,2014,1250
12,Lee,4614,2015,1300
12,Lee,4614,2016,1300
12,Lee,4614,2017,1300
12,Lee,4614,2018,1450
12,Lee,4614,2019,1800
12,Lee,4614,2020,1800
12,Lee,4614,2021,1800
12,Lee,4614,2022,1800
12,Lee,4614,2023,2000
12,Lee,4614,2024,2000
12,Lee,4614,2025,2000
12,Lee,4615,2011,7400
12,Lee,4615,2012,7400
12,Lee,4615,2013,7400
12,Lee,4615,2014,7300
12,Lee,4615,2015,7700
12,Lee,4615,2016,8100
12,Lee,4615,2017,8500
12,Lee,4615,2018,9200
12,Lee,4615,2019,9600
12,Lee,4615,2020,9600
12,Lee,4615,2021,10200
12,Lee,4615,2022,10600
12,Lee,4615,2023,12200
12,Lee,4615,2024,12800
12,Lee,4615,2025,13400
12,Lee,4616,2011,39500
12,Lee,4616,2012,39500
12,Lee,4616,2013,39500
12,Lee,4616,2014,48000
12,Lee,4616,2015,49500
12,Lee,4616,2016,52500
12,Lee,4616,2017,55500
12,Lee,4616,2018,55000
12,Lee,4616,2019,57000
12,Lee,4616,2020,53000
12,Lee,4616,2021,56000
12,Lee,4616,2022,58000
12,Lee,4616,2023,63000
12,Lee,4616,2024,56500
12,Lee,4616,2025,59500
12,Lee,4617,2011,5300
12,Lee,4617,2012,5300
12,Lee,4617,2013,5300
12,Lee,4617,2014,8600
12,Lee,4617,2015,9000
12,Lee,4617,2016,8600
12,Lee,4617,2017,8800
12,Lee,4617,2018,8400
12,Lee,4617,2019,8400
12,Lee,4617,2020,8400
12,Lee,4617,2021,8400
12,Lee,4617,2022,8400
12,Lee,4617,2023,6700
12,Lee,4617,2024,6800
12,Lee,4617,2025,6900
12,Lee,4620,2008,22800
12,Lee,4620,2009,26000
12,Lee,4620,2010,26000
12,Lee,4620,2011,26000
12,Lee,4620,2012,22000
12,Lee,4620,2013,22000
12,Lee,4620,2014,23000
12,Lee,4620,2015,20300
12,Lee,4620,2016,20500
12,Lee,4620,2017,20500
12,Lee,4620,2018,22500
12,Lee,4620,2019,23500
12,Lee,4620,2020,22500
12,Lee,4620,2021,22500
12,Lee,4620,2022,22500
12,Lee,4620,2023,26500
12,Lee,4620,2024,25500
12,Lee,4620,2025,25500
03,Collier,4621,2008,3900
03,Collier,4621,2009,3800
03,Collier,4621,2010,3800
03,Collier,4621,2015,4000
03,Collier,4621,2016,4200
03,Collier,4621,2017,4400
03,Collier,4621,2018,3800
03,Collier,4621,2019,3900
03,Collier,4621,2020,3900
03,Collier,4621,2021,4100
03,Collier,4621,2022,4200
03,Collier,4621,2023,3400
03,Collier,4621,2024,3600
03,Collier,4621,2025,3600
03,Collier,4622,2008,7300
03,Collier,4622,2009,7100
03,Collier,4622,2010,6900
03,Collier,4622,2011,7700
03,Collier,4622,2012,7700
03,Collier,4622,2014,7100
03,Collier,4622,2015,7500
03,Collier,4622,2016,7700
03,Collier,4622,2017,7900
03,Collier,4622,2018,8600
03,Collier,4622,2019,8800
03,Collier,4622,2020,8600
03,Collier,4622,2021,9000
03,Collier,4622,2022,7300
03,Collier,4622,2023,8600
03,Collier,4622,2024,8900
03,Collier,4622,2025,8900
12,Lee,4623,2011,6000
12,Lee,4623,2012,6000
12,Lee,4623,2013,6000
12,Lee,4623,2014,7100
12,Lee,4623,2015,7500
12,Lee,4623,2016,7900
12,Lee,4623,2017,8500
12,Lee,4623,2018,7700
12,Lee,4623,2019,8400
12,Lee,4623,2020,6600
12,Lee,4623,2021,7000
12,Lee,4623,2022,7300
12,Lee,4623,2023,14200
12,Lee,4623,2024,14900
12,Lee,4623,2025,15600
12,Lee,4625,2011,7700
12,Lee,4625,2012,7700
12,Lee,4625,2013,7700
12,Lee,4625,2014,5600
12,Lee,4625,2015,5800
12,Lee,4625,2016,6000
12,Lee,4625,2017,6200
12,Lee,4625,2018,6500
12,Lee,4625,2019,6600
12,Lee,4625,2020,6400
12,Lee,4625,2021,6800
12,Lee,4625,2022,7200
12,Lee,4625,2023,8900
12,Lee,4625,2024,9300
12,Lee,4625,2025,9700
03,Collier,4627,2008,25000
03,Collier,4627,2009,23000
03,Collier,4628,2008,58500
03,Collier,4628,2009,57500
03,Collier,4628,2010,48000
03,Collier,4628,2011,48000
12,Lee,4628,2011,22500
03,Collier,4628,2012,47000
03,Collier,4628,2013,51500
03,Collier,4628,2014,52500
03,Collier,4628,2015,56000
03,Collier,4628,2016,57000
03,Collier,4628,2017,51500
03,Collier,4628,2018,51000
03,Collier,4628,2019,58000
03,Collier,4628,2020,48000
03,Collier,4628,2021,58000
03,Collier,4628,2022,62500
03,Collier,4628,2023,67500
03,Collier,4628,2024,69500
03,Collier,4628,2025,72000
12,Lee,4641,2011,13000
12,Lee,4641,2012,13000
12,Lee,4641,2013,13000
12,Lee,4641,2014,13400
12,Lee,4641,2015,14000
12,Lee,4641,2016,14400
12,Lee,4641,2017,14400
12,Lee,4641,2018,11500
12,Lee,4641,2019,12600
12,Lee,4641,2020,12600
12,Lee,4641,2021,13500
12,Lee,4641,2022,13000
12,Lee,4641,2023,12900
12,Lee,4641,2024,13500
12,Lee,4641,2025,14100
12,Lee,4650,2011,1000
12,Lee,4650,2012,1000
12,Lee,4650,2013,1000
12,Lee,4650,2014,2600
12,Lee,4650,2015,2800
12,Lee,4650,2016,3000
12,Lee,4650,2017,3200
12,Lee,4650,2018,3200
12,Lee,4650,2019,3400
12,Lee,4650,2020,3400
12,Lee,4650,2021,3600
12,Lee,4650,2022,3800
12,Lee,4650,2023,4700
12,Lee,4650,2024,4900
12,Lee,4650,2025,5100
03,Collier,4652,2008,16400
03,Collier,4652,2009,16000
03,Collier,4652,2010,15600
03,Collier,4652,2011,15100
03,Collier,4652,2012,14900
03,Collier,4652,2013,14900
03,Collier,4652,2014,17000
03,Collier,4652,2015,17600
03,Collier,4652,2016,18400
03,Collier,4652,2017,19200
03,Collier,4652,2018,21000
03,Collier,4652,2019,19100
03,Collier,4652,2020,18700
03,Collier,4652,2021,19500
03,Collier,4652,2022,19900
03,Collier,4652,2023,33000
03,Collier,4652,2024,34000
03,Collier,4652,2025,34000
12,Lee,4654,2011,2100
12,Lee,4654,2012,2100
12,Lee,4654,2013,2100
12,Lee,4654,2014,2300
12,Lee,4654,2015,2500
12,Lee,4654,2016,2700
12,Lee,4654,2017,2900
12,Lee,4654,2018,2700
12,Lee,4654,2019,2900
12,Lee,4654,2020,3200
12,Lee,4654,2021,3400
12,Lee,4654,2022,3600
12,Lee,4654,2023,4000
12,Lee,4654,2024,4100
12,Lee,4654,2025,4300
03,Collier,4655,2008,22500
03,Collier,4655,2009,22500
03,Collier,4655,2010,22500
03,Collier,4655,2011,25500
03,Collier,4655,2012,25500
03,Collier,4655,2013,25500
03,Collier,4655,2014,26500
03,Collier,4655,2015,27500
03,Collier,4655,2016,28500
03,Collier,4655,2017,29500
03,Collier,4655,2018,32500
03,Collier,4655,2019,35000
03,Collier,4655,2020,34000
03,Collier,4655,2021,35000
03,Collier,4655,2022,36000
03,Collier,4655,2023,43000
03,Collier,4655,2024,44500
03,Collier,4655,2025,44500
12,Lee,4656,2011,8500
12,Lee,4656,2012,8400
12,Lee,4656,2013,8400
12,Lee,4656,2014,8000
12,Lee,4656,2015,8400
12,Lee,4656,2016,9000
12,Lee,4656,2017,9400
12,Lee,4656,2018,9800
12,Lee,4656,2019,10200
12,Lee,4656,2020,10200
12,Lee,4656,2021,10800
12,Lee,4656,2022,13300
12,Lee,4656,2023,13900
12,Lee,4656,2024,14500
12,Lee,4656,2025,15100
03,Collier,4657,2008,27500
03,Collier,4657,2009,26500
03,Collier,4657,2010,26500
03,Collier,4657,2011,24000
03,Collier,4657,2012,24000
03,Collier,4657,2013,24000
03,Collier,4657,2014,27500
03,Collier,4657,2015,28500
03,Collier,4657,2016,28500
03,Collier,4657,2017,28500
03,Collier,4657,2018,35000
03,Collier,4657,2019,36500
03,Collier,4657,2020,35500
03,Collier,4657,2021,36500
03,Collier,4657,2022,37500
03,Collier,4657,2023,41500
03,Collier,4657,2024,41500
03,Collier,4657,2025,41500
03,Collier,4659,2008,28500
03,Collier,4659,2009,27500
03,Collier,4659,2010,26500
03,Collier,4659,2011,25500
03,Collier,4659,2012,25500
03,Collier,4659,2013,25500
03,Collier,4659,2014,27500
03,Collier,4659,2015,28500
03,Collier,4659,2016,29500
03,Collier,4659,2017,30500
03,Collier,4659,2018,27000
03,Collier,4659,2019,28000
03,Collier,4659,2020,27000
03,Collier,4659,2021,28000
03,Collier,4659,2022,29000
03,Collier,4659,2023,29500
03,Collier,4659,2024,30500
03,Collier,4659,2025,30500
03,Collier,4669,2008,8400
03,Collier,4669,2009,8200
03,Collier,4669,2010,8000
03,Collier,4669,2011,7400
03,Collier,4669,2012,7300
03,Collier,4669,2013,7300
03,Collier,4669,2014,6200
03,Collier,4669,2015,6400
03,Collier,4669,2016,6600
03,Collier,4669,2017,6800
03,Collier,4669,2018,12000
03,Collier,4669,2019,7300
03,Collier,4669,2020,7100
03,Collier,4669,2021,7300
03,Collier,4669,2022,7500
03,Collier,4669,2023,7100
03,Collier,4669,2024,7300
03,Collier,4669,2025,7300
03,Collier,4670,2008,5800
03,Collier,4670,2009,5600
03,Collier,4670,2010,5400
03,Collier,4670,2011,4600
03,Collier,4670,2012,4600
03,Collier,4670,2013,4600
03,Collier,4670,2014,4200
03,Collier,4670,2015,4400
03,Collier,4670,2016,4600
03,Collier,4670,2017,4800
03,Collier,4670,2018,8900
03,Collier,4670,2019,5100
03,Collier,4670,2020,5100
03,Collier,4670,2021,5300
03,Collier,4670,2022,5500
03,Collier,4670,2023,4700
03,Collier,4670,2024,4900
03,Collier,4670,2025,4900
03,Collier,4673,2008,24000
03,Collier,4673,2009,23000
03,Collier,4673,2010,23000
03,Collier,4673,2011,16600
03,Collier,4673,2012,16400
03,Collier,4673,2013,16400
03,Collier,4673,2014,19700
03,Collier,4673,2015,20500
03,Collier,4673,2016,21500
03,Collier,4673,2017,22500
03,Collier,4673,2018,23000
03,Collier,4673,2019,26500
03,Collier,4673,2020,26000
03,Collier,4673,2021,27000
03,Collier,4673,2022,28000
03,Collier,4673,2023,36000
03,Collier,4673,2024,37000
03,Collier,4673,2025,37000
03,Collier,4686,2008,23000
03,Collier,4686,2009,22500
03,Collier,4686,2010,22500
03,Collier,4686,2011,16900
03,Collier,4686,2012,16700
03,Collier,4686,2013,16700
03,Collier,4686,2014,18100
03,Collier,4686,2015,18800
03,Collier,4686,2016,19400
03,Collier,4686,2017,20000
03,Collier,4686,2018,20100
03,Collier,4686,2019,22500
03,Collier,4686,2020,22300
03,Collier,4686,2021,23000
03,Collier,4686,2022,23500
03,Collier,4686,2023,27500
03,Collier,4686,2024,28500
03,Collier,4686,2025,28500
03,Collier,4687,2008,32000
03,Collier,4687,2009,31000
03,Collier,4687,2010,30000
03,Collier,4687,2011,27000
03,Collier,4687,2012,27000
03,Collier,4687,2013,27000
03,Collier,4687,2014,30000
03,Collier,4687,2015,31000
03,Collier,4687,2016,32000
03,Collier,4687,2017,31000
03,Collier,4687,2018,33000
03,Collier,4687,2019,32500
03,Collier,4687,2020,31500
03,Collier,4687,2021,32500
03,Collier,4687,2022,33500
03,Collier,4687,2023,40500
03,Collier,4687,2024,42000
03,Collier,4687,2025,42000
03,Collier,4690,2008,26000
03,Collier,4690,2009,25000
03,Collier,4690,2010,24000
03,Collier,4690,2011,21000
03,Collier,4690,2012,21000
03,Collier,4690,2013,21000
03,Collier,4690,2014,22000
03,Collier,4690,2015,23000
03,Collier,4690,2016,24000
03,Collier,4690,2017,25000
03,Collier,4690,2018,23000
03,Collier,4690,2019,26000
03,Collier,4690,2020,26000
03,Collier,4690,2021,27000
03,Collier,4690,2022,28000
03,Collier,4690,2023,29000
03,Collier,4690,2024,30000
03,Collier,4690,2025,30000
03,Collier,4712,2008,3800
03,Collier,4712,2009,3800
03,Collier,4712,2010,3800
03,Collier,4712,2011,3000
03,Collier,4712,2012,3000
03,Collier,4712,2013,3000
03,Collier,4712,2014,3400
03,Collier,4712,2015,3600
03,Collier,4712,2016,3800
03,Collier,4712,2017,4000
03,Collier,4712,2018,5200
03,Collier,4712,2019,3900
03,Collier,4712,2020,3900
03,Collier,4712,2021,4100
03,Collier,4712,2022,4300
03,Collier,4712,2023,4100
03,Collier,4712,2024,4300
03,Collier,4712,2025,4300
03,Collier,4900,2008,4000
03,Collier,4900,2009,4000
03,Collier,4900,2010,4000
03,Collier,4900,2011,4900
03,Collier,4900,2012,4900
03,Collier,4900,2013,4900
03,Collier,4900,2014,7600
03,Collier,4900,2015,7800
03,Collier,4900,2016,8200
03,Collier,4900,2017,8600
03,Collier,4900,2018,7200
03,Collier,4900,2019,9400
03,Collier,4900,2020,9200
03,Collier,4900,2021,9600
03,Collier,4900,2022,10000
03,Collier,4900,2023,9400
03,Collier,4900,2024,9800
03,Collier,4900,2025,9800
12,Lee,4901,2008,3600
03,Collier,4901,2008,12500
12,Lee,4901,2009,3600
03,Collier,4901,2009,12300
03,Collier,4901,2010,12100
12,Lee,4901,2010,3600
03,Collier,4901,2011,10400
12,Lee,4901,2011,3100
12,Lee,4901,2012,3100
03,Collier,4901,2012,10200
03,Collier,4901,2013,10200
12,Lee,4901,2013,3100
12,Lee,4901,2014,3300
03,Collier,4901,2014,11300
12,Lee,4901,2015,3400
03,Collier,4901,2015,11700
03,Collier,4901,2016,12200
12,Lee,4901,2016,3400
03,Collier,4901,2017,12700
12,Lee,4901,2017,3400
12,Lee,4901,2018,4000
03,Collier,4901,2018,12400
12,Lee,4901,2019,4400
03,Collier,4901,2019,13600
12,Lee,4901,2020,4400
03,Collier,4901,2020,13400
03,Collier,4901,2021,14000
12,Lee,4901,2021,4700
12,Lee,4901,2022,4900
03,Collier,4901,2022,14600
12,Lee,4901,2023,3100
03,Collier,4901,2023,15200
03,Collier,4901,2024,15800
12,Lee,4901,2024,3300
12,Lee,4901,2025,3500
03,Collier,4901,2025,15800
12,Lee,4902,2008,7700
03,Collier,4902,2008,5300
12,Lee,4902,2009,7900
03,Collier,4902,2009,5300
03,Collier,4902,2010,5100
12,Lee,4902,2010,7900
03,Collier,4902,2011,5600
12,Lee,4902,2011,8400
12,Lee,4902,2012,8200
03,Collier,4902,2012,5600
03,Collier,4902,2013,5600
12,Lee,4902,2013,8200
12,Lee,4902,2014,8000
03,Collier,4902,2014,5400
12,Lee,4902,2015,8400
03,Collier,4902,2015,5800
03,Collier,4902,2016,5800
12,Lee,4902,2016,8600
03,Collier,4902,2017,6000
12,Lee,4902,2017,8800
12,Lee,4902,2018,10100
03,Collier,4902,2018,6200
12,Lee,4902,2019,7000
03,Collier,4902,2019,6700
12,Lee,4902,2020,6800
03,Collier,4902,2020,6500
03,Collier,4902,2021,6700
12,Lee,4902,2021,6800
12,Lee,4902,2022,6800
03,Collier,4902,2022,6900
12,Lee,4902,2023,15200
03,Collier,4902,2023,8700
03,Collier,4902,2024,9100
12,Lee,4902,2024,14900
12,Lee,4902,2025,15100
03,Collier,4902,2025,9100
12,Lee,4903,2008,7700
12,Lee,4903,2009,7700
12,Lee,4903,2010,7700
12,Lee,4903,2011,8800
12,Lee,4903,2012,8800
12,Lee,4903,2013,8800
12,Lee,4903,2014,9500
12,Lee,4903,2015,9900
12,Lee,4903,2016,10300
12,Lee,4903,2017,10700
12,Lee,4903,2018,12200
12,Lee,4903,2019,12500
12,Lee,4903,2020,12500
12,Lee,4903,2021,13000
12,Lee,4903,2022,13500
12,Lee,4903,2023,17400
12,Lee,4903,2024,18200
12,Lee,4903,2025,19000
12,Lee,4904,2008,3600
12,Lee,4904,2009,3600
12,Lee,4904,2010,3600
12,Lee,4904,2011,3300
12,Lee,4904,2012,3300
12,Lee,4904,2013,3300
12,Lee,4904,2014,3800
12,Lee,4904,2015,4000
12,Lee,4904,2016,4000
12,Lee,4904,2017,4000
12,Lee,4904,2018,4000
12,Lee,4904,2019,4200
12,Lee,4904,2020,4200
12,Lee,4904,2021,4400
12,Lee,4904,2022,4600
12,Lee,4904,2023,3000
12,Lee,4904,2024,3200
12,Lee,4904,2025,3400
12,Lee,4906,2024,7100
12,Lee,4906,2025,7400
12,Lee,4907,2024,18200
12,Lee,4907,2025,19000
12,Lee,4908,2024,14400
12,Lee,4908,2025,15000
12,Lee,4909,2024,14400
12,Lee,4909,2025,15000
12,Lee,4910,2024,14400
12,Lee,4910,2025,15000
12,Lee,4911,2024,6700
12,Lee,4911,2025,7000
12,Lee,4912,2024,7100
12,Lee,4912,2025,7400
12,Lee,4913,2024,7100
12,Lee,4913,2025,7400
12,Lee,5000,1997,22000
12,Lee,5000,1998,24000
12,Lee,5000,1999,21500
12,Lee,5001,1974,14649
12,Lee,5001,1975,12096
12,Lee,5001,1976,12973
03,Collier,5001,1976,38609
12,Lee,5001,1977,13115
12,Lee,5001,1978,13331
12,Lee,5001,1979,13418
12,Lee,5001,1980,13027
12,Lee,5001,1982,17791
12,Lee,5001,1983,14806
12,Lee,5001,1984,15348
03,Collier,5001,1984,23143
12,Lee,5001,1985,15438
03,Collier,5001,1985,22672
12,Lee,5001,1986,17380
03,Collier,5001,1986,24002
12,Lee,5001,1987,16639
03,Collier,5001,1987,24590
12,Lee,5001,1988,16266
03,Collier,5001,1988,25727
12,Lee,5001,1989,15031
03,Collier,5001,1989,26516
12,Lee,5001,1990,14262
03,Collier,5001,1990,32346
12,Lee,5001,1991,17231
03,Collier,5001,1991,31206
12,Lee,5001,1992,16500
03,Collier,5001,1992,29500
12,Lee,5001,1993,17000
03,Collier,5001,1993,30500
12,Lee,5001,1994,17600
03,Collier,5001,1994,30500
12,Lee,5001,1995,15700
03,Collier,5001,1995,29500
12,Lee,5001,1996,15200
03,Collier,5001,1996,30500
12,Lee,5001,1997,17500
03,Collier,5001,1997,29000
12,Lee,5001,1998,13500
03,Collier,5001,1998,29000
12,Lee,5001,1999,14000
03,Collier,5001,1999,31000
12,Lee,5001,2000,16800
03,Collier,5001,2000,28500
12,Lee,5001,2001,17200
03,Collier,5001,2001,31000
12,Lee,5001,2002,20100
03,Collier,5001,2002,32500
12,Lee,5001,2003,17600
03,Collier,5001,2003,31500
12,Lee,5001,2004,18400
03,Collier,5001,2004,34500
12,Lee,5001,2005,17800
03,Collier,5001,2005,35500
03,Collier,5001,2006,37500
12,Lee,5001,2006,17000
12,Lee,5001,2007,17600
03,Collier,5001,2007,37500
12,Lee,5001,2008,15900
03,Collier,5001,2008,34000
12,Lee,5001,2009,16600
03,Collier,5001,2009,32000
03,Collier,5001,2010,32000
12,Lee,5001,2010,17500
03,Collier,5001,2011,32000
12,Lee,5001,2011,17900
12,Lee,5001,2012,16300
03,Collier,5001,2012,32500
03,Collier,5001,2013,32500
12,Lee,5001,2013,16800
12,Lee,5001,2014,16800
03,Collier,5001,2014,33500
12,Lee,5001,2015,16000
03,Collier,5001,2015,35500
03,Collier,5001,2016,34500
12,Lee,5001,2016,16200
03,Collier,5001,2017,32500
12,Lee,5001,2017,15900
12,Lee,5001,2018,16400
03,Collier,5001,2018,30000
12,Lee,5001,2019,16500
03,Collier,5001,2019,33500
12,Lee,5001,2020,15300
03,Collier,5001,2020,30000
03,Collier,5001,2021,35000
12,Lee,5001,2021,15200
12,Lee,5001,2022,15200
03,Collier,5001,2022,35000
12,Lee,5001,2023,16000
03,Collier,5001,2023,36000
03,Collier,5001,2024,35500
12,Lee,5001,2024,15600
12,Lee,5001,2025,15800
03,Collier,5001,2025,35500
12,Lee,5002,1974,15762
12,Lee,5002,1975,13264
12,Lee,5002,1976,13892
03,Collier,5002,1976,20795
12,Lee,5002,1977,14019
12,Lee,5002,1978,14229
12,Lee,5002,1979,14536
12,Lee,5002,1980,14257
12,Lee,5002,1982,13544
12,Lee,5002,1983,17354
12,Lee,5002,1984,17963
03,Collier,5002,1984,28869
12,Lee,5002,1985,18546
12,Lee,5002,1986,19006
12,Lee,5002,1987,19461
12,Lee,5002,1988,20102
12,Lee,5002,1989,18427
12,Lee,5002,1990,21747
12,Lee,5002,1992,19500
12,Lee,5002,1993,20000
12,Lee,5002,1994,20500
12,Lee,5002,1995,19400
12,Lee,5002,1996,19100
12,Lee,5002,1997,18200
12,Lee,5002,1998,19800
12,Lee,5002,1999,15400
12,Lee,5003,1974,12017
12,Lee,5003,1975,10252
12,Lee,5003,1976,10779
03,Collier,5003,1976,20012
12,Lee,5003,1977,10894
12,Lee,5003,1978,11081
12,Lee,5003,1979,11198
12,Lee,5003,1980,11040
12,Lee,5003,1982,12908
12,Lee,5003,1983,13345
12,Lee,5003,1984,14564
03,Collier,5003,1984,21272
12,Lee,5003,1985,13700
12,Lee,5003,1986,14749
12,Lee,5003,1987,15442
12,Lee,5003,1988,16118
12,Lee,5003,1989,15025
12,Lee,5004,1974,16241
12,Lee,5004,1975,11603
12,Lee,5004,1976,11500
03,Collier,5004,1976,22067
12,Lee,5004,1977,11621
12,Lee,5004,1978,11786
12,Lee,5004,1979,12042
12,Lee,5004,1980,11793
12,Lee,5004,1982,12821
12,Lee,5004,1983,14907
12,Lee,5004,1984,15802
03,Collier,5004,1984,20184
12,Lee,5004,1985,16165
03,Collier,5004,1985,18291
12,Lee,5004,1986,16873
03,Collier,5004,1986,19091
12,Lee,5004,1987,15503
03,Collier,5004,1987,18997
12,Lee,5004,1988,16314
03,Collier,5004,1988,20337
12,Lee,5004,1989,15135
03,Collier,5004,1989,19747
12,Lee,5004,1990,18060
12,Lee,5004,1991,17124
12,Lee,5004,1993,18500
12,Lee,5004,1994,18500
12,Lee,5004,1995,17000
12,Lee,5004,1996,17000
12,Lee,5004,1997,16100
12,Lee,5004,1998,17500
12,Lee,5004,1999,19100
12,Lee,5005,1974,13026
12,Lee,5005,1975,13075
12,Lee,5005,1976,13282
03,Collier,5005,1976,21650
12,Lee,5005,1977,13405
12,Lee,5005,1978,13555
12,Lee,5005,1979,13603
12,Lee,5005,1980,13693
12,Lee,5005,1983,9525
12,Lee,5005,1984,10288
03,Collier,5005,1984,21105
12,Lee,5005,1985,9157
12,Lee,5005,1986,10764
12,Lee,5005,1987,11176
12,Lee,5005,1988,11853
12,Lee,5005,1989,10870
12,Lee,5005,1990,13481
12,Lee,5005,1991,9854
12,Lee,5005,1993,11000
12,Lee,5005,1994,11000
12,Lee,5005,1995,8700
12,Lee,5005,1996,12100
12,Lee,5005,1997,10700
12,Lee,5005,1998,10100
12,Lee,5005,1999,9900
12,Lee,5005,2000,10500
12,Lee,5005,2001,10500
12,Lee,5005,2002,11300
12,Lee,5005,2003,12400
12,Lee,5005,2004,16100
12,Lee,5005,2005,13900
12,Lee,5005,2006,14300
12,Lee,5005,2007,14800
12,Lee,5005,2008,13000
12,Lee,5005,2009,10500
12,Lee,5005,2010,10600
12,Lee,5005,2011,11400
12,Lee,5005,2012,13800
12,Lee,5005,2013,14100
12,Lee,5005,2014,13900
12,Lee,5005,2015,14800
12,Lee,5005,2016,15400
12,Lee,5005,2017,15800
12,Lee,5005,2018,16400
12,Lee,5005,2019,16400
12,Lee,5005,2020,16000
12,Lee,5005,2021,17000
12,Lee,5005,2022,21000
12,Lee,5005,2023,20500
12,Lee,5005,2024,16700
12,Lee,5005,2025,18400
12,Lee,5006,1974,11287
12,Lee,5006,1975,11170
12,Lee,5006,1976,11268
03,Collier,5006,1976,20694
12,Lee,5006,1977,11408
12,Lee,5006,1978,11592
12,Lee,5006,1979,11762
12,Lee,5006,1980,11790
12,Lee,5006,1983,9481
12,Lee,5006,1984,9311
03,Collier,5006,1984,21518
12,Lee,5006,1985,9777
12,Lee,5006,1986,8407
12,Lee,5006,1987,7793
12,Lee,5006,1988,8264
12,Lee,5006,1989,7527
12,Lee,5006,1990,9828
12,Lee,5006,1991,7390
12,Lee,5006,1993,9700
12,Lee,5006,1994,9900
12,Lee,5006,1995,7300
12,Lee,5006,1996,8700
12,Lee,5006,1997,9900
12,Lee,5006,1998,7600
12,Lee,5006,1999,8000
12,Lee,5006,2000,8500
12,Lee,5006,2001,8500
12,Lee,5006,2002,11400
12,Lee,5006,2003,9500
12,Lee,5006,2004,10100
12,Lee,5006,2005,8700
12,Lee,5006,2006,8800
12,Lee,5006,2007,9000
12,Lee,5006,2008,8600
12,Lee,5006,2009,8100
12,Lee,5006,2010,7300
12,Lee,5006,2011,7300
12,Lee,5006,2012,8700
12,Lee,5006,2013,8900
12,Lee,5006,2014,9000
12,Lee,5006,2015,8800
12,Lee,5006,2016,9100
12,Lee,5006,2017,9000
12,Lee,5006,2018,9500
12,Lee,5006,2019,9400
12,Lee,5006,2020,8100
12,Lee,5006,2021,8800
12,Lee,5006,2022,8800
12,Lee,5006,2023,9000
12,Lee,5006,2024,7700
12,Lee,5006,2025,7700
12,Lee,5007,1974,17822
12,Lee,5007,1975,14554
12,Lee,5007,1976,16462
03,Collier,5007,1976,25283
12,Lee,5007,1977,16607
12,Lee,5007,1978,16771
12,Lee,5007,1979,16725
12,Lee,5007,1980,16828
12,Lee,5007,1982,24551
12,Lee,5007,1983,21315
12,Lee,5007,1984,22578
03,Collier,5007,1984,24754
12,Lee,5007,1985,21908
03,Collier,5007,1985,22676
12,Lee,5007,1986,25622
03,Collier,5007,1986,20361
12,Lee,5007,1987,22068
03,Collier,5007,1987,23821
12,Lee,5007,1988,22131
03,Collier,5007,1988,22226
12,Lee,5007,1989,20739
03,Collier,5007,1989,21514
12,Lee,5007,1990,22006
03,Collier,5007,1990,27625
12,Lee,5007,1991,20471
03,Collier,5007,1991,30011
03,Collier,5007,1992,33000
12,Lee,5007,1993,20500
03,Collier,5007,1993,28500
12,Lee,5007,1994,21000
03,Collier,5007,1994,25000
12,Lee,5007,1995,19000
03,Collier,5007,1995,31500
12,Lee,5007,1996,23000
03,Collier,5007,1996,34000
12,Lee,5007,1997,23500
03,Collier,5007,1997,31500
12,Lee,5007,1998,25500
03,Collier,5007,1998,33000
12,Lee,5007,1999,22500
03,Collier,5007,1999,37500
12,Lee,5007,2000,25000
03,Collier,5007,2000,37500
12,Lee,5007,2001,25000
03,Collier,5007,2001,35500
12,Lee,5007,2002,22500
03,Collier,5007,2002,38000
12,Lee,5007,2003,20700
03,Collier,5007,2003,36000
12,Lee,5007,2004,24500
03,Collier,5007,2004,37500
12,Lee,5007,2005,25000
03,Collier,5007,2005,36500
03,Collier,5007,2006,37500
12,Lee,5007,2006,28000
12,Lee,5007,2007,30000
03,Collier,5007,2007,38000
12,Lee,5007,2008,17400
03,Collier,5007,2008,34500
12,Lee,5007,2009,16600
03,Collier,5007,2009,32000
03,Collier,5007,2010,32500
12,Lee,5007,2010,17000
03,Collier,5007,2011,30500
12,Lee,5007,2011,17000
12,Lee,5007,2012,16400
03,Collier,5007,2012,29000
03,Collier,5007,2013,30500
12,Lee,5007,2013,18000
12,Lee,5007,2014,18200
03,Collier,5007,2014,33000
12,Lee,5007,2015,18500
03,Collier,5007,2015,34500
03,Collier,5007,2016,34000
12,Lee,5007,2016,19300
03,Collier,5007,2017,35000
12,Lee,5007,2017,18400
12,Lee,5007,2018,19600
03,Collier,5007,2018,34500
12,Lee,5007,2019,20200
03,Collier,5007,2019,33000
12,Lee,5007,2020,18000
03,Collier,5007,2020,29000
03,Collier,5007,2021,33000
12,Lee,5007,2021,19600
12,Lee,5007,2022,23000
03,Collier,5007,2022,33000
12,Lee,5007,2023,22500
03,Collier,5007,2023,36000
03,Collier,5007,2024,36000
12,Lee,5007,2024,22500
12,Lee,5007,2025,22500
03,Collier,5007,2025,36000
12,Lee,5008,1974,19768
12,Lee,5008,1975,17013
12,Lee,5008,1976,18608
03,Collier,5008,1976,26954
12,Lee,5008,1977,18745
12,Lee,5008,1978,18970
12,Lee,5008,1979,18803
12,Lee,5008,1980,19060
12,Lee,5008,1982,25894
12,Lee,5008,1983,22912
12,Lee,5008,1984,22890
03,Collier,5008,1984,27517
12,Lee,5008,1985,24057
12,Lee,5008,1986,25670
12,Lee,5008,1987,22560
12,Lee,5008,1988,22439
12,Lee,5008,1989,21103
12,Lee,5009,1974,16100
12,Lee,5009,1975,16110
12,Lee,5009,1976,16495
03,Collier,5009,1976,27405
12,Lee,5009,1977,16636
12,Lee,5009,1978,16810
12,Lee,5009,1979,16847
12,Lee,5009,1980,16834
12,Lee,5009,1982,19253
12,Lee,5009,1983,19268
12,Lee,5009,1984,19450
03,Collier,5009,1984,27403
12,Lee,5009,1985,20423
12,Lee,5009,1986,18592
12,Lee,5009,1987,19792
12,Lee,5009,1988,19813
12,Lee,5009,1989,18217
12,Lee,5009,1990,21698
12,Lee,5009,1991,21978
12,Lee,5009,1993,22000
12,Lee,5009,1994,20500
12,Lee,5009,1995,19000
12,Lee,5009,1996,23500
12,Lee,5009,1997,25000
12,Lee,5009,1998,27000
12,Lee,5009,1999,27500
12,Lee,5009,2000,29500
12,Lee,5009,2001,29500
12,Lee,5009,2002,30000
12,Lee,5009,2003,28500
12,Lee,5009,2004,30500
12,Lee,5009,2005,38500
12,Lee,5009,2006,40000
12,Lee,5009,2007,35500
12,Lee,5009,2008,30500
12,Lee,5009,2009,30000
12,Lee,5009,2010,28000
12,Lee,5009,2011,29000
12,Lee,5009,2012,27000
12,Lee,5009,2013,29000
12,Lee,5009,2014,31500
12,Lee,5009,2015,33500
12,Lee,5009,2016,34500
12,Lee,5009,2017,35500
12,Lee,5009,2018,37000
12,Lee,5009,2019,37000
12,Lee,5009,2020,36000
12,Lee,5009,2021,37500
12,Lee,5009,2022,44500
12,Lee,5009,2023,40500
12,Lee,5009,2024,40500
12,Lee,5009,2025,38500
12,Lee,5010,1974,30041
12,Lee,5010,1975,30189
12,Lee,5010,1976,39547
03,Collier,5010,1976,26059
12,Lee,5010,1977,39878
12,Lee,5010,1978,40062
12,Lee,5010,1979,41727
12,Lee,5010,1980,41913
12,Lee,5010,1982,40670
12,Lee,5010,1983,45911
12,Lee,5010,1984,42770
03,Collier,5010,1984,27798
12,Lee,5010,1985,42184
12,Lee,5010,1986,44485
12,Lee,5010,1987,37958
12,Lee,5010,1988,39889
12,Lee,5010,1989,37865
12,Lee,5010,1991,38698
12,Lee,5010,1993,44500
12,Lee,5010,1994,47500
12,Lee,5010,1995,43000
12,Lee,5010,1996,41500
12,Lee,5010,1997,40000
12,Lee,5010,1998,50000
12,Lee,5010,1999,55000
12,Lee,5010,2000,59000
12,Lee,5010,2002,45500
12,Lee,5010,2003,59500
12,Lee,5010,2004,63000
12,Lee,5010,2005,56000
12,Lee,5010,2006,58000
12,Lee,5010,2007,54500
12,Lee,5010,2008,46000
12,Lee,5010,2009,46000
12,Lee,5010,2010,42500
12,Lee,5010,2011,42500
12,Lee,5010,2012,51500
12,Lee,5010,2013,48500
12,Lee,5010,2014,51000
12,Lee,5010,2015,47500
12,Lee,5010,2016,50500
12,Lee,5010,2017,48500
12,Lee,5010,2018,45000
12,Lee,5010,2019,45500
12,Lee,5010,2020,42500
12,Lee,5010,2021,42500
12,Lee,5010,2022,42500
12,Lee,5010,2023,40000
12,Lee,5010,2024,39000
12,Lee,5010,2025,39000
12,Lee,5011,1974,20605
12,Lee,5011,1975,25736
12,Lee,5011,1976,31925
03,Collier,5011,1976,31355
12,Lee,5011,1977,32121
12,Lee,5011,1978,32297
12,Lee,5011,1979,30260
12,Lee,5011,1980,33479
12,Lee,5011,1981,38066
12,Lee,5011,1982,39595
12,Lee,5011,1983,36878
12,Lee,5011,1984,41184
03,Collier,5011,1984,32860
12,Lee,5011,1985,39122
03,Collier,5011,1985,29679
12,Lee,5011,1986,43360
03,Collier,5011,1986,27890
12,Lee,5011,1987,42971
03,Collier,5011,1987,31673
12,Lee,5011,1988,45803
03,Collier,5011,1988,30774
12,Lee,5011,1989,42457
03,Collier,5011,1989,30180
12,Lee,5011,1990,50197
03,Collier,5011,1990,34740
12,Lee,5011,1991,46143
03,Collier,5011,1991,40030
12,Lee,5011,1992,45500
03,Collier,5011,1992,39500
12,Lee,5011,1993,43000
03,Collier,5011,1993,40000
12,Lee,5011,1994,41500
03,Collier,5011,1994,39500
12,Lee,5011,1995,50500
03,Collier,5011,1995,37500
12,Lee,5011,1996,43500
03,Collier,5011,1996,40000
12,Lee,5011,1997,39000
03,Collier,5011,1997,39000
12,Lee,5011,1998,40500
03,Collier,5011,1998,40500
12,Lee,5011,1999,36000
03,Collier,5011,1999,47500
12,Lee,5011,2000,42000
03,Collier,5011,2000,49500
12,Lee,5011,2001,42000
03,Collier,5011,2001,46000
12,Lee,5011,2002,45000
03,Collier,5011,2002,48500
12,Lee,5011,2003,49000
03,Collier,5011,2003,47000
12,Lee,5011,2004,48500
03,Collier,5011,2004,47500
12,Lee,5011,2005,50000
03,Collier,5011,2005,47000
03,Collier,5011,2006,47500
12,Lee,5011,2006,52500
12,Lee,5011,2007,49000
03,Collier,5011,2007,46500
12,Lee,5011,2008,45500
03,Collier,5011,2008,41500
12,Lee,5011,2009,43000
03,Collier,5011,2009,38500
03,Collier,5011,2010,38000
12,Lee,5011,2010,47500
03,Collier,5011,2011,35500
12,Lee,5011,2011,47500
12,Lee,5011,2012,44500
03,Collier,5011,2012,38500
03,Collier,5011,2013,41000
12,Lee,5011,2013,51500
12,Lee,5011,2014,48500
03,Collier,5011,2014,38500
12,Lee,5011,2015,47000
03,Collier,5011,2015,40500
03,Collier,5011,2016,42000
12,Lee,5011,2016,50500
03,Collier,5011,2017,39000
12,Lee,5011,2017,48000
12,Lee,5011,2018,44500
03,Collier,5011,2018,38000
12,Lee,5011,2019,44500
03,Collier,5011,2019,40500
12,Lee,5011,2020,41500
03,Collier,5011,2020,34500
03,Collier,5011,2021,39000
12,Lee,5011,2021,41500
12,Lee,5011,2022,41500
03,Collier,5011,2022,40500
12,Lee,5011,2023,39000
03,Collier,5011,2023,41500
03,Collier,5011,2024,41500
12,Lee,5011,2024,38000
12,Lee,5011,2025,38000
03,Collier,5011,2025,41500
12,Lee,5012,1974,23834
12,Lee,5012,1975,30391
12,Lee,5012,1976,31517
03,Collier,5012,1976,24130
12,Lee,5012,1977,31713
12,Lee,5012,1978,31879
12,Lee,5012,1979,31382
12,Lee,5012,1980,32029
12,Lee,5012,1981,35390
12,Lee,5012,1982,38655
12,Lee,5012,1983,45413
03,Collier,5012,1984,29237
12,Lee,5012,1985,39263
12,Lee,5012,1986,42722
12,Lee,5012,1987,39167
12,Lee,5012,1988,41731
12,Lee,5012,1989,38351
12,Lee,5012,1990,43008
12,Lee,5012,1991,35091
12,Lee,5012,1993,42000
12,Lee,5012,1994,36500
12,Lee,5012,1995,36500
12,Lee,5012,1996,42000
12,Lee,5012,1997,39000
12,Lee,5012,1998,39500
12,Lee,5012,1999,38500
12,Lee,5012,2000,41000
12,Lee,5012,2001,39500
12,Lee,5012,2002,47500
12,Lee,5012,2003,42500
12,Lee,5012,2004,43500
12,Lee,5012,2005,47000
12,Lee,5012,2006,50500
12,Lee,5012,2007,47000
12,Lee,5012,2008,47500
12,Lee,5012,2009,41500
12,Lee,5012,2010,41000
12,Lee,5012,2011,41000
12,Lee,5012,2012,40500
12,Lee,5012,2013,41500
12,Lee,5012,2014,41500
12,Lee,5012,2015,43000
12,Lee,5012,2016,37500
12,Lee,5012,2017,47500
12,Lee,5012,2018,40500
12,Lee,5012,2019,39500
12,Lee,5012,2020,38000
12,Lee,5012,2021,34000
12,Lee,5012,2022,34000
12,Lee,5012,2023,35000
12,Lee,5012,2024,36000
12,Lee,5012,2025,36000
12,Lee,5013,1974,24286
12,Lee,5013,1975,33586
12,Lee,5013,1976,34437
12,Lee,5013,1977,34579
12,Lee,5013,1978,34774
12,Lee,5013,1979,34864
12,Lee,5013,1980,34740
12,Lee,5013,1981,35547
12,Lee,5013,1982,37174
12,Lee,5013,1983,38326
12,Lee,5013,1984,36655
12,Lee,5013,1985,37157
12,Lee,5013,1986,40702
12,Lee,5013,1987,35754
12,Lee,5013,1988,37456
12,Lee,5013,1989,35065
12,Lee,5013,1990,41620
12,Lee,5014,1975,30215
12,Lee,5014,1976,31826
03,Collier,5014,1976,1166
12,Lee,5014,1977,32041
12,Lee,5014,1978,32484
12,Lee,5014,1979,32329
12,Lee,5014,1980,32972
12,Lee,5014,1983,28118
12,Lee,5014,1984,26997
03,Collier,5014,1984,1652
12,Lee,5014,1985,28181
12,Lee,5014,1986,31587
12,Lee,5014,1987,28936
12,Lee,5014,1988,32317
12,Lee,5014,1989,30747
12,Lee,5014,1990,33443
12,Lee,5014,1991,31545
12,Lee,5014,1993,45500
12,Lee,5014,1994,23500
12,Lee,5014,1995,35000
12,Lee,5014,1996,32000
12,Lee,5015,1974,10008
12,Lee,5015,1975,13187
12,Lee,5015,1976,11911
03,Collier,5015,1976,845
12,Lee,5015,1977,12188
12,Lee,5015,1978,12359
12,Lee,5015,1979,12340
12,Lee,5015,1980,12621
12,Lee,5015,1982,16790
12,Lee,5015,1983,13491
03,Collier,5015,1984,1634
12,Lee,5015,1985,14705
12,Lee,5015,1986,16570
12,Lee,5015,1987,16101
12,Lee,5015,1988,16194
12,Lee,5015,1989,15096
12,Lee,5015,1990,13143
12,Lee,5015,1991,12499
12,Lee,5015,1993,17000
12,Lee,5015,1994,13500
12,Lee,5015,1995,12000
12,Lee,5015,1996,10400
12,Lee,5015,1997,12000
12,Lee,5015,1998,9300
12,Lee,5015,1999,10100
12,Lee,5015,2000,10800
12,Lee,5015,2001,10500
12,Lee,5015,2002,12200
12,Lee,5015,2003,13900
12,Lee,5015,2004,12200
12,Lee,5015,2005,13200
12,Lee,5015,2006,14500
12,Lee,5015,2007,7200
12,Lee,5015,2008,7000
12,Lee,5015,2009,7000
12,Lee,5015,2010,6900
12,Lee,5015,2011,6900
12,Lee,5015,2012,6700
12,Lee,5015,2013,6700
12,Lee,5015,2014,6800
12,Lee,5015,2015,8600
12,Lee,5015,2016,8900
12,Lee,5015,2017,9200
12,Lee,5015,2018,8500
12,Lee,5015,2019,9000
12,Lee,5015,2020,8900
12,Lee,5015,2021,8100
12,Lee,5015,2022,8100
12,Lee,5015,2023,8200
12,Lee,5015,2024,8100
12,Lee,5015,2025,8100
12,Lee,5016,1974,10348
12,Lee,5016,1975,10503
12,Lee,5016,1976,11715
03,Collier,5016,1976,779
12,Lee,5016,1977,11827
12,Lee,5016,1978,11988
12,Lee,5016,1979,12015
12,Lee,5016,1980,12010
12,Lee,5016,1982,14211
12,Lee,5016,1983,13033
12,Lee,5016,1984,14197
03,Collier,5016,1984,1697
12,Lee,5016,1985,14071
12,Lee,5016,1986,14418
12,Lee,5016,1987,10738
12,Lee,5016,1988,11893
12,Lee,5016,1989,10916
12,Lee,5016,1990,7332
12,Lee,5016,1991,7099
12,Lee,5016,1993,12000
12,Lee,5016,1994,9100
12,Lee,5016,1995,6700
12,Lee,5016,1996,6300
12,Lee,5016,1997,6300
12,Lee,5016,1998,5900
12,Lee,5016,1999,6800
12,Lee,5016,2000,6700
12,Lee,5016,2001,6600
12,Lee,5016,2002,6200
12,Lee,5016,2003,4300
12,Lee,5016,2004,2400
12,Lee,5016,2005,6600
12,Lee,5017,1974,27494
12,Lee,5017,1975,23379
12,Lee,5017,1976,32732
03,Collier,5017,1976,812
12,Lee,5017,1977,33098
12,Lee,5017,1978,33314
12,Lee,5017,1979,30124
12,Lee,5017,1980,37910
12,Lee,5017,1981,41883
12,Lee,5017,1982,43548
12,Lee,5017,1983,43022
12,Lee,5017,1984,40158
03,Collier,5017,1984,1089
12,Lee,5017,1985,42166
12,Lee,5017,1986,45920
12,Lee,5018,1974,16926
12,Lee,5018,1975,11155
12,Lee,5018,1976,11700
03,Collier,5018,1976,5913
12,Lee,5018,1977,11839
12,Lee,5018,1978,12143
12,Lee,5018,1979,12253
12,Lee,5018,1980,12000
12,Lee,5018,1983,19744
12,Lee,5018,1984,19946
03,Collier,5018,1984,7527
12,Lee,5018,1985,20661
12,Lee,5018,1986,21922
12,Lee,5018,1987,24431
12,Lee,5018,1988,22092
12,Lee,5018,1989,20998
12,Lee,5018,1991,22678
12,Lee,5018,1992,26500
12,Lee,5018,1993,27000
12,Lee,5018,1999,14600
12,Lee,5018,2008,18200
12,Lee,5018,2009,18200
12,Lee,5018,2010,17800
12,Lee,5018,2011,16200
12,Lee,5018,2012,16000
12,Lee,5018,2013,16200
12,Lee,5018,2014,20100
12,Lee,5018,2015,21000
12,Lee,5018,2016,22000
12,Lee,5018,2017,23000
12,Lee,5018,2018,19200
12,Lee,5018,2019,20500
12,Lee,5018,2020,20400
12,Lee,5018,2021,20400
12,Lee,5018,2022,20400
12,Lee,5018,2023,22500
12,Lee,5018,2024,22500
12,Lee,5018,2025,22500
12,Lee,5019,1974,12313
12,Lee,5019,1975,12281
12,Lee,5019,1976,13565
03,Collier,5019,1976,1937
12,Lee,5019,1977,12829
12,Lee,5019,1978,12992
12,Lee,5019,1979,13011
12,Lee,5019,1980,13345
12,Lee,5019,1982,18538
12,Lee,5019,1983,14177
12,Lee,5019,1984,14877
03,Collier,5019,1984,1652
12,Lee,5019,1985,15621
12,Lee,5019,1986,16555
12,Lee,5019,1987,15525
12,Lee,5019,1988,16051
12,Lee,5019,1989,15452
12,Lee,5019,1990,23245
12,Lee,5019,1991,17090
12,Lee,5019,1993,20500
12,Lee,5019,1994,19500
12,Lee,5019,1995,17000
12,Lee,5019,1996,18600
12,Lee,5019,1997,22500
12,Lee,5019,1998,22000
12,Lee,5019,1999,24000
12,Lee,5019,2000,26000
12,Lee,5019,2001,26000
12,Lee,5019,2002,22500
12,Lee,5019,2003,23000
12,Lee,5019,2004,26500
12,Lee,5019,2005,31500
12,Lee,5019,2006,34500
12,Lee,5019,2007,33000
12,Lee,5019,2008,30500
12,Lee,5019,2009,31000
12,Lee,5019,2010,29000
12,Lee,5019,2011,30500
12,Lee,5019,2012,30000
12,Lee,5019,2013,33500
12,Lee,5019,2014,36500
12,Lee,5019,2015,39000
12,Lee,5019,2016,40000
12,Lee,5019,2017,41000
12,Lee,5019,2018,43500
12,Lee,5019,2019,43500
12,Lee,5019,2020,42500
12,Lee,5019,2021,44000
12,Lee,5019,2022,51000
12,Lee,5019,2023,50000
12,Lee,5019,2024,47000
12,Lee,5019,2025,41500
12,Lee,5020,1974,14142
12,Lee,5020,1975,15066
12,Lee,5020,1976,16131
03,Collier,5020,1976,8518
12,Lee,5020,1977,16267
12,Lee,5020,1978,16426
12,Lee,5020,1979,17691
12,Lee,5020,1980,16891
12,Lee,5020,1982,21370
12,Lee,5020,1983,19671
12,Lee,5020,1984,20113
03,Collier,5020,1984,12625
12,Lee,5020,1985,20564
12,Lee,5020,1986,22588
12,Lee,5020,1987,20033
12,Lee,5020,1988,19768
12,Lee,5020,1989,18291
12,Lee,5020,1990,19986
12,Lee,5020,1991,24549
12,Lee,5020,1993,22500
12,Lee,5020,1994,23000
12,Lee,5020,1995,23500
12,Lee,5020,1996,24500
12,Lee,5020,1997,25000
12,Lee,5020,1998,27500
12,Lee,5020,1999,26000
12,Lee,5020,2000,27000
12,Lee,5020,2001,27500
12,Lee,5020,2002,24500
12,Lee,5020,2003,27500
12,Lee,5020,2004,28500
12,Lee,5020,2005,30500
12,Lee,5020,2006,31500
12,Lee,5020,2007,28500
12,Lee,5020,2008,27500
12,Lee,5020,2009,23500
12,Lee,5020,2010,23500
12,Lee,5020,2011,23500
12,Lee,5020,2012,22000
12,Lee,5020,2013,22000
12,Lee,5020,2014,22000
12,Lee,5020,2015,23000
12,Lee,5020,2016,25000
12,Lee,5020,2017,25000
12,Lee,5020,2018,24500
12,Lee,5020,2019,25000
12,Lee,5020,2020,22500
12,Lee,5020,2021,26000
12,Lee,5020,2022,29500
12,Lee,5020,2023,30000
12,Lee,5020,2024,29000
12,Lee,5020,2025,29000
12,Lee,5021,1974,13331
12,Lee,5021,1975,16823
12,Lee,5021,1976,16998
03,Collier,5021,1976,6534
12,Lee,5021,1977,17177
12,Lee,5021,1978,17364
12,Lee,5021,1979,17411
12,Lee,5021,1980,17690
12,Lee,5021,1982,18589
12,Lee,5021,1983,18441
12,Lee,5021,1984,20022
03,Collier,5021,1984,12446
12,Lee,5021,1985,21119
12,Lee,5021,1986,23993
12,Lee,5021,1987,21925
12,Lee,5021,1988,23380
12,Lee,5021,1989,22257
12,Lee,5021,1990,24788
03,Collier,5021,2004,9800
12,Lee,5022,1974,12916
12,Lee,5022,1975,11370
12,Lee,5022,1976,14036
12,Lee,5022,1977,14160
12,Lee,5022,1978,14361
03,Collier,5022,2004,10400
12,Lee,5023,1974,16641
12,Lee,5023,1975,15767
12,Lee,5023,1976,15803
12,Lee,5023,1977,17092
12,Lee,5023,1978,17656
12,Lee,5023,1979,16760
12,Lee,5023,1980,18640
12,Lee,5023,1981,19067
12,Lee,5023,1982,18326
12,Lee,5023,1983,17633
12,Lee,5023,1984,18285
12,Lee,5023,1985,19029
12,Lee,5023,1986,20736
12,Lee,5023,1987,23553
12,Lee,5023,1988,21378
12,Lee,5023,1989,20505
12,Lee,5023,1990,21192
12,Lee,5023,1991,23065
12,Lee,5023,1992,23000
12,Lee,5023,1993,23500
12,Lee,5023,1994,28500
12,Lee,5023,1995,23000
12,Lee,5023,1996,23000
12,Lee,5023,1997,23500
12,Lee,5023,1998,24000
12,Lee,5023,1999,24000
12,Lee,5023,2000,24000
12,Lee,5023,2001,25500
12,Lee,5023,2002,26500
12,Lee,5023,2003,28000
12,Lee,5023,2004,31000
12,Lee,5023,2005,31000
12,Lee,5023,2006,31500
12,Lee,5023,2007,31500
12,Lee,5023,2008,29500
12,Lee,5023,2009,27000
12,Lee,5023,2010,30000
12,Lee,5023,2011,30000
12,Lee,5023,2012,29500
12,Lee,5023,2013,30500
12,Lee,5023,2014,30500
12,Lee,5023,2015,31500
12,Lee,5023,2016,31000
12,Lee,5023,2017,29500
12,Lee,5023,2018,28500
12,Lee,5023,2019,30000
12,Lee,5023,2020,33500
12,Lee,5023,2021,30500
12,Lee,5023,2022,33000
12,Lee,5023,2023,31000
12,Lee,5023,2024,30000
12,Lee,5023,2025,30000
12,Lee,5024,1974,6365
12,Lee,5024,1975,6273
12,Lee,5024,1980,11148
12,Lee,5025,1974,23419
12,Lee,5025,1975,21636
12,Lee,5025,1976,22567
03,Collier,5025,1976,4758
12,Lee,5025,1977,22802
12,Lee,5025,1978,23281
12,Lee,5025,1979,23413
12,Lee,5025,1980,23789
12,Lee,5025,1981,60708
12,Lee,5025,1982,57543
12,Lee,5025,1983,49280
12,Lee,5025,1984,49134
03,Collier,5025,1984,5768
12,Lee,5025,1985,48948
12,Lee,5025,1986,55826
12,Lee,5025,1987,49678
12,Lee,5025,1988,55567
12,Lee,5025,1989,53622
12,Lee,5025,1990,52377
12,Lee,5025,1991,50184
12,Lee,5025,1992,51500
12,Lee,5025,1993,50500
12,Lee,5025,1994,51000
12,Lee,5025,1995,54500
12,Lee,5025,1996,52000
12,Lee,5025,1997,49500
12,Lee,5025,1998,49000
12,Lee,5025,1999,50000
12,Lee,5025,2000,53000
12,Lee,5025,2001,54000
12,Lee,5025,2002,55000
12,Lee,5025,2003,61000
12,Lee,5025,2004,64000
12,Lee,5025,2005,67500
12,Lee,5025,2006,69000
12,Lee,5025,2007,74000
12,Lee,5025,2008,64500
12,Lee,5025,2009,60500
12,Lee,5025,2010,64000
12,Lee,5025,2011,61000
12,Lee,5025,2012,62500
12,Lee,5025,2013,60000
12,Lee,5025,2014,62500
12,Lee,5025,2015,61500
12,Lee,5025,2016,58000
12,Lee,5025,2017,57500
12,Lee,5025,2018,58000
12,Lee,5025,2019,57000
12,Lee,5025,2020,51500
12,Lee,5025,2021,56000
12,Lee,5025,2022,63000
12,Lee,5025,2023,62000
12,Lee,5025,2024,61000
12,Lee,5025,2025,61000
12,Lee,5026,1974,1478
12,Lee,5026,1975,3018
12,Lee,5026,1976,3592
03,Collier,5026,1976,8927
12,Lee,5026,1977,3718
12,Lee,5026,1978,3816
12,Lee,5026,1979,3645
12,Lee,5026,1980,3958
12,Lee,5026,1982,6310
12,Lee,5026,1983,6126
03,Collier,5026,1984,6070
12,Lee,5026,1985,6754
12,Lee,5026,1986,9307
12,Lee,5026,1987,13269
12,Lee,5026,1988,14154
12,Lee,5026,1989,13765
12,Lee,5026,1990,12693
12,Lee,5026,1991,12404
12,Lee,5026,1992,14000
12,Lee,5026,1993,15400
12,Lee,5026,1994,17300
12,Lee,5026,1995,15700
12,Lee,5026,1996,15400
12,Lee,5026,1997,16700
12,Lee,5026,1998,16900
12,Lee,5026,1999,18600
12,Lee,5026,2000,19700
12,Lee,5026,2001,19900
12,Lee,5026,2002,22500
12,Lee,5026,2003,24000
12,Lee,5026,2004,25500
12,Lee,5026,2005,26000
12,Lee,5026,2006,30000
12,Lee,5026,2007,29000
12,Lee,5026,2008,29500
12,Lee,5026,2009,29500
12,Lee,5026,2010,26500
12,Lee,5026,2011,25500
12,Lee,5026,2012,25500
12,Lee,5026,2013,26000
12,Lee,5027,1974,8260
12,Lee,5027,1975,8028
12,Lee,5027,1976,8284
03,Collier,5027,1976,22346
12,Lee,5027,1977,8637
12,Lee,5027,1978,8823
12,Lee,5027,1979,8837
12,Lee,5027,1980,9014
12,Lee,5027,1982,10599
12,Lee,5027,1983,12374
12,Lee,5027,1984,12703
03,Collier,5027,1984,23456
12,Lee,5027,1985,13024
12,Lee,5027,1986,11604
12,Lee,5027,1987,12302
12,Lee,5027,1988,13675
12,Lee,5027,1989,12343
12,Lee,5027,1991,17178
12,Lee,5027,1992,17000
12,Lee,5027,1993,19000
12,Lee,5027,1994,14500
12,Lee,5027,1995,17500
12,Lee,5027,1996,18000
12,Lee,5027,1997,20000
12,Lee,5027,1998,18500
12,Lee,5027,1999,20000
12,Lee,5027,2000,19500
12,Lee,5027,2001,16700
12,Lee,5027,2002,18400
12,Lee,5027,2003,18200
12,Lee,5027,2004,18600
12,Lee,5027,2005,19100
12,Lee,5027,2006,17800
12,Lee,5027,2007,16800
12,Lee,5027,2008,17100
12,Lee,5027,2009,16400
12,Lee,5027,2010,15800
12,Lee,5027,2011,15400
12,Lee,5027,2012,13900
12,Lee,5027,2013,16300
12,Lee,5027,2014,17300
12,Lee,5027,2015,17200
12,Lee,5027,2016,18900
12,Lee,5027,2017,18400
12,Lee,5027,2018,18800
12,Lee,5027,2019,20500
12,Lee,5027,2020,21500
12,Lee,5027,2021,21000
12,Lee,5027,2022,25000
12,Lee,5027,2023,24000
12,Lee,5027,2024,25000
12,Lee,5027,2025,25000
12,Lee,5028,1974,10291
12,Lee,5028,1975,9492
12,Lee,5028,1976,11124
03,Collier,5028,1976,31938
12,Lee,5028,1977,11243
12,Lee,5028,1978,11404
12,Lee,5028,1979,11642
12,Lee,5028,1980,12035
12,Lee,5028,1982,20784
12,Lee,5028,1983,20386
12,Lee,5028,1984,20175
03,Collier,5028,1984,27983
12,Lee,5028,1985,21184
12,Lee,5028,1986,20134
12,Lee,5028,1987,22924
12,Lee,5028,1988,22119
12,Lee,5028,1989,20936
12,Lee,5028,1990,27426
12,Lee,5028,1991,29057
12,Lee,5028,1992,27000
12,Lee,5028,1993,29500
12,Lee,5028,1994,30000
12,Lee,5028,1995,30500
12,Lee,5028,1996,32500
12,Lee,5028,1997,30000
12,Lee,5028,1998,30500
12,Lee,5028,1999,27000
12,Lee,5028,2000,34000
12,Lee,5028,2001,32000
12,Lee,5028,2002,33500
12,Lee,5028,2003,34500
12,Lee,5028,2004,36500
12,Lee,5028,2005,37000
12,Lee,5028,2006,36500
12,Lee,5028,2007,37500
12,Lee,5028,2008,35500
12,Lee,5028,2009,32500
12,Lee,5028,2010,33500
12,Lee,5028,2011,32500
12,Lee,5028,2012,32000
12,Lee,5028,2013,31500
12,Lee,5028,2014,32500
12,Lee,5028,2015,30500
12,Lee,5028,2016,34500
12,Lee,5028,2017,34500
12,Lee,5028,2018,34000
12,Lee,5028,2019,35000
12,Lee,5028,2020,36000
12,Lee,5028,2021,38500
12,Lee,5028,2022,39500
12,Lee,5028,2023,42500
12,Lee,5028,2024,41500
12,Lee,5028,2025,41500
12,Lee,5029,1974,12209
12,Lee,5029,1975,13372
12,Lee,5029,1976,14510
03,Collier,5029,1976,29319
12,Lee,5029,1977,15491
12,Lee,5029,1978,15827
12,Lee,5029,1979,15685
12,Lee,5029,1980,15980
12,Lee,5029,1982,15124
12,Lee,5029,1983,15147
12,Lee,5029,1984,15586
03,Collier,5029,1984,29868
12,Lee,5029,1985,16677
03,Collier,5029,1985,25879
12,Lee,5029,1986,18811
03,Collier,5029,1986,24850
12,Lee,5029,1987,18699
03,Collier,5029,1987,28091
12,Lee,5029,1988,19878
03,Collier,5029,1988,26264
12,Lee,5029,1989,18415
03,Collier,5029,1989,25164
12,Lee,5029,1990,19295
03,Collier,5029,1990,31790
12,Lee,5029,1991,19924
03,Collier,5029,1991,34326
12,Lee,5029,1992,23500
03,Collier,5029,1992,35500
12,Lee,5029,1993,20500
03,Collier,5029,1993,37000
12,Lee,5029,1994,20500
03,Collier,5029,1994,38500
12,Lee,5029,1995,20100
03,Collier,5029,1995,39000
12,Lee,5029,1996,18600
03,Collier,5029,1996,36000
12,Lee,5029,1997,18600
03,Collier,5029,1997,37000
12,Lee,5029,1998,19400
03,Collier,5029,1998,39500
12,Lee,5029,1999,23000
03,Collier,5029,1999,43500
12,Lee,5029,2000,22500
03,Collier,5029,2000,41000
12,Lee,5029,2001,24000
03,Collier,5029,2001,39500
12,Lee,5029,2002,24000
03,Collier,5029,2002,41000
12,Lee,5029,2003,26000
03,Collier,5029,2003,41000
12,Lee,5029,2004,25000
03,Collier,5029,2004,42000
12,Lee,5029,2005,27000
03,Collier,5029,2005,40500
03,Collier,5029,2006,40500
12,Lee,5029,2006,29000
03,Collier,5029,2007,43000
12,Lee,5029,2007,28500
12,Lee,5029,2008,27000
03,Collier,5029,2008,38500
12,Lee,5029,2009,26000
03,Collier,5029,2009,36500
03,Collier,5029,2010,37000
12,Lee,5029,2010,28500
03,Collier,5029,2011,34500
12,Lee,5029,2011,27500
12,Lee,5029,2012,23500
03,Collier,5029,2012,36500
03,Collier,5029,2013,37000
12,Lee,5029,2013,23500
12,Lee,5029,2014,27000
03,Collier,5029,2014,36500
12,Lee,5029,2015,28500
03,Collier,5029,2015,40500
03,Collier,5029,2016,39500
12,Lee,5029,2016,29500
03,Collier,5029,2017,38500
12,Lee,5029,2017,24000
12,Lee,5029,2018,29500
03,Collier,5029,2018,37500
12,Lee,5029,2019,30000
03,Collier,5029,2019,36000
12,Lee,5029,2020,31500
03,Collier,5029,2020,31500
03,Collier,5029,2021,35500
12,Lee,5029,2021,26000
12,Lee,5029,2022,26000
03,Collier,5029,2022,39000
12,Lee,5029,2023,30500
03,Collier,5029,2023,41000
03,Collier,5029,2024,41000
12,Lee,5029,2024,29500
12,Lee,5029,2025,29500
03,Collier,5029,2025,41000
12,Lee,5030,1974,16637
12,Lee,5030,1975,22629
12,Lee,5030,1976,23535
03,Collier,5030,1976,10414
12,Lee,5030,1977,23658
12,Lee,5030,1978,24054
12,Lee,5030,1979,23905
12,Lee,5030,1980,24121
12,Lee,5030,1982,25778
12,Lee,5030,1983,22888
03,Collier,5030,1984,12179
12,Lee,5030,1985,22568
12,Lee,5030,1986,25246
12,Lee,5030,1987,22177
12,Lee,5030,1988,22322
12,Lee,5030,1989,20589
12,Lee,5030,1990,24380
12,Lee,5030,1991,22168
12,Lee,5030,1993,21500
12,Lee,5030,1994,20000
12,Lee,5030,1995,22500
12,Lee,5030,1996,22000
12,Lee,5031,1974,9941
12,Lee,5031,1975,10782
12,Lee,5031,1976,10809
03,Collier,5031,1976,10666
12,Lee,5031,1977,10969
12,Lee,5031,1978,11181
03,Collier,5031,1984,10464
12,Lee,5032,1974,11168
12,Lee,5032,1975,10279
12,Lee,5032,1976,11235
12,Lee,5032,1977,11346
12,Lee,5032,1978,11488
03,Collier,5032,1985,3894
03,Collier,5032,1986,5126
03,Collier,5032,1987,5051
12,Lee,5033,1974,6782
12,Lee,5033,1975,6665
12,Lee,5033,1979,10449
12,Lee,5033,1980,10793
12,Lee,5033,1981,15173
03,Collier,5033,1985,7290
03,Collier,5033,1986,7631
03,Collier,5033,1987,8106
12,Lee,5034,1979,9362
12,Lee,5034,1980,9763
12,Lee,5034,1981,11064
03,Collier,5034,1985,4459
03,Collier,5034,1986,5488
03,Collier,5034,1987,5038
12,Lee,5035,1982,19876
12,Lee,5035,1983,16841
12,Lee,5035,1984,17168
12,Lee,5035,1985,17222
03,Collier,5035,1985,2966
12,Lee,5035,1986,18610
03,Collier,5035,1986,3356
12,Lee,5035,1987,21653
03,Collier,5035,1987,3254
12,Lee,5035,1988,19774
12,Lee,5035,1989,18794
12,Lee,5035,1999,16500
12,Lee,5035,2000,15500
12,Lee,5035,2001,15500
12,Lee,5035,2002,18000
12,Lee,5035,2003,16000
12,Lee,5035,2004,18000
12,Lee,5035,2005,19000
12,Lee,5035,2006,21000
12,Lee,5035,2007,17000
12,Lee,5035,2008,14500
12,Lee,5035,2009,14500
12,Lee,5035,2010,14000
12,Lee,5035,2011,14000
12,Lee,5035,2012,13500
12,Lee,5035,2013,13500
12,Lee,5035,2014,15500
12,Lee,5035,2015,15500
12,Lee,5035,2016,16500
12,Lee,5035,2017,17500
12,Lee,5035,2018,15000
12,Lee,5035,2019,14500
12,Lee,5035,2020,16500
12,Lee,5035,2021,18000
12,Lee,5035,2022,18500
12,Lee,5035,2023,25500
12,Lee,5035,2024,26000
12,Lee,5035,2025,26500
03,Collier,5036,1985,3801
03,Collier,5036,1986,4172
03,Collier,5036,1987,4330
12,Lee,5036,2013,16800
12,Lee,5036,2014,21000
12,Lee,5036,2015,21500
12,Lee,5036,2016,23500
12,Lee,5036,2017,24000
12,Lee,5036,2018,27500
12,Lee,5036,2019,29500
12,Lee,5036,2020,23000
12,Lee,5036,2021,29500
12,Lee,5036,2022,33500
12,Lee,5036,2023,36000
12,Lee,5036,2024,37000
12,Lee,5036,2025,34000
12,Lee,5037,1982,10702
12,Lee,5037,1983,11195
12,Lee,5037,1985,12343
03,Collier,5037,1985,1985
12,Lee,5037,1986,10975
03,Collier,5037,1986,2236
12,Lee,5037,1987,10364
03,Collier,5037,1987,2449
12,Lee,5037,1988,10215
12,Lee,5037,1989,10388
12,Lee,5037,1990,19743
12,Lee,5037,1991,11522
12,Lee,5037,1993,12500
12,Lee,5037,1994,15000
12,Lee,5037,1995,11500
12,Lee,5037,1996,9800
12,Lee,5037,1997,10100
12,Lee,5037,1998,9700
12,Lee,5037,1999,10700
12,Lee,5037,2000,11400
12,Lee,5037,2001,10900
12,Lee,5037,2002,10400
12,Lee,5037,2003,9300
12,Lee,5037,2004,11700
12,Lee,5037,2005,11100
12,Lee,5037,2008,6900
12,Lee,5037,2009,6900
12,Lee,5037,2010,6800
12,Lee,5037,2011,5800
12,Lee,5037,2012,5800
12,Lee,5037,2013,5900
12,Lee,5037,2014,6600
12,Lee,5037,2015,6900
12,Lee,5037,2016,7000
12,Lee,5037,2017,7100
12,Lee,5037,2018,6900
12,Lee,5037,2019,7300
12,Lee,5037,2020,7200
12,Lee,5037,2021,7200
12,Lee,5037,2022,7200
12,Lee,5037,2023,6900
12,Lee,5037,2024,6900
12,Lee,5037,2025,6900
03,Collier,5038,1985,5034
12,Lee,5038,1986,7951
12,Lee,5038,1987,7582
03,Collier,5038,1987,6366
12,Lee,5038,1988,8452
12,Lee,5038,1989,8304
12,Lee,5038,1990,12420
12,Lee,5038,1991,8549
12,Lee,5038,1993,12900
12,Lee,5038,1994,27500
12,Lee,5038,1995,9500
12,Lee,5038,1996,9100
12,Lee,5038,1997,9400
12,Lee,5038,1998,8300
12,Lee,5038,1999,8300
12,Lee,5038,2000,8900
12,Lee,5038,2001,9100
12,Lee,5038,2002,7700
12,Lee,5038,2003,10500
12,Lee,5038,2004,11600
12,Lee,5038,2005,10600
12,Lee,5038,2006,9200
12,Lee,5038,2007,9000
12,Lee,5038,2008,10000
12,Lee,5038,2009,10000
12,Lee,5038,2010,6400
12,Lee,5038,2011,6400
12,Lee,5038,2012,6900
12,Lee,5038,2013,7100
12,Lee,5038,2014,7100
12,Lee,5038,2015,8200
12,Lee,5038,2016,8500
12,Lee,5038,2017,8500
12,Lee,5038,2018,8600
12,Lee,5038,2019,8800
12,Lee,5038,2020,8700
12,Lee,5038,2021,7600
12,Lee,5038,2022,7600
12,Lee,5038,2023,7800
12,Lee,5038,2024,6800
12,Lee,5038,2025,6800
12,Lee,5039,1982,39390
12,Lee,5039,1983,39992
12,Lee,5039,1984,39197
12,Lee,5039,1985,41472
03,Collier,5039,1985,6042
12,Lee,5039,1986,46184
03,Collier,5039,1986,5941
12,Lee,5039,1987,47375
03,Collier,5039,1987,6656
12,Lee,5039,1988,50117
12,Lee,5039,1989,48697
12,Lee,5039,1990,52612
12,Lee,5039,1991,46424
12,Lee,5039,1992,48000
12,Lee,5039,1993,50500
12,Lee,5039,1994,46500
12,Lee,5039,1995,46000
12,Lee,5039,1996,46000
12,Lee,5039,1997,36000
12,Lee,5039,1998,40500
12,Lee,5039,1999,41000
12,Lee,5039,2000,45000
12,Lee,5039,2001,48000
12,Lee,5039,2002,48000
12,Lee,5039,2003,50500
12,Lee,5039,2004,53000
12,Lee,5039,2005,55500
12,Lee,5039,2006,60500
12,Lee,5039,2007,55500
12,Lee,5039,2008,52000
12,Lee,5039,2009,51500
12,Lee,5039,2010,50500
12,Lee,5039,2011,51500
12,Lee,5039,2012,53000
12,Lee,5039,2013,52000
12,Lee,5039,2014,54000
12,Lee,5039,2015,51500
12,Lee,5039,2016,48500
12,Lee,5039,2017,47000
12,Lee,5039,2018,49500
12,Lee,5039,2019,53000
12,Lee,5039,2020,42000
12,Lee,5039,2021,54000
12,Lee,5039,2022,54000
12,Lee,5039,2023,55000
12,Lee,5039,2024,54500
12,Lee,5039,2025,54500
12,Lee,5040,1982,5456
12,Lee,5040,1983,5896
12,Lee,5040,1984,6981
12,Lee,5040,1985,7368
03,Collier,5040,1985,5562
12,Lee,5040,1986,8588
03,Collier,5040,1986,5452
12,Lee,5040,1987,8264
03,Collier,5040,1987,6008
12,Lee,5040,1988,7743
12,Lee,5040,1989,7354
12,Lee,5040,1990,13146
12,Lee,5040,1991,11700
12,Lee,5040,1993,20500
12,Lee,5040,1994,15500
12,Lee,5040,1995,13500
12,Lee,5040,1996,16900
12,Lee,5040,1997,17500
12,Lee,5040,1998,18200
12,Lee,5040,1999,21000
12,Lee,5040,2000,20000
12,Lee,5040,2001,20000
12,Lee,5040,2002,17900
12,Lee,5040,2003,19900
12,Lee,5040,2004,22500
12,Lee,5040,2005,23000
12,Lee,5040,2006,26000
12,Lee,5040,2007,26000
12,Lee,5040,2008,24500
12,Lee,5040,2009,31000
12,Lee,5040,2010,35500
12,Lee,5040,2011,34500
12,Lee,5040,2012,35500
12,Lee,5040,2013,31500
12,Lee,5040,2014,32500
12,Lee,5040,2015,30500
12,Lee,5040,2016,35000
12,Lee,5040,2017,34500
12,Lee,5040,2018,33000
12,Lee,5040,2019,34000
12,Lee,5040,2020,35000
12,Lee,5040,2021,40000
12,Lee,5040,2022,41000
12,Lee,5040,2023,43000
12,Lee,5040,2024,42000
12,Lee,5040,2025,42000
12,Lee,5041,1982,31531
12,Lee,5041,1983,31216
12,Lee,5041,1984,30390
12,Lee,5041,1985,32643
03,Collier,5041,1985,7103
12,Lee,5041,1986,36497
03,Collier,5041,1986,7070
12,Lee,5041,1987,35266
03,Collier,5041,1987,7520
12,Lee,5041,1988,37715
12,Lee,5041,1989,36233
12,Lee,5041,1990,44608
12,Lee,5041,1991,40805
12,Lee,5041,1992,42500
12,Lee,5041,1993,43500
12,Lee,5041,1994,47000
12,Lee,5041,1995,48000
12,Lee,5041,1996,45500
12,Lee,5041,1997,44500
12,Lee,5041,1998,45500
12,Lee,5041,1999,42500
12,Lee,5041,2000,47000
12,Lee,5041,2001,52500
12,Lee,5041,2002,55000
12,Lee,5041,2003,58500
12,Lee,5041,2004,62500
12,Lee,5041,2005,63000
12,Lee,5041,2006,70500
12,Lee,5041,2007,67000
12,Lee,5041,2008,56500
12,Lee,5041,2009,66000
12,Lee,5041,2010,65000
12,Lee,5041,2011,64500
12,Lee,5041,2012,67000
12,Lee,5041,2013,65000
12,Lee,5041,2014,67000
12,Lee,5041,2015,63500
12,Lee,5041,2016,58000
12,Lee,5041,2017,68000
12,Lee,5041,2018,62500
12,Lee,5041,2019,61500
12,Lee,5041,2020,57000
12,Lee,5041,2021,63000
12,Lee,5041,2022,71500
12,Lee,5041,2023,71000
12,Lee,5041,2024,70000
12,Lee,5041,2025,71000
12,Lee,5042,1982,7466
12,Lee,5042,1983,7460
12,Lee,5042,1985,8225
03,Collier,5042,1985,2560
12,Lee,5042,1986,11236
03,Collier,5042,1986,2889
12,Lee,5042,1987,13579
03,Collier,5042,1987,3137
12,Lee,5042,1988,15122
12,Lee,5042,1989,14687
12,Lee,5042,1990,14846
12,Lee,5042,1991,14268
12,Lee,5042,1992,16000
12,Lee,5042,1993,19000
12,Lee,5042,1994,23500
12,Lee,5042,1995,20100
12,Lee,5042,1996,19200
12,Lee,5042,1997,19800
12,Lee,5042,1998,23000
12,Lee,5042,1999,25000
12,Lee,5042,2000,22500
12,Lee,5042,2001,23000
12,Lee,5042,2002,30000
12,Lee,5042,2003,27000
12,Lee,5042,2004,30500
12,Lee,5042,2005,30000
12,Lee,5042,2006,31500
12,Lee,5042,2007,29500
12,Lee,5042,2008,30500
12,Lee,5042,2009,29500
12,Lee,5042,2010,25000
12,Lee,5042,2011,24000
12,Lee,5042,2012,26000
12,Lee,5042,2013,27000
12,Lee,5042,2014,28000
12,Lee,5042,2015,30500
12,Lee,5042,2016,33000
12,Lee,5042,2017,34500
12,Lee,5042,2018,35500
12,Lee,5042,2019,36000
12,Lee,5042,2020,36500
12,Lee,5042,2021,35500
12,Lee,5042,2022,37500
12,Lee,5042,2023,39500
12,Lee,5042,2024,38500
12,Lee,5042,2025,35500
12,Lee,5043,1982,20326
12,Lee,5043,1983,21742
12,Lee,5043,1984,19704
12,Lee,5043,1985,20770
03,Collier,5043,1985,3198
12,Lee,5043,1986,22762
03,Collier,5043,1986,3828
12,Lee,5043,1987,25023
03,Collier,5043,1987,4400
12,Lee,5043,1988,22829
12,Lee,5043,1989,20888
12,Lee,5043,1990,26327
12,Lee,5043,1991,21256
12,Lee,5043,1992,21000
12,Lee,5043,1993,22500
12,Lee,5043,1994,17000
12,Lee,5043,1995,23000
12,Lee,5043,1996,26000
12,Lee,5043,1997,26000
12,Lee,5043,1998,27500
12,Lee,5043,1999,27500
12,Lee,5043,2000,26000
12,Lee,5043,2001,25000
12,Lee,5043,2002,29500
12,Lee,5043,2003,27500
12,Lee,5043,2004,32000
12,Lee,5043,2005,30500
12,Lee,5043,2006,33500
12,Lee,5043,2007,27500
12,Lee,5043,2008,23500
12,Lee,5043,2009,23500
12,Lee,5043,2010,23500
12,Lee,5043,2011,23000
12,Lee,5043,2012,23500
12,Lee,5043,2013,23500
12,Lee,5043,2014,29500
12,Lee,5043,2015,28500
12,Lee,5043,2016,31000
12,Lee,5043,2017,27500
12,Lee,5043,2018,31000
12,Lee,5043,2019,32000
12,Lee,5043,2020,25500
12,Lee,5043,2021,30500
12,Lee,5043,2022,31500
12,Lee,5043,2023,34500
12,Lee,5043,2024,35500
12,Lee,5043,2025,36500
12,Lee,5044,1974,5561
12,Lee,5044,1975,10558
12,Lee,5044,1976,11682
12,Lee,5044,1977,11563
12,Lee,5044,1978,11595
12,Lee,5044,1979,11977
12,Lee,5044,1980,11247
12,Lee,5044,1983,9172
12,Lee,5044,1984,10615
12,Lee,5044,1985,10315
03,Collier,5044,1985,4497
12,Lee,5044,1986,9678
03,Collier,5044,1986,5414
12,Lee,5044,1987,9017
03,Collier,5044,1987,4917
12,Lee,5044,1988,9263
12,Lee,5044,1989,8906
12,Lee,5045,1975,10010
12,Lee,5045,1976,10252
12,Lee,5045,1977,10438
12,Lee,5045,1978,10653
12,Lee,5045,1979,10618
12,Lee,5045,1980,10369
12,Lee,5045,1983,7641
12,Lee,5045,1984,7829
12,Lee,5045,1985,7226
03,Collier,5045,1985,6495
12,Lee,5045,1986,8033
03,Collier,5045,1986,7685
12,Lee,5045,1987,8133
03,Collier,5045,1987,6627
12,Lee,5045,1988,8746
12,Lee,5045,1989,7980
12,Lee,5045,1990,8279
12,Lee,5045,1991,10597
12,Lee,5045,1993,11500
12,Lee,5045,1994,9000
12,Lee,5045,1995,7300
12,Lee,5045,1996,5000
12,Lee,5045,1997,5200
12,Lee,5045,1998,4600
12,Lee,5045,1999,5200
12,Lee,5045,2000,5500
12,Lee,5045,2001,5500
12,Lee,5045,2002,5400
12,Lee,5045,2003,7200
12,Lee,5045,2004,4900
12,Lee,5045,2005,5300
12,Lee,5045,2008,3500
12,Lee,5045,2009,3500
12,Lee,5045,2010,3500
12,Lee,5045,2011,2400
12,Lee,5045,2012,2400
12,Lee,5045,2013,2400
12,Lee,5045,2014,2550
12,Lee,5045,2015,2700
12,Lee,5045,2016,2700
12,Lee,5045,2017,2700
12,Lee,5045,2018,3200
12,Lee,5045,2019,3400
12,Lee,5045,2020,3400
12,Lee,5045,2021,3400
12,Lee,5045,2022,3400
12,Lee,5045,2023,2200
12,Lee,5045,2024,2200
12,Lee,5045,2025,2200
12,Lee,5046,1983,7522
12,Lee,5046,1985,7765
03,Collier,5046,1985,3775
12,Lee,5046,1986,7754
03,Collier,5046,1986,4121
12,Lee,5046,1987,6578
03,Collier,5046,1987,3819
12,Lee,5046,1988,6593
12,Lee,5046,1989,5961
03,Collier,5047,1985,1372
12,Lee,5047,1986,7391
03,Collier,5047,1986,1611
03,Collier,5047,1987,1757
03,Collier,5048,1985,9405
03,Collier,5048,1986,11976
03,Collier,5048,1987,9558
12,Lee,5048,1989,7562
12,Lee,5048,1990,8469
12,Lee,5048,1991,15568
12,Lee,5048,1993,17500
12,Lee,5048,1994,13000
12,Lee,5048,1995,8000
12,Lee,5048,1996,7300
12,Lee,5048,1997,7100
12,Lee,5048,1998,6700
12,Lee,5048,1999,7700
12,Lee,5048,2000,9800
12,Lee,5048,2001,9800
12,Lee,5048,2002,12000
12,Lee,5048,2003,9500
12,Lee,5048,2004,9900
12,Lee,5048,2005,6800
03,Collier,5049,1985,4963
03,Collier,5049,1986,7368
03,Collier,5049,1987,4989
12,Lee,5049,1989,9732
12,Lee,5049,1990,12118
12,Lee,5049,1991,12866
12,Lee,5049,1993,10500
12,Lee,5049,1994,10500
12,Lee,5049,1995,11500
12,Lee,5049,1996,12000
12,Lee,5049,1997,11500
12,Lee,5049,1998,11500
12,Lee,5049,1999,14500
12,Lee,5049,2000,13000
12,Lee,5049,2001,13000
12,Lee,5049,2002,15000
12,Lee,5049,2003,11500
12,Lee,5049,2004,13000
12,Lee,5049,2005,12500
12,Lee,5049,2006,11000
12,Lee,5049,2007,11500
12,Lee,5049,2008,8000
12,Lee,5049,2009,6600
12,Lee,5049,2010,7500
12,Lee,5049,2011,7500
12,Lee,5049,2012,7800
12,Lee,5049,2013,7900
12,Lee,5049,2014,8400
12,Lee,5049,2015,8900
12,Lee,5049,2016,9200
12,Lee,5049,2017,8800
12,Lee,5049,2018,8600
12,Lee,5049,2019,9000
12,Lee,5049,2020,9100
12,Lee,5049,2021,8200
12,Lee,5049,2022,8200
12,Lee,5049,2023,8400
12,Lee,5049,2024,5400
12,Lee,5049,2025,5400
03,Collier,5050,1985,5660
03,Collier,5050,1986,6907
03,Collier,5050,1987,5872
12,Lee,5050,1989,9897
12,Lee,5050,1990,12696
12,Lee,5050,1991,13011
12,Lee,5050,1993,13000
12,Lee,5050,1994,12000
12,Lee,5050,1995,11000
12,Lee,5050,1996,13000
12,Lee,5050,1997,13000
12,Lee,5050,1998,12500
12,Lee,5050,1999,15000
12,Lee,5050,2000,16500
12,Lee,5050,2001,16500
12,Lee,5050,2002,12500
12,Lee,5050,2003,15000
12,Lee,5050,2004,16000
12,Lee,5050,2005,14500
12,Lee,5050,2006,15500
12,Lee,5050,2007,18500
12,Lee,5050,2008,8300
12,Lee,5050,2009,8300
12,Lee,5050,2010,8300
12,Lee,5050,2011,8300
12,Lee,5050,2012,9700
12,Lee,5050,2013,10000
12,Lee,5050,2014,10000
12,Lee,5050,2015,11000
12,Lee,5050,2016,11000
12,Lee,5050,2017,11000
12,Lee,5050,2018,12500
12,Lee,5050,2019,12500
12,Lee,5050,2020,12000
12,Lee,5050,2021,11500
12,Lee,5050,2022,9300
12,Lee,5050,2023,9200
12,Lee,5050,2024,9000
12,Lee,5050,2025,9000
03,Collier,5051,1985,3622
03,Collier,5051,1986,4256
03,Collier,5051,1987,3884
12,Lee,5051,1989,10583
12,Lee,5051,1990,11436
12,Lee,5051,1991,11981
12,Lee,5051,1992,12000
12,Lee,5051,1993,12500
12,Lee,5051,1994,11500
12,Lee,5051,1995,10500
12,Lee,5051,1996,12000
12,Lee,5051,1997,13500
12,Lee,5051,1998,13500
12,Lee,5051,1999,15500
12,Lee,5051,2000,15500
12,Lee,5051,2001,15500
12,Lee,5051,2002,12500
12,Lee,5051,2003,13500
12,Lee,5051,2004,17500
12,Lee,5051,2005,14500
12,Lee,5051,2006,15000
12,Lee,5051,2007,16000
12,Lee,5051,2008,9300
12,Lee,5051,2009,9100
12,Lee,5051,2010,9000
12,Lee,5051,2011,9000
12,Lee,5051,2012,10000
12,Lee,5051,2013,10500
12,Lee,5051,2014,10500
12,Lee,5051,2015,11500
12,Lee,5051,2016,12000
12,Lee,5051,2017,11500
12,Lee,5051,2018,12000
12,Lee,5051,2019,12500
12,Lee,5051,2020,11000
12,Lee,5051,2021,12000
12,Lee,5051,2022,12000
12,Lee,5051,2023,10100
12,Lee,5051,2024,9900
12,Lee,5051,2025,9900
03,Collier,5052,1985,3896
03,Collier,5052,1986,4804
03,Collier,5052,1987,4340
12,Lee,5052,1990,12453
12,Lee,5052,1991,14364
12,Lee,5052,1992,13000
12,Lee,5052,1993,14500
12,Lee,5052,1994,14000
12,Lee,5052,1995,13900
12,Lee,5052,1996,17400
12,Lee,5052,1997,18900
12,Lee,5052,1998,17800
12,Lee,5052,1999,18900
12,Lee,5052,2000,18300
12,Lee,5052,2001,18300
12,Lee,5052,2002,20800
12,Lee,5052,2003,22700
12,Lee,5052,2004,27100
12,Lee,5052,2005,28500
12,Lee,5052,2006,35800
12,Lee,5052,2007,34000
12,Lee,5052,2008,33200
12,Lee,5052,2009,24000
12,Lee,5052,2010,25100
12,Lee,5052,2011,25300
12,Lee,5052,2012,25000
12,Lee,5052,2013,27700
12,Lee,5052,2014,28400
12,Lee,5052,2015,27500
12,Lee,5052,2016,28500
12,Lee,5052,2017,29000
12,Lee,5052,2018,29000
12,Lee,5052,2019,29000
12,Lee,5052,2020,28000
12,Lee,5052,2021,29500
12,Lee,5052,2022,35000
12,Lee,5052,2023,37000
12,Lee,5052,2024,33000
12,Lee,5052,2025,34000
03,Collier,5053,1985,6403
03,Collier,5053,1986,7348
03,Collier,5053,1987,7060
12,Lee,5053,1990,22012
12,Lee,5053,1991,17033
12,Lee,5053,1992,16000
12,Lee,5053,1993,18000
12,Lee,5053,1994,19500
12,Lee,5053,1995,17000
12,Lee,5053,1996,19000
12,Lee,5053,1997,20000
12,Lee,5053,1998,21500
12,Lee,5053,1999,21500
12,Lee,5053,2000,21000
12,Lee,5053,2001,21000
12,Lee,5053,2002,21000
12,Lee,5053,2003,22000
12,Lee,5053,2004,25500
12,Lee,5053,2005,36500
12,Lee,5053,2006,43000
12,Lee,5053,2007,40000
12,Lee,5053,2008,33500
12,Lee,5053,2009,34000
12,Lee,5053,2010,33500
12,Lee,5053,2011,32000
12,Lee,5053,2012,32000
12,Lee,5053,2013,36000
12,Lee,5053,2014,38500
12,Lee,5053,2015,41500
12,Lee,5053,2016,43500
12,Lee,5053,2017,44500
12,Lee,5053,2018,48000
12,Lee,5053,2019,48000
12,Lee,5053,2020,47000
12,Lee,5053,2021,49000
12,Lee,5053,2022,52000
12,Lee,5053,2023,53000
12,Lee,5053,2024,51000
12,Lee,5053,2025,52000
03,Collier,5054,1985,5304
03,Collier,5054,1986,6062
03,Collier,5054,1987,5280
12,Lee,5054,1995,22000
12,Lee,5054,1996,27500
12,Lee,5054,1997,26500
12,Lee,5054,1998,30000
12,Lee,5054,1999,28000
12,Lee,5054,2000,32500
12,Lee,5054,2001,32000
12,Lee,5054,2002,33500
12,Lee,5054,2003,37000
12,Lee,5054,2004,38500
12,Lee,5054,2005,37500
12,Lee,5054,2006,35500
12,Lee,5054,2007,34000
12,Lee,5054,2008,35500
12,Lee,5054,2009,29500
12,Lee,5054,2010,33000
12,Lee,5054,2011,32000
12,Lee,5054,2012,33000
12,Lee,5054,2013,31000
12,Lee,5054,2014,33000
12,Lee,5054,2015,35500
12,Lee,5054,2016,36500
12,Lee,5054,2017,36500
12,Lee,5054,2018,36500
12,Lee,5054,2019,38000
12,Lee,5054,2020,32500
12,Lee,5054,2021,41000
12,Lee,5054,2022,40000
12,Lee,5054,2023,43000
12,Lee,5054,2024,44000
12,Lee,5054,2025,39000
03,Collier,5055,1985,3911
03,Collier,5055,1986,4583
03,Collier,5055,1987,5678
12,Lee,5055,1995,8900
12,Lee,5055,1996,9500
12,Lee,5055,1997,9200
12,Lee,5055,1998,9700
12,Lee,5055,1999,10500
12,Lee,5055,2000,10500
12,Lee,5055,2001,10200
12,Lee,5055,2002,10900
12,Lee,5055,2003,10800
12,Lee,5055,2004,11000
12,Lee,5055,2005,10700
12,Lee,5055,2006,10900
12,Lee,5055,2007,8700
12,Lee,5055,2008,9100
12,Lee,5055,2009,9100
12,Lee,5055,2010,8500
12,Lee,5055,2011,8300
12,Lee,5055,2012,24000
12,Lee,5055,2013,29000
12,Lee,5055,2014,21000
12,Lee,5055,2015,21500
12,Lee,5055,2016,23000
12,Lee,5055,2017,23500
12,Lee,5055,2018,23500
12,Lee,5055,2019,24000
12,Lee,5055,2020,21000
12,Lee,5055,2021,24000
12,Lee,5055,2022,25000
12,Lee,5055,2023,28000
12,Lee,5055,2024,29000
12,Lee,5055,2025,30000
12,Lee,5056,1995,21000
12,Lee,5056,1996,22000
12,Lee,5056,1997,21500
12,Lee,5056,1998,24000
12,Lee,5056,1999,25500
12,Lee,5056,2000,24500
12,Lee,5056,2001,24500
12,Lee,5056,2002,27500
12,Lee,5056,2003,27000
12,Lee,5056,2004,28500
12,Lee,5056,2005,29000
12,Lee,5056,2006,29000
12,Lee,5056,2007,27500
12,Lee,5056,2008,25000
12,Lee,5056,2009,24000
12,Lee,5056,2010,23000
12,Lee,5056,2011,22500
12,Lee,5056,2012,24500
12,Lee,5056,2013,28000
12,Lee,5057,1995,29000
12,Lee,5058,1995,31500
12,Lee,5058,1996,31000
12,Lee,5058,1997,34500
12,Lee,5058,1998,37000
12,Lee,5058,1999,35500
12,Lee,5058,2000,36000
12,Lee,5058,2001,36000
12,Lee,5058,2002,38000
12,Lee,5058,2003,34500
12,Lee,5058,2004,36500
12,Lee,5058,2005,42500
12,Lee,5058,2006,43000
12,Lee,5058,2007,39500
12,Lee,5058,2008,34000
12,Lee,5058,2009,33500
12,Lee,5058,2010,27000
12,Lee,5058,2011,26000
12,Lee,5058,2012,15300
12,Lee,5058,2013,14800
12,Lee,5058,2014,15600
12,Lee,5058,2015,30500
12,Lee,5058,2016,33500
12,Lee,5058,2017,31000
12,Lee,5058,2018,34500
12,Lee,5058,2019,34500
12,Lee,5058,2020,29000
12,Lee,5058,2021,36000
12,Lee,5058,2022,37000
12,Lee,5058,2023,37500
12,Lee,5058,2024,38500
12,Lee,5058,2025,39500
12,Lee,5059,1995,19700
12,Lee,5059,1996,19700
12,Lee,5059,1997,19800
12,Lee,5059,1998,21000
12,Lee,5059,1999,20000
12,Lee,5059,2000,20500
12,Lee,5059,2001,20500
12,Lee,5059,2002,21500
12,Lee,5059,2003,22500
12,Lee,5059,2004,22500
12,Lee,5059,2005,25500
12,Lee,5059,2006,24000
12,Lee,5059,2007,20000
12,Lee,5059,2008,20500
12,Lee,5059,2009,16800
12,Lee,5059,2010,14500
12,Lee,5059,2011,14100
12,Lee,5059,2012,13200
12,Lee,5059,2013,13400
12,Lee,5059,2014,15000
12,Lee,5059,2015,14400
12,Lee,5059,2016,17200
12,Lee,5059,2017,19200
12,Lee,5059,2018,21500
12,Lee,5059,2019,22500
12,Lee,5059,2020,17700
12,Lee,5059,2021,21500
12,Lee,5059,2022,21400
12,Lee,5059,2023,23000
12,Lee,5059,2024,24000
12,Lee,5059,2025,25000
12,Lee,5060,1995,15000
12,Lee,5060,1996,15000
12,Lee,5060,1997,16900
12,Lee,5060,1998,15100
12,Lee,5060,1999,16700
12,Lee,5060,2000,17900
12,Lee,5060,2001,17900
12,Lee,5060,2002,18700
12,Lee,5060,2003,17800
12,Lee,5060,2004,18500
12,Lee,5060,2005,18100
12,Lee,5060,2006,17500
12,Lee,5060,2007,14200
12,Lee,5060,2008,12500
12,Lee,5060,2009,10600
12,Lee,5060,2010,10000
12,Lee,5060,2011,9800
12,Lee,5060,2012,10200
12,Lee,5060,2013,10700
12,Lee,5060,2014,9700
12,Lee,5060,2015,9700
12,Lee,5060,2016,10200
12,Lee,5060,2017,7100
12,Lee,5060,2018,6600
12,Lee,5060,2019,7400
12,Lee,5061,1995,12500
12,Lee,5062,1995,13500
12,Lee,5062,1996,13000
12,Lee,5062,1997,13500
12,Lee,5062,1998,12500
12,Lee,5062,1999,12500
12,Lee,5062,2000,14700
12,Lee,5062,2001,14700
12,Lee,5062,2002,17600
12,Lee,5062,2003,12700
12,Lee,5062,2004,14100
12,Lee,5062,2005,12700
12,Lee,5062,2006,13800
12,Lee,5062,2007,13700
12,Lee,5062,2008,13700
12,Lee,5062,2009,11900
12,Lee,5062,2010,11500
12,Lee,5062,2011,11300
12,Lee,5062,2012,10400
12,Lee,5062,2013,13300
12,Lee,5062,2014,14000
12,Lee,5062,2015,12900
12,Lee,5062,2016,10800
12,Lee,5062,2017,10900
12,Lee,5062,2018,11700
12,Lee,5062,2019,10400
12,Lee,5062,2020,8900
12,Lee,5062,2021,12700
12,Lee,5062,2022,15500
12,Lee,5062,2023,16600
12,Lee,5062,2024,17000
12,Lee,5062,2025,18000
12,Lee,5064,1995,21000
12,Lee,5064,1996,22500
12,Lee,5064,1997,26000
12,Lee,5064,1998,26000
12,Lee,5064,1999,26000
12,Lee,5064,2000,25000
12,Lee,5064,2001,26000
12,Lee,5064,2002,26500
12,Lee,5064,2003,25000
12,Lee,5064,2004,26500
12,Lee,5064,2005,27000
12,Lee,5064,2006,33500
12,Lee,5064,2007,27500
12,Lee,5064,2008,24500
12,Lee,5064,2009,20400
12,Lee,5064,2010,19800
12,Lee,5064,2011,19100
12,Lee,5064,2012,20600
12,Lee,5064,2013,21400
12,Lee,5064,2014,22900
12,Lee,5064,2015,22100
12,Lee,5064,2016,21800
12,Lee,5064,2017,23700
12,Lee,5064,2018,22900
12,Lee,5064,2019,23900
12,Lee,5064,2020,19000
12,Lee,5064,2021,22200
12,Lee,5064,2022,28200
12,Lee,5064,2023,25600
12,Lee,5064,2024,26300
12,Lee,5064,2025,27000
12,Lee,5065,1995,14500
12,Lee,5065,1996,20000
12,Lee,5065,1997,21500
12,Lee,5065,1998,21500
12,Lee,5065,1999,22500
12,Lee,5065,2000,22000
12,Lee,5065,2001,22000
12,Lee,5065,2002,24000
12,Lee,5065,2003,23000
12,Lee,5065,2004,23500
12,Lee,5065,2005,25500
12,Lee,5065,2006,28000
12,Lee,5065,2007,27500
12,Lee,5065,2008,20300
12,Lee,5065,2009,16600
12,Lee,5065,2010,17000
12,Lee,5065,2011,16900
12,Lee,5065,2012,16600
12,Lee,5065,2013,17900
12,Lee,5065,2014,18800
12,Lee,5065,2015,17600
12,Lee,5065,2016,17900
12,Lee,5065,2017,19200
12,Lee,5065,2018,16800
12,Lee,5065,2019,19900
12,Lee,5065,2020,15300
12,Lee,5065,2021,20700
12,Lee,5065,2022,21400
12,Lee,5065,2023,22800
12,Lee,5065,2024,23000
12,Lee,5065,2025,23600
12,Lee,5066,1995,13000
12,Lee,5066,1996,16000
12,Lee,5066,1997,16500
12,Lee,5066,1998,17500
12,Lee,5066,1999,16500
12,Lee,5066,2000,15500
12,Lee,5066,2001,15500
12,Lee,5066,2002,19500
12,Lee,5066,2003,20500
12,Lee,5066,2004,22000
12,Lee,5066,2005,21500
12,Lee,5066,2006,25000
12,Lee,5066,2007,26000
12,Lee,5066,2008,20000
12,Lee,5066,2009,20000
12,Lee,5066,2010,19000
12,Lee,5066,2011,18500
12,Lee,5066,2012,20000
12,Lee,5066,2013,20500
12,Lee,5066,2014,21000
12,Lee,5066,2015,22500
12,Lee,5066,2016,23000
12,Lee,5066,2017,24500
12,Lee,5066,2018,23000
12,Lee,5066,2019,22500
12,Lee,5066,2020,23000
12,Lee,5066,2021,29500
12,Lee,5066,2022,29000
12,Lee,5066,2023,25500
12,Lee,5066,2024,26000
12,Lee,5066,2025,26500
12,Lee,5067,1995,7000
12,Lee,5067,1996,12500
12,Lee,5067,1997,12000
12,Lee,5067,1998,12500
12,Lee,5067,1999,15000
12,Lee,5067,2000,16000
12,Lee,5067,2001,16000
12,Lee,5067,2002,12000
12,Lee,5067,2003,14000
12,Lee,5067,2004,10500
12,Lee,5067,2005,16500
12,Lee,5067,2006,18000
12,Lee,5067,2007,18500
12,Lee,5067,2008,14000
12,Lee,5067,2009,13500
12,Lee,5067,2010,13000
12,Lee,5067,2011,12500
12,Lee,5067,2012,14000
12,Lee,5067,2013,17000
12,Lee,5067,2014,18000
12,Lee,5067,2015,15500
12,Lee,5067,2016,17500
12,Lee,5067,2017,17500
12,Lee,5067,2018,16000
12,Lee,5067,2019,15000
12,Lee,5067,2020,16000
12,Lee,5067,2021,22000
12,Lee,5067,2022,23000
12,Lee,5067,2023,24000
12,Lee,5067,2024,24500
12,Lee,5067,2025,25000
12,Lee,5068,1994,6800
12,Lee,5068,1995,8000
12,Lee,5068,1996,10500
12,Lee,5068,1997,9700
12,Lee,5068,1998,11500
12,Lee,5068,1999,12000
12,Lee,5068,2000,13000
12,Lee,5068,2001,13000
12,Lee,5068,2002,11500
12,Lee,5068,2003,12000
12,Lee,5068,2004,14500
12,Lee,5068,2005,14000
12,Lee,5068,2006,17500
12,Lee,5068,2007,18000
12,Lee,5068,2008,11500
12,Lee,5068,2009,13000
12,Lee,5068,2010,12500
12,Lee,5068,2011,12000
12,Lee,5068,2012,13500
12,Lee,5068,2013,16000
12,Lee,5068,2014,17000
12,Lee,5068,2015,16000
12,Lee,5068,2016,17000
12,Lee,5068,2017,17500
12,Lee,5068,2018,16000
12,Lee,5068,2019,13000
12,Lee,5068,2020,17000
12,Lee,5068,2021,23000
12,Lee,5068,2022,23500
12,Lee,5068,2023,25000
12,Lee,5068,2024,25500
12,Lee,5068,2025,26500
12,Lee,5069,1995,9000
12,Lee,5069,1996,11000
12,Lee,5069,1997,10500
12,Lee,5069,1998,12000
12,Lee,5069,1999,14000
12,Lee,5069,2000,15000
12,Lee,5069,2001,15000
12,Lee,5069,2002,11500
12,Lee,5069,2003,14500
12,Lee,5069,2004,14500
12,Lee,5069,2005,15000
12,Lee,5069,2006,18000
12,Lee,5069,2007,18500
12,Lee,5069,2008,12000
12,Lee,5069,2009,13000
12,Lee,5069,2010,12500
12,Lee,5069,2011,12000
12,Lee,5069,2012,13500
12,Lee,5069,2013,15500
12,Lee,5069,2014,16500
12,Lee,5069,2015,15500
12,Lee,5069,2016,17000
12,Lee,5069,2017,17500
12,Lee,5069,2018,20500
12,Lee,5069,2019,15500
12,Lee,5069,2020,17000
12,Lee,5069,2021,22000
12,Lee,5069,2022,23000
12,Lee,5069,2023,24500
12,Lee,5069,2024,25000
12,Lee,5069,2025,25500
12,Lee,5070,1995,7000
12,Lee,5070,1996,9800
12,Lee,5070,1997,10500
12,Lee,5070,1998,9500
12,Lee,5070,1999,10000
12,Lee,5070,2000,10500
12,Lee,5070,2001,10500
12,Lee,5070,2002,9200
12,Lee,5070,2003,10500
12,Lee,5070,2004,12000
12,Lee,5070,2005,20000
12,Lee,5070,2006,13500
12,Lee,5070,2007,17000
12,Lee,5070,2008,11000
12,Lee,5070,2009,11500
12,Lee,5070,2010,11000
12,Lee,5070,2011,11000
12,Lee,5070,2012,11000
12,Lee,5070,2013,11000
12,Lee,5070,2014,13000
12,Lee,5070,2015,10000
12,Lee,5070,2016,15500
12,Lee,5070,2017,14000
12,Lee,5070,2018,13500
12,Lee,5070,2019,13500
12,Lee,5070,2020,14500
12,Lee,5070,2021,18000
12,Lee,5070,2022,29500
12,Lee,5070,2023,23500
12,Lee,5070,2024,24000
12,Lee,5070,2025,24500
12,Lee,5071,1995,11000
12,Lee,5071,1999,16000
12,Lee,5071,2000,15000
12,Lee,5071,2001,15500
12,Lee,5071,2002,17500
12,Lee,5071,2003,16500
12,Lee,5071,2004,18000
12,Lee,5071,2005,19000
12,Lee,5071,2006,21000
12,Lee,5071,2007,22000
12,Lee,5071,2008,14500
12,Lee,5071,2009,14500
12,Lee,5071,2010,14000
12,Lee,5071,2011,15500
12,Lee,5071,2012,15000
12,Lee,5071,2013,15000
12,Lee,5071,2014,17500
12,Lee,5071,2015,16000
12,Lee,5071,2016,16000
12,Lee,5071,2017,19000
12,Lee,5071,2018,18500
12,Lee,5071,2019,17500
12,Lee,5071,2020,18000
12,Lee,5071,2021,22000
12,Lee,5071,2022,23000
12,Lee,5071,2023,25500
12,Lee,5071,2024,26000
12,Lee,5071,2025,26500
12,Lee,5072,1995,17900
12,Lee,5072,1996,16700
12,Lee,5072,1997,16400
12,Lee,5072,1998,19700
12,Lee,5072,1999,18700
12,Lee,5072,2000,21500
12,Lee,5072,2001,21500
12,Lee,5072,2002,21500
12,Lee,5072,2003,21500
12,Lee,5072,2004,23000
12,Lee,5072,2005,24500
12,Lee,5072,2006,22500
12,Lee,5072,2007,23500
12,Lee,5072,2008,16000
12,Lee,5072,2009,14100
12,Lee,5072,2010,12800
12,Lee,5072,2011,12600
12,Lee,5072,2012,10800
12,Lee,5072,2013,11300
12,Lee,5072,2014,12000
12,Lee,5072,2015,12700
12,Lee,5072,2016,6800
12,Lee,5072,2017,6800
12,Lee,5072,2018,6100
12,Lee,5072,2019,6800
12,Lee,5072,2020,5600
12,Lee,5072,2021,6000
12,Lee,5072,2022,6500
12,Lee,5072,2023,6900
12,Lee,5072,2024,7100
12,Lee,5072,2025,75000
12,Lee,5073,1996,24500
12,Lee,5073,1997,25000
12,Lee,5073,1998,25500
12,Lee,5073,1999,25500
12,Lee,5073,2000,27500
12,Lee,5073,2001,29000
12,Lee,5073,2002,26500
12,Lee,5073,2003,28000
12,Lee,5073,2004,31000
12,Lee,5073,2005,30000
12,Lee,5073,2006,34000
12,Lee,5073,2007,36000
12,Lee,5073,2008,21500
12,Lee,5073,2009,22000
12,Lee,5073,2010,22000
12,Lee,5073,2011,22000
12,Lee,5073,2012,20900
12,Lee,5073,2013,21000
12,Lee,5073,2014,21500
12,Lee,5073,2015,21500
12,Lee,5073,2016,23500
12,Lee,5073,2017,22500
12,Lee,5073,2018,24500
12,Lee,5073,2019,24500
12,Lee,5073,2020,22500
12,Lee,5073,2021,24500
12,Lee,5073,2022,28000
12,Lee,5073,2023,29000
12,Lee,5073,2024,28000
12,Lee,5073,2025,25000
12,Lee,5074,1995,5000
12,Lee,5074,2010,8900
12,Lee,5074,2011,9100
12,Lee,5074,2012,8800
12,Lee,5074,2013,9000
12,Lee,5074,2014,9200
12,Lee,5074,2015,11000
12,Lee,5074,2016,11400
12,Lee,5074,2017,12900
12,Lee,5074,2018,11500
12,Lee,5074,2019,11900
12,Lee,5074,2020,11700
12,Lee,5074,2021,14800
12,Lee,5074,2022,15500
12,Lee,5074,2023,15900
12,Lee,5074,2024,17100
12,Lee,5074,2025,21500
12,Lee,5075,1995,21000
12,Lee,5075,1996,20000
12,Lee,5075,1997,21500
12,Lee,5075,1998,21500
12,Lee,5075,1999,19200
12,Lee,5075,2000,25000
12,Lee,5075,2001,26500
12,Lee,5075,2002,27000
12,Lee,5075,2003,28000
12,Lee,5075,2004,30000
12,Lee,5075,2005,28500
12,Lee,5075,2006,29500
12,Lee,5075,2007,30000
12,Lee,5075,2008,29000
12,Lee,5075,2009,29000
12,Lee,5075,2010,29500
12,Lee,5075,2011,30500
12,Lee,5075,2012,31500
12,Lee,5075,2013,33000
12,Lee,5075,2014,33000
12,Lee,5075,2015,34500
12,Lee,5075,2016,33000
12,Lee,5075,2017,32000
12,Lee,5075,2018,33000
12,Lee,5075,2019,35500
12,Lee,5075,2020,32000
12,Lee,5075,2021,32000
12,Lee,5075,2022,32000
12,Lee,5075,2023,33000
12,Lee,5075,2024,28000
12,Lee,5075,2025,28000
12,Lee,5076,1996,13400
12,Lee,5076,1997,13300
12,Lee,5076,1998,12700
12,Lee,5076,1999,13300
12,Lee,5076,2000,13200
12,Lee,5076,2001,13200
12,Lee,5076,2002,10400
12,Lee,5076,2003,17700
12,Lee,5076,2004,21500
12,Lee,5076,2005,25500
12,Lee,5076,2006,27500
12,Lee,5076,2007,26000
12,Lee,5076,2008,26500
12,Lee,5076,2009,23500
12,Lee,5076,2010,24000
12,Lee,5076,2011,25500
12,Lee,5076,2012,24500
12,Lee,5076,2013,26000
12,Lee,5076,2014,25000
12,Lee,5076,2015,30500
12,Lee,5076,2016,31500
12,Lee,5076,2017,32500
12,Lee,5076,2018,33500
12,Lee,5076,2019,33500
12,Lee,5076,2020,32500
12,Lee,5076,2021,34000
12,Lee,5076,2022,42000
12,Lee,5076,2023,40500
12,Lee,5076,2024,38500
12,Lee,5076,2025,39500
12,Lee,5078,1996,30000
12,Lee,5078,1997,29500
12,Lee,5078,1998,30000
12,Lee,5078,1999,29500
12,Lee,5078,2000,29500
12,Lee,5078,2001,30000
12,Lee,5078,2002,31000
12,Lee,5078,2003,31500
12,Lee,5078,2004,31000
12,Lee,5078,2005,31000
12,Lee,5078,2006,35500
12,Lee,5078,2007,32500
12,Lee,5078,2008,29000
12,Lee,5078,2009,27000
12,Lee,5078,2010,24000
12,Lee,5078,2011,23500
12,Lee,5078,2012,26000
12,Lee,5078,2013,28500
12,Lee,5078,2014,30500
12,Lee,5078,2015,30000
12,Lee,5078,2016,34500
12,Lee,5078,2017,30000
12,Lee,5078,2018,33000
12,Lee,5078,2019,33000
12,Lee,5078,2020,28000
12,Lee,5078,2021,34500
12,Lee,5078,2022,35500
12,Lee,5078,2023,35500
12,Lee,5078,2024,36500
12,Lee,5078,2025,37500
12,Lee,5079,2010,6000
12,Lee,5079,2011,6300
12,Lee,5079,2012,6500
12,Lee,5079,2013,6200
12,Lee,5079,2014,6300
12,Lee,5079,2015,6600
12,Lee,5079,2016,8000
12,Lee,5079,2017,8200
12,Lee,5079,2018,9500
12,Lee,5079,2019,10000
12,Lee,5079,2020,9800
12,Lee,5080,2019,22000
12,Lee,5080,2020,12800
12,Lee,5080,2021,13400
12,Lee,5080,2022,13800
12,Lee,5080,2023,16300
12,Lee,5080,2024,16400
12,Lee,5080,2025,16600
12,Lee,5081,2019,9000
12,Lee,5081,2020,5000
12,Lee,5081,2021,5000
12,Lee,5081,2022,5700
12,Lee,5081,2023,6100
12,Lee,5081,2024,6100
12,Lee,5081,2025,65000
12,Lee,5214,2019,40000
12,Lee,5214,2020,13500
12,Lee,5214,2021,19000
12,Lee,5214,2022,19500
12,Lee,5214,2023,21000
12,Lee,5214,2024,24000
12,Lee,5214,2025,24500
12,Lee,5215,2019,6800
12,Lee,5215,2020,2000
12,Lee,5215,2021,3500
12,Lee,5215,2022,3600
12,Lee,5215,2023,3900
12,Lee,5215,2024,4500
12,Lee,5215,2025,4600
12,Lee,5216,2019,9000
12,Lee,5216,2020,2000
12,Lee,5216,2021,4100
12,Lee,5216,2022,4200
12,Lee,5216,2023,4500
12,Lee,5216,2024,5200
12,Lee,5216,2025,5300
12,Lee,5217,2019,9000
12,Lee,5217,2020,2100
12,Lee,5217,2021,3800
12,Lee,5217,2022,3900
12,Lee,5217,2023,4200
12,Lee,5217,2024,7200
12,Lee,5217,2025,7300
12,Lee,5218,2019,2000
12,Lee,5218,2020,1800
12,Lee,5218,2021,2000
12,Lee,5218,2022,2000
12,Lee,5218,2023,2150
12,Lee,5218,2024,2350
12,Lee,5218,2025,2350
12,Lee,5219,2021,14000
12,Lee,5219,2022,14000
12,Lee,5219,2023,15000
12,Lee,5219,2024,17000
12,Lee,5219,2025,17500
12,Lee,5220,2021,18000
12,Lee,5220,2022,18500
12,Lee,5220,2023,20000
12,Lee,5220,2024,22500
12,Lee,5220,2025,23000
12,Lee,5221,2021,13000
12,Lee,5221,2022,13000
12,Lee,5221,2023,14000
12,Lee,5221,2024,16500
12,Lee,5221,2025,17000
12,Lee,5222,2021,19500
12,Lee,5222,2022,20000
12,Lee,5222,2023,21500
12,Lee,5222,2024,26500
12,Lee,5222,2025,27000
12,Lee,5223,2021,19000
12,Lee,5223,2022,19500
12,Lee,5223,2023,21000
12,Lee,5223,2024,24500
12,Lee,5223,2025,25000
12,Lee,5224,2021,4500
12,Lee,5224,2022,4600
12,Lee,5224,2023,5000
12,Lee,5224,2024,6700
12,Lee,5224,2025,6800
03,Collier,5629,2014,6700
03,Collier,5629,2015,3800
03,Collier,5629,2016,3800
03,Collier,5629,2017,4000
03,Collier,5629,2018,3600
03,Collier,5629,2019,3800
03,Collier,5629,2020,3800
03,Collier,5629,2021,4000
03,Collier,5629,2022,4200
03,Collier,5629,2023,4600
03,Collier,5629,2024,4800
03,Collier,5629,2025,4800
12,Lee,6001,2008,41636
12,Lee,6001,2009,41563
12,Lee,6001,2010,39989
12,Lee,6001,2011,40125
12,Lee,6001,2012,40000
12,Lee,6001,2013,36427
12,Lee,6001,2014,41448
12,Lee,6001,2015,42005
12,Lee,6001,2016,44122
12,Lee,6001,2017,45500
12,Lee,6001,2018,44428
12,Lee,6001,2019,44000
12,Lee,6001,2020,42000
12,Lee,6001,2021,43000
12,Lee,6001,2022,43500
12,Lee,6001,2023,45500
12,Lee,6001,2024,46000
12,Lee,6001,2025,46000
12,Lee,6002,2008,37202
12,Lee,6002,2009,38213
12,Lee,6002,2010,37740
12,Lee,6002,2011,37639
12,Lee,6002,2012,36714
12,Lee,6002,2013,37116
12,Lee,6002,2014,38072
12,Lee,6002,2015,38500
12,Lee,6002,2016,39500
12,Lee,6002,2017,40000
12,Lee,6002,2018,40821
12,Lee,6002,2019,41000
12,Lee,6002,2020,40000
12,Lee,6002,2021,40500
12,Lee,6002,2022,40500
12,Lee,6002,2023,42000
12,Lee,6002,2024,42500
12,Lee,6002,2025,42500
12,Lee,6003,2008,10336
12,Lee,6003,2009,10526
12,Lee,6003,2010,10320
12,Lee,6003,2011,10271
12,Lee,6003,2012,10222
12,Lee,6003,2013,10526
12,Lee,6003,2014,10848
12,Lee,6003,2015,11375
12,Lee,6003,2016,11562
12,Lee,6003,2017,12100
12,Lee,6003,2018,11878
12,Lee,6003,2019,12000
12,Lee,6003,2020,12000
12,Lee,6003,2021,12500
12,Lee,6003,2022,13000
12,Lee,6003,2023,13500
12,Lee,6003,2024,13500
12,Lee,6003,2025,13500
12,Lee,6005,2008,26004
12,Lee,6005,2009,25939
12,Lee,6005,2010,26743
12,Lee,6005,2011,26888
12,Lee,6005,2012,25563
12,Lee,6005,2013,26228
12,Lee,6005,2014,27785
12,Lee,6005,2015,30167
12,Lee,6005,2016,32970
12,Lee,6005,2017,34000
12,Lee,6005,2018,35091
12,Lee,6005,2019,35000
12,Lee,6005,2020,33500
12,Lee,6005,2021,34000
12,Lee,6005,2022,34500
12,Lee,6005,2023,36000
12,Lee,6005,2024,36500
12,Lee,6005,2025,36500
12,Lee,6006,2008,25617
12,Lee,6006,2009,25275
12,Lee,6006,2010,25966
12,Lee,6006,2011,26098
12,Lee,6006,2012,26219
12,Lee,6006,2013,26335
12,Lee,6006,2014,25500
12,Lee,6006,2015,26000
12,Lee,6006,2016,26500
12,Lee,6006,2017,26500
12,Lee,6006,2018,27569
12,Lee,6006,2019,28000
12,Lee,6006,2020,27000
12,Lee,6006,2021,27500
12,Lee,6006,2022,27500
12,Lee,6006,2023,28500
12,Lee,6006,2024,29000
12,Lee,6006,2025,29000
12,Lee,6007,2008,23984
12,Lee,6007,2009,25178
12,Lee,6007,2010,23053
12,Lee,6007,2011,24259
12,Lee,6007,2012,23386
12,Lee,6007,2013,23604
12,Lee,6007,2014,24411
12,Lee,6007,2015,25205
12,Lee,6007,2016,25299
12,Lee,6007,2017,25000
12,Lee,6007,2018,25080
12,Lee,6007,2019,25500
12,Lee,6007,2020,25000
12,Lee,6007,2021,25500
12,Lee,6007,2022,25500
12,Lee,6007,2023,26500
12,Lee,6007,2024,27000
12,Lee,6007,2025,27000
12,Lee,6008,2009,20711
12,Lee,6008,2010,21796
12,Lee,6008,2011,22541
12,Lee,6008,2012,22194
12,Lee,6008,2013,22603
12,Lee,6008,2014,22728
12,Lee,6008,2015,22387
12,Lee,6008,2016,22352
12,Lee,6008,2017,22000
12,Lee,6008,2018,21982
12,Lee,6008,2019,22000
12,Lee,6008,2020,21500
12,Lee,6008,2021,22000
12,Lee,6008,2022,22000
12,Lee,6008,2023,23000
12,Lee,6008,2024,23500
12,Lee,6008,2025,23500
12,Lee,6009,2008,50360
12,Lee,6009,2009,53499
12,Lee,6009,2010,53757
12,Lee,6009,2011,53040
12,Lee,6009,2012,50877
12,Lee,6009,2013,49026
12,Lee,6009,2014,50954
12,Lee,6009,2015,52421
12,Lee,6009,2016,52569
12,Lee,6009,2017,54000
12,Lee,6009,2018,51013
12,Lee,6009,2019,51000
12,Lee,6009,2020,49000
12,Lee,6009,2021,50000
12,Lee,6009,2022,50500
12,Lee,6009,2023,52500
12,Lee,6009,2024,53000
12,Lee,6009,2025,53000
12,Lee,6010,2008,25831
12,Lee,6010,2009,27337
12,Lee,6010,2010,26061
12,Lee,6010,2011,25406
12,Lee,6010,2012,27084
12,Lee,6010,2013,29213
12,Lee,6010,2014,28000
12,Lee,6010,2015,37915
12,Lee,6010,2016,43896
12,Lee,6010,2017,44000
12,Lee,6010,2018,48114
12,Lee,6010,2019,48500
12,Lee,6010,2020,47000
12,Lee,6010,2021,47500
12,Lee,6010,2022,47500
12,Lee,6010,2023,49500
12,Lee,6010,2024,50000
12,Lee,6010,2025,50000
12,Lee,6011,2008,8212
12,Lee,6011,2009,8500
12,Lee,6011,2010,8378
12,Lee,6011,2011,8444
12,Lee,6011,2012,8700
12,Lee,6011,2013,8793
12,Lee,6011,2014,9120
12,Lee,6011,2015,9348
12,Lee,6011,2016,9856
12,Lee,6011,2017,9800
12,Lee,6011,2018,10538
12,Lee,6011,2019,10500
12,Lee,6011,2020,10000
12,Lee,6011,2021,10500
12,Lee,6011,2022,10500
12,Lee,6011,2023,11000
12,Lee,6011,2024,11000
12,Lee,6011,2025,11000
12,Lee,6012,2008,5421
12,Lee,6012,2009,5550
12,Lee,6012,2010,5670
12,Lee,6012,2011,5322
12,Lee,6012,2012,5213
12,Lee,6012,2013,5200
12,Lee,6012,2014,6428
12,Lee,6012,2015,6939
12,Lee,6012,2016,8200
12,Lee,6012,2017,8600
12,Lee,6012,2018,8334
12,Lee,6012,2019,8500
12,Lee,6012,2020,8400
12,Lee,6012,2021,8450
12,Lee,6012,2022,8700
12,Lee,6012,2023,9000
12,Lee,6012,2024,9000
12,Lee,6012,2025,9200
12,Lee,6013,2008,25983
12,Lee,6013,2009,26670
12,Lee,6013,2010,26717
12,Lee,6013,2011,27165
12,Lee,6013,2012,26602
12,Lee,6013,2013,27360
12,Lee,6013,2014,28184
12,Lee,6013,2015,28912
12,Lee,6013,2016,29890
12,Lee,6013,2017,31000
12,Lee,6013,2018,29748
12,Lee,6013,2019,30500
12,Lee,6013,2020,30000
12,Lee,6013,2021,30500
12,Lee,6013,2022,31500
12,Lee,6013,2023,35000
12,Lee,6013,2024,39500
12,Lee,6013,2025,43000
12,Lee,6014,2008,52855
12,Lee,6014,2009,52002
12,Lee,6014,2010,51679
12,Lee,6014,2011,51764
12,Lee,6014,2012,51427
12,Lee,6014,2013,52446
12,Lee,6014,2014,53427
12,Lee,6014,2015,54626
12,Lee,6014,2016,56038
12,Lee,6014,2017,58000
12,Lee,6014,2018,56892
12,Lee,6014,2019,56500
12,Lee,6014,2020,54000
12,Lee,6014,2021,55000
12,Lee,6014,2022,55500
12,Lee,6014,2023,58000
12,Lee,6014,2024,58500
12,Lee,6014,2025,58500
12,Lee,6015,2008,33053
12,Lee,6015,2009,27461
12,Lee,6015,2010,23210
12,Lee,6015,2011,27584
12,Lee,6015,2012,27530
12,Lee,6015,2013,28775
12,Lee,6015,2014,30661
12,Lee,6015,2015,37642
12,Lee,6015,2016,38500
12,Lee,6015,2017,38500
12,Lee,6015,2018,36454
12,Lee,6015,2019,37000
12,Lee,6015,2020,36000
12,Lee,6015,2021,36500
12,Lee,6015,2022,36500
12,Lee,6015,2023,38000
12,Lee,6015,2024,38500
12,Lee,6015,2025,38500
12,Lee,6016,2008,11605
12,Lee,6016,2009,10983
12,Lee,6016,2010,11488
12,Lee,6016,2011,11765
12,Lee,6016,2012,11526
12,Lee,6016,2013,11946
12,Lee,6016,2014,12920
12,Lee,6016,2015,13731
12,Lee,6016,2016,13708
12,Lee,6016,2017,14200
12,Lee,6016,2018,14656
12,Lee,6016,2019,15000
12,Lee,6016,2020,14500
12,Lee,6016,2021,15000
12,Lee,6016,2022,15500
12,Lee,6016,2023,16000
12,Lee,6016,2024,18000
12,Lee,6016,2025,19500
12,Lee,6017,2008,21865
12,Lee,6017,2009,20887
12,Lee,6017,2010,20761
12,Lee,6017,2011,20330
12,Lee,6017,2012,17888
12,Lee,6017,2013,18568
12,Lee,6017,2014,20722
12,Lee,6017,2015,21656
12,Lee,6017,2016,22314
12,Lee,6017,2017,22000
12,Lee,6017,2018,23154
12,Lee,6017,2019,23500
12,Lee,6017,2020,23000
12,Lee,6017,2021,23500
12,Lee,6017,2022,23500
12,Lee,6017,2023,24500
12,Lee,6017,2024,25000
12,Lee,6017,2025,25000
12,Lee,6018,2008,13687
12,Lee,6018,2009,13572
12,Lee,6018,2010,13284
12,Lee,6018,2011,12800
12,Lee,6018,2012,12500
12,Lee,6018,2013,13937
12,Lee,6018,2014,13400
12,Lee,6018,2015,14000
12,Lee,6018,2016,19800
12,Lee,6018,2017,19600
12,Lee,6018,2018,19218
12,Lee,6018,2019,19500
12,Lee,6018,2020,19000
12,Lee,6018,2021,20000
12,Lee,6018,2022,20000
12,Lee,6018,2023,22000
12,Lee,6018,2024,22000
12,Lee,6018,2025,22000
12,Lee,6019,2010,30141
12,Lee,6019,2011,30026
12,Lee,6019,2012,25766
12,Lee,6019,2013,31791
12,Lee,6019,2014,33571
12,Lee,6019,2015,33656
12,Lee,6019,2016,34034
12,Lee,6019,2017,34000
12,Lee,6019,2018,35033
12,Lee,6019,2019,35500
12,Lee,6019,2020,34500
12,Lee,6019,2021,35000
12,Lee,6019,2022,35000
12,Lee,6019,2023,36500
12,Lee,6019,2024,37000
12,Lee,6019,2025,37000
12,Lee,6020,2008,28541
12,Lee,6020,2009,27500
12,Lee,6020,2010,30239
12,Lee,6020,2011,29500
12,Lee,6020,2012,29500
12,Lee,6020,2013,32059
12,Lee,6020,2014,32500
12,Lee,6020,2015,33000
12,Lee,6020,2016,34000
12,Lee,6020,2017,35000
12,Lee,6020,2018,43595
12,Lee,6020,2019,43500
12,Lee,6020,2020,41500
12,Lee,6020,2021,42000
12,Lee,6020,2022,42500
12,Lee,6020,2023,44500
12,Lee,6020,2024,45000
12,Lee,6020,2025,45000
12,Lee,6021,2008,19921
12,Lee,6021,2009,19500
12,Lee,6021,2010,21207
12,Lee,6021,2011,22182
12,Lee,6021,2012,22000
12,Lee,6021,2013,23844
12,Lee,6021,2014,25227
12,Lee,6021,2015,26771
12,Lee,6021,2016,28137
12,Lee,6021,2017,28500
12,Lee,6021,2018,29000
12,Lee,6021,2019,30000
12,Lee,6021,2020,28500
12,Lee,6021,2021,28000
12,Lee,6021,2022,45500
12,Lee,6021,2023,47500
12,Lee,6021,2024,48000
12,Lee,6021,2025,49000
12,Lee,6022,2008,20975
12,Lee,6022,2009,20300
12,Lee,6022,2010,28740
12,Lee,6022,2011,28509
12,Lee,6022,2012,29292
12,Lee,6022,2013,31079
12,Lee,6022,2014,33740
12,Lee,6022,2015,35450
12,Lee,6022,2016,37719
12,Lee,6022,2017,37500
12,Lee,6022,2018,39817
12,Lee,6022,2019,40000
12,Lee,6022,2020,39000
12,Lee,6022,2021,39500
12,Lee,6022,2022,39500
12,Lee,6022,2023,41000
12,Lee,6022,2024,41500
12,Lee,6022,2025,41500
12,Lee,6023,2008,34722
12,Lee,6023,2009,33379
12,Lee,6023,2010,33789
12,Lee,6023,2011,33235
12,Lee,6023,2012,32441
12,Lee,6023,2013,32993
12,Lee,6023,2014,34105
12,Lee,6023,2015,34903
12,Lee,6023,2016,36468
12,Lee,6023,2017,37500
12,Lee,6023,2018,33153
12,Lee,6023,2019,33000
12,Lee,6023,2020,31500
12,Lee,6023,2021,32000
12,Lee,6023,2022,32000
12,Lee,6023,2023,33500
12,Lee,6023,2024,34000
12,Lee,6023,2025,34000
12,Lee,6024,2008,21269
12,Lee,6024,2009,20400
12,Lee,6024,2010,19500
12,Lee,6025,2008,40670
12,Lee,6025,2009,40293
12,Lee,6025,2010,39114
12,Lee,6025,2011,37000
12,Lee,6025,2012,37000
12,Lee,6025,2013,37500
12,Lee,6025,2014,38000
12,Lee,6025,2015,38500
12,Lee,6025,2016,39500
12,Lee,6025,2017,40500
12,Lee,6025,2018,50261
12,Lee,6025,2019,50000
12,Lee,6025,2020,48000
12,Lee,6025,2021,48500
12,Lee,6025,2022,49000
12,Lee,6025,2023,51000
12,Lee,6025,2024,51500
12,Lee,6025,2025,51500
12,Lee,6027,2008,4112
12,Lee,6027,2009,4164
12,Lee,6027,2010,4043
12,Lee,6027,2011,3941
12,Lee,6027,2012,4018
12,Lee,6027,2013,4078
12,Lee,6027,2014,4245
12,Lee,6027,2015,4491
12,Lee,6027,2016,4516
12,Lee,6027,2017,4800
12,Lee,6027,2018,4548
12,Lee,6027,2019,4700
12,Lee,6027,2020,4700
12,Lee,6027,2021,4750
12,Lee,6027,2022,4800
12,Lee,6027,2023,4900
12,Lee,6027,2024,5000
12,Lee,6027,2025,5100
12,Lee,6028,2008,23434
12,Lee,6028,2009,22762
12,Lee,6028,2010,19501
12,Lee,6028,2011,19213
12,Lee,6028,2012,19499
12,Lee,6028,2013,21541
12,Lee,6028,2014,23206
12,Lee,6028,2015,24312
12,Lee,6028,2016,24479
12,Lee,6028,2017,24500
12,Lee,6028,2018,24154
12,Lee,6028,2019,24500
12,Lee,6028,2020,24000
12,Lee,6028,2021,24500
12,Lee,6028,2022,24500
12,Lee,6028,2023,25500
12,Lee,6028,2024,26000
12,Lee,6028,2025,26000
12,Lee,6029,2008,15052
12,Lee,6029,2009,14865
12,Lee,6029,2010,14875
12,Lee,6029,2011,15102
12,Lee,6029,2012,14973
12,Lee,6029,2013,14872
12,Lee,6029,2014,14898
12,Lee,6029,2015,15282
12,Lee,6029,2016,15573
12,Lee,6029,2017,16100
12,Lee,6029,2018,11498
12,Lee,6029,2019,12000
12,Lee,6029,2020,11500
12,Lee,6029,2021,12000
12,Lee,6029,2022,12500
12,Lee,6029,2023,13000
12,Lee,6029,2024,13000
12,Lee,6029,2025,13000
12,Lee,6030,2008,41252
12,Lee,6030,2009,44040
12,Lee,6030,2010,43618
12,Lee,6030,2011,43054
12,Lee,6030,2012,40796
12,Lee,6030,2013,45780
12,Lee,6030,2014,46931
12,Lee,6030,2015,47979
12,Lee,6030,2016,48893
12,Lee,6030,2017,50500
12,Lee,6030,2018,49596
12,Lee,6030,2019,49500
12,Lee,6030,2020,47500
12,Lee,6030,2021,48500
12,Lee,6030,2022,49000
12,Lee,6030,2023,51000
12,Lee,6030,2024,51500
12,Lee,6030,2025,51500
12,Lee,6031,2008,57230
12,Lee,6031,2009,56508
12,Lee,6031,2010,55316
12,Lee,6031,2011,54896
12,Lee,6031,2012,53383
12,Lee,6031,2013,52977
12,Lee,6031,2014,53500
12,Lee,6031,2015,54000
12,Lee,6031,2016,55500
12,Lee,6031,2017,57000
12,Lee,6031,2018,60706
12,Lee,6031,2019,60500
12,Lee,6031,2020,58000
12,Lee,6031,2021,59000
12,Lee,6031,2022,59500
12,Lee,6031,2023,62000
12,Lee,6031,2024,62500
12,Lee,6031,2025,62500
12,Lee,6033,2008,1669
12,Lee,6033,2009,1500
12,Lee,6033,2010,1488
12,Lee,6033,2011,1450
12,Lee,6033,2012,1500
12,Lee,6033,2013,1215
12,Lee,6033,2014,1200
12,Lee,6033,2015,1250
12,Lee,6033,2016,1300
12,Lee,6033,2017,1300
12,Lee,6033,2018,1300
12,Lee,6033,2019,1300
12,Lee,6033,2020,1300
12,Lee,6033,2021,900
12,Lee,6033,2022,1000
12,Lee,6033,2023,4700
12,Lee,6033,2024,5300
12,Lee,6033,2025,5800
12,Lee,6034,2008,17862
12,Lee,6034,2009,18241
12,Lee,6034,2010,18062
12,Lee,6034,2011,17894
12,Lee,6034,2012,17737
12,Lee,6034,2013,17990
12,Lee,6034,2014,19143
12,Lee,6034,2015,20101
12,Lee,6034,2016,21207
12,Lee,6034,2017,22000
12,Lee,6034,2018,21556
12,Lee,6034,2019,22000
12,Lee,6034,2020,21500
12,Lee,6034,2021,22000
12,Lee,6034,2022,22500
12,Lee,6034,2023,23500
12,Lee,6034,2024,26500
12,Lee,6034,2025,29000
12,Lee,6035,2008,32197
12,Lee,6035,2009,31500
12,Lee,6035,2010,29500
12,Lee,6035,2012,26622
12,Lee,6035,2013,28106
12,Lee,6035,2014,30172
12,Lee,6035,2015,34475
12,Lee,6035,2016,35500
12,Lee,6035,2017,35500
12,Lee,6035,2018,33347
12,Lee,6035,2019,33500
12,Lee,6035,2020,32500
12,Lee,6035,2021,33000
12,Lee,6035,2022,33000
12,Lee,6035,2023,34500
12,Lee,6035,2024,35000
12,Lee,6035,2025,35000
12,Lee,6036,2008,17509
12,Lee,6036,2009,18270
12,Lee,6036,2010,18102
12,Lee,6036,2011,18361
12,Lee,6036,2012,18254
12,Lee,6036,2013,18902
12,Lee,6036,2014,19599
12,Lee,6036,2015,20603
12,Lee,6036,2016,21170
12,Lee,6036,2017,21000
12,Lee,6036,2018,25400
12,Lee,6036,2019,25500
12,Lee,6036,2020,25000
12,Lee,6036,2021,25500
12,Lee,6036,2022,25500
12,Lee,6036,2023,26500
12,Lee,6036,2024,27000
12,Lee,6036,2025,27000
12,Lee,6037,2008,27064
12,Lee,6037,2009,28071
12,Lee,6037,2010,27744
12,Lee,6037,2011,27904
12,Lee,6037,2012,27286
12,Lee,6037,2013,27444
12,Lee,6037,2014,27734
12,Lee,6037,2015,28202
12,Lee,6037,2016,28070
12,Lee,6037,2017,28000
12,Lee,6037,2018,27748
12,Lee,6037,2019,28000
12,Lee,6037,2020,27000
12,Lee,6037,2021,27500
12,Lee,6037,2022,27500
12,Lee,6037,2023,28500
12,Lee,6037,2024,29000
12,Lee,6037,2025,29000
12,Lee,6038,2008,15969
12,Lee,6038,2009,15129
12,Lee,6038,2010,15372
12,Lee,6038,2011,15539
12,Lee,6038,2012,15225
12,Lee,6038,2013,15445
12,Lee,6038,2014,15808
12,Lee,6038,2015,16116
12,Lee,6038,2016,15865
12,Lee,6038,2017,15800
12,Lee,6038,2018,16399
12,Lee,6038,2019,16500
12,Lee,6038,2020,16000
12,Lee,6038,2021,16500
12,Lee,6038,2022,16500
12,Lee,6038,2023,17000
12,Lee,6038,2024,17000
12,Lee,6038,2025,17000
12,Lee,6039,2013,19599
12,Lee,6039,2014,19900
12,Lee,6039,2015,20500
12,Lee,6039,2016,21500
12,Lee,6039,2017,22000
12,Lee,6039,2018,22612
12,Lee,6039,2019,23500
12,Lee,6039,2020,23000
12,Lee,6039,2021,23500
12,Lee,6039,2022,24000
12,Lee,6039,2023,25000
12,Lee,6039,2024,28500
12,Lee,6039,2025,31000
12,Lee,6040,2008,48357
12,Lee,6040,2009,46928
12,Lee,6040,2010,48604
12,Lee,6040,2011,48308
12,Lee,6040,2012,48000
12,Lee,6040,2013,45765
12,Lee,6040,2014,46000
12,Lee,6040,2015,46500
12,Lee,6040,2016,48000
12,Lee,6040,2017,49500
12,Lee,6040,2018,45144
12,Lee,6040,2019,45000
12,Lee,6040,2020,43000
12,Lee,6040,2021,44000
12,Lee,6040,2022,44500
12,Lee,6040,2023,46500
12,Lee,6040,2024,47000
12,Lee,6040,2025,47000
12,Lee,6041,2008,25223
12,Lee,6041,2009,25736
12,Lee,6041,2010,25948
12,Lee,6041,2011,25865
12,Lee,6041,2012,25000
12,Lee,6041,2013,25072
12,Lee,6041,2014,25845
12,Lee,6041,2015,28057
12,Lee,6041,2016,29000
12,Lee,6041,2017,30000
12,Lee,6041,2018,30500
12,Lee,6041,2019,30500
12,Lee,6041,2020,29000
12,Lee,6041,2021,45500
12,Lee,6041,2022,45500
12,Lee,6041,2023,47500
12,Lee,6041,2024,59000
12,Lee,6041,2025,59000
12,Lee,6042,2008,25533
12,Lee,6042,2009,25000
12,Lee,6042,2010,25657
12,Lee,6042,2011,24518
12,Lee,6042,2012,25825
12,Lee,6042,2013,28850
12,Lee,6042,2014,27500
12,Lee,6042,2015,28000
12,Lee,6042,2016,28500
12,Lee,6042,2017,28500
12,Lee,6042,2018,39111
12,Lee,6042,2019,39500
12,Lee,6042,2020,38500
12,Lee,6042,2021,39000
12,Lee,6042,2022,39000
12,Lee,6042,2023,40500
12,Lee,6042,2024,41000
12,Lee,6042,2025,41000
12,Lee,6043,2008,32356
12,Lee,6043,2009,32708
12,Lee,6043,2010,31493
12,Lee,6043,2011,30770
12,Lee,6043,2012,30391
12,Lee,6043,2013,31634
12,Lee,6043,2014,32991
12,Lee,6043,2015,33500
12,Lee,6043,2016,34500
12,Lee,6043,2017,35000
12,Lee,6043,2018,37188
12,Lee,6043,2019,37500
12,Lee,6043,2020,36500
12,Lee,6043,2021,37000
12,Lee,6043,2022,37000
12,Lee,6043,2023,38500
12,Lee,6043,2024,39000
12,Lee,6043,2025,39000
12,Lee,6044,2008,14205
12,Lee,6044,2009,14113
12,Lee,6044,2010,13554
12,Lee,6044,2011,13753
12,Lee,6044,2012,13657
12,Lee,6044,2013,13496
12,Lee,6044,2014,13531
12,Lee,6044,2015,12751
12,Lee,6044,2016,12476
12,Lee,6044,2017,12400
12,Lee,6044,2018,12500
12,Lee,6044,2019,13000
12,Lee,6044,2020,12500
12,Lee,6044,2021,12500
12,Lee,6044,2022,12500
12,Lee,6044,2023,13000
12,Lee,6044,2024,13000
12,Lee,6044,2025,13000
12,Lee,6045,2008,22852
12,Lee,6045,2009,22136
12,Lee,6045,2010,19315
12,Lee,6045,2011,19492
12,Lee,6045,2012,19599
12,Lee,6045,2013,21641
12,Lee,6045,2014,23104
12,Lee,6045,2015,23711
12,Lee,6045,2016,25591
12,Lee,6045,2017,26000
12,Lee,6045,2018,25408
12,Lee,6045,2019,25500
12,Lee,6045,2020,24500
12,Lee,6045,2021,25000
12,Lee,6045,2022,25000
12,Lee,6045,2023,26000
12,Lee,6045,2024,26500
12,Lee,6045,2025,26500
12,Lee,6046,2008,35331
12,Lee,6046,2009,35852
12,Lee,6046,2010,39139
12,Lee,6046,2011,39432
12,Lee,6046,2012,35633
12,Lee,6046,2013,37516
12,Lee,6046,2014,38568
12,Lee,6046,2015,40184
12,Lee,6046,2016,42094
12,Lee,6046,2017,41500
12,Lee,6046,2018,41365
12,Lee,6046,2019,42000
12,Lee,6046,2020,41000
12,Lee,6046,2021,41500
12,Lee,6046,2022,41500
12,Lee,6046,2023,43000
12,Lee,6046,2024,43500
12,Lee,6046,2025,43500
12,Lee,6047,2009,19476
12,Lee,6047,2010,18934
12,Lee,6047,2011,19204
12,Lee,6047,2012,21300
12,Lee,6047,2013,22197
12,Lee,6047,2014,23105
12,Lee,6047,2015,23938
12,Lee,6047,2016,24500
12,Lee,6047,2017,24500
12,Lee,6047,2018,28685
12,Lee,6047,2019,29000
12,Lee,6047,2020,28000
12,Lee,6047,2021,28500
12,Lee,6047,2022,28500
12,Lee,6047,2023,29500
12,Lee,6047,2024,30000
12,Lee,6047,2025,30000
12,Lee,6048,2008,34900
12,Lee,6048,2009,34156
12,Lee,6048,2010,36252
12,Lee,6048,2011,35000
12,Lee,6048,2012,35000
12,Lee,6048,2013,37160
12,Lee,6048,2014,37500
12,Lee,6048,2015,38000
12,Lee,6048,2016,39000
12,Lee,6048,2017,40000
12,Lee,6048,2018,41212
12,Lee,6048,2019,41000
12,Lee,6048,2020,39000
12,Lee,6048,2021,39500
12,Lee,6048,2022,40000
12,Lee,6048,2023,42000
12,Lee,6048,2024,42500
12,Lee,6048,2025,42500
12,Lee,6049,2008,24214
12,Lee,6049,2009,24948
12,Lee,6049,2010,22902
12,Lee,6049,2011,22431
12,Lee,6049,2012,23695
12,Lee,6049,2013,23162
12,Lee,6049,2014,26000
12,Lee,6049,2015,27364
12,Lee,6049,2016,28134
12,Lee,6049,2017,29000
12,Lee,6049,2018,29927
12,Lee,6049,2019,30000
12,Lee,6049,2020,28500
12,Lee,6049,2021,29000
12,Lee,6049,2022,29000
12,Lee,6049,2023,30500
12,Lee,6049,2024,31000
12,Lee,6049,2025,31000
12,Lee,6050,2008,47945
12,Lee,6050,2009,47264
12,Lee,6050,2010,46079
12,Lee,6050,2011,45744
12,Lee,6050,2012,44343
12,Lee,6050,2013,45994
12,Lee,6050,2014,46250
12,Lee,6050,2015,51073
12,Lee,6050,2016,48978
12,Lee,6050,2017,51500
12,Lee,6050,2018,49174
12,Lee,6050,2019,50000
12,Lee,6050,2020,47000
12,Lee,6050,2021,48000
12,Lee,6050,2022,50000
12,Lee,6050,2023,55000
12,Lee,6050,2024,57500
12,Lee,6050,2025,59000
12,Lee,6051,2010,1393
12,Lee,6051,2011,1884
12,Lee,6051,2012,1570
12,Lee,6051,2013,1645
12,Lee,6051,2014,1740
12,Lee,6051,2015,2140
12,Lee,6051,2016,2200
12,Lee,6051,2017,2300
12,Lee,6051,2018,2350
12,Lee,6051,2019,2400
12,Lee,6051,2020,2300
12,Lee,6051,2021,1600
12,Lee,6051,2022,1600
12,Lee,6051,2023,1000
12,Lee,6051,2024,1100
12,Lee,6051,2025,1200
12,Lee,6052,2008,35132
12,Lee,6052,2009,46206
12,Lee,6052,2010,59400
12,Lee,6052,2011,52175
12,Lee,6052,2012,50058
12,Lee,6052,2013,50500
12,Lee,6052,2014,51000
12,Lee,6052,2015,51500
12,Lee,6052,2016,53000
12,Lee,6052,2017,54500
12,Lee,6052,2018,55500
12,Lee,6052,2019,55500
12,Lee,6052,2020,53000
12,Lee,6052,2021,51500
12,Lee,6052,2022,52000
12,Lee,6052,2023,54500
12,Lee,6052,2024,55000
12,Lee,6052,2025,55000
12,Lee,6053,2008,21150
12,Lee,6053,2009,20800
12,Lee,6053,2010,25233
12,Lee,6053,2011,26264
12,Lee,6053,2012,25846
12,Lee,6053,2013,27139
12,Lee,6053,2014,27924
12,Lee,6053,2015,24802
12,Lee,6053,2016,23925
12,Lee,6053,2017,23500
12,Lee,6053,2018,26402
12,Lee,6053,2019,26500
12,Lee,6053,2020,26000
12,Lee,6053,2021,26500
12,Lee,6053,2022,26500
12,Lee,6053,2023,27500
12,Lee,6053,2024,28000
12,Lee,6053,2025,28000
12,Lee,6054,2008,25904
12,Lee,6054,2009,22093
12,Lee,6054,2010,21000
12,Lee,6054,2011,20716
12,Lee,6054,2012,22196
12,Lee,6054,2013,21805
12,Lee,6054,2014,23002
12,Lee,6054,2015,24797
12,Lee,6054,2016,24686
12,Lee,6054,2017,25000
12,Lee,6054,2018,23869
12,Lee,6054,2019,24000
12,Lee,6054,2020,23500
12,Lee,6054,2021,24000
12,Lee,6054,2022,24000
12,Lee,6054,2023,25000
12,Lee,6054,2024,25500
12,Lee,6054,2025,25500
12,Lee,6055,2008,24737
12,Lee,6055,2009,25092
12,Lee,6055,2010,23500
12,Lee,6055,2011,21408
12,Lee,6055,2012,22227
12,Lee,6055,2013,22592
12,Lee,6055,2014,22000
12,Lee,6055,2015,24787
12,Lee,6055,2016,25000
12,Lee,6055,2017,25000
12,Lee,6055,2018,26143
12,Lee,6055,2019,26500
12,Lee,6055,2020,26000
12,Lee,6055,2021,26500
12,Lee,6055,2022,26500
12,Lee,6055,2023,27500
12,Lee,6055,2024,28000
12,Lee,6055,2025,28000
12,Lee,6056,2008,38379
12,Lee,6056,2009,37000
12,Lee,6056,2010,38437
12,Lee,6056,2011,41227
12,Lee,6056,2012,42873
12,Lee,6056,2013,44840
12,Lee,6056,2014,44441
12,Lee,6056,2015,44381
12,Lee,6056,2016,45500
12,Lee,6056,2017,45000
12,Lee,6056,2018,45500
12,Lee,6056,2019,46000
12,Lee,6056,2020,44500
12,Lee,6056,2021,44500
12,Lee,6056,2022,44500
12,Lee,6056,2023,52500
12,Lee,6056,2024,53500
12,Lee,6056,2025,53500
12,Lee,6057,2008,12407
12,Lee,6057,2009,12261
12,Lee,6057,2010,11700
12,Lee,6057,2011,10900
12,Lee,6057,2018,14249
12,Lee,6058,2008,15808
12,Lee,6058,2009,16724
12,Lee,6058,2010,16523
12,Lee,6058,2011,16718
12,Lee,6058,2012,16871
12,Lee,6058,2013,17189
12,Lee,6058,2014,18044
12,Lee,6058,2015,16644
12,Lee,6058,2016,18555
12,Lee,6058,2017,19200
12,Lee,6058,2018,19500
12,Lee,6058,2019,20000
12,Lee,6058,2020,19500
12,Lee,6058,2021,13500
12,Lee,6058,2022,14000
12,Lee,6058,2023,27500
12,Lee,6058,2024,31500
12,Lee,6058,2025,34500
12,Lee,6059,2008,22944
12,Lee,6059,2009,23000
12,Lee,6059,2010,22655
12,Lee,6059,2011,23860
12,Lee,6059,2012,22963
12,Lee,6059,2013,23000
12,Lee,6059,2014,22000
12,Lee,6059,2015,22500
12,Lee,6059,2016,23000
12,Lee,6059,2017,23000
12,Lee,6059,2018,27078
12,Lee,6059,2019,27500
12,Lee,6059,2020,26500
12,Lee,6059,2021,27000
12,Lee,6059,2022,27000
12,Lee,6059,2023,28000
12,Lee,6059,2024,28500
12,Lee,6059,2025,28500
12,Lee,6060,2008,24426
12,Lee,6060,2009,23769
12,Lee,6060,2010,23565
12,Lee,6060,2011,24144
12,Lee,6060,2012,23983
12,Lee,6060,2013,25076
12,Lee,6060,2014,25322
12,Lee,6060,2015,25500
12,Lee,6060,2016,19784
12,Lee,6060,2017,19700
12,Lee,6060,2018,20000
12,Lee,6060,2019,21000
12,Lee,6060,2020,20500
12,Lee,6060,2021,20500
12,Lee,6060,2022,20500
12,Lee,6060,2023,21500
12,Lee,6060,2024,21500
12,Lee,6060,2025,21500
12,Lee,6061,2008,26207
12,Lee,6061,2009,24860
12,Lee,6061,2010,24091
12,Lee,6061,2011,24181
12,Lee,6061,2012,23689
12,Lee,6061,2013,24507
12,Lee,6061,2014,25317
12,Lee,6061,2015,22225
12,Lee,6061,2016,21149
12,Lee,6061,2017,21000
12,Lee,6061,2018,23403
12,Lee,6061,2019,23500
12,Lee,6061,2020,23000
12,Lee,6061,2021,23500
12,Lee,6061,2022,23500
12,Lee,6061,2023,24500
12,Lee,6061,2024,25000
12,Lee,6061,2025,25000
12,Lee,6062,2013,8846
12,Lee,6062,2014,8500
12,Lee,6062,2015,8800
12,Lee,6062,2016,9000
12,Lee,6062,2017,8900
12,Lee,6062,2018,13030
12,Lee,6062,2019,13000
12,Lee,6062,2020,12500
12,Lee,6062,2021,13000
12,Lee,6062,2022,13000
12,Lee,6062,2023,13500
12,Lee,6062,2024,13500
12,Lee,6062,2025,13500
12,Lee,6063,2013,9947
12,Lee,6063,2014,9500
12,Lee,6063,2015,9900
12,Lee,6063,2016,10000
12,Lee,6063,2017,9900
12,Lee,6063,2018,10000
12,Lee,6063,2019,10000
12,Lee,6063,2020,9700
12,Lee,6063,2021,9700
12,Lee,6063,2022,9700
12,Lee,6063,2023,10000
12,Lee,6063,2024,10000
12,Lee,6063,2025,10000
12,Lee,6064,2013,20162
12,Lee,6064,2014,20162
12,Lee,6064,2015,24000
12,Lee,6064,2016,25000
12,Lee,6064,2017,25500
12,Lee,6064,2018,25710
12,Lee,6064,2019,25500
12,Lee,6064,2020,24500
12,Lee,6064,2021,25000
12,Lee,6064,2022,25000
12,Lee,6064,2023,26000
12,Lee,6064,2024,26500
12,Lee,6064,2025,26500
12,Lee,6065,2025,3600
12,Lee,6066,2013,24639
12,Lee,6066,2014,24639
12,Lee,6066,2015,25000
12,Lee,6066,2016,25500
12,Lee,6066,2017,25500
12,Lee,6066,2018,33223
12,Lee,6066,2019,33500
12,Lee,6066,2020,32500
12,Lee,6066,2021,33000
12,Lee,6066,2022,33000
12,Lee,6066,2023,34500
12,Lee,6066,2024,35000
12,Lee,6066,2025,35000
12,Lee,6067,2024,4300
12,Lee,6067,2025,4400
12,Lee,6068,2013,29255
12,Lee,6068,2014,29255
12,Lee,6068,2015,30000
12,Lee,6068,2016,31000
12,Lee,6068,2017,32000
12,Lee,6068,2018,40209
12,Lee,6068,2019,40000
12,Lee,6068,2020,38500
12,Lee,6068,2021,39000
12,Lee,6068,2022,39500
12,Lee,6068,2023,41000
12,Lee,6068,2024,41500
12,Lee,6068,2025,41500
12,Lee,6069,2024,7100
12,Lee,6069,2025,7200
12,Lee,6070,2024,7100
12,Lee,6070,2025,7200
12,Lee,6071,2024,7100
12,Lee,6071,2025,7200
12,Lee,6072,2024,7100
12,Lee,6072,2025,7400
12,Lee,7001,2005,8100
03,Collier,7001,2005,1000
03,Collier,7001,2006,1000
12,Lee,7001,2006,8400
03,Collier,7001,2007,1000
12,Lee,7001,2007,8500
12,Lee,7001,2008,6800
03,Collier,7001,2008,1100
12,Lee,7001,2009,6700
03,Collier,7001,2009,1000
03,Collier,7001,2010,950
12,Lee,7001,2010,6900
03,Collier,7001,2011,1100
12,Lee,7001,2011,8100
12,Lee,7001,2012,8300
03,Collier,7001,2012,1100
03,Collier,7001,2013,1100
12,Lee,7001,2013,8500
12,Lee,7001,2014,8900
03,Collier,7001,2014,1200
12,Lee,7001,2015,9500
03,Collier,7001,2015,1300
03,Collier,7001,2016,1400
12,Lee,7001,2016,10500
03,Collier,7001,2017,1500
12,Lee,7001,2017,11500
12,Lee,7001,2018,11000
03,Collier,7001,2018,450
12,Lee,7001,2019,11500
03,Collier,7001,2019,450
12,Lee,7001,2020,11000
03,Collier,7001,2020,450
03,Collier,7001,2021,450
12,Lee,7001,2021,11000
12,Lee,7001,2022,11000
03,Collier,7001,2022,450
12,Lee,7001,2023,11000
03,Collier,7001,2023,700
03,Collier,7001,2024,750
12,Lee,7001,2024,11500
12,Lee,7001,2025,11500
03,Collier,7001,2025,750
12,Lee,7002,2005,8200
03,Collier,7002,2005,1000
03,Collier,7002,2006,1000
12,Lee,7002,2006,8500
03,Collier,7002,2007,1000
12,Lee,7002,2007,8600
12,Lee,7002,2008,7000
03,Collier,7002,2008,1100
12,Lee,7002,2009,6900
03,Collier,7002,2009,1000
03,Collier,7002,2010,950
12,Lee,7002,2010,7100
03,Collier,7002,2011,1100
12,Lee,7002,2011,7900
12,Lee,7002,2012,8100
03,Collier,7002,2012,1100
03,Collier,7002,2013,1100
12,Lee,7002,2013,8300
12,Lee,7002,2014,9500
03,Collier,7002,2014,1300
12,Lee,7002,2015,10000
03,Collier,7002,2015,1400
03,Collier,7002,2016,1500
12,Lee,7002,2016,11000
03,Collier,7002,2017,1600
12,Lee,7002,2017,12000
12,Lee,7002,2018,11500
03,Collier,7002,2018,1700
12,Lee,7002,2019,12000
03,Collier,7002,2019,1700
12,Lee,7002,2020,11500
03,Collier,7002,2020,1600
03,Collier,7002,2021,1600
12,Lee,7002,2021,11500
12,Lee,7002,2022,11500
03,Collier,7002,2022,1600
12,Lee,7002,2023,12000
03,Collier,7002,2023,2600
03,Collier,7002,2024,2700
12,Lee,7002,2024,12500
12,Lee,7002,2025,12500
03,Collier,7002,2025,2800
12,Lee,7003,2005,8400
03,Collier,7003,2005,500
03,Collier,7003,2006,500
12,Lee,7003,2006,8700
03,Collier,7003,2007,500
12,Lee,7003,2007,8800
12,Lee,7003,2008,7200
03,Collier,7003,2008,600
12,Lee,7003,2009,7100
03,Collier,7003,2009,550
03,Collier,7003,2010,550
12,Lee,7003,2010,7300
03,Collier,7003,2011,500
12,Lee,7003,2011,7800
12,Lee,7003,2012,8000
03,Collier,7003,2012,500
03,Collier,7003,2013,500
12,Lee,7003,2013,8200
12,Lee,7003,2014,8800
03,Collier,7003,2014,500
12,Lee,7003,2015,9400
03,Collier,7003,2015,550
03,Collier,7003,2016,600
12,Lee,7003,2016,10500
03,Collier,7003,2017,650
12,Lee,7003,2017,11500
12,Lee,7003,2018,11500
03,Collier,7003,2018,700
12,Lee,7003,2019,12000
03,Collier,7003,2019,700
12,Lee,7003,2020,11500
03,Collier,7003,2020,650
03,Collier,7003,2021,650
12,Lee,7003,2021,11500
12,Lee,7003,2022,11500
03,Collier,7003,2022,650
12,Lee,7003,2023,11500
03,Collier,7003,2023,1300
03,Collier,7003,2024,1300
12,Lee,7003,2024,12000
12,Lee,7003,2025,12000
03,Collier,7003,2025,1300
12,Lee,7004,2005,8600
03,Collier,7004,2005,400
03,Collier,7004,2006,400
12,Lee,7004,2006,8900
03,Collier,7004,2007,400
12,Lee,7004,2007,9000
12,Lee,7004,2008,7800
03,Collier,7004,2008,450
12,Lee,7004,2009,7700
03,Collier,7004,2009,450
03,Collier,7004,2010,450
12,Lee,7004,2010,7900
03,Collier,7004,2011,400
12,Lee,7004,2011,7400
12,Lee,7004,2012,7600
03,Collier,7004,2012,400
03,Collier,7004,2013,400
12,Lee,7004,2013,7800
12,Lee,7004,2014,8500
03,Collier,7004,2014,350
12,Lee,7004,2015,9100
03,Collier,7004,2015,350
03,Collier,7004,2016,350
12,Lee,7004,2016,9900
03,Collier,7004,2017,350
12,Lee,7004,2017,10500
12,Lee,7004,2018,11500
03,Collier,7004,2018,1500
12,Lee,7004,2019,12000
03,Collier,7004,2019,1500
12,Lee,7004,2020,11500
03,Collier,7004,2020,1400
03,Collier,7004,2021,1400
12,Lee,7004,2021,11500
12,Lee,7004,2022,11500
03,Collier,7004,2022,1400
12,Lee,7004,2023,11500
03,Collier,7004,2023,2200
03,Collier,7004,2024,2300
12,Lee,7004,2024,12000
12,Lee,7004,2025,12000
03,Collier,7004,2025,2400
03,Collier,7005,2015,100
03,Collier,7005,2016,100
03,Collier,7005,2017,150
03,Collier,7005,2018,100
03,Collier,7005,2019,100
03,Collier,7005,2020,100
03,Collier,7005,2021,100
03,Collier,7005,2022,100
03,Collier,7005,2023,150
03,Collier,7005,2024,150
03,Collier,7005,2025,150
03,Collier,7006,2015,100
03,Collier,7006,2016,100
03,Collier,7006,2017,150
03,Collier,7006,2018,100
03,Collier,7006,2019,100
03,Collier,7006,2020,100
03,Collier,7006,2021,100
03,Collier,7006,2022,100
03,Collier,7006,2023,250
03,Collier,7006,2024,250
03,Collier,7006,2025,250
03,Collier,7007,2015,400
03,Collier,7007,2016,450
03,Collier,7007,2017,1000
03,Collier,7007,2018,850
03,Collier,7007,2019,850
03,Collier,7007,2020,850
03,Collier,7007,2021,850
03,Collier,7007,2022,850
03,Collier,7007,2023,150
03,Collier,7007,2024,150
03,Collier,7007,2025,150
12,Lee,7011,2005,9900
03,Collier,7011,2005,2800
03,Collier,7011,2006,2900
12,Lee,7011,2006,10500
03,Collier,7011,2007,2900
12,Lee,7011,2007,10500
12,Lee,7011,2008,7500
03,Collier,7011,2008,2200
12,Lee,7011,2009,7400
03,Collier,7011,2009,2200
03,Collier,7011,2010,2200
12,Lee,7011,2010,7600
03,Collier,7011,2011,2000
12,Lee,7011,2011,7100
12,Lee,7011,2012,7300
03,Collier,7011,2012,2000
03,Collier,7011,2013,2100
12,Lee,7011,2013,7500
12,Lee,7011,2014,7600
03,Collier,7011,2014,2300
12,Lee,7011,2015,8100
03,Collier,7011,2015,2500
03,Collier,7011,2016,2700
12,Lee,7011,2016,8800
03,Collier,7011,2017,2800
12,Lee,7011,2017,9500
12,Lee,7011,2018,10000
03,Collier,7011,2018,2500
12,Lee,7011,2019,10500
03,Collier,7011,2019,2600
12,Lee,7011,2020,10000
03,Collier,7011,2020,2500
03,Collier,7011,2021,2500
12,Lee,7011,2021,10000
12,Lee,7011,2022,10000
03,Collier,7011,2022,3100
12,Lee,7011,2023,9000
03,Collier,7011,2023,2400
03,Collier,7011,2024,2500
12,Lee,7011,2024,9300
12,Lee,7011,2025,9500
03,Collier,7011,2025,2500
12,Lee,7012,2005,10000
03,Collier,7012,2005,3100
03,Collier,7012,2006,3200
12,Lee,7012,2006,10500
03,Collier,7012,2007,3200
12,Lee,7012,2007,10500
12,Lee,7012,2008,8100
03,Collier,7012,2008,2000
12,Lee,7012,2009,7900
03,Collier,7012,2009,2000
03,Collier,7012,2010,2000
12,Lee,7012,2010,8100
03,Collier,7012,2011,1900
12,Lee,7012,2011,7200
12,Lee,7012,2012,7400
03,Collier,7012,2012,1900
03,Collier,7012,2013,2000
12,Lee,7012,2013,7600
12,Lee,7012,2014,8000
03,Collier,7012,2014,2100
12,Lee,7012,2015,8600
03,Collier,7012,2015,2200
03,Collier,7012,2016,2400
12,Lee,7012,2016,9400
03,Collier,7012,2017,2500
12,Lee,7012,2017,10000
12,Lee,7012,2018,11000
03,Collier,7012,2018,2200
12,Lee,7012,2019,11500
03,Collier,7012,2019,2300
12,Lee,7012,2020,11000
03,Collier,7012,2020,2200
03,Collier,7012,2021,2200
12,Lee,7012,2021,11000
12,Lee,7012,2022,11500
03,Collier,7012,2022,2700
12,Lee,7012,2023,11000
03,Collier,7012,2023,2800
03,Collier,7012,2024,2900
12,Lee,7012,2024,11500
12,Lee,7012,2025,11500
03,Collier,7012,2025,3000
12,Lee,7013,2005,7100
03,Collier,7013,2005,11500
03,Collier,7013,2006,11500
12,Lee,7013,2006,7400
03,Collier,7013,2007,11500
12,Lee,7013,2007,7500
12,Lee,7013,2008,6800
03,Collier,7013,2008,11000
12,Lee,7013,2009,6700
03,Collier,7013,2009,11000
03,Collier,7013,2010,11000
12,Lee,7013,2010,6900
03,Collier,7013,2011,10500
12,Lee,7013,2011,7100
12,Lee,7013,2012,7300
03,Collier,7013,2012,11000
03,Collier,7013,2013,11500
12,Lee,7013,2013,7500
12,Lee,7013,2014,7600
03,Collier,7013,2014,10500
12,Lee,7013,2015,8100
03,Collier,7013,2015,11000
12,Lee,7013,2016,8800
03,Collier,7013,2016,12000
03,Collier,7013,2017,12500
12,Lee,7013,2017,9500
12,Lee,7013,2018,10500
03,Collier,7013,2018,13500
12,Lee,7013,2019,11000
03,Collier,7013,2019,14000
12,Lee,7013,2020,10500
03,Collier,7013,2020,13500
03,Collier,7013,2021,13500
12,Lee,7013,2021,10500
12,Lee,7013,2022,11000
03,Collier,7013,2022,15000
12,Lee,7013,2023,10500
03,Collier,7013,2023,14500
03,Collier,7013,2024,15000
12,Lee,7013,2024,11000
12,Lee,7013,2025,11000
03,Collier,7013,2025,15500
12,Lee,7014,2005,7000
03,Collier,7014,2005,12500
03,Collier,7014,2006,13000
12,Lee,7014,2006,7300
03,Collier,7014,2007,13000
12,Lee,7014,2007,7400
12,Lee,7014,2008,6900
03,Collier,7014,2008,11500
12,Lee,7014,2009,6800
03,Collier,7014,2009,11500
03,Collier,7014,2010,11500
12,Lee,7014,2010,7000
03,Collier,7014,2011,11000
12,Lee,7014,2011,7300
12,Lee,7014,2012,7500
03,Collier,7014,2012,11500
03,Collier,7014,2013,12000
12,Lee,7014,2013,7700
12,Lee,7014,2014,7600
03,Collier,7014,2014,11000
12,Lee,7014,2015,8100
03,Collier,7014,2015,12000
12,Lee,7014,2016,8800
03,Collier,7014,2016,13000
03,Collier,7014,2017,13500
12,Lee,7014,2017,9500
12,Lee,7014,2018,10500
03,Collier,7014,2018,14000
12,Lee,7014,2019,11000
03,Collier,7014,2019,14500
12,Lee,7014,2020,10500
03,Collier,7014,2020,14000
03,Collier,7014,2021,14000
12,Lee,7014,2021,10500
12,Lee,7014,2022,10500
03,Collier,7014,2022,16500
12,Lee,7014,2023,10000
03,Collier,7014,2023,16500
03,Collier,7014,2024,17000
12,Lee,7014,2024,10500
12,Lee,7014,2025,10500
03,Collier,7014,2025,17500
12,Lee,7021,2005,5900
03,Collier,7021,2005,3200
03,Collier,7021,2006,3300
12,Lee,7021,2006,6100
03,Collier,7021,2007,3300
12,Lee,7021,2007,6200
12,Lee,7021,2008,8600
03,Collier,7021,2008,4200
12,Lee,7021,2009,8400
03,Collier,7021,2009,4100
03,Collier,7021,2010,4000
12,Lee,7021,2010,8600
03,Collier,7021,2011,4900
12,Lee,7021,2011,7700
12,Lee,7021,2012,7900
03,Collier,7021,2012,5000
03,Collier,7021,2013,5200
12,Lee,7021,2013,8100
12,Lee,7021,2014,10000
03,Collier,7021,2014,4600
12,Lee,7021,2015,10500
03,Collier,7021,2015,4900
12,Lee,7021,2016,11500
03,Collier,7021,2016,5200
03,Collier,7021,2017,5500
12,Lee,7021,2017,12500
12,Lee,7021,2018,9500
03,Collier,7021,2018,5300
12,Lee,7021,2019,9800
03,Collier,7021,2019,5500
12,Lee,7021,2020,9500
03,Collier,7021,2020,5300
03,Collier,7021,2021,5300
12,Lee,7021,2021,9600
12,Lee,7021,2022,9700
03,Collier,7021,2022,5300
12,Lee,7021,2023,10000
03,Collier,7021,2023,6000
03,Collier,7021,2024,6200
12,Lee,7021,2024,10500
12,Lee,7021,2025,10500
03,Collier,7021,2025,6300
12,Lee,7022,2005,5900
03,Collier,7022,2005,3300
03,Collier,7022,2006,3400
12,Lee,7022,2006,6100
03,Collier,7022,2007,3400
12,Lee,7022,2007,6200
12,Lee,7022,2008,8100
03,Collier,7022,2008,4600
12,Lee,7022,2009,7900
03,Collier,7022,2009,4500
03,Collier,7022,2010,4400
12,Lee,7022,2010,8100
03,Collier,7022,2011,5200
12,Lee,7022,2011,3500
12,Lee,7022,2012,3600
03,Collier,7022,2012,5300
03,Collier,7022,2013,5600
12,Lee,7022,2013,3700
12,Lee,7022,2014,9800
03,Collier,7022,2014,5500
12,Lee,7022,2015,10500
03,Collier,7022,2015,5900
12,Lee,7022,2016,11500
03,Collier,7022,2016,6300
03,Collier,7022,2017,6600
12,Lee,7022,2017,12500
12,Lee,7022,2018,6300
03,Collier,7022,2018,6300
12,Lee,7022,2019,6500
03,Collier,7022,2019,6500
12,Lee,7022,2020,6300
03,Collier,7022,2020,6300
03,Collier,7022,2021,6400
12,Lee,7022,2021,6400
12,Lee,7022,2022,6500
03,Collier,7022,2022,6400
12,Lee,7022,2023,6300
03,Collier,7022,2023,7600
03,Collier,7022,2024,7900
12,Lee,7022,2024,6500
12,Lee,7022,2025,6600
03,Collier,7022,2025,8000
12,Lee,7023,2005,11000
03,Collier,7023,2005,17000
03,Collier,7023,2006,17500
12,Lee,7023,2006,11500
03,Collier,7023,2007,17500
12,Lee,7023,2007,11500
12,Lee,7023,2008,7000
03,Collier,7023,2008,8700
12,Lee,7023,2009,6900
03,Collier,7023,2009,8500
03,Collier,7023,2010,8300
12,Lee,7023,2010,7100
03,Collier,7023,2011,8800
12,Lee,7023,2011,4300
12,Lee,7023,2012,4400
03,Collier,7023,2012,9000
03,Collier,7023,2013,9400
12,Lee,7023,2013,4500
12,Lee,7023,2014,9400
03,Collier,7023,2014,10000
12,Lee,7023,2015,10000
03,Collier,7023,2015,10500
12,Lee,7023,2016,11000
03,Collier,7023,2016,11000
03,Collier,7023,2017,11500
12,Lee,7023,2017,12000
12,Lee,7023,2018,7000
03,Collier,7023,2018,11000
12,Lee,7023,2019,7200
03,Collier,7023,2019,11500
12,Lee,7023,2020,7000
03,Collier,7023,2020,11000
03,Collier,7023,2021,11000
12,Lee,7023,2021,7100
12,Lee,7023,2022,7200
03,Collier,7023,2022,11000
12,Lee,7023,2023,10500
03,Collier,7023,2023,12500
03,Collier,7023,2024,13000
12,Lee,7023,2024,11000
12,Lee,7023,2025,11000
03,Collier,7023,2025,13000
12,Lee,7024,2005,11500
03,Collier,7024,2005,17000
03,Collier,7024,2006,17500
12,Lee,7024,2006,12000
03,Collier,7024,2007,17500
12,Lee,7024,2007,12000
12,Lee,7024,2008,7200
03,Collier,7024,2008,9200
12,Lee,7024,2009,7100
03,Collier,7024,2009,9000
03,Collier,7024,2010,8800
12,Lee,7024,2010,7300
03,Collier,7024,2011,9100
12,Lee,7024,2011,4100
12,Lee,7024,2012,4200
03,Collier,7024,2012,9300
03,Collier,7024,2013,9700
12,Lee,7024,2013,4300
12,Lee,7024,2014,9800
03,Collier,7024,2014,11000
12,Lee,7024,2015,10500
03,Collier,7024,2015,12000
12,Lee,7024,2016,11500
03,Collier,7024,2016,13000
03,Collier,7024,2017,13500
12,Lee,7024,2017,12500
12,Lee,7024,2018,3300
03,Collier,7024,2018,11000
12,Lee,7024,2019,3400
03,Collier,7024,2019,11500
12,Lee,7024,2020,3300
03,Collier,7024,2020,11000
03,Collier,7024,2021,11000
12,Lee,7024,2021,3300
12,Lee,7024,2022,3400
03,Collier,7024,2022,11000
12,Lee,7024,2023,3700
03,Collier,7024,2023,13000
03,Collier,7024,2024,13500
12,Lee,7024,2024,3800
12,Lee,7024,2025,3900
03,Collier,7024,2025,13500
12,Lee,7031,2005,13000
03,Collier,7031,2005,5400
03,Collier,7031,2006,5500
12,Lee,7031,2006,13500
03,Collier,7031,2007,5600
12,Lee,7031,2007,13500
12,Lee,7031,2008,9600
03,Collier,7031,2008,5800
12,Lee,7031,2009,9400
03,Collier,7031,2009,5700
03,Collier,7031,2010,5600
12,Lee,7031,2010,9600
03,Collier,7031,2011,6900
12,Lee,7031,2011,11500
12,Lee,7031,2012,12000
03,Collier,7031,2012,7100
03,Collier,7031,2013,7400
12,Lee,7031,2013,12500
12,Lee,7031,2014,13000
03,Collier,7031,2014,8300
12,Lee,7031,2015,14000
03,Collier,7031,2015,8900
12,Lee,7031,2016,15500
03,Collier,7031,2016,9500
03,Collier,7031,2017,10000
12,Lee,7031,2017,16500
12,Lee,7031,2018,16500
03,Collier,7031,2018,8800
12,Lee,7031,2019,17000
03,Collier,7031,2019,9100
12,Lee,7031,2020,16500
03,Collier,7031,2020,8800
03,Collier,7031,2021,8900
12,Lee,7031,2021,16500
12,Lee,7031,2022,17000
03,Collier,7031,2022,11000
12,Lee,7031,2023,18000
03,Collier,7031,2023,10500
03,Collier,7031,2024,11000
12,Lee,7031,2024,18500
12,Lee,7031,2025,19000
03,Collier,7031,2025,11000
12,Lee,7032,2005,13000
03,Collier,7032,2005,4900
03,Collier,7032,2006,5000
12,Lee,7032,2006,13500
03,Collier,7032,2007,5000
12,Lee,7032,2007,13500
12,Lee,7032,2008,8900
03,Collier,7032,2008,6000
12,Lee,7032,2009,8700
03,Collier,7032,2009,5900
03,Collier,7032,2010,5800
12,Lee,7032,2010,8900
03,Collier,7032,2011,7300
12,Lee,7032,2011,11500
12,Lee,7032,2012,12000
03,Collier,7032,2012,7500
03,Collier,7032,2013,7900
12,Lee,7032,2013,12500
12,Lee,7032,2014,13500
03,Collier,7032,2014,8900
12,Lee,7032,2015,14500
03,Collier,7032,2015,9500
12,Lee,7032,2016,16000
03,Collier,7032,2016,10000
03,Collier,7032,2017,10500
12,Lee,7032,2017,17000
12,Lee,7032,2018,16000
03,Collier,7032,2018,8900
12,Lee,7032,2019,16500
03,Collier,7032,2019,9200
12,Lee,7032,2020,16000
03,Collier,7032,2020,8900
03,Collier,7032,2021,9000
12,Lee,7032,2021,16000
12,Lee,7032,2022,16000
03,Collier,7032,2022,11500
12,Lee,7032,2023,13500
03,Collier,7032,2023,10500
03,Collier,7032,2024,11000
12,Lee,7032,2024,14000
12,Lee,7032,2025,14500
03,Collier,7032,2025,11000
12,Lee,7033,2005,4700
03,Collier,7033,2005,14000
03,Collier,7033,2006,14500
12,Lee,7033,2006,4900
03,Collier,7033,2007,14500
12,Lee,7033,2007,4900
12,Lee,7033,2008,4100
03,Collier,7033,2008,11500
12,Lee,7033,2009,4000
03,Collier,7033,2009,11500
03,Collier,7033,2010,11500
12,Lee,7033,2010,4100
03,Collier,7033,2011,14000
12,Lee,7033,2011,5400
12,Lee,7033,2012,5500
03,Collier,7033,2012,14500
03,Collier,7033,2013,15000
12,Lee,7033,2013,5600
12,Lee,7033,2014,4600
03,Collier,7033,2014,17000
12,Lee,7033,2015,4900
03,Collier,7033,2015,18000
12,Lee,7033,2016,5400
03,Collier,7033,2016,19000
03,Collier,7033,2017,20000
12,Lee,7033,2017,5800
12,Lee,7033,2018,5600
03,Collier,7033,2018,18500
12,Lee,7033,2019,5800
03,Collier,7033,2019,19000
12,Lee,7033,2020,5600
03,Collier,7033,2020,18500
03,Collier,7033,2021,18500
12,Lee,7033,2021,5700
12,Lee,7033,2022,5800
03,Collier,7033,2022,22000
12,Lee,7033,2023,6700
03,Collier,7033,2023,19500
03,Collier,7033,2024,20000
12,Lee,7033,2024,6900
12,Lee,7033,2025,7000
03,Collier,7033,2025,20500
12,Lee,7034,2005,10000
03,Collier,7034,2005,13500
03,Collier,7034,2006,14000
12,Lee,7034,2006,10500
03,Collier,7034,2007,14000
12,Lee,7034,2007,10500
12,Lee,7034,2008,8900
03,Collier,7034,2008,11500
12,Lee,7034,2009,8700
03,Collier,7034,2009,11500
03,Collier,7034,2010,11500
12,Lee,7034,2010,8900
03,Collier,7034,2011,13500
12,Lee,7034,2011,11000
12,Lee,7034,2012,11500
03,Collier,7034,2012,14000
03,Collier,7034,2013,14500
12,Lee,7034,2013,12000
12,Lee,7034,2014,9600
03,Collier,7034,2014,16500
12,Lee,7034,2015,10500
03,Collier,7034,2015,17500
12,Lee,7034,2016,11500
03,Collier,7034,2016,18500
03,Collier,7034,2017,19500
12,Lee,7034,2017,12500
12,Lee,7034,2018,11000
03,Collier,7034,2018,18000
12,Lee,7034,2019,11500
03,Collier,7034,2019,18500
12,Lee,7034,2020,11000
03,Collier,7034,2020,18000
03,Collier,7034,2021,18000
12,Lee,7034,2021,11000
12,Lee,7034,2022,11000
03,Collier,7034,2022,21500
12,Lee,7034,2023,11000
03,Collier,7034,2023,20500
03,Collier,7034,2024,21000
12,Lee,7034,2024,11500
12,Lee,7034,2025,11500
03,Collier,7034,2025,21500
12,Lee,7035,2005,5300
12,Lee,7035,2006,5500
12,Lee,7035,2007,5600
12,Lee,7035,2008,5200
12,Lee,7035,2009,5100
03,Collier,7035,2009,5800
03,Collier,7035,2010,5700
12,Lee,7035,2010,5200
03,Collier,7035,2011,5800
12,Lee,7035,2011,5600
12,Lee,7035,2012,5800
03,Collier,7035,2012,1300
03,Collier,7035,2013,1400
12,Lee,7035,2013,5900
12,Lee,7035,2014,5200
03,Collier,7035,2014,1500
12,Lee,7035,2015,5600
03,Collier,7035,2015,1600
12,Lee,7035,2016,6100
03,Collier,7035,2016,1700
03,Collier,7035,2017,1800
12,Lee,7035,2017,6600
12,Lee,7035,2018,5200
03,Collier,7035,2018,2200
12,Lee,7035,2019,5400
03,Collier,7035,2019,2300
12,Lee,7035,2020,5200
03,Collier,7035,2020,2200
03,Collier,7035,2021,2200
12,Lee,7035,2021,5300
12,Lee,7035,2022,5400
03,Collier,7035,2022,2500
12,Lee,7035,2023,4600
03,Collier,7035,2023,2400
03,Collier,7035,2024,2500
12,Lee,7035,2024,4700
12,Lee,7035,2025,4800
03,Collier,7035,2025,2500
03,Collier,7036,2009,1400
03,Collier,7036,2010,1400
03,Collier,7036,2011,1400
03,Collier,7036,2012,1400
03,Collier,7036,2013,1500
03,Collier,7036,2014,1600
03,Collier,7036,2015,1900
03,Collier,7036,2016,2000
03,Collier,7036,2017,2100
03,Collier,7036,2018,2200
03,Collier,7036,2019,2300
03,Collier,7036,2020,2200
03,Collier,7036,2021,2200
03,Collier,7036,2022,2600
03,Collier,7036,2023,2500
03,Collier,7036,2024,2600
03,Collier,7036,2025,2600
03,Collier,7037,2009,11000
03,Collier,7037,2010,11000
03,Collier,7037,2011,11500
03,Collier,7037,2012,13500
03,Collier,7037,2013,14000
03,Collier,7037,2014,15000
03,Collier,7037,2015,18500
03,Collier,7037,2016,20000
03,Collier,7037,2017,21000
03,Collier,7037,2018,19000
03,Collier,7037,2019,19500
03,Collier,7037,2020,19000
03,Collier,7037,2021,19000
03,Collier,7037,2022,21500
03,Collier,7037,2023,21000
03,Collier,7037,2024,21500
03,Collier,7037,2025,22000
03,Collier,7038,2009,3800
03,Collier,7038,2010,3700
03,Collier,7038,2011,3800
03,Collier,7038,2012,7900
03,Collier,7038,2013,8300
03,Collier,7038,2014,8800
03,Collier,7038,2015,10000
03,Collier,7038,2016,10500
03,Collier,7038,2017,11000
03,Collier,7038,2018,11000
03,Collier,7038,2019,11500
03,Collier,7038,2020,11000
03,Collier,7038,2021,11000
03,Collier,7038,2022,12000
03,Collier,7038,2023,12000
03,Collier,7038,2024,12500
03,Collier,7038,2025,12500
03,Collier,7039,2009,6500
03,Collier,7039,2010,6400
03,Collier,7039,2011,6600
03,Collier,7039,2012,5600
03,Collier,7039,2013,5900
03,Collier,7039,2014,6200
03,Collier,7039,2015,6700
03,Collier,7039,2016,7200
03,Collier,7039,2017,7600
03,Collier,7039,2018,7100
03,Collier,7039,2019,7300
03,Collier,7039,2020,7100
03,Collier,7039,2021,7200
03,Collier,7039,2022,8700
03,Collier,7039,2023,8600
03,Collier,7039,2024,8900
03,Collier,7039,2025,9100
12,Lee,7041,2005,11500
12,Lee,7041,2006,12000
12,Lee,7041,2007,12000
12,Lee,7041,2008,7900
12,Lee,7041,2009,7800
12,Lee,7041,2010,8000
12,Lee,7041,2011,9200
12,Lee,7041,2012,9400
12,Lee,7041,2013,9600
12,Lee,7041,2014,11500
12,Lee,7041,2015,12500
12,Lee,7041,2016,13500
12,Lee,7041,2017,14500
12,Lee,7041,2018,14000
12,Lee,7041,2019,14500
12,Lee,7041,2020,14000
12,Lee,7041,2021,14000
12,Lee,7041,2022,15000
12,Lee,7041,2023,13500
12,Lee,7041,2024,14000
12,Lee,7041,2025,14500
12,Lee,7042,2005,11500
12,Lee,7042,2006,12000
12,Lee,7042,2007,12000
12,Lee,7042,2008,8000
12,Lee,7042,2009,7800
12,Lee,7042,2010,8000
12,Lee,7042,2011,9500
12,Lee,7042,2012,9800
12,Lee,7042,2013,10000
12,Lee,7042,2014,11500
12,Lee,7042,2015,12500
12,Lee,7042,2016,13500
12,Lee,7042,2017,14500
12,Lee,7042,2018,13500
12,Lee,7042,2019,14000
12,Lee,7042,2020,13500
12,Lee,7042,2021,13500
12,Lee,7042,2022,14500
12,Lee,7042,2023,15000
12,Lee,7042,2024,15500
12,Lee,7042,2025,16000
12,Lee,7043,2005,10500
12,Lee,7043,2006,11000
12,Lee,7043,2007,11000
12,Lee,7043,2008,7700
12,Lee,7043,2009,7600
12,Lee,7043,2010,7800
12,Lee,7043,2011,7700
12,Lee,7043,2012,7900
12,Lee,7043,2013,8100
12,Lee,7043,2014,7800
12,Lee,7043,2015,8400
12,Lee,7043,2016,9200
12,Lee,7043,2017,9900
12,Lee,7043,2018,9800
12,Lee,7043,2019,10000
12,Lee,7043,2020,9700
12,Lee,7043,2021,9800
12,Lee,7043,2022,10000
12,Lee,7043,2023,11000
12,Lee,7043,2024,12000
12,Lee,7043,2025,12000
12,Lee,7044,2005,12000
12,Lee,7044,2006,12500
12,Lee,7044,2007,12500
12,Lee,7044,2008,8800
12,Lee,7044,2009,8600
12,Lee,7044,2010,8800
12,Lee,7044,2011,8800
12,Lee,7044,2012,9000
12,Lee,7044,2013,9200
12,Lee,7044,2014,9800
12,Lee,7044,2015,10500
12,Lee,7044,2016,11500
12,Lee,7044,2017,12500
12,Lee,7044,2018,11500
12,Lee,7044,2019,12000
12,Lee,7044,2020,11500
12,Lee,7044,2021,11500
12,Lee,7044,2022,14000
12,Lee,7044,2023,13000
12,Lee,7044,2024,13500
12,Lee,7044,2025,14000
12,Lee,7045,2005,1300
12,Lee,7045,2006,1300
12,Lee,7045,2007,1300
12,Lee,7045,2008,1200
12,Lee,7045,2009,1200
12,Lee,7045,2010,1200
12,Lee,7045,2011,1400
12,Lee,7045,2012,1400
12,Lee,7045,2013,1400
12,Lee,7045,2014,1800
12,Lee,7045,2015,1900
12,Lee,7045,2016,2100
12,Lee,7045,2017,2300
12,Lee,7045,2018,2200
12,Lee,7045,2019,2300
12,Lee,7045,2020,2200
12,Lee,7045,2021,2200
12,Lee,7045,2022,11000
12,Lee,7045,2023,10500
12,Lee,7045,2024,11000
12,Lee,7045,2025,11000
12,Lee,7051,2005,5800
12,Lee,7051,2006,6000
12,Lee,7051,2007,6100
12,Lee,7051,2008,3800
12,Lee,7051,2009,3700
12,Lee,7051,2010,3800
12,Lee,7051,2011,4100
12,Lee,7051,2012,4200
12,Lee,7051,2013,4300
12,Lee,7051,2014,6200
12,Lee,7051,2015,6600
12,Lee,7051,2016,7200
12,Lee,7051,2017,7700
12,Lee,7051,2018,7300
12,Lee,7051,2019,7500
12,Lee,7051,2020,7300
12,Lee,7051,2021,7400
12,Lee,7051,2022,7500
12,Lee,7051,2023,10000
12,Lee,7051,2024,10500
12,Lee,7051,2025,10500
12,Lee,7052,2005,5800
12,Lee,7052,2006,6000
12,Lee,7052,2007,6100
12,Lee,7052,2008,3700
12,Lee,7052,2009,3600
12,Lee,7052,2010,3700
12,Lee,7052,2011,4200
12,Lee,7052,2012,4300
12,Lee,7052,2013,4400
12,Lee,7052,2014,6400
12,Lee,7052,2015,6900
12,Lee,7052,2016,7500
12,Lee,7052,2017,8100
12,Lee,7052,2018,7700
12,Lee,7052,2019,8000
12,Lee,7052,2020,7800
12,Lee,7052,2021,7900
12,Lee,7052,2022,10500
12,Lee,7052,2023,10500
12,Lee,7052,2024,11000
12,Lee,7052,2025,11000
12,Lee,7053,2005,7300
12,Lee,7053,2006,7600
12,Lee,7053,2007,7700
12,Lee,7053,2008,5600
12,Lee,7053,2009,5500
12,Lee,7053,2010,5600
12,Lee,7053,2011,5400
12,Lee,7053,2012,5500
12,Lee,7053,2013,5600
12,Lee,7053,2014,7000
12,Lee,7053,2015,7500
12,Lee,7053,2016,8200
12,Lee,7053,2017,8800
12,Lee,7053,2018,8800
12,Lee,7053,2019,9100
12,Lee,7053,2020,8800
12,Lee,7053,2021,8900
12,Lee,7053,2022,13500
12,Lee,7053,2023,13500
12,Lee,7053,2024,14000
12,Lee,7053,2025,14500
12,Lee,7054,2005,7500
12,Lee,7054,2006,7800
12,Lee,7054,2007,7900
12,Lee,7054,2008,5700
12,Lee,7054,2009,5600
12,Lee,7054,2010,5700
12,Lee,7054,2011,5400
12,Lee,7054,2012,5500
12,Lee,7054,2013,5600
12,Lee,7054,2014,6900
12,Lee,7054,2015,7400
12,Lee,7054,2016,8100
12,Lee,7054,2017,8700
12,Lee,7054,2018,8600
12,Lee,7054,2019,8900
12,Lee,7054,2020,8600
12,Lee,7054,2021,8700
12,Lee,7054,2022,14000
12,Lee,7054,2023,14000
12,Lee,7054,2024,14500
12,Lee,7054,2025,15000
12,Lee,7061,2005,5000
12,Lee,7061,2006,5200
12,Lee,7061,2007,5200
12,Lee,7061,2008,3800
12,Lee,7061,2009,3700
12,Lee,7061,2010,3800
12,Lee,7061,2011,3400
12,Lee,7061,2012,3500
12,Lee,7061,2013,3600
12,Lee,7061,2014,4400
12,Lee,7061,2015,4700
12,Lee,7061,2016,5100
12,Lee,7061,2017,5500
12,Lee,7061,2018,5100
12,Lee,7061,2019,5300
12,Lee,7061,2020,5200
12,Lee,7061,2021,5300
12,Lee,7061,2022,5400
12,Lee,7061,2023,6000
12,Lee,7061,2024,6200
12,Lee,7061,2025,6300
12,Lee,7062,2005,4700
12,Lee,7062,2006,4900
12,Lee,7062,2007,4900
12,Lee,7062,2008,3600
12,Lee,7062,2009,3500
12,Lee,7062,2010,3600
12,Lee,7062,2011,3500
12,Lee,7062,2012,3600
12,Lee,7062,2013,3700
12,Lee,7062,2014,4300
12,Lee,7062,2015,4600
12,Lee,7062,2016,5000
12,Lee,7062,2017,5400
12,Lee,7062,2018,4900
12,Lee,7062,2019,5100
12,Lee,7062,2020,5000
12,Lee,7062,2021,5100
12,Lee,7062,2022,5200
12,Lee,7062,2023,6300
12,Lee,7062,2024,6500
12,Lee,7062,2025,6600
12,Lee,7063,2005,3000
12,Lee,7063,2006,3100
12,Lee,7063,2007,3100
12,Lee,7063,2008,2300
12,Lee,7063,2009,2300
12,Lee,7063,2010,2400
12,Lee,7063,2011,2300
12,Lee,7063,2012,2400
12,Lee,7063,2013,2500
12,Lee,7063,2014,2400
12,Lee,7063,2015,2600
12,Lee,7063,2016,2800
12,Lee,7063,2017,3000
12,Lee,7063,2018,2700
12,Lee,7063,2019,2800
12,Lee,7063,2020,2700
12,Lee,7063,2021,2700
12,Lee,7063,2022,2700
12,Lee,7063,2023,4200
12,Lee,7063,2024,4300
12,Lee,7063,2025,4400
12,Lee,7064,2005,3000
12,Lee,7064,2006,3100
12,Lee,7064,2007,3100
12,Lee,7064,2008,2300
12,Lee,7064,2009,2300
12,Lee,7064,2010,2400
12,Lee,7064,2011,2300
12,Lee,7064,2012,2400
12,Lee,7064,2013,2500
12,Lee,7064,2014,2400
12,Lee,7064,2015,2600
12,Lee,7064,2016,2800
12,Lee,7064,2017,3000
12,Lee,7064,2018,2600
12,Lee,7064,2019,2700
12,Lee,7064,2020,2600
12,Lee,7064,2021,2600
12,Lee,7064,2022,2600
12,Lee,7064,2023,4000
12,Lee,7064,2024,4100
12,Lee,7064,2025,4200
12,Lee,7071,2005,12500
12,Lee,7071,2006,13000
12,Lee,7071,2007,13000
12,Lee,7071,2008,9300
12,Lee,7071,2009,9100
12,Lee,7071,2010,9300
12,Lee,7071,2011,9400
12,Lee,7071,2012,9700
12,Lee,7071,2013,9900
12,Lee,7071,2014,10500
12,Lee,7071,2015,11500
12,Lee,7071,2016,12500
12,Lee,7071,2017,13500
12,Lee,7071,2018,13500
12,Lee,7071,2019,14000
12,Lee,7071,2020,13500
12,Lee,7071,2021,13500
12,Lee,7071,2022,16500
12,Lee,7071,2023,17500
12,Lee,7071,2024,18000
12,Lee,7071,2025,18500
12,Lee,7072,2005,12500
12,Lee,7072,2006,13000
12,Lee,7072,2007,13000
12,Lee,7072,2008,9200
12,Lee,7072,2009,9000
12,Lee,7072,2010,9200
12,Lee,7072,2011,9400
12,Lee,7072,2012,9700
12,Lee,7072,2013,9900
12,Lee,7072,2014,11000
12,Lee,7072,2015,12000
12,Lee,7072,2016,13000
12,Lee,7072,2017,14000
12,Lee,7072,2018,13500
12,Lee,7072,2019,14000
12,Lee,7072,2020,13500
12,Lee,7072,2021,13500
12,Lee,7072,2022,19000
12,Lee,7072,2023,18500
12,Lee,7072,2024,19000
12,Lee,7072,2025,19500
12,Lee,7073,2005,4900
12,Lee,7073,2006,5100
12,Lee,7073,2007,5100
12,Lee,7073,2008,4200
12,Lee,7073,2009,4100
12,Lee,7073,2010,4200
12,Lee,7073,2011,3800
12,Lee,7073,2012,3900
12,Lee,7073,2013,4000
12,Lee,7073,2014,3500
12,Lee,7073,2015,3800
12,Lee,7073,2016,4100
12,Lee,7073,2017,4400
12,Lee,7073,2018,5000
12,Lee,7073,2019,5200
12,Lee,7073,2020,5100
12,Lee,7073,2021,5200
12,Lee,7073,2022,6800
12,Lee,7073,2023,7200
12,Lee,7073,2024,7400
12,Lee,7073,2025,7500
12,Lee,7074,2005,4900
12,Lee,7074,2006,5100
12,Lee,7074,2007,5100
12,Lee,7074,2008,4600
12,Lee,7074,2009,4500
12,Lee,7074,2010,4600
12,Lee,7074,2011,4100
12,Lee,7074,2012,4200
12,Lee,7074,2013,4300
12,Lee,7074,2014,3700
12,Lee,7074,2015,4000
12,Lee,7074,2016,4400
12,Lee,7074,2017,4700
12,Lee,7074,2018,5300
12,Lee,7074,2019,5500
12,Lee,7074,2020,5300
12,Lee,7074,2021,5400
12,Lee,7074,2022,7100
12,Lee,7074,2023,7600
12,Lee,7074,2024,7800
12,Lee,7074,2025,8000
12,Lee,7081,2005,9700
12,Lee,7081,2006,10000
12,Lee,7081,2007,10000
12,Lee,7081,2008,9200
12,Lee,7081,2009,9000
12,Lee,7081,2010,9200
12,Lee,7081,2011,7700
12,Lee,7081,2012,7900
12,Lee,7081,2013,8100
12,Lee,7081,2014,8800
12,Lee,7081,2015,9400
12,Lee,7081,2016,10500
12,Lee,7081,2017,11500
12,Lee,7081,2018,13000
12,Lee,7081,2019,13500
12,Lee,7081,2020,13000
12,Lee,7081,2021,13000
12,Lee,7081,2022,13000
12,Lee,7081,2023,16000
12,Lee,7081,2024,16500
12,Lee,7081,2025,17000
12,Lee,7082,2005,9900
12,Lee,7082,2006,10500
12,Lee,7082,2007,10500
12,Lee,7082,2008,9500
12,Lee,7082,2009,9300
12,Lee,7082,2010,9500
12,Lee,7082,2011,8200
12,Lee,7082,2012,8400
12,Lee,7082,2013,8600
12,Lee,7082,2014,9000
12,Lee,7082,2015,9600
12,Lee,7082,2016,10500
12,Lee,7082,2017,11500
12,Lee,7082,2018,13000
12,Lee,7082,2019,13500
12,Lee,7082,2020,13000
12,Lee,7082,2021,13000
12,Lee,7082,2022,13000
12,Lee,7082,2023,17000
12,Lee,7082,2024,17500
12,Lee,7082,2025,18000
12,Lee,7083,2005,1300
12,Lee,7083,2006,1300
12,Lee,7083,2007,1300
12,Lee,7083,2008,950
12,Lee,7083,2009,950
12,Lee,7083,2010,950
12,Lee,7083,2011,1000
12,Lee,7083,2012,1000
12,Lee,7083,2013,1000
12,Lee,7083,2014,1100
12,Lee,7083,2015,1200
12,Lee,7083,2016,1300
12,Lee,7083,2017,1400
12,Lee,7083,2018,1700
12,Lee,7083,2019,1800
12,Lee,7083,2020,1700
12,Lee,7083,2021,1700
12,Lee,7083,2022,1700
12,Lee,7083,2023,2300
12,Lee,7083,2024,2400
12,Lee,7083,2025,2400
12,Lee,7084,2005,1300
12,Lee,7084,2006,1300
12,Lee,7084,2007,1300
12,Lee,7084,2008,1000
12,Lee,7084,2009,1000
12,Lee,7084,2010,1000
12,Lee,7084,2011,1100
12,Lee,7084,2012,1100
12,Lee,7084,2013,1100
12,Lee,7084,2014,1200
12,Lee,7084,2015,1300
12,Lee,7084,2016,1400
12,Lee,7084,2017,1500
12,Lee,7084,2018,1800
12,Lee,7084,2019,1900
12,Lee,7084,2020,1800
12,Lee,7084,2021,1800
12,Lee,7084,2022,1800
12,Lee,7084,2023,2800
12,Lee,7084,2024,2900
12,Lee,7084,2025,3000
12,Lee,7110,2011,4900
12,Lee,7110,2012,5000
12,Lee,7110,2013,5100
12,Lee,7110,2014,5300
12,Lee,7110,2015,5600
12,Lee,7110,2016,6100
12,Lee,7110,2017,6600
12,Lee,7110,2018,6800
12,Lee,7110,2019,7000
12,Lee,7110,2020,6800
12,Lee,7110,2021,6900
12,Lee,7110,2022,7000
12,Lee,7110,2023,8800
12,Lee,7110,2024,9100
12,Lee,7110,2025,9300
12,Lee,7111,2011,9100
12,Lee,7111,2012,9300
12,Lee,7111,2013,9500
12,Lee,7111,2014,9900
12,Lee,7111,2015,10500
12,Lee,7111,2016,11500
12,Lee,7111,2017,12500
12,Lee,7111,2018,13500
12,Lee,7111,2019,14000
12,Lee,7111,2020,13500
12,Lee,7111,2021,13500
12,Lee,7111,2022,13500
12,Lee,7111,2023,20000
12,Lee,7111,2024,20500
12,Lee,7111,2025,21000
12,Lee,8571,2018,300
12,Lee,8571,2019,300
12,Lee,8571,2020,300
12,Lee,8571,2021,350
12,Lee,8571,2022,350
12,Lee,8571,2023,350
12,Lee,8571,2024,550
12,Lee,8571,2025,550
03,Collier,9950,2012,75022
03,Collier,9950,2013,79834
03,Collier,9950,2014,85506
03,Collier,9950,2015,92399
03,Collier,9950,2016,97041
03,Collier,9950,2017,97387
03,Collier,9950,2018,99582
03,Collier,9950,2019,105903
03,Collier,9950,2020,90041
03,Collier,9950,2021,103888
03,Collier,9950,2022,108699
03,Collier,9950,2023,111849
03,Collier,9950,2024,115657
03,Collier,9950,2025,116388
03,Collier,9975,2024,23025
03,Collier,9975,2025,22834
