county_name,site,date,volume
Collier,03-0094,2024-01-01,30970
Collier,03-0094,2024-01-02,50891
Collier,03-0094,2024-01-03,52477
Collier,03-0094,2024-01-04,52252
Collier,03-0094,2024-01-05,53538
Collier,03-0094,2024-01-06,41114
Collier,03-0094,2024-01-07,34120
Collier,03-0094,2024-01-08,49999
Collier,03-0094,2024-01-09,50544
Collier,03-0094,2024-01-10,52101
Collier,03-0094,2024-01-11,52160
Collier,03-0094,2024-01-12,53862
Collier,03-0094,2024-01-13,43865
Collier,03-0094,2024-01-14,34090
Collier,03-0094,2024-01-15,46758
Collier,03-0094,2024-01-16,51451
Collier,03-0094,2024-01-17,52923
Collier,03-0094,2024-01-18,52991
Collier,03-0094,2024-01-19,53941
Collier,03-0094,2024-01-20,46981
Collier,03-0094,2024-01-21,35936
Collier,03-0094,2024-01-22,50910
Collier,03-0094,2024-01-23,52486
Collier,03-0094,2024-01-24,52696
Collier,03-0094,2024-01-25,53201
Collier,03-0094,2024-01-26,54929
Collier,03-0094,2024-01-27,46244
Collier,03-0094,2024-01-28,35168
Collier,03-0094,2024-01-29,52209
Collier,03-0094,2024-01-30,52837
Collier,03-0094,2024-01-31,52454
Collier,03-0094,2024-02-01,53025
Collier,03-0094,2024-02-02,55896
Collier,03-0094,2024-02-03,48615
Collier,03-0094,2024-02-04,35113
Collier,03-0094,2024-02-05,50351
Collier,03-0094,2024-02-06,53516
Collier,03-0094,2024-02-07,53800
Collier,03-0094,2024-02-08,53846
Collier,03-0094,2024-02-09,57667
Collier,03-0094,2024-02-10,49985
Collier,03-0094,2024-02-11,37036
Collier,03-0094,2024-02-12,52235
Collier,03-0094,2024-02-13,55263
Collier,03-0094,2024-02-14,56127
Collier,03-0094,2024-02-15,54008
Collier,03-0094,2024-02-16,56198
Collier,03-0094,2024-02-17,47157
Collier,03-0094,2024-02-18,33490
Collier,03-0094,2024-02-19,50993
Collier,03-0094,2024-02-20,54323
Collier,03-0094,2024-02-21,54596
Collier,03-0094,2024-02-22,54469
Collier,03-0094,2024-02-23,56086
Collier,03-0094,2024-02-24,47371
Collier,03-0094,2024-02-25,39499
Collier,03-0094,2024-02-26,52621
Collier,03-0094,2024-02-27,54350
Collier,03-0094,2024-02-28,54260
Collier,03-0094,2024-02-29,54175
Collier,03-0094,2024-03-01,54990
Collier,03-0094,2024-03-02,46517
Collier,03-0094,2024-03-03,38170
Collier,03-0094,2024-03-04,52147
Collier,03-0094,2024-03-05,54288
Collier,03-0094,2024-03-06,52830
Collier,03-0094,2024-03-07,53809
Collier,03-0094,2024-03-08,56028
Collier,03-0094,2024-03-09,47237
Collier,03-0094,2024-03-10,37219
Collier,03-0094,2024-03-11,51454
Collier,03-0094,2024-03-12,53560
Collier,03-0094,2024-03-13,53060
Collier,03-0094,2024-03-14,53062
Collier,03-0094,2024-03-15,54376
Collier,03-0094,2024-03-16,45989
Collier,03-0094,2024-03-17,37800
Collier,03-0094,2024-03-18,51835
Collier,03-0094,2024-03-19,54359
Collier,03-0094,2024-03-20,53853
Collier,03-0094,2024-03-21,53623
Collier,03-0094,2024-03-22,48286
Collier,03-0094,2024-03-23,45731
Collier,03-0094,2024-03-24,38022
Collier,03-0094,2024-03-25,52573
Collier,03-0094,2024-03-26,54016
Collier,03-0094,2024-03-27,53755
Collier,03-0094,2024-03-28,54605
Collier,03-0094,2024-03-29,53267
Collier,03-0094,2024-03-30,45140
Collier,03-0094,2024-03-31,32873
Collier,03-0094,2024-04-01,50645
Collier,03-0094,2024-04-02,52564
Collier,03-0094,2024-04-03,51861
Collier,03-0094,2024-04-04,52704
Collier,03-0094,2024-04-05,54270
Collier,03-0094,2024-04-06,44579
Collier,03-0094,2024-04-07,34988
Collier,03-0094,2024-04-08,49174
Collier,03-0094,2024-04-09,50350
Collier,03-0094,2024-04-10,51062
Collier,03-0094,2024-04-11,50027
Collier,03-0094,2024-04-12,52881
Collier,03-0094,2024-04-13,45003
Collier,03-0094,2024-04-14,36875
Collier,03-0094,2024-04-15,51065
Collier,03-0094,2024-04-16,52374
Collier,03-0094,2024-04-17,52586
Collier,03-0094,2024-04-18,52322
Collier,03-0094,2024-04-19,53476
Collier,03-0094,2024-04-20,44113
Collier,03-0094,2024-04-21,34511
Collier,03-0094,2024-04-22,47529
Collier,03-0094,2024-04-23,49809
Collier,03-0094,2024-04-24,49725
Collier,03-0094,2024-04-25,49174
Collier,03-0094,2024-04-26,50203
Collier,03-0094,2024-04-27,41671
Collier,03-0094,2024-04-28,33111
Collier,03-0094,2024-04-29,46663
Collier,03-0094,2024-04-30,47557
Collier,03-0094,2024-05-01,47718
Collier,03-0094,2024-05-02,47594
Collier,03-0094,2024-05-03,48963
Collier,03-0094,2024-05-04,37892
Collier,03-0094,2024-05-05,31224
Collier,03-0094,2024-05-06,45307
Collier,03-0094,2024-05-07,45982
Collier,03-0094,2024-05-08,46203
Collier,03-0094,2024-05-09,46062
Collier,03-0094,2024-05-10,47949
Collier,03-0094,2024-05-11,38898
Collier,03-0094,2024-05-12,31961
Collier,03-0094,2024-05-13,43407
Collier,03-0094,2024-05-14,44883
Collier,03-0094,2024-05-15,47073
Collier,03-0094,2024-05-16,45279
Collier,03-0094,2024-05-17,46702
Collier,03-0094,2024-05-18,37611
Collier,03-0094,2024-05-19,29101
Collier,03-0094,2024-05-20,43559
Collier,03-0094,2024-05-21,44430
Collier,03-0094,2024-05-22,45074
Collier,03-0094,2024-05-23,45790
Collier,03-0094,2024-05-24,47217
Collier,03-0094,2024-05-25,38096
Collier,03-0094,2024-05-26,31667
Collier,03-0094,2024-05-27,30512
Collier,03-0094,2024-05-28,44164
Collier,03-0094,2024-05-29,43828
Collier,03-0094,2024-05-30,43565
Collier,03-0094,2024-05-31,43985
Collier,03-0094,2024-06-01,35792
Collier,03-0094,2024-06-02,27789
Collier,03-0094,2024-06-03,41190
Collier,03-0094,2024-06-04,42981
Collier,03-0094,2024-06-05,42933
Collier,03-0094,2024-06-06,42648
Collier,03-0094,2024-06-07,43980
Collier,03-0094,2024-06-08,34919
Collier,03-0094,2024-06-09,28238
Collier,03-0094,2024-06-10,40483
Collier,03-0094,2024-06-11,35951
Collier,03-0094,2024-06-12,36278
Collier,03-0094,2024-06-13,37063
Collier,03-0094,2024-06-14,42365
Collier,03-0094,2024-06-15,33369
Collier,03-0094,2024-06-16,27775
Collier,03-0094,2024-06-17,40329
Collier,03-0094,2024-06-18,41641
Collier,03-0094,2024-06-19,41886
Collier,03-0094,2024-06-20,42050
Collier,03-0094,2024-06-21,43116
Collier,03-0094,2024-06-22,33367
Collier,03-0094,2024-06-23,26783
Collier,03-0094,2024-06-24,40418
Collier,03-0094,2024-06-25,41148
Collier,03-0094,2024-06-26,41421
Collier,03-0094,2024-06-27,42439
Collier,03-0094,2024-06-28,42402
Collier,03-0094,2024-06-29,32995
Collier,03-0094,2024-06-30,26269
Collier,03-0094,2024-07-01,40025
Collier,03-0094,2024-07-02,41310
Collier,03-0094,2024-07-03,42345
Collier,03-0094,2024-07-04,29607
Collier,03-0094,2024-07-05,38278
Collier,03-0094,2024-07-06,32572
Collier,03-0094,2024-07-07,27519
Collier,03-0094,2024-07-08,40783
Collier,03-0094,2024-07-09,41066
Collier,03-0094,2024-07-10,41206
Collier,03-0094,2024-07-11,40967
Collier,03-0094,2024-07-12,41774
Collier,03-0094,2024-07-13,33527
Collier,03-0094,2024-07-14,25778
Collier,03-0094,2024-07-15,39547
Collier,03-0094,2024-07-16,40091
Collier,03-0094,2024-07-17,41054
Collier,03-0094,2024-07-18,41128
Collier,03-0094,2024-07-19,42229
Collier,03-0094,2024-07-20,33756
Collier,03-0094,2024-07-21,26657
Collier,03-0094,2024-07-22,38501
Collier,03-0094,2024-07-23,40218
Collier,03-0094,2024-07-24,40482
Collier,03-0094,2024-07-25,41369
Collier,03-0094,2024-07-26,42624
Collier,03-0094,2024-07-27,34399
Collier,03-0094,2024-07-28,27609
Collier,03-0094,2024-07-29,38824
Collier,03-0094,2024-07-30,39981
Collier,03-0094,2024-07-31,41253
Collier,03-0094,2024-08-01,41938
Collier,03-0094,2024-08-02,41810
Collier,03-0094,2024-08-03,30988
Collier,03-0094,2024-08-04,17257
Collier,03-0094,2024-08-05,38935
Collier,03-0094,2024-08-06,40948
Collier,03-0094,2024-08-07,42076
Collier,03-0094,2024-08-08,41824
Collier,03-0094,2024-08-09,43126
Collier,03-0094,2024-08-10,35289
Collier,03-0094,2024-08-11,28282
Collier,03-0094,2024-08-12,41625
Collier,03-0094,2024-08-13,42690
Collier,03-0094,2024-08-14,42624
Collier,03-0094,2024-08-15,42626
Collier,03-0094,2024-08-16,41927
Collier,03-0094,2024-08-17,35847
Collier,03-0094,2024-08-18,27598
Collier,03-0094,2024-08-19,40457
Collier,03-0094,2024-08-20,41667
Collier,03-0094,2024-08-21,41747
Collier,03-0094,2024-08-22,41848
Collier,03-0094,2024-08-23,43464
Collier,03-0094,2024-08-24,33784
Collier,03-0094,2024-08-25,26610
Collier,03-0094,2024-08-26,39871
Collier,03-0094,2024-08-27,41653
Collier,03-0094,2024-08-28,40779
Collier,03-0094,2024-08-29,41621
Collier,03-0094,2024-08-30,43686
Collier,03-0094,2024-08-31,33283
Collier,03-0094,2024-09-01,28102
Collier,03-0094,2024-09-02,25964
Collier,03-0094,2024-09-03,40105
Collier,03-0094,2024-09-04,41435
Collier,03-0094,2024-09-05,41782
Collier,03-0094,2024-09-06,42993
Collier,03-0094,2024-09-07,34319
Collier,03-0094,2024-09-08,26347
Collier,03-0094,2024-09-09,40467
Collier,03-0094,2024-09-10,40479
Collier,03-0094,2024-09-11,42211
Collier,03-0094,2024-09-12,42333
Collier,03-0094,2024-09-13,43632
Collier,03-0094,2024-09-14,34468
Collier,03-0094,2024-09-15,26362
Collier,03-0094,2024-09-16,40470
Collier,03-0094,2024-09-17,41801
Collier,03-0094,2024-09-18,42555
Collier,03-0094,2024-09-19,42713
Collier,03-0094,2024-09-20,43932
Collier,03-0094,2024-09-21,34398
Collier,03-0094,2024-09-22,27283
Collier,03-0094,2024-09-23,40745
Collier,03-0094,2024-09-24,43496
Collier,03-0094,2024-09-25,41251
Collier,03-0094,2024-09-26,22561
Collier,03-0094,2024-09-27,40448
Collier,03-0094,2024-09-28,33850
Collier,03-0094,2024-09-29,26882
Collier,03-0094,2024-09-30,41731
Collier,03-0094,2024-10-01,43045
Collier,03-0094,2024-10-02,43011
Collier,03-0094,2024-10-03,43494
Collier,03-0094,2024-10-04,44722
Collier,03-0094,2024-10-05,35019
Collier,03-0094,2024-10-06,26545
Collier,03-0094,2024-10-07,39207
Collier,03-0094,2024-10-08,25649
Collier,03-0094,2024-10-09,7352
Collier,03-0094,2024-10-10,26594
Collier,03-0094,2024-10-11,41373
Collier,03-0094,2024-10-12,36082
Collier,03-0094,2024-10-13,28784
Collier,03-0094,2024-10-14,44850
Collier,03-0094,2024-10-15,46287
Collier,03-0094,2024-10-16,45769
Collier,03-0094,2024-10-17,46573
Collier,03-0094,2024-10-18,47770
Collier,03-0094,2024-10-19,38319
Collier,03-0094,2024-10-20,29665
Collier,03-0094,2024-10-21,45135
Collier,03-0094,2024-10-22,46724
Collier,03-0094,2024-10-23,47158
Collier,03-0094,2024-10-24,47846
Collier,03-0094,2024-10-25,48880
Collier,03-0094,2024-10-26,39081
Collier,03-0094,2024-10-27,30774
Collier,03-0094,2024-10-28,46115
Collier,03-0094,2024-10-29,47354
Collier,03-0094,2024-10-30,48231
Collier,03-0094,2024-10-31,48843
Collier,03-0094,2024-11-01,49379
Collier,03-0094,2024-11-02,40362
Collier,03-0094,2024-11-03,31333
Collier,03-0094,2024-11-04,46501
Collier,03-0094,2024-11-05,47702
Collier,03-0094,2024-11-06,47569
Collier,03-0094,2024-11-07,48047
Collier,03-0094,2024-11-08,51062
Collier,03-0094,2024-11-09,41991
Collier,03-0094,2024-11-10,33149
Collier,03-0094,2024-11-11,46711
Collier,03-0094,2024-11-12,49286
Collier,03-0094,2024-11-13,49395
Collier,03-0094,2024-11-14,49801
Collier,03-0094,2024-11-15,50923
Collier,03-0094,2024-11-16,41757
Collier,03-0094,2024-11-17,32682
Collier,03-0094,2024-11-18,47442
Collier,03-0094,2024-11-19,49194
Collier,03-0094,2024-11-20,48935
Collier,03-0094,2024-11-21,49295
Collier,03-0094,2024-11-22,50778
Collier,03-0094,2024-11-23,41544
Collier,03-0094,2024-11-24,32519
Collier,03-0094,2024-11-25,47821
Collier,03-0094,2024-11-26,48790
Collier,03-0094,2024-11-27,48045
Collier,03-0094,2024-11-28,24018
Collier,03-0094,2024-11-29,42290
Collier,03-0094,2024-11-30,38762
Collier,03-0094,2024-12-01,31853
Collier,03-0094,2024-12-02,47120
Collier,03-0094,2024-12-03,49476
Collier,03-0094,2024-12-04,48368
Collier,03-0094,2024-12-05,48393
Collier,03-0094,2024-12-06,50863
Collier,03-0094,2024-12-07,41855
Collier,03-0094,2024-12-08,32738
Collier,03-0094,2024-12-09,47656
Collier,03-0094,2024-12-10,49254
Collier,03-0094,2024-12-11,48360
Collier,03-0094,2024-12-12,50114
Collier,03-0094,2024-12-13,50807
Collier,03-0094,2024-12-14,41709
Collier,03-0094,2024-12-15,32706
Collier,03-0094,2024-12-16,47967
Collier,03-0094,2024-12-17,48776
Collier,03-0094,2024-12-18,49964
Collier,03-0094,2024-12-19,50185
Collier,03-0094,2024-12-20,51218
Collier,03-0094,2024-12-21,42222
Collier,03-0094,2024-12-22,34711
Collier,03-0094,2024-12-23,49246
Collier,03-0094,2024-12-24,42436
Collier,03-0094,2024-12-25,20525
Collier,03-0094,2024-12-26,44633
Collier,03-0094,2024-12-27,48026
Collier,03-0094,2024-12-28,41792
Collier,03-0094,2024-12-29,35791
Collier,03-0094,2024-12-30,49838
Collier,03-0094,2024-12-31,47593
Collier,03-0143,2024-01-01,18967
Collier,03-0143,2024-01-02,22930
Collier,03-0143,2024-01-03,22931
Collier,03-0143,2024-01-04,22971
Collier,03-0143,2024-01-05,26198
Collier,03-0143,2024-01-06,21296
Collier,03-0143,2024-01-07,18514
Collier,03-0143,2024-01-08,23050
Collier,03-0143,2024-01-09,22426
Collier,03-0143,2024-01-10,23451
Collier,03-0143,2024-01-11,23573
Collier,03-0143,2024-01-12,26100
Collier,03-0143,2024-01-13,23619
Collier,03-0143,2024-01-14,18610
Collier,03-0143,2024-01-15,21814
Collier,03-0143,2024-01-16,23071
Collier,03-0143,2024-01-17,23391
Collier,03-0143,2024-01-18,23212
Collier,03-0143,2024-01-19,26543
Collier,03-0143,2024-01-20,27119
Collier,03-0143,2024-01-21,19182
Collier,03-0143,2024-01-22,23955
Collier,03-0143,2024-01-24,23297
Collier,03-0143,2024-01-25,23974
Collier,03-0143,2024-01-26,27009
Collier,03-0143,2024-01-27,24146
Collier,03-0143,2024-01-28,20290
Collier,03-0143,2024-01-29,23556
Collier,03-0143,2024-01-30,23467
Collier,03-0143,2024-01-31,23579
Collier,03-0143,2024-02-01,24075
Collier,03-0143,2024-02-02,26913
Collier,03-0143,2024-02-03,26282
Collier,03-0143,2024-02-04,18901
Collier,03-0143,2024-02-05,22708
Collier,03-0143,2024-02-06,24189
Collier,03-0143,2024-02-07,24918
Collier,03-0143,2024-02-08,24430
Collier,03-0143,2024-02-09,27648
Collier,03-0143,2024-02-10,26791
Collier,03-0143,2024-02-11,21336
Collier,03-0143,2024-02-12,23960
Collier,03-0143,2024-02-13,24695
Collier,03-0143,2024-02-14,25006
Collier,03-0143,2024-02-15,25132
Collier,03-0143,2024-02-16,28440
Collier,03-0143,2024-02-17,24776
Collier,03-0143,2024-02-18,17680
Collier,03-0143,2024-02-19,24255
Collier,03-0143,2024-02-20,24132
Collier,03-0143,2024-02-21,24017
Collier,03-0143,2024-02-22,25904
Collier,03-0143,2024-02-23,27500
Collier,03-0143,2024-02-24,25668
Collier,03-0143,2024-02-25,22156
Collier,03-0143,2024-02-26,24337
Collier,03-0143,2024-02-27,24543
Collier,03-0143,2024-02-28,24947
Collier,03-0143,2024-02-29,25176
Collier,03-0143,2024-03-01,27691
Collier,03-0143,2024-03-02,26054
Collier,03-0143,2024-03-03,21490
Collier,03-0143,2024-03-04,24092
Collier,03-0143,2024-03-05,24462
Collier,03-0143,2024-03-06,23978
Collier,03-0143,2024-03-07,24829
Collier,03-0143,2024-03-08,27241
Collier,03-0143,2024-03-09,24889
Collier,03-0143,2024-03-10,21002
Collier,03-0143,2024-03-11,23342
Collier,03-0143,2024-03-12,23850
Collier,03-0143,2024-03-14,24807
Collier,03-0143,2024-03-15,27246
Collier,03-0143,2024-03-16,25027
Collier,03-0143,2024-03-17,21175
Collier,03-0143,2024-03-18,24432
Collier,03-0143,2024-03-19,24620
Collier,03-0143,2024-03-20,24635
Collier,03-0143,2024-03-21,25096
Collier,03-0143,2024-03-22,24016
Collier,03-0143,2024-03-23,23853
Collier,03-0143,2024-03-24,21100
Collier,03-0143,2024-03-25,24797
Collier,03-0143,2024-03-26,24888
Collier,03-0143,2024-03-27,25315
Collier,03-0143,2024-03-28,26096
Collier,03-0143,2024-03-29,26583
Collier,03-0143,2024-03-30,24973
Collier,03-0143,2024-03-31,21467
Collier,03-0143,2024-04-01,25347
Collier,03-0143,2024-04-02,24667
Collier,03-0143,2024-04-03,24603
Collier,03-0143,2024-04-04,25430
Collier,03-0143,2024-04-05,27877
Collier,03-0143,2024-04-06,24886
Collier,03-0143,2024-04-07,22319
Collier,03-0143,2024-04-08,23852
Collier,03-0143,2024-04-09,24369
Collier,03-0143,2024-04-10,25315
Collier,03-0143,2024-04-11,24486
Collier,03-0143,2024-04-12,27868
Collier,03-0143,2024-04-13,25410
Collier,03-0143,2024-04-14,21135
Collier,03-0143,2024-04-15,24513
Collier,03-0143,2024-04-16,24141
Collier,03-0143,2024-04-17,25089
Collier,03-0143,2024-04-18,25032
Collier,03-0143,2024-04-19,27408
Collier,03-0143,2024-04-20,25537
Collier,03-0143,2024-04-21,20771
Collier,03-0143,2024-04-22,23190
Collier,03-0143,2024-04-23,24614
Collier,03-0143,2024-04-24,24249
Collier,03-0143,2024-04-25,24704
Collier,03-0143,2024-04-26,27421
Collier,03-0143,2024-04-27,25155
Collier,03-0143,2024-04-28,20977
Collier,03-0143,2024-04-29,23633
Collier,03-0143,2024-04-30,24226
Collier,03-0143,2024-05-01,24060
Collier,03-0143,2024-05-02,24475
Collier,03-0143,2024-05-03,27252
Collier,03-0143,2024-05-04,24439
Collier,03-0143,2024-05-05,20472
Collier,03-0143,2024-05-06,23418
Collier,03-0143,2024-05-07,25086
Collier,03-0143,2024-05-08,23536
Collier,03-0143,2024-05-09,23899
Collier,03-0143,2024-05-10,27547
Collier,03-0143,2024-05-11,25124
Collier,03-0143,2024-05-12,21897
Collier,03-0143,2024-05-13,23496
Collier,03-0143,2024-05-14,24055
Collier,03-0143,2024-05-15,23848
Collier,03-0143,2024-05-16,24257
Collier,03-0143,2024-05-17,26502
Collier,03-0143,2024-05-18,23671
Collier,03-0143,2024-05-19,20554
Collier,03-0143,2024-05-20,22675
Collier,03-0143,2024-05-21,23772
Collier,03-0143,2024-05-22,23681
Collier,03-0143,2024-05-23,24183
Collier,03-0143,2024-05-24,27857
Collier,03-0143,2024-05-25,23350
Collier,03-0143,2024-05-26,20104
Collier,03-0143,2024-05-27,19802
Collier,03-0143,2024-05-28,23260
Collier,03-0143,2024-05-29,22893
Collier,03-0143,2024-05-30,23203
Collier,03-0143,2024-05-31,25544
Collier,03-0143,2024-06-01,22374
Collier,03-0143,2024-06-02,18311
Collier,03-0143,2024-06-03,21656
Collier,03-0143,2024-06-04,22037
Collier,03-0143,2024-06-05,22293
Collier,03-0143,2024-06-06,22310
Collier,03-0143,2024-06-07,24507
Collier,03-0143,2024-06-08,22038
Collier,03-0143,2024-06-09,18716
Collier,03-0143,2024-06-10,21883
Collier,03-0143,2024-06-11,19217
Collier,03-0143,2024-06-12,18311
Collier,03-0143,2024-06-13,18580
Collier,03-0143,2024-06-14,22578
Collier,03-0143,2024-06-15,21831
Collier,03-0143,2024-06-16,19455
Collier,03-0143,2024-06-17,21847
Collier,03-0143,2024-06-18,21436
Collier,03-0143,2024-06-19,21697
Collier,03-0143,2024-06-20,22000
Collier,03-0143,2024-06-21,24134
Collier,03-0143,2024-06-22,21653
Collier,03-0143,2024-06-23,18531
Collier,03-0143,2024-06-24,21119
Collier,03-0143,2024-06-25,21105
Collier,03-0143,2024-06-26,21629
Collier,03-0143,2024-06-27,21948
Collier,03-0143,2024-06-28,23525
Collier,03-0143,2024-06-29,22333
Collier,03-0143,2024-06-30,18097
Collier,03-0143,2024-07-01,20867
Collier,03-0143,2024-07-02,21177
Collier,03-0143,2024-07-03,22846
Collier,03-0143,2024-07-04,17326
Collier,03-0143,2024-07-05,21108
Collier,03-0143,2024-07-06,20644
Collier,03-0143,2024-07-07,18638
Collier,03-0143,2024-07-08,21534
Collier,03-0143,2024-07-09,21362
Collier,03-0143,2024-07-10,21223
Collier,03-0143,2024-07-11,21195
Collier,03-0143,2024-07-12,23985
Collier,03-0143,2024-07-13,21125
Collier,03-0143,2024-07-14,18063
Collier,03-0143,2024-07-15,21259
Collier,03-0143,2024-07-16,21206
Collier,03-0143,2024-07-17,21306
Collier,03-0143,2024-07-18,22192
Collier,03-0143,2024-07-19,24270
Collier,03-0143,2024-07-20,22322
Collier,03-0143,2024-07-21,18960
Collier,03-0143,2024-07-22,21644
Collier,03-0143,2024-07-23,22294
Collier,03-0143,2024-07-24,21926
Collier,03-0143,2024-07-25,23199
Collier,03-0143,2024-07-26,24266
Collier,03-0143,2024-07-27,22566
Collier,03-0143,2024-07-28,19330
Collier,03-0143,2024-07-29,22569
Collier,03-0143,2024-07-30,22313
Collier,03-0143,2024-07-31,22630
Collier,03-0143,2024-08-01,23903
Collier,03-0143,2024-08-02,25206
Collier,03-0143,2024-08-03,20518
Collier,03-0143,2024-08-04,14784
Collier,03-0143,2024-08-05,21170
Collier,03-0143,2024-08-06,22344
Collier,03-0143,2024-08-07,22897
Collier,03-0143,2024-08-08,23049
Collier,03-0143,2024-08-09,25450
Collier,03-0143,2024-08-10,24233
Collier,03-0143,2024-08-11,20270
Collier,03-0143,2024-08-12,23275
Collier,03-0143,2024-08-13,23525
Collier,03-0143,2024-08-14,23160
Collier,03-0143,2024-08-15,23625
Collier,03-0143,2024-08-16,26102
Collier,03-0143,2024-08-17,23757
Collier,03-0143,2024-08-18,20254
Collier,03-0143,2024-08-19,23281
Collier,03-0143,2024-08-20,23195
Collier,03-0143,2024-08-21,22783
Collier,03-0143,2024-08-22,23568
Collier,03-0143,2024-08-23,25074
Collier,03-0143,2024-08-24,23297
Collier,03-0143,2024-08-25,19465
Collier,03-0143,2024-08-26,23428
Collier,03-0143,2024-08-27,22988
Collier,03-0143,2024-08-28,23157
Collier,03-0143,2024-08-29,23731
Collier,03-0143,2024-08-30,26793
Collier,03-0143,2024-08-31,23102
Collier,03-0143,2024-09-01,19478
Collier,03-0143,2024-09-02,19843
Collier,03-0143,2024-09-03,22966
Collier,03-0143,2024-09-04,22668
Collier,03-0143,2024-09-05,23242
Collier,03-0143,2024-09-06,24954
Collier,03-0143,2024-09-07,22661
Collier,03-0143,2024-09-08,19067
Collier,03-0143,2024-09-09,22462
Collier,03-0143,2024-09-10,22590
Collier,03-0143,2024-09-11,23251
Collier,03-0143,2024-09-12,23354
Collier,03-0143,2024-09-13,25630
Collier,03-0143,2024-09-14,25917
Collier,03-0143,2024-09-15,19108
Collier,03-0143,2024-09-16,21462
Collier,03-0143,2024-09-17,22474
Collier,03-0143,2024-09-18,22542
Collier,03-0143,2024-09-19,22822
Collier,03-0143,2024-09-20,25719
Collier,03-0143,2024-09-21,23770
Collier,03-0143,2024-09-22,19678
Collier,03-0143,2024-09-23,22903
Collier,03-0143,2024-09-24,23147
Collier,03-0143,2024-09-25,22297
Collier,03-0143,2024-09-26,11922
Collier,03-0143,2024-09-27,21693
Collier,03-0143,2024-09-28,22456
Collier,03-0143,2024-09-29,19635
Collier,03-0143,2024-09-30,22964
Collier,03-0143,2024-10-01,22894
Collier,03-0143,2024-10-02,22864
Collier,03-0143,2024-10-03,23196
Collier,03-0143,2024-10-04,26172
Collier,03-0143,2024-10-05,22535
Collier,03-0143,2024-10-06,17462
Collier,03-0143,2024-10-07,23419
Collier,03-0143,2024-10-08,18889
Collier,03-0143,2024-10-09,5044
Collier,03-0143,2024-10-10,14006
Collier,03-0143,2024-10-11,22028
Collier,03-0143,2024-10-12,21485
Collier,03-0143,2024-10-13,18684
Collier,03-0143,2024-10-14,22831
Collier,03-0143,2024-10-15,22991
Collier,03-0143,2024-10-16,23372
Collier,03-0143,2024-10-17,23497
Collier,03-0143,2024-10-18,25676
Collier,03-0143,2024-10-19,23769
Collier,03-0143,2024-10-20,20181
Collier,03-0143,2024-10-21,23579
Collier,03-0143,2024-10-22,22899
Collier,03-0143,2024-10-23,22499
Collier,03-0143,2024-10-24,22434
Collier,03-0143,2024-10-25,222
Collier,03-0191,2024-01-01,75833
Collier,03-0191,2024-01-02,105206
Collier,03-0191,2024-01-03,105990
Collier,03-0191,2024-01-04,108796
Collier,03-0191,2024-01-05,104996
Collier,03-0191,2024-01-06,81840
Collier,03-0191,2024-01-07,77428
Collier,03-0191,2024-01-08,94387
Collier,03-0191,2024-01-09,90037
Collier,03-0191,2024-01-10,100664
Collier,03-0191,2024-01-11,89005
Collier,03-0191,2024-01-12,93561
Collier,03-0191,2024-01-13,84067
Collier,03-0191,2024-01-14,78683
Collier,03-0191,2024-01-15,102554
Collier,03-0191,2024-01-16,90104
Collier,03-0191,2024-01-17,99797
Collier,03-0191,2024-01-18,110152
Collier,03-0191,2024-01-19,113436
Collier,03-0191,2024-01-20,96217
Collier,03-0191,2024-01-21,83975
Collier,03-0191,2024-01-22,103997
Collier,03-0191,2024-01-23,104355
Collier,03-0191,2024-01-24,107305
Collier,03-0191,2024-01-25,106273
Collier,03-0191,2024-01-26,111421
Collier,03-0191,2024-01-27,97852
Collier,03-0191,2024-01-28,86085
Collier,03-0191,2024-01-29,106700
Collier,03-0191,2024-01-30,105379
Collier,03-0191,2024-01-31,104802
Collier,03-0191,2024-02-01,112388
Collier,03-0191,2024-02-02,115245
Collier,03-0191,2024-02-03,102002
Collier,03-0191,2024-02-04,80664
Collier,03-0191,2024-02-05,101094
Collier,03-0191,2024-02-06,107407
Collier,03-0191,2024-02-07,108610
Collier,03-0191,2024-02-08,112132
Collier,03-0191,2024-02-09,93380
Collier,03-0191,2024-02-10,66376
Collier,03-0191,2024-02-11,62171
Collier,03-0191,2024-02-12,107992
Collier,03-0191,2024-02-13,107773
Collier,03-0191,2024-02-14,110174
Collier,03-0191,2024-02-15,114943
Collier,03-0191,2024-02-16,119818
Collier,03-0191,2024-02-17,106129
Collier,03-0191,2024-02-18,80846
Collier,03-0191,2024-02-19,112342
Collier,03-0191,2024-02-20,110760
Collier,03-0191,2024-02-21,112676
Collier,03-0191,2024-02-22,110394
Collier,03-0191,2024-02-23,119963
Collier,03-0191,2024-02-24,105327
Collier,03-0191,2024-02-25,94801
Collier,03-0191,2024-02-26,110436
Collier,03-0191,2024-02-27,109646
Collier,03-0191,2024-02-28,111443
Collier,03-0191,2024-02-29,114416
Collier,03-0191,2024-03-01,118601
Collier,03-0191,2024-03-02,101371
Collier,03-0191,2024-03-03,92785
Collier,03-0191,2024-03-04,108634
Collier,03-0191,2024-03-05,108198
Collier,03-0191,2024-03-06,109023
Collier,03-0191,2024-03-07,115245
Collier,03-0191,2024-03-08,120282
Collier,03-0191,2024-03-09,103443
Collier,03-0191,2024-03-10,93392
Collier,03-0191,2024-03-11,112269
Collier,03-0191,2024-03-12,109221
Collier,03-0191,2024-03-13,111387
Collier,03-0191,2024-03-14,112556
Collier,03-0191,2024-03-15,117550
Collier,03-0191,2024-03-16,102978
Collier,03-0191,2024-03-17,93546
Collier,03-0191,2024-03-18,110915
Collier,03-0191,2024-03-19,111596
Collier,03-0191,2024-03-20,113387
Collier,03-0191,2024-03-21,116486
Collier,03-0191,2024-03-22,105726
Collier,03-0191,2024-03-23,99919
Collier,03-0191,2024-03-24,95295
Collier,03-0191,2024-03-25,110109
Collier,03-0191,2024-03-26,111984
Collier,03-0191,2024-03-27,114389
Collier,03-0191,2024-03-28,119223
Collier,03-0191,2024-03-29,119474
Collier,03-0191,2024-03-30,100441
Collier,03-0191,2024-03-31,88566
Collier,03-0191,2024-04-01,107467
Collier,03-0191,2024-04-02,108428
Collier,03-0191,2024-04-03,105964
Collier,03-0191,2024-04-04,111951
Collier,03-0191,2024-04-05,118035
Collier,03-0191,2024-04-06,98934
Collier,03-0191,2024-04-07,85971
Collier,03-0191,2024-04-08,104263
Collier,03-0191,2024-04-09,103798
Collier,03-0191,2024-04-10,105675
Collier,03-0191,2024-04-11,106303
Collier,03-0191,2024-04-12,116969
Collier,03-0191,2024-04-13,97582
Collier,03-0191,2024-04-14,86916
Collier,03-0191,2024-04-15,104842
Collier,03-0191,2024-04-16,104019
Collier,03-0191,2024-04-17,105394
Collier,03-0191,2024-04-18,108992
Collier,03-0191,2024-04-19,116070
Collier,03-0191,2024-04-20,96492
Collier,03-0191,2024-04-21,85796
Collier,03-0191,2024-04-22,104180
Collier,03-0191,2024-04-23,100361
Collier,03-0191,2024-04-24,97591
Collier,03-0191,2024-04-25,98721
Collier,03-0191,2024-04-26,106777
Collier,03-0191,2024-04-27,86776
Collier,03-0191,2024-04-28,79494
Collier,03-0191,2024-04-29,92564
Collier,03-0191,2024-04-30,90180
Collier,03-0191,2024-05-01,101591
Collier,03-0191,2024-05-02,98476
Collier,03-0191,2024-05-03,110368
Collier,03-0191,2024-05-04,80899
Collier,03-0191,2024-05-05,68901
Collier,03-0191,2024-05-06,90738
Collier,03-0191,2024-05-07,86761
Collier,03-0191,2024-05-08,89159
Collier,03-0191,2024-05-09,84168
Collier,03-0191,2024-05-10,95819
Collier,03-0191,2024-05-11,78895
Collier,03-0191,2024-05-12,74779
Collier,03-0191,2024-05-13,98645
Collier,03-0191,2024-05-14,97263
Collier,03-0191,2024-05-15,97183
Collier,03-0191,2024-05-16,91951
Collier,03-0191,2024-05-17,108488
Collier,03-0191,2024-05-18,84125
Collier,03-0191,2024-05-19,65129
Collier,03-0191,2024-05-20,88902
Collier,03-0191,2024-05-21,79227
Collier,03-0191,2024-05-22,88318
Collier,03-0191,2024-05-23,88998
Collier,03-0191,2024-05-24,99307
Collier,03-0191,2024-05-25,78853
Collier,03-0191,2024-05-26,65659
Collier,03-0191,2024-05-27,68336
Collier,03-0191,2024-05-28,90396
Collier,03-0191,2024-05-29,93799
Collier,03-0191,2024-05-30,91595
Collier,03-0191,2024-05-31,94706
Collier,03-0191,2024-06-01,75041
Collier,03-0191,2024-06-02,64893
Collier,03-0191,2024-06-03,81389
Collier,03-0191,2024-06-04,78600
Collier,03-0191,2024-06-05,87357
Collier,03-0191,2024-06-06,88659
Collier,03-0191,2024-06-07,90008
Collier,03-0191,2024-06-08,67386
Collier,03-0191,2024-06-09,61472
Collier,03-0191,2024-06-10,86517
Collier,03-0191,2024-06-11,76111
Collier,03-0191,2024-06-12,72045
Collier,03-0191,2024-06-13,82365
Collier,03-0191,2024-06-14,91310
Collier,03-0191,2024-06-15,71617
Collier,03-0191,2024-06-16,64115
Collier,03-0191,2024-06-17,83754
Collier,03-0191,2024-06-18,84428
Collier,03-0191,2024-06-19,93631
Collier,03-0191,2024-06-20,95538
Collier,03-0191,2024-06-21,83899
Collier,03-0191,2024-06-22,65665
Collier,03-0191,2024-06-23,58837
Collier,03-0191,2024-06-24,77595
Collier,03-0191,2024-06-25,77063
Collier,03-0191,2024-06-26,76982
Collier,03-0191,2024-06-27,79594
Collier,03-0191,2024-06-28,82856
Collier,03-0191,2024-06-29,67150
Collier,03-0191,2024-06-30,57941
Collier,03-0191,2024-07-01,76295
Collier,03-0191,2024-07-02,76033
Collier,03-0191,2024-07-03,82358
Collier,03-0191,2024-07-04,53443
Collier,03-0191,2024-07-05,71805
Collier,03-0191,2024-07-06,66266
Collier,03-0191,2024-07-07,64967
Collier,03-0191,2024-07-08,77033
Collier,03-0191,2024-07-09,76200
Collier,03-0191,2024-07-10,60102
Collier,03-0191,2024-07-11,59379
Collier,03-0191,2024-07-12,60813
Collier,03-0191,2024-07-13,49951
Collier,03-0191,2024-07-14,43352
Collier,03-0191,2024-07-15,58573
Collier,03-0191,2024-07-16,56537
Collier,03-0191,2024-07-17,57946
Collier,03-0191,2024-07-18,58397
Collier,03-0191,2024-07-19,61868
Collier,03-0191,2024-07-20,51980
Collier,03-0191,2024-07-21,46101
Collier,03-0191,2024-07-22,55981
Collier,03-0191,2024-07-23,57099
Collier,03-0270,2024-01-01,5130
Collier,03-0270,2024-01-02,4513
Collier,03-0270,2024-01-03,3761
Collier,03-0270,2024-01-04,4028
Collier,03-0270,2024-01-05,3998
Collier,03-0270,2024-01-06,3557
Collier,03-0270,2024-01-07,3289
Collier,03-0270,2024-01-08,3215
Collier,03-0270,2024-01-09,2927
Collier,03-0270,2024-01-10,3198
Collier,03-0270,2024-01-11,3077
Collier,03-0270,2024-01-12,4895
Collier,03-0270,2024-01-13,4150
Collier,03-0270,2024-01-14,3861
Collier,03-0270,2024-01-15,3786
Collier,03-0270,2024-01-16,3067
Collier,03-0270,2024-01-17,3199
Collier,03-0270,2024-01-18,3273
Collier,03-0270,2024-01-19,5138
Collier,03-0270,2024-01-20,4529
Collier,03-0270,2024-01-21,4192
Collier,03-0270,2024-01-22,3542
Collier,03-0270,2024-01-23,3215
Collier,03-0270,2024-01-24,3308
Collier,03-0270,2024-01-25,3464
Collier,03-0270,2024-01-26,4621
Collier,03-0270,2024-01-27,4405
Collier,03-0270,2024-01-28,4448
Collier,03-0270,2024-01-29,3642
Collier,03-0270,2024-01-30,3310
Collier,03-0270,2024-01-31,3301
Collier,03-0270,2024-02-01,3761
Collier,03-0270,2024-02-02,4236
Collier,03-0270,2024-02-03,5296
Collier,03-0270,2024-02-04,3748
Collier,03-0270,2024-02-05,3229
Collier,03-0270,2024-02-06,3326
Collier,03-0270,2024-02-07,3473
Collier,03-0270,2024-02-08,3790
Collier,03-0270,2024-02-09,4510
Collier,03-0270,2024-02-10,4758
Collier,03-0270,2024-02-11,3943
Collier,03-0270,2024-02-12,3915
Collier,03-0270,2024-02-13,3709
Collier,03-0270,2024-02-14,3555
Collier,03-0270,2024-02-15,4067
Collier,03-0270,2024-02-16,6009
Collier,03-0270,2024-02-17,5045
Collier,03-0270,2024-02-18,4101
Collier,03-0270,2024-02-19,4449
Collier,03-0270,2024-02-20,3819
Collier,03-0270,2024-02-21,3959
Collier,03-0270,2024-02-22,3883
Collier,03-0270,2024-02-23,4866
Collier,03-0270,2024-02-24,5159
Collier,03-0270,2024-02-25,5133
Collier,03-0270,2024-02-26,4234
Collier,03-0270,2024-02-27,3541
Collier,03-0270,2024-02-28,3631
Collier,03-0270,2024-02-29,4103
Collier,03-0270,2024-03-01,5533
Collier,03-0270,2024-03-02,4606
Collier,03-0270,2024-03-03,4504
Collier,03-0270,2024-03-04,3738
Collier,03-0270,2024-03-05,3422
Collier,03-0270,2024-03-06,3632
Collier,03-0270,2024-03-07,3725
Collier,03-0270,2024-03-08,4513
Collier,03-0270,2024-03-09,4831
Collier,03-0270,2024-03-10,4655
Collier,03-0270,2024-03-11,4010
Collier,03-0270,2024-03-12,3692
Collier,03-0270,2024-03-13,3981
Collier,03-0270,2024-03-14,4212
Collier,03-0270,2024-03-15,5142
Collier,03-0270,2024-03-16,4621
Collier,03-0270,2024-03-17,4621
Collier,03-0270,2024-03-18,3712
Collier,03-0270,2024-03-19,3615
Collier,03-0270,2024-03-20,3393
Collier,03-0270,2024-03-21,3998
Collier,03-0270,2024-03-22,4121
Collier,03-0270,2024-03-23,3470
Collier,03-0270,2024-03-24,4950
Collier,03-0270,2024-03-25,4374
Collier,03-0270,2024-03-26,3933
Collier,03-0270,2024-03-27,4047
Collier,03-0270,2024-03-28,4242
Collier,03-0270,2024-03-29,5752
Collier,03-0270,2024-03-30,5103
Collier,03-0270,2024-03-31,4916
Collier,03-0270,2024-04-01,4451
Collier,03-0270,2024-04-02,3536
Collier,03-0270,2024-04-03,3412
Collier,03-0270,2024-04-04,3542
Collier,03-0270,2024-04-05,4558
Collier,03-0270,2024-04-06,4558
Collier,03-0270,2024-04-07,4599
Collier,03-0270,2024-04-08,3245
Collier,03-0270,2024-04-09,3094
Collier,03-0270,2024-04-10,3146
Collier,03-0270,2024-04-11,3411
Collier,03-0270,2024-04-12,4769
Collier,03-0270,2024-04-13,4578
Collier,03-0270,2024-04-14,4626
Collier,03-0270,2024-04-15,3395
Collier,03-0270,2024-04-16,2998
Collier,03-0270,2024-04-17,3187
Collier,03-0270,2024-04-18,3413
Collier,03-0270,2024-04-19,5888
Collier,03-0270,2024-04-20,4564
Collier,03-0270,2024-04-21,4684
Collier,03-0270,2024-04-22,3482
Collier,03-0270,2024-04-23,2991
Collier,03-0270,2024-04-24,3034
Collier,03-0270,2024-04-25,3274
Collier,03-0270,2024-04-26,4856
Collier,03-0270,2024-04-27,4366
Collier,03-0270,2024-04-28,4646
Collier,03-0270,2024-04-29,3157
Collier,03-0270,2024-04-30,2824
Collier,03-0270,2024-05-01,3203
Collier,03-0270,2024-05-02,3200
Collier,03-0270,2024-05-03,4162
Collier,03-0270,2024-05-04,4123
Collier,03-0270,2024-05-05,4183
Collier,03-0270,2024-05-06,3268
Collier,03-0270,2024-05-07,3118
Collier,03-0270,2024-05-08,2810
Collier,03-0270,2024-05-09,3028
Collier,03-0270,2024-05-10,4231
Collier,03-0270,2024-05-11,4422
Collier,03-0270,2024-05-12,4859
Collier,03-0270,2024-05-13,3281
Collier,03-0270,2024-05-14,3087
Collier,03-0270,2024-05-15,2825
Collier,03-0270,2024-05-16,2990
Collier,03-0270,2024-05-17,4125
Collier,03-0270,2024-05-18,3919
Collier,03-0270,2024-05-19,4121
Collier,03-0270,2024-05-20,3024
Collier,03-0270,2024-05-21,2758
Collier,03-0270,2024-05-22,3020
Collier,03-0270,2024-05-23,3098
Collier,03-0270,2024-05-24,4736
Collier,03-0270,2024-05-25,5162
Collier,03-0270,2024-05-26,5188
Collier,03-0270,2024-05-27,6222
Collier,03-0270,2024-05-28,2989
Collier,03-0270,2024-05-29,2759
Collier,03-0270,2024-05-30,2878
Collier,03-0270,2024-05-31,3886
Collier,03-0270,2024-06-01,3859
Collier,03-0270,2024-06-02,3742
Collier,03-0270,2024-06-03,3124
Collier,03-0270,2024-06-04,2645
Collier,03-0270,2024-06-05,2862
Collier,03-0270,2024-06-06,3310
Collier,03-0270,2024-06-07,3876
Collier,03-0270,2024-06-08,3749
Collier,03-0270,2024-06-09,4391
Collier,03-0270,2024-06-10,3265
Collier,03-0270,2024-06-11,2373
Collier,03-0270,2024-06-12,2507
Collier,03-0270,2024-06-13,2143
Collier,03-0270,2024-06-14,3061
Collier,03-0270,2024-06-15,3307
Collier,03-0270,2024-06-16,3589
Collier,03-0270,2024-06-17,3306
Collier,03-0270,2024-06-18,2884
Collier,03-0270,2024-06-19,2825
Collier,03-0270,2024-06-20,3045
Collier,03-0270,2024-06-21,4102
Collier,03-0270,2024-06-22,3907
Collier,03-0270,2024-06-23,3663
Collier,03-0270,2024-06-24,2963
Collier,03-0270,2024-06-25,2573
Collier,03-0270,2024-06-26,2772
Collier,03-0270,2024-06-27,3001
Collier,03-0270,2024-06-28,3770
Collier,03-0270,2024-06-29,4129
Collier,03-0270,2024-06-30,3584
Collier,03-0270,2024-07-01,3174
Collier,03-0270,2024-07-02,3000
Collier,03-0270,2024-07-03,4707
Collier,03-0270,2024-07-04,3873
Collier,03-0270,2024-07-05,4669
Collier,03-0270,2024-07-06,4704
Collier,03-0270,2024-07-07,6095
Collier,03-0270,2024-07-08,3410
Collier,03-0270,2024-07-09,3068
Collier,03-0270,2024-07-10,3007
Collier,03-0270,2024-07-11,3126
Collier,03-0270,2024-07-12,4857
Collier,03-0270,2024-07-13,4075
Collier,03-0270,2024-07-14,3889
Collier,03-0270,2024-07-15,3419
Collier,03-0270,2024-07-16,2941
Collier,03-0270,2024-07-17,3100
Collier,03-0270,2024-07-18,3641
Collier,03-0270,2024-07-19,4913
Collier,03-0270,2024-07-20,4373
Collier,03-0270,2024-07-21,4415
Collier,03-0270,2024-07-22,4004
Collier,03-0270,2024-07-23,3432
Collier,03-0270,2024-07-24,2936
Collier,03-0270,2024-07-25,3521
Collier,03-0270,2024-07-26,4685
Collier,03-0270,2024-07-27,4536
Collier,03-0270,2024-07-28,4863
Collier,03-0270,2024-07-29,3605
Collier,03-0270,2024-07-30,2926
Collier,03-0270,2024-07-31,2973
Collier,03-0270,2024-08-01,3318
Collier,03-0270,2024-08-02,3947
Collier,03-0270,2024-08-03,2988
Collier,03-0270,2024-08-04,2500
Collier,03-0270,2024-08-05,2701
Collier,03-0270,2024-08-06,2715
Collier,03-0270,2024-08-07,3157
Collier,03-0270,2024-08-08,3511
Collier,03-0270,2024-08-09,4963
Collier,03-0270,2024-08-10,4623
Collier,03-0270,2024-08-11,5158
Collier,03-0270,2024-08-12,3467
Collier,03-0270,2024-08-13,2974
Collier,03-0270,2024-08-14,2887
Collier,03-0270,2024-08-15,3004
Collier,03-0270,2024-08-16,4145
Collier,03-0270,2024-08-17,3974
Collier,03-0270,2024-08-18,4175
Collier,03-0270,2024-08-19,2835
Collier,03-0270,2024-08-20,2578
Collier,03-0270,2024-08-21,2649
Collier,03-0270,2024-08-22,2746
Collier,03-0270,2024-08-23,3935
Collier,03-0270,2024-08-24,3713
Collier,03-0270,2024-08-25,3753
Collier,03-0270,2024-08-26,2644
Collier,03-0270,2024-08-27,2375
Collier,03-0270,2024-08-28,2407
Collier,03-0270,2024-08-29,2752
Collier,03-0270,2024-08-30,4914
Collier,03-0270,2024-08-31,4412
Collier,03-0270,2024-09-01,4177
Collier,03-0270,2024-09-02,5706
Collier,03-0270,2024-09-03,2626
Collier,03-0270,2024-09-04,2165
Collier,03-0270,2024-09-05,2396
Collier,03-0270,2024-09-06,3458
Collier,03-0270,2024-09-07,3376
Collier,03-0270,2024-09-08,3427
Collier,03-0270,2024-09-09,2459
Collier,03-0270,2024-09-10,2315
Collier,03-0270,2024-09-11,2796
Collier,03-0270,2024-09-12,2528
Collier,03-0270,2024-09-13,3417
Collier,03-0270,2024-09-14,3174
Collier,03-0270,2024-09-15,3434
Collier,03-0270,2024-09-16,2619
Collier,03-0270,2024-09-17,2210
Collier,03-0270,2024-09-18,2422
Collier,03-0270,2024-09-19,2533
Collier,03-0270,2024-09-20,3694
Collier,03-0270,2024-09-21,3460
Collier,03-0270,2024-09-22,3733
Collier,03-0270,2024-09-23,2514
Collier,03-0270,2024-09-24,2696
Collier,03-0270,2024-09-25,2280
Collier,03-0270,2024-09-26,929
Collier,03-0270,2024-09-27,2560
Collier,03-0270,2024-09-28,2886
Collier,03-0270,2024-09-29,3028
Collier,03-0270,2024-09-30,2396
Collier,03-0270,2024-10-01,2279
Collier,03-0270,2024-10-02,2320
Collier,03-0270,2024-10-03,2630
Collier,03-0270,2024-10-04,3366
Collier,03-0270,2024-10-05,2933
Collier,03-0270,2024-10-06,2724
Collier,03-0270,2024-10-07,5111
Collier,03-0270,2024-10-08,10171
Collier,03-0270,2024-10-09,937
Collier,03-0270,2024-10-10,6178
Collier,03-0270,2024-10-11,6527
Collier,03-0270,2024-10-12,2798
Collier,03-0270,2024-10-13,2637
Collier,03-0270,2024-10-14,2311
Collier,03-0270,2024-10-15,2245
Collier,03-0270,2024-10-16,2468
Collier,03-0270,2024-10-17,2608
Collier,03-0270,2024-10-18,3404
Collier,03-0270,2024-10-19,3445
Collier,03-0270,2024-10-20,3600
Collier,03-0270,2024-10-21,2783
Collier,03-0270,2024-10-22,2677
Collier,03-0270,2024-10-23,2633
Collier,03-0270,2024-10-24,2915
Collier,03-0270,2024-10-25,3731
Collier,03-0270,2024-10-26,3560
Collier,03-0270,2024-10-27,4003
Collier,03-0270,2024-10-28,2866
Collier,03-0270,2024-10-29,2667
Collier,03-0270,2024-10-30,2671
Collier,03-0270,2024-10-31,2797
Collier,03-0270,2024-11-01,3962
Collier,03-0270,2024-11-02,3430
Collier,03-0270,2024-11-03,3686
Collier,03-0270,2024-11-04,2961
Collier,03-0270,2024-11-05,2635
Collier,03-0270,2024-11-06,2599
Collier,03-0270,2024-11-07,2871
Collier,03-0270,2024-11-08,4206
Collier,03-0270,2024-11-09,4087
Collier,03-0270,2024-11-10,4041
Collier,03-0270,2024-11-11,3285
Collier,03-0270,2024-11-12,2750
Collier,03-0270,2024-11-13,3318
Collier,03-0270,2024-11-14,3008
Collier,03-0270,2024-11-15,4579
Collier,03-0270,2024-11-16,3945
Collier,03-0270,2024-11-17,3908
Collier,03-0270,2024-11-18,2883
Collier,03-0270,2024-11-19,3323
Collier,03-0270,2024-11-20,2751
Collier,03-0270,2024-11-21,2771
Collier,03-0270,2024-11-22,3894
Collier,03-0270,2024-11-23,3924
Collier,03-0270,2024-11-24,3933
Collier,03-0270,2024-11-25,3265
Collier,03-0270,2024-11-26,3352
Collier,03-0270,2024-11-27,4101
Collier,03-0270,2024-11-28,3384
Collier,03-0270,2024-11-29,4236
Collier,03-0270,2024-11-30,3928
Collier,03-0270,2024-12-01,5071
Collier,03-0270,2024-12-02,3080
Collier,03-0270,2024-12-03,2821
Collier,03-0270,2024-12-04,2781
Collier,03-0270,2024-12-05,3038
Collier,03-0270,2024-12-06,4479
Collier,03-0270,2024-12-07,3505
Collier,03-0270,2024-12-08,3778
Collier,03-0270,2024-12-09,3101
Collier,03-0270,2024-12-10,2838
Collier,03-0270,2024-12-11,2850
Collier,03-0270,2024-12-12,3093
Collier,03-0270,2024-12-13,5235
Collier,03-0270,2024-12-14,3872
Collier,03-0270,2024-12-15,3604
Collier,03-0270,2024-12-16,3285
Collier,03-0270,2024-12-17,2905
Collier,03-0270,2024-12-18,2856
Collier,03-0270,2024-12-19,3125
Collier,03-0270,2024-12-20,3741
Collier,03-0270,2024-12-21,3860
Collier,03-0270,2024-12-22,4107
Collier,03-0270,2024-12-23,4056
Collier,03-0270,2024-12-24,3396
Collier,03-0270,2024-12-25,3586
Collier,03-0270,2024-12-26,4655
Collier,03-0270,2024-12-27,4874
Collier,03-0270,2024-12-28,5118
Collier,03-0270,2024-12-29,3929
Collier,03-0270,2024-12-30,5115
Collier,03-0270,2024-12-31,3870
Collier,03-0351,2024-01-01,37892
Collier,03-0351,2024-01-02,31615
Collier,03-0351,2024-01-03,27570
Collier,03-0351,2024-01-04,27585
Collier,03-0351,2024-01-05,31656
Collier,03-0351,2024-01-06,30780
Collier,03-0351,2024-01-07,33230
Collier,03-0351,2024-01-08,27899
Collier,03-0351,2024-01-09,22673
Collier,03-0351,2024-01-10,25286
Collier,03-0351,2024-01-11,26330
Collier,03-0351,2024-01-12,33626
Collier,03-0351,2024-01-13,33087
Collier,03-0351,2024-01-14,31085
Collier,03-0351,2024-01-15,32289
Collier,03-0351,2024-01-16,25061
Collier,03-0351,2024-01-17,25393
Collier,03-0351,2024-01-18,27021
Collier,03-0351,2024-01-19,32834
Collier,03-0351,2024-01-20,32426
Collier,03-0351,2024-01-21,33607
Collier,03-0351,2024-01-22,26372
Collier,03-0351,2024-01-23,24424
Collier,03-0351,2024-01-24,25558
Collier,03-0351,2024-01-25,27831
Collier,03-0351,2024-01-26,35290
Collier,03-0351,2024-01-27,34323
Collier,03-0351,2024-01-28,37286
Collier,03-0351,2024-01-29,28783
Collier,03-0351,2024-01-30,24577
Collier,03-0351,2024-01-31,26021
Collier,03-0351,2024-02-01,27988
Collier,03-0351,2024-02-02,34252
Collier,03-0351,2024-02-03,36192
Collier,03-0351,2024-02-04,33653
Collier,03-0351,2024-02-05,27273
Collier,03-0351,2024-02-06,25417
Collier,03-0351,2024-02-07,26294
Collier,03-0351,2024-02-08,28438
Collier,03-0351,2024-02-09,30241
Collier,03-0351,2024-02-10,29173
Collier,03-0351,2024-02-11,28386
Collier,03-0351,2024-02-12,29811
Collier,03-0351,2024-02-13,26523
Collier,03-0351,2024-02-14,25782
Collier,03-0351,2024-02-15,30666
Collier,03-0351,2024-02-16,36329
Collier,03-0351,2024-02-17,40612
Collier,03-0351,2024-02-18,35313
Collier,03-0351,2024-02-19,36607
Collier,03-0351,2024-02-20,27616
Collier,03-0351,2024-02-21,27955
Collier,03-0351,2024-02-22,28671
Collier,03-0351,2024-02-23,35515
Collier,03-0351,2024-02-24,37924
Collier,03-0351,2024-02-25,39386
Collier,03-0351,2024-02-26,29339
Collier,03-0351,2024-02-27,26226
Collier,03-0351,2024-02-28,27698
Collier,03-0351,2024-02-29,29401
Collier,03-0351,2024-03-01,36786
Collier,03-0351,2024-03-02,36836
Collier,03-0351,2024-03-03,37775
Collier,03-0351,2024-03-04,28684
Collier,03-0351,2024-03-05,25959
Collier,03-0351,2024-03-06,26780
Collier,03-0351,2024-03-07,29662
Collier,03-0351,2024-03-08,36866
Collier,03-0351,2024-03-09,37575
Collier,03-0351,2024-03-11,30362
Collier,03-0351,2024-03-12,27660
Collier,03-0351,2024-03-13,28137
Collier,03-0351,2024-03-14,30163
Collier,03-0351,2024-03-15,35127
Collier,03-0351,2024-03-16,37103
Collier,03-0351,2024-03-17,39717
Collier,03-0351,2024-03-18,29376
Collier,03-0351,2024-03-19,26723
Collier,03-0351,2024-03-20,28288
Collier,03-0351,2024-03-21,31589
Collier,03-0351,2024-03-22,33845
Collier,03-0351,2024-03-23,34282
Collier,03-0351,2024-03-24,40323
Collier,03-0351,2024-03-25,32263
Collier,03-0351,2024-03-26,29222
Collier,03-0351,2024-03-27,29923
Collier,03-0351,2024-03-28,32597
Collier,03-0351,2024-03-29,37716
Collier,03-0351,2024-03-30,37410
Collier,03-0351,2024-03-31,40255
Collier,03-0351,2024-04-01,31216
Collier,03-0351,2024-04-02,26260
Collier,03-0351,2024-04-03,26971
Collier,03-0351,2024-04-04,28921
Collier,03-0351,2024-04-05,35670
Collier,03-0351,2024-04-06,34954
Collier,03-0351,2024-04-07,36771
Collier,03-0351,2024-04-08,27424
Collier,03-0351,2024-04-09,24189
Collier,03-0351,2024-04-10,25386
Collier,03-0351,2024-04-11,27212
Collier,03-0351,2024-04-12,35886
Collier,03-0351,2024-04-13,34949
Collier,03-0351,2024-04-14,38376
Collier,03-0351,2024-04-15,27822
Collier,03-0351,2024-04-16,24922
Collier,03-0351,2024-04-17,26166
Collier,03-0351,2024-04-18,27557
Collier,03-0351,2024-04-19,34340
Collier,03-0351,2024-04-20,34846
Collier,03-0351,2024-04-21,38096
Collier,03-0351,2024-04-22,28264
Collier,03-0351,2024-04-23,24769
Collier,03-0351,2024-04-24,25491
Collier,03-0351,2024-04-25,28191
Collier,03-0351,2024-04-26,35821
Collier,03-0351,2024-04-27,36087
Collier,03-0351,2024-04-28,39701
Collier,03-0351,2024-04-29,27562
Collier,03-0351,2024-04-30,25094
Collier,03-0351,2024-05-01,25878
Collier,03-0351,2024-05-02,27939
Collier,03-0351,2024-05-03,35323
Collier,03-0351,2024-05-04,32957
Collier,03-0351,2024-05-05,35650
Collier,03-0351,2024-05-06,28110
Collier,03-0351,2024-05-07,22142
Collier,03-0351,2024-05-08,25627
Collier,03-0351,2024-05-09,27757
Collier,03-0351,2024-05-10,36740
Collier,03-0351,2024-05-11,36018
Collier,03-0351,2024-05-12,39291
Collier,03-0351,2024-05-13,28666
Collier,03-0351,2024-05-14,23410
Collier,03-0351,2024-05-15,24814
Collier,03-0351,2024-05-16,25888
Collier,03-0351,2024-05-17,34635
Collier,03-0351,2024-05-18,32637
Collier,03-0351,2024-05-19,34922
Collier,03-0351,2024-05-20,26410
Collier,03-0351,2024-05-21,23662
Collier,03-0351,2024-05-22,24757
Collier,03-0351,2024-05-23,27882
Collier,03-0351,2024-05-24,41123
Collier,03-0351,2024-05-25,39696
Collier,03-0351,2024-05-26,35965
Collier,03-0351,2024-05-27,41259
Collier,03-0351,2024-05-28,26822
Collier,03-0351,2024-05-29,24924
Collier,03-0351,2024-05-30,26668
Collier,03-0351,2024-05-31,33445
Collier,03-0351,2024-06-01,32160
Collier,03-0351,2024-06-02,32845
Collier,03-0351,2024-06-03,26572
Collier,03-0351,2024-06-04,23781
Collier,03-0351,2024-06-05,24919
Collier,03-0351,2024-06-06,27481
Collier,03-0351,2024-06-07,34652
Collier,03-0351,2024-06-08,32383
Collier,03-0351,2024-06-09,34862
Collier,03-0351,2024-06-10,27732
Collier,03-0351,2024-06-11,21671
Collier,03-0351,2024-06-12,20729
Collier,03-0351,2024-06-13,23442
Collier,03-0351,2024-06-14,32227
Collier,03-0351,2024-06-15,31569
Collier,03-0351,2024-06-16,33099
Collier,03-0351,2024-06-17,28326
Collier,03-0351,2024-06-18,24875
Collier,03-0351,2024-06-19,25817
Collier,03-0351,2024-06-20,27686
Collier,03-0351,2024-06-21,34438
Collier,03-0351,2024-06-22,31905
Collier,03-0351,2024-06-23,33665
Collier,03-0351,2024-06-24,27307
Collier,03-0351,2024-06-26,25168
Collier,03-0351,2024-06-27,28052
Collier,03-0351,2024-06-28,34136
Collier,03-0351,2024-06-29,33045
Collier,03-0351,2024-06-30,32987
Collier,03-0351,2024-07-01,27134
Collier,03-0351,2024-07-02,24412
Collier,03-0351,2024-07-03,31872
Collier,03-0351,2024-07-04,26910
Collier,03-0351,2024-07-05,31298
Collier,03-0351,2024-07-06,33925
Collier,03-0351,2024-07-07,40396
Collier,03-0351,2024-07-08,27486
Collier,03-0351,2024-07-09,24063
Collier,03-0351,2024-07-10,24767
Collier,03-0351,2024-07-11,27554
Collier,03-0351,2024-07-12,34659
Collier,03-0351,2024-07-13,33924
Collier,03-0351,2024-07-14,34086
Collier,03-0351,2024-07-15,28927
Collier,03-0351,2024-07-16,24146
Collier,03-0351,2024-07-17,24862
Collier,03-0351,2024-07-18,26945
Collier,03-0351,2024-07-19,34677
Collier,03-0351,2024-07-20,34498
Collier,03-0351,2024-07-21,36782
Collier,03-0351,2024-07-22,27669
Collier,03-0351,2024-07-23,24979
Collier,03-0351,2024-08-05,13616
Collier,03-0351,2024-08-06,24287
Collier,03-0351,2024-08-07,24864
Collier,03-0351,2024-08-08,25620
Collier,03-0351,2024-08-09,32852
Collier,03-0351,2024-08-10,33063
Collier,03-0351,2024-08-11,34006
Collier,03-0351,2024-08-12,24837
Collier,03-0351,2024-08-13,23720
Collier,03-0351,2024-08-14,25060
Collier,03-0351,2024-08-15,26367
Collier,03-0351,2024-08-16,32746
Collier,03-0351,2024-08-17,31349
Collier,03-0351,2024-08-18,33561
Collier,03-0351,2024-08-19,25061
Collier,03-0351,2024-08-20,22514
Collier,03-0351,2024-08-21,22909
Collier,03-0351,2024-08-22,24591
Collier,03-0351,2024-08-23,31988
Collier,03-0351,2024-08-24,29399
Collier,03-0351,2024-08-25,31261
Collier,03-0351,2024-08-26,23657
Collier,03-0351,2024-08-27,21919
Collier,03-0351,2024-08-28,21945
Collier,03-0351,2024-08-29,22577
Collier,03-0351,2024-08-30,38509
Collier,03-0351,2024-08-31,35459
Collier,03-0351,2024-09-01,29363
Collier,03-0351,2024-09-02,37719
Collier,03-0351,2024-09-03,23394
Collier,03-0351,2024-09-04,21594
Collier,03-0351,2024-09-05,22809
Collier,03-0351,2024-09-06,29551
Collier,03-0351,2024-09-07,28981
Collier,03-0351,2024-09-08,31703
Collier,03-0351,2024-09-09,24281
Collier,03-0351,2024-09-10,21246
Collier,03-0351,2024-09-11,21041
Collier,03-0351,2024-09-12,25549
Collier,03-0351,2024-09-13,32983
Collier,03-0351,2024-09-14,26362
Collier,03-0351,2024-09-15,31514
Collier,03-0351,2024-09-16,24660
Collier,03-0351,2024-09-17,22132
Collier,03-0351,2024-09-18,22071
Collier,03-0351,2024-09-19,24454
Collier,03-0351,2024-09-20,32639
Collier,03-0351,2024-09-21,31053
Collier,03-0351,2024-09-22,34563
Collier,03-0351,2024-09-23,24476
Collier,03-0351,2024-09-24,22999
Collier,03-0351,2024-09-25,25968
Collier,03-0351,2024-09-26,11486
Collier,03-0351,2024-09-27,27811
Collier,03-0351,2024-09-28,28228
Collier,03-0351,2024-09-29,31023
Collier,03-0351,2024-09-30,26020
Collier,03-0351,2024-10-01,23356
Collier,03-0351,2024-10-02,23024
Collier,03-0351,2024-10-03,26002
Collier,03-0351,2024-10-04,31347
Collier,03-0351,2024-10-05,30520
Collier,03-0351,2024-10-06,32093
Collier,03-0351,2024-10-07,42503
Collier,03-0351,2024-10-08,36430
Collier,03-0351,2024-10-09,14406
Collier,03-0351,2024-10-10,34146
Collier,03-0351,2024-10-11,43077
Collier,03-0351,2024-10-12,32880
Collier,03-0351,2024-10-13,30349
Collier,03-0351,2024-10-14,27592
Collier,03-0351,2024-10-15,24558
Collier,03-0351,2024-10-16,24476
Collier,03-0351,2024-10-17,25980
Collier,03-0351,2024-10-18,34699
Collier,03-0351,2024-10-19,33658
Collier,03-0351,2024-10-20,35303
Collier,03-0351,2024-10-21,29284
Collier,03-0351,2024-10-22,24890
Collier,03-0351,2024-10-23,24914
Collier,03-0351,2024-10-24,27064
Collier,03-0351,2024-10-25,35140
Collier,03-0351,2024-10-26,32175
Collier,03-0351,2024-10-27,37036
Collier,03-0351,2024-10-28,28152
Collier,03-0351,2024-10-29,24819
Collier,03-0351,2024-10-30,24898
Collier,03-0351,2024-10-31,25340
Collier,03-0351,2024-11-01,33027
Collier,03-0351,2024-11-02,31824
Collier,03-0351,2024-11-03,34850
Collier,03-0351,2024-11-04,27090
Collier,03-0351,2024-11-05,24040
Collier,03-0351,2024-11-06,24231
Collier,03-0351,2024-11-07,27045
Collier,03-0351,2024-11-08,35291
Collier,03-0351,2024-11-09,35121
Collier,03-0351,2024-11-10,36654
Collier,03-0351,2024-11-11,30747
Collier,03-0351,2024-11-12,25479
Collier,03-0351,2024-11-13,24944
Collier,03-0351,2024-11-14,26825
Collier,03-0351,2024-11-15,34212
Collier,03-0351,2024-11-16,32725
Collier,03-0351,2024-11-17,36079
Collier,03-0351,2024-11-18,26764
Collier,03-0351,2024-11-19,21177
Collier,03-0351,2024-11-20,24240
Collier,03-0351,2024-11-21,26797
Collier,03-0351,2024-11-22,34244
Collier,03-0351,2024-11-23,35137
Collier,03-0351,2024-11-24,36040
Collier,03-0351,2024-11-25,30117
Collier,03-0351,2024-11-26,30473
Collier,03-0351,2024-11-27,41219
Collier,03-0351,2024-11-28,32675
Collier,03-0351,2024-11-29,38044
Collier,03-0351,2024-11-30,39113
Collier,03-0351,2024-12-01,43735
Collier,03-0351,2024-12-02,28534
Collier,03-0351,2024-12-03,24709
Collier,03-0351,2024-12-04,25795
Collier,03-0351,2024-12-05,28024
Collier,03-0351,2024-12-06,34041
Collier,03-0351,2024-12-07,33886
Collier,03-0351,2024-12-08,35680
Collier,03-0351,2024-12-09,28754
Collier,03-0351,2024-12-10,25439
Collier,03-0351,2024-12-11,26379
Collier,03-0351,2024-12-12,28705
Collier,03-0351,2024-12-13,35414
Collier,03-0351,2024-12-14,35035
Collier,03-0351,2024-12-15,36010
Collier,03-0351,2024-12-16,28578
Collier,03-0351,2024-12-17,25275
Collier,03-0351,2024-12-18,26680
Collier,03-0351,2024-12-19,28588
Collier,03-0351,2024-12-20,35714
Collier,03-0351,2024-12-21,33935
Collier,03-0351,2024-12-22,36163
Collier,03-0351,2024-12-23,36005
Collier,03-0351,2024-12-24,32395
Collier,03-0351,2024-12-25,30612
Collier,03-0351,2024-12-26,37281
Collier,03-0351,2024-12-27,37262
Collier,03-0351,2024-12-28,38005
Collier,03-0351,2024-12-29,34940
Collier,03-0351,2024-12-30,34597
Collier,03-0351,2024-12-31,30911
Collier,03-9950,2024-01-01,94791
Collier,03-9950,2024-01-02,123063
Collier,03-9950,2024-01-03,122367
Collier,03-9950,2024-01-05,125527
Collier,03-9950,2024-01-06,101782
Collier,03-9950,2024-01-07,95099
Collier,03-9950,2024-01-08,122699
Collier,03-9950,2024-01-09,114763
Collier,03-9950,2024-01-10,117460
Collier,03-9950,2024-01-11,122899
Collier,03-9950,2024-01-12,130278
Collier,03-9950,2024-01-13,109930
Collier,03-9950,2024-01-14,93886
Collier,03-9950,2024-01-15,119973
Collier,03-9950,2024-01-16,115120
Collier,03-9950,2024-01-17,124323
Collier,03-9950,2024-01-18,127365
Collier,03-9950,2024-01-19,131376
Collier,03-9950,2024-01-20,112942
Collier,03-9950,2024-01-21,100015
Collier,03-9950,2024-01-22,119243
Collier,03-9950,2024-01-23,120223
Collier,03-9950,2024-01-24,124554
Collier,03-9950,2024-01-25,124233
Collier,03-9950,2024-01-26,131214
Collier,03-9950,2024-01-27,116660
Collier,03-9950,2024-01-28,101374
Collier,03-9950,2024-01-29,123379
Collier,03-9950,2024-01-30,122575
Collier,03-9950,2024-01-31,122410
Collier,03-9950,2024-02-01,130411
Collier,03-9950,2024-02-02,131781
Collier,03-9950,2024-02-03,118244
Collier,03-9950,2024-02-04,95821
Collier,03-9950,2024-02-05,114909
Collier,03-9950,2024-02-06,124154
Collier,03-9950,2024-02-07,126151
Collier,03-9950,2024-02-08,130493
Collier,03-9950,2024-02-09,121331
Collier,03-9950,2024-02-10,98494
Collier,03-9950,2024-02-11,86934
Collier,03-9950,2024-02-12,126546
Collier,03-9950,2024-02-13,125416
Collier,03-9950,2024-02-14,128587
Collier,03-9950,2024-02-15,134498
Collier,03-9950,2024-02-16,138696
Collier,03-9950,2024-02-17,123998
Collier,03-9950,2024-02-18,95791
Collier,03-9950,2024-02-19,128024
Collier,03-9950,2024-02-22,126330
Collier,03-9950,2024-02-23,138690
Collier,03-9950,2024-02-24,125020
Collier,03-9950,2024-02-25,110547
Collier,03-9950,2024-02-26,128587
Collier,03-9950,2024-02-27,127319
Collier,03-9950,2024-02-28,129484
Collier,03-9950,2024-02-29,134322
Collier,03-9950,2024-03-01,136872
Collier,03-9950,2024-03-02,121300
Collier,03-9950,2024-03-03,109760
Collier,03-9950,2024-03-04,125569
Collier,03-9950,2024-03-05,125507
Collier,03-9950,2024-03-06,127133
Collier,03-9950,2024-03-07,134838
Collier,03-9950,2024-03-08,139934
Collier,03-9950,2024-03-09,123187
Collier,03-9950,2024-03-11,129862
Collier,03-9950,2024-03-12,128360
Collier,03-9950,2024-03-13,131440
Collier,03-9950,2024-03-14,130583
Collier,03-9950,2024-03-15,137836
Collier,03-9950,2024-03-16,121013
Collier,03-9950,2024-03-17,111273
Collier,03-9950,2024-03-18,127882
Collier,03-9950,2024-03-19,129887
Collier,03-9950,2024-04-02,22
Collier,03-9950,2024-04-03,97646
Collier,03-9950,2024-04-04,130325
Collier,03-9950,2024-04-05,136365
Collier,03-9950,2024-04-06,116877
Collier,03-9950,2024-04-07,101616
Collier,03-9950,2024-04-09,121181
Collier,03-9950,2024-04-11,123816
Collier,03-9950,2024-04-12,131120
Collier,03-9950,2024-04-14,102977
Collier,03-9950,2024-04-15,122456
Collier,03-9950,2024-04-16,121850
Collier,03-9950,2024-04-17,120941
Collier,03-9950,2024-04-18,127680
Collier,03-9950,2024-04-19,134466
Collier,03-9950,2024-04-20,112501
Collier,03-9950,2024-04-21,100862
Collier,03-9950,2024-04-22,120843
Collier,03-9950,2024-04-23,116369
Collier,03-9950,2024-04-24,122546
Collier,03-9950,2024-04-25,125748
Collier,03-9950,2024-04-26,130316
Collier,03-9950,2024-04-27,112429
Collier,03-9950,2024-04-28,98739
Collier,03-9950,2024-04-29,117113
Collier,03-9950,2024-04-30,118413
Collier,03-9950,2024-05-01,120584
Collier,03-9950,2024-05-02,121264
Collier,03-9950,2024-05-03,130208
Collier,03-9950,2024-05-04,104289
Collier,03-9950,2024-05-05,93395
Collier,03-9950,2024-05-06,116222
Collier,03-9950,2024-05-07,113831
Collier,03-9950,2024-05-08,116033
Collier,03-9950,2024-05-09,119292
Collier,03-9950,2024-05-10,126149
Collier,03-9950,2024-05-11,105255
Collier,03-9950,2024-05-12,94422
Collier,03-9950,2024-05-13,114955
Collier,03-9950,2024-05-14,113787
Collier,03-9950,2024-05-15,113355
Collier,03-9950,2024-05-16,105477
Collier,03-9950,2024-05-17,125249
Collier,03-9950,2024-05-18,101182
Collier,03-9950,2024-05-19,88488
Collier,03-9950,2024-05-20,107606
Collier,03-9950,2024-05-21,113058
Collier,03-9950,2024-05-22,115522
Collier,03-9950,2024-05-23,119234
Collier,03-9950,2024-05-24,128666
Collier,03-9950,2024-05-25,103328
Collier,03-9950,2024-05-26,85744
Collier,03-9950,2024-05-27,89510
Collier,03-9950,2024-05-28,113389
Collier,03-9950,2024-05-29,113518
Collier,03-9950,2024-05-30,116316
Collier,03-9950,2024-05-31,121585
Collier,03-9950,2024-06-01,96535
Collier,03-9950,2024-06-02,82136
Collier,03-9950,2024-06-03,109521
Collier,03-9950,2024-06-04,109729
Collier,03-9950,2024-06-05,112516
Collier,03-9950,2024-06-06,115899
Collier,03-9950,2024-06-07,120013
Collier,03-9950,2024-06-08,95345
Collier,03-9950,2024-06-09,84189
Collier,03-9950,2024-06-10,109261
Collier,03-9950,2024-06-11,94232
Collier,03-9950,2024-06-13,97833
Collier,03-9950,2024-06-14,115233
Collier,03-9950,2024-06-15,94220
Collier,03-9950,2024-06-16,83172
Collier,03-9950,2024-06-17,111664
Collier,03-9950,2024-06-18,111934
Collier,03-9950,2024-06-19,111314
Collier,03-9950,2024-06-20,114238
Collier,03-9950,2024-06-21,119423
Collier,03-9950,2024-06-22,93067
Collier,03-9950,2024-06-23,79742
Collier,03-9950,2024-06-24,90291
Collier,03-9950,2024-06-25,90947
Collier,03-9950,2024-06-26,89440
Collier,03-9950,2024-06-27,91820
Collier,03-9950,2024-06-28,96891
Collier,03-9950,2024-06-29,79416
Collier,03-9950,2024-06-30,67682
Collier,03-9950,2024-07-01,89584
Collier,03-9950,2024-07-02,89097
Collier,03-9950,2024-07-03,95103
Collier,03-9950,2024-07-04,61274
Collier,03-9950,2024-07-05,82337
Collier,03-9950,2024-07-06,76886
Collier,03-9950,2024-07-07,74185
Collier,03-9950,2024-07-08,87719
Collier,03-9950,2024-07-09,73893
Collier,03-9950,2024-07-10,74740
Collier,03-9950,2024-07-11,74369
Collier,03-9950,2024-07-12,76881
Collier,03-9950,2024-07-13,64174
Collier,03-9950,2024-07-14,56681
Collier,03-9950,2024-07-15,73672
Collier,03-9950,2024-07-16,72157
Collier,03-9950,2024-07-17,74948
Collier,03-9950,2024-07-18,74153
Collier,03-9950,2024-07-19,78133
Collier,03-9950,2024-07-20,65728
Collier,03-9950,2024-07-21,58711
Collier,03-9950,2024-07-22,70594
Collier,03-9950,2024-07-23,72624
Collier,03-9975,2024-11-05,11674
Collier,03-9975,2024-11-06,7657
Collier,03-9975,2024-11-07,18456
Collier,03-9975,2024-11-08,25131
Collier,03-9975,2024-11-09,23942
Collier,03-9975,2024-11-10,19858
Collier,03-9975,2024-11-11,22849
Collier,03-9975,2024-11-12,22896
Collier,03-9975,2024-11-13,22867
Collier,03-9975,2024-11-14,23352
Collier,03-9975,2024-11-15,25846
Collier,03-9975,2024-11-16,24481
Collier,03-9975,2024-11-17,20245
Collier,03-9975,2024-11-18,22663
Collier,03-9975,2024-11-19,23756
Collier,03-9975,2024-11-20,23275
Collier,03-9975,2024-11-21,23630
Collier,03-9975,2024-11-22,25151
Collier,03-9975,2024-11-23,23120
Collier,03-9975,2024-11-24,20004
Collier,03-9975,2024-11-25,23034
Collier,03-9975,2024-11-26,23391
Collier,03-9975,2024-11-27,25906
Collier,03-9975,2024-11-28,19879
Collier,03-9975,2024-11-29,22646
Collier,03-9975,2024-11-30,21669
Collier,03-9975,2024-12-01,21354
Collier,03-9975,2024-12-02,23278
Collier,03-9975,2024-12-03,23133
Collier,03-9975,2024-12-04,23138
Collier,03-9975,2024-12-05,22967
Collier,03-9975,2024-12-06,25522
Collier,03-9975,2024-12-07,22756
Collier,03-9975,2024-12-08,19846
Collier,03-9975,2024-12-09,23589
Collier,03-9975,2024-12-10,23653
Collier,03-9975,2024-12-11,23032
Collier,03-9975,2024-12-12,23755
Collier,03-9975,2024-12-13,25818
Collier,03-9975,2024-12-14,23698
Collier,03-9975,2024-12-15,20631
Collier,03-9975,2024-12-16,23584
Collier,03-9975,2024-12-17,23705
Collier,03-9975,2024-12-18,23733
Collier,03-9975,2024-12-19,24218
Collier,03-9975,2024-12-20,25821
Collier,03-9975,2024-12-21,25326
Collier,03-9975,2024-12-22,21100
Collier,03-9975,2024-12-23,25569
Collier,03-9975,2024-12-24,22625
Collier,03-9975,2024-12-25,18678
Collier,03-9975,2024-12-26,22523
Collier,03-9975,2024-12-27,23771
Collier,03-9975,2024-12-28,22310
Collier,03-9975,2024-12-29,18395
Collier,03-9975,2024-12-31,21838
Lee,12-0184,2024-01-01,98786
Lee,12-0184,2024-01-02,134922
Lee,12-0184,2024-01-03,135213
Lee,12-0184,2024-01-04,139188
Lee,12-0184,2024-01-05,138745
Lee,12-0184,2024-01-06,111119
Lee,12-0184,2024-01-07,103389
Lee,12-0184,2024-01-08,130383
Lee,12-0184,2024-01-09,126501
Lee,12-0184,2024-01-10,136104
Lee,12-0184,2024-01-11,138345
Lee,12-0184,2024-01-12,146342
Lee,12-0184,2024-01-13,122406
Lee,12-0184,2024-01-14,105500
Lee,12-0184,2024-01-15,130508
Lee,12-0184,2024-01-16,127997
Lee,12-0184,2024-01-17,136449
Lee,12-0184,2024-01-18,140276
Lee,12-0184,2024-01-19,145729
Lee,12-0184,2024-01-20,123938
Lee,12-0184,2024-01-21,107026
Lee,12-0184,2024-01-22,132038
Lee,12-0184,2024-01-23,133333
Lee,12-0184,2024-01-24,137239
Lee,12-0184,2024-01-25,140463
Lee,12-0184,2024-01-26,152384
Lee,12-0184,2024-01-27,128414
Lee,12-0184,2024-01-28,110076
Lee,12-0184,2024-01-29,136732
Lee,12-0184,2024-01-30,134949
Lee,12-0184,2024-01-31,134310
Lee,12-0184,2024-02-01,143127
Lee,12-0184,2024-02-02,149395
Lee,12-0184,2024-02-03,127739
Lee,12-0184,2024-02-04,104287
Lee,12-0184,2024-02-05,130145
Lee,12-0184,2024-02-06,135600
Lee,12-0184,2024-02-07,139147
Lee,12-0184,2024-02-08,143688
Lee,12-0184,2024-02-09,147578
Lee,12-0184,2024-02-10,123395
Lee,12-0184,2024-02-11,102499
Lee,12-0184,2024-02-12,140501
Lee,12-0184,2024-02-13,138813
Lee,12-0184,2024-02-14,141545
Lee,12-0184,2024-02-15,147882
Lee,12-0184,2024-02-16,154966
Lee,12-0184,2024-02-17,134909
Lee,12-0184,2024-02-18,103601
Lee,12-0184,2024-02-19,144194
Lee,12-0184,2024-02-20,141589
Lee,12-0184,2024-02-21,143331
Lee,12-0184,2024-02-22,142507
Lee,12-0184,2024-02-23,156784
Lee,12-0184,2024-02-24,136840
Lee,12-0184,2024-02-25,121049
Lee,12-0184,2024-02-26,138591
Lee,12-0184,2024-02-27,142049
Lee,12-0184,2024-02-28,143997
Lee,12-0184,2024-02-29,147679
Lee,12-0184,2024-03-01,157694
Lee,12-0184,2024-03-02,134109
Lee,12-0184,2024-03-03,120402
Lee,12-0184,2024-03-04,140621
Lee,12-0184,2024-03-05,138187
Lee,12-0184,2024-03-06,136680
Lee,12-0184,2024-03-07,145885
Lee,12-0184,2024-03-08,156668
Lee,12-0184,2024-03-09,134379
Lee,12-0184,2024-03-10,121777
Lee,12-0184,2024-03-11,146498
Lee,12-0184,2024-03-12,145334
Lee,12-0184,2024-03-13,144524
Lee,12-0184,2024-03-14,147995
Lee,12-0184,2024-03-15,155209
Lee,12-0184,2024-03-16,133670
Lee,12-0184,2024-03-17,120374
Lee,12-0184,2024-03-18,141702
Lee,12-0184,2024-03-19,141731
Lee,12-0184,2024-03-20,142617
Lee,12-0184,2024-03-21,143242
Lee,12-0184,2024-03-22,136613
Lee,12-0184,2024-03-23,130452
Lee,12-0184,2024-03-24,120184
Lee,12-0184,2024-03-25,141087
Lee,12-0184,2024-03-26,141272
Lee,12-0184,2024-03-27,145714
Lee,12-0184,2024-03-28,149244
Lee,12-0184,2024-03-29,153182
Lee,12-0184,2024-03-30,128684
Lee,12-0184,2024-03-31,111906
Lee,12-0184,2024-04-01,137973
Lee,12-0184,2024-04-02,138074
Lee,12-0184,2024-04-03,137621
Lee,12-0184,2024-04-04,141041
Lee,12-0184,2024-04-05,150261
Lee,12-0184,2024-04-06,128844
Lee,12-0184,2024-04-07,109475
Lee,12-0184,2024-04-08,132008
Lee,12-0184,2024-04-09,133857
Lee,12-0184,2024-04-10,136270
Lee,12-0184,2024-04-11,136807
Lee,12-0184,2024-04-12,151195
Lee,12-0184,2024-04-13,127275
Lee,12-0184,2024-04-14,111338
Lee,12-0184,2024-04-15,135122
Lee,12-0184,2024-04-16,134000
Lee,12-0184,2024-04-17,135471
Lee,12-0184,2024-04-18,140473
Lee,12-0184,2024-04-19,151385
Lee,12-0184,2024-04-20,123609
Lee,12-0184,2024-04-21,109494
Lee,12-0184,2024-04-22,132987
Lee,12-0184,2024-04-23,130483
Lee,12-0184,2024-04-24,135941
Lee,12-0184,2024-04-25,138816
Lee,12-0184,2024-04-26,147804
Lee,12-0184,2024-04-27,122870
Lee,12-0184,2024-04-28,108781
Lee,12-0184,2024-04-29,128875
Lee,12-0184,2024-04-30,130537
Lee,12-0184,2024-05-01,131819
Lee,12-0184,2024-05-02,135862
Lee,12-0184,2024-05-03,145881
Lee,12-0184,2024-05-04,117878
Lee,12-0184,2024-05-05,103490
Lee,12-0184,2024-05-06,128880
Lee,12-0184,2024-05-07,126664
Lee,12-0184,2024-05-08,129912
Lee,12-0184,2024-05-09,133375
Lee,12-0184,2024-05-10,143485
Lee,12-0184,2024-05-11,116949
Lee,12-0184,2024-05-12,104579
Lee,12-0184,2024-05-13,128895
Lee,12-0184,2024-05-14,127480
Lee,12-0184,2024-05-15,123866
Lee,12-0184,2024-05-16,126326
Lee,12-0184,2024-05-17,141331
Lee,12-0184,2024-05-18,117238
Lee,12-0184,2024-05-19,101241
Lee,12-0184,2024-05-20,125526
Lee,12-0184,2024-05-21,126625
Lee,12-0184,2024-05-22,129701
Lee,12-0184,2024-05-23,132623
Lee,12-0184,2024-05-24,142813
Lee,12-0184,2024-05-25,115756
Lee,12-0184,2024-05-26,95054
Lee,12-0184,2024-05-27,97753
Lee,12-0184,2024-05-28,127583
Lee,12-0184,2024-05-29,127784
Lee,12-0184,2024-05-30,128548
Lee,12-0184,2024-05-31,137095
Lee,12-0184,2024-06-01,110462
Lee,12-0184,2024-06-02,93079
Lee,12-0184,2024-06-03,124705
Lee,12-0184,2024-06-04,121816
Lee,12-0184,2024-06-05,127543
Lee,12-0184,2024-06-06,129945
Lee,12-0184,2024-06-07,135819
Lee,12-0184,2024-06-08,109402
Lee,12-0184,2024-06-09,95171
Lee,12-0184,2024-06-10,122568
Lee,12-0184,2024-06-11,108236
Lee,12-0184,2024-06-12,105887
Lee,12-0184,2024-06-13,112214
Lee,12-0184,2024-06-14,131708
Lee,12-0184,2024-06-15,109235
Lee,12-0184,2024-06-16,95357
Lee,12-0184,2024-06-17,126517
Lee,12-0184,2024-06-18,126369
Lee,12-0184,2024-06-19,125395
Lee,12-0184,2024-06-20,129150
Lee,12-0184,2024-06-21,136093
Lee,12-0184,2024-06-22,107422
Lee,12-0184,2024-06-23,92796
Lee,12-0184,2024-06-24,124588
Lee,12-0184,2024-06-25,125545
Lee,12-0184,2024-06-26,125934
Lee,12-0184,2024-06-27,130806
Lee,12-0184,2024-06-28,135570
Lee,12-0184,2024-06-29,107557
Lee,12-0184,2024-06-30,90149
Lee,12-0184,2024-07-01,124434
Lee,12-0184,2024-07-02,123219
Lee,12-0184,2024-07-03,131704
Lee,12-0184,2024-07-04,81777
Lee,12-0184,2024-07-05,113739
Lee,12-0184,2024-07-06,104729
Lee,12-0184,2024-07-07,97807
Lee,12-0184,2024-07-08,124058
Lee,12-0184,2024-07-09,125464
Lee,12-0184,2024-07-10,126876
Lee,12-0184,2024-07-11,129418
Lee,12-0184,2024-07-12,134148
Lee,12-0184,2024-07-13,105715
Lee,12-0184,2024-07-14,90906
Lee,12-0184,2024-07-15,125650
Lee,12-0184,2024-07-16,123066
Lee,12-0184,2024-07-17,125466
Lee,12-0184,2024-07-18,126591
Lee,12-0184,2024-07-19,132574
Lee,12-0184,2024-07-20,109877
Lee,12-0184,2024-07-21,95164
Lee,12-0184,2024-07-22,112499
Lee,12-0184,2024-07-23,121136
Lee,12-0184,2024-07-24,124430
Lee,12-0184,2024-07-25,127390
Lee,12-0184,2024-07-26,135923
Lee,12-0184,2024-07-27,109605
Lee,12-0184,2024-07-28,96054
Lee,12-0184,2024-07-29,122048
Lee,12-0184,2024-07-30,121714
Lee,12-0184,2024-07-31,125686
Lee,12-0184,2024-08-01,128119
Lee,12-0184,2024-08-02,131613
Lee,12-0184,2024-08-03,96756
Lee,12-0184,2024-08-04,58173
Lee,12-0184,2024-08-05,110475
Lee,12-0184,2024-08-06,119813
Lee,12-0184,2024-08-07,124427
Lee,12-0184,2024-08-08,126971
Lee,12-0184,2024-08-09,134403
Lee,12-0184,2024-08-10,108338
Lee,12-0184,2024-08-11,93233
Lee,12-0184,2024-08-12,120031
Lee,12-0184,2024-08-13,122885
Lee,12-0184,2024-08-14,125785
Lee,12-0184,2024-08-15,129646
Lee,12-0184,2024-08-16,134938
Lee,12-0184,2024-08-17,109976
Lee,12-0184,2024-08-18,96823
Lee,12-0184,2024-08-19,123532
Lee,12-0184,2024-08-20,122883
Lee,12-0184,2024-08-21,120581
Lee,12-0184,2024-08-22,126925
Lee,12-0184,2024-08-23,132434
Lee,12-0184,2024-08-24,105839
Lee,12-0184,2024-08-25,90205
Lee,12-0184,2024-08-26,119800
Lee,12-0184,2024-08-27,119843
Lee,12-0184,2024-08-28,119561
Lee,12-0184,2024-08-29,122907
Lee,12-0184,2024-08-30,136349
Lee,12-0184,2024-08-31,106028
Lee,12-0184,2024-09-01,85985
Lee,12-0184,2024-09-02,93613
Lee,12-0184,2024-09-03,118700
Lee,12-0184,2024-09-04,119996
Lee,12-0184,2024-09-05,123482
Lee,12-0184,2024-09-06,130550
Lee,12-0184,2024-09-07,103992
Lee,12-0184,2024-09-08,88650
Lee,12-0184,2024-09-09,120334
Lee,12-0184,2024-09-10,121342
Lee,12-0184,2024-09-11,122352
Lee,12-0184,2024-09-12,124946
Lee,12-0184,2024-09-13,135981
Lee,12-0184,2024-09-14,88348
Lee,12-0184,2024-09-15,91975
Lee,12-0184,2024-09-16,123277
Lee,12-0184,2024-09-17,121145
Lee,12-0184,2024-09-18,123040
Lee,12-0184,2024-09-19,127210
Lee,12-0184,2024-09-20,135179
Lee,12-0184,2024-09-21,109320
Lee,12-0184,2024-09-22,95159
Lee,12-0184,2024-09-23,121409
Lee,12-0184,2024-09-24,124919
Lee,12-0184,2024-09-25,122069
Lee,12-0184,2024-09-26,44570
Lee,12-0184,2024-09-27,117748
Lee,12-0184,2024-09-28,101408
Lee,12-0184,2024-09-29,92800
Lee,12-0184,2024-09-30,122453
Lee,12-0184,2024-10-01,122194
Lee,12-0184,2024-10-02,125664
Lee,12-0184,2024-10-03,129055
Lee,12-0184,2024-10-04,136885
Lee,12-0184,2024-10-05,110051
Lee,12-0184,2024-10-06,90400
Lee,12-0184,2024-10-07,128770
Lee,12-0184,2024-10-08,85426
Lee,12-0184,2024-10-09,22407
Lee,12-0184,2024-10-10,66515
Lee,12-0184,2024-10-11,119259
Lee,12-0184,2024-10-12,106553
Lee,12-0184,2024-10-13,92050
Lee,12-0184,2024-10-14,126795
Lee,12-0184,2024-10-15,129940
Lee,12-0184,2024-10-16,130742
Lee,12-0184,2024-10-17,134123
Lee,12-0184,2024-10-18,143874
Lee,12-0184,2024-10-19,120638
Lee,12-0184,2024-10-20,104559
Lee,12-0184,2024-10-21,127331
Lee,12-0184,2024-10-22,130638
Lee,12-0184,2024-10-23,131411
Lee,12-0184,2024-10-24,135987
Lee,12-0184,2024-10-25,147512
Lee,12-0184,2024-10-26,121547
Lee,12-0184,2024-10-27,104845
Lee,12-0184,2024-10-28,131473
Lee,12-0184,2024-10-29,129815
Lee,12-0184,2024-10-30,133689
Lee,12-0184,2024-10-31,133050
Lee,12-0184,2024-11-01,141704
Lee,12-0184,2024-11-02,115793
Lee,12-0184,2024-11-03,104789
Lee,12-0184,2024-11-04,131261
Lee,12-0184,2024-11-05,123313
Lee,12-0184,2024-11-06,129901
Lee,12-0184,2024-11-07,137917
Lee,12-0184,2024-11-08,145876
Lee,12-0184,2024-11-09,121845
Lee,12-0184,2024-11-10,106710
Lee,12-0184,2024-11-11,133678
Lee,12-0184,2024-11-12,132347
Lee,12-0184,2024-11-13,134761
Lee,12-0184,2024-11-14,136205
Lee,12-0184,2024-11-15,147837
Lee,12-0184,2024-11-16,121581
Lee,12-0184,2024-11-17,106217
Lee,12-0184,2024-11-18,133577
Lee,12-0184,2024-11-19,131511
Lee,12-0184,2024-11-20,128036
Lee,12-0184,2024-11-21,138656
Lee,12-0184,2024-11-22,149179
Lee,12-0184,2024-11-23,125006
Lee,12-0184,2024-11-24,107614
Lee,12-0184,2024-11-25,138096
Lee,12-0184,2024-11-26,141393
Lee,12-0184,2024-11-27,148090
Lee,12-0184,2024-11-28,91050
Lee,12-0184,2024-11-29,127269
Lee,12-0184,2024-11-30,122166
Lee,12-0184,2024-12-01,116715
Lee,12-0184,2024-12-02,136551
Lee,12-0184,2024-12-03,129243
Lee,12-0184,2024-12-04,136081
Lee,12-0184,2024-12-05,142197
Lee,12-0184,2024-12-06,146902
Lee,12-0184,2024-12-07,124562
Lee,12-0184,2024-12-08,111348
Lee,12-0184,2024-12-09,136372
Lee,12-0184,2024-12-10,133298
Lee,12-0184,2024-12-11,134751
Lee,12-0184,2024-12-12,141042
Lee,12-0184,2024-12-13,150147
Lee,12-0184,2024-12-14,129054
Lee,12-0184,2024-12-15,113497
Lee,12-0184,2024-12-16,134350
Lee,12-0184,2024-12-17,134418
Lee,12-0184,2024-12-18,136992
Lee,12-0184,2024-12-19,137820
Lee,12-0184,2024-12-20,153303
Lee,12-0184,2024-12-21,130221
Lee,12-0184,2024-12-22,114967
Lee,12-0184,2024-12-23,143996
Lee,12-0184,2024-12-24,118643
Lee,12-0184,2024-12-25,80315
Lee,12-0184,2024-12-26,134508
Lee,12-0184,2024-12-27,143626
Lee,12-0184,2024-12-28,125159
Lee,12-0184,2024-12-29,108500
Lee,12-0184,2024-12-30,141483
Lee,12-0184,2024-12-31,124964
Lee,12-0203,2024-01-01,30929
Lee,12-0203,2024-01-02,51999
Lee,12-0203,2024-01-03,55000
Lee,12-0203,2024-01-04,55181
Lee,12-0203,2024-01-05,56640
Lee,12-0203,2024-01-06,43264
Lee,12-0203,2024-01-07,38520
Lee,12-0203,2024-01-08,54257
Lee,12-0203,2024-01-09,53323
Lee,12-0203,2024-01-10,57812
Lee,12-0203,2024-01-11,56552
Lee,12-0203,2024-01-12,57364
Lee,12-0203,2024-01-13,48830
Lee,12-0203,2024-01-14,40484
Lee,12-0203,2024-01-15,48305
Lee,12-0203,2024-01-16,53253
Lee,12-0203,2024-01-17,57877
Lee,12-0203,2024-01-18,56618
Lee,12-0203,2024-01-19,58109
Lee,12-0203,2024-01-20,49942
Lee,12-0203,2024-01-21,40240
Lee,12-0203,2024-01-22,55430
Lee,12-0203,2024-01-23,55859
Lee,12-0203,2024-01-24,56914
Lee,12-0203,2024-01-25,57367
Lee,12-0203,2024-01-26,58868
Lee,12-0203,2024-01-27,50629
Lee,12-0203,2024-01-28,40909
Lee,12-0203,2024-01-29,55420
Lee,12-0203,2024-01-30,56623
Lee,12-0203,2024-01-31,57351
Lee,12-0203,2024-02-01,57095
Lee,12-0203,2024-02-02,58925
Lee,12-0203,2024-02-03,49942
Lee,12-0203,2024-02-04,39163
Lee,12-0203,2024-02-05,54396
Lee,12-0203,2024-02-06,56172
Lee,12-0203,2024-02-07,58538
Lee,12-0203,2024-02-08,57551
Lee,12-0203,2024-02-09,59961
Lee,12-0203,2024-02-10,50507
Lee,12-0203,2024-02-11,41023
Lee,12-0203,2024-02-12,55808
Lee,12-0203,2024-02-13,57142
Lee,12-0203,2024-02-14,59283
Lee,12-0203,2024-02-15,58278
Lee,12-0203,2024-02-16,57790
Lee,12-0203,2024-02-17,51343
Lee,12-0203,2024-02-18,37349
Lee,12-0203,2024-02-19,53984
Lee,12-0203,2024-02-20,57254
Lee,12-0203,2024-02-21,56752
Lee,12-0203,2024-02-22,58166
Lee,12-0203,2024-02-23,59324
Lee,12-0203,2024-02-24,52226
Lee,12-0203,2024-02-25,43635
Lee,12-0203,2024-02-26,56255
Lee,12-0203,2024-02-27,56960
Lee,12-0203,2024-02-28,58619
Lee,12-0203,2024-02-29,57696
Lee,12-0203,2024-03-01,58758
Lee,12-0203,2024-03-02,51256
Lee,12-0203,2024-03-03,43535
Lee,12-0203,2024-03-04,56250
Lee,12-0203,2024-03-05,56728
Lee,12-0203,2024-03-06,57400
Lee,12-0203,2024-03-07,57840
Lee,12-0203,2024-03-08,59918
Lee,12-0203,2024-03-09,51727
Lee,12-0203,2024-03-10,42829
Lee,12-0203,2024-03-11,56411
Lee,12-0203,2024-03-12,57848
Lee,12-0203,2024-03-13,58040
Lee,12-0203,2024-03-14,55597
Lee,12-0203,2024-03-15,59455
Lee,12-0203,2024-03-16,50863
Lee,12-0203,2024-03-17,41873
Lee,12-0203,2024-03-18,53877
Lee,12-0203,2024-03-19,56527
Lee,12-0203,2024-03-20,57728
Lee,12-0203,2024-03-21,57080
Lee,12-0203,2024-03-22,52141
Lee,12-0203,2024-03-23,50158
Lee,12-0203,2024-03-24,43548
Lee,12-0203,2024-03-25,56617
Lee,12-0203,2024-03-26,57316
Lee,12-0203,2024-03-27,58649
Lee,12-0203,2024-03-28,59008
Lee,12-0203,2024-03-29,56797
Lee,12-0203,2024-03-30,50912
Lee,12-0203,2024-03-31,38642
Lee,12-0203,2024-04-01,53792
Lee,12-0203,2024-04-02,55790
Lee,12-0203,2024-04-03,55466
Lee,12-0203,2024-04-04,56644
Lee,12-0203,2024-04-05,57607
Lee,12-0203,2024-04-06,50705
Lee,12-0203,2024-04-07,41716
Lee,12-0203,2024-04-08,54636
Lee,12-0203,2024-04-09,57128
Lee,12-0203,2024-04-10,57558
Lee,12-0203,2024-04-11,56321
Lee,12-0203,2024-04-12,59078
Lee,12-0203,2024-04-13,50529
Lee,12-0203,2024-04-14,41557
Lee,12-0203,2024-04-15,55667
Lee,12-0203,2024-04-16,56191
Lee,12-0203,2024-04-17,56704
Lee,12-0203,2024-04-18,57125
Lee,12-0203,2024-04-19,58318
Lee,12-0203,2024-04-20,49819
Lee,12-0203,2024-04-21,40187
Lee,12-0203,2024-04-22,54552
Lee,12-0203,2024-04-23,55556
Lee,12-0203,2024-04-24,58113
Lee,12-0203,2024-04-25,56883
Lee,12-0203,2024-04-26,59336
Lee,12-0203,2024-04-27,49306
Lee,12-0203,2024-04-28,41255
Lee,12-0203,2024-04-29,55538
Lee,12-0203,2024-04-30,56003
Lee,12-0203,2024-05-01,56813
Lee,12-0203,2024-05-02,58781
Lee,12-0203,2024-05-03,58446
Lee,12-0203,2024-05-04,48479
Lee,12-0203,2024-05-05,40179
Lee,12-0203,2024-05-06,53096
Lee,12-0203,2024-05-07,54290
Lee,12-0203,2024-05-08,56661
Lee,12-0203,2024-05-09,56024
Lee,12-0203,2024-05-10,58799
Lee,12-0203,2024-05-11,50292
Lee,12-0203,2024-05-12,40961
Lee,12-0203,2024-05-13,53766
Lee,12-0203,2024-05-14,55522
Lee,12-0203,2024-05-15,55808
Lee,12-0203,2024-05-16,54595
Lee,12-0203,2024-05-17,58483
Lee,12-0203,2024-05-18,48702
Lee,12-0203,2024-05-19,40854
Lee,12-0203,2024-05-20,56326
Lee,12-0203,2024-05-21,57890
Lee,12-0203,2024-05-22,57696
Lee,12-0203,2024-05-23,57819
Lee,12-0203,2024-05-24,60896
Lee,12-0203,2024-05-25,49293
Lee,12-0203,2024-05-26,40743
Lee,12-0203,2024-05-27,38407
Lee,12-0203,2024-05-28,56965
Lee,12-0203,2024-05-29,58667
Lee,12-0203,2024-05-30,55246
Lee,12-0203,2024-05-31,59062
Lee,12-0203,2024-06-01,50442
Lee,12-0203,2024-06-02,40931
Lee,12-0203,2024-06-03,57177
Lee,12-0203,2024-06-04,58080
Lee,12-0203,2024-06-05,59160
Lee,12-0203,2024-06-06,58313
Lee,12-0203,2024-06-07,60217
Lee,12-0203,2024-06-08,49081
Lee,12-0203,2024-06-09,41279
Lee,12-0203,2024-06-10,55669
Lee,12-0203,2024-06-18,26064
Lee,12-0203,2024-06-19,56815
Lee,12-0203,2024-06-20,57318
Lee,12-0203,2024-06-21,57928
Lee,12-0203,2024-06-22,47242
Lee,12-0203,2024-06-23,39613
Lee,12-0203,2024-06-24,55137
Lee,12-0203,2024-06-25,56340
Lee,12-0203,2024-06-26,56861
Lee,12-0203,2024-06-27,57483
Lee,12-0203,2024-06-28,58578
Lee,12-0203,2024-07-19,30468
Lee,12-0203,2024-07-20,49356
Lee,12-0203,2024-07-21,40378
Lee,12-0203,2024-07-22,51043
Lee,12-0203,2024-07-23,54466
Lee,12-0203,2024-07-24,56731
Lee,12-0203,2024-07-25,56730
Lee,12-0203,2024-07-26,58457
Lee,12-0203,2024-07-27,49353
Lee,12-0203,2024-07-28,41129
Lee,12-0203,2024-07-29,54228
Lee,12-0203,2024-07-30,56886
Lee,12-0203,2024-07-31,58397
Lee,12-0203,2024-08-01,56240
Lee,12-0203,2024-08-02,57313
Lee,12-0203,2024-08-03,46075
Lee,12-0203,2024-08-04,27422
Lee,12-0203,2024-08-05,53463
Lee,12-0203,2024-08-06,57309
Lee,12-0203,2024-08-07,60161
Lee,12-0203,2024-08-08,59309
Lee,12-0203,2024-08-09,60743
Lee,12-0203,2024-08-10,51923
Lee,12-0203,2024-08-11,42926
Lee,12-0203,2024-08-12,56244
Lee,12-0203,2024-08-13,56862
Lee,12-0203,2024-08-14,59195
Lee,12-0203,2024-08-15,59108
Lee,12-0203,2024-08-16,59380
Lee,12-0203,2024-08-17,50948
Lee,12-0203,2024-08-18,41957
Lee,12-0203,2024-08-19,56428
Lee,12-0203,2024-08-20,56269
Lee,12-0203,2024-08-21,56139
Lee,12-0203,2024-08-22,56301
Lee,12-0203,2024-08-23,57277
Lee,12-0203,2024-08-24,48259
Lee,12-0203,2024-08-25,39408
Lee,12-0203,2024-08-26,54750
Lee,12-0203,2024-08-27,50859
Lee,12-0203,2024-08-28,55118
Lee,12-0203,2024-08-29,53742
Lee,12-0203,2024-08-30,56034
Lee,12-0203,2024-08-31,47554
Lee,12-0203,2024-09-01,38790
Lee,12-0203,2024-09-02,37369
Lee,12-0203,2024-09-03,52734
Lee,12-0203,2024-09-04,55100
Lee,12-0203,2024-09-05,56078
Lee,12-0203,2024-09-06,57604
Lee,12-0203,2024-09-07,48542
Lee,12-0203,2024-09-08,39393
Lee,12-0203,2024-09-09,54136
Lee,12-0203,2024-09-10,55359
Lee,12-0203,2024-09-11,56448
Lee,12-0203,2024-09-12,55627
Lee,12-0203,2024-09-13,58789
Lee,12-0203,2024-09-14,46614
Lee,12-0203,2024-09-15,40189
Lee,12-0203,2024-09-16,53559
Lee,12-0203,2024-09-17,55186
Lee,12-0203,2024-09-18,55522
Lee,12-0203,2024-09-19,56135
Lee,12-0203,2024-09-20,57665
Lee,12-0203,2024-09-21,48406
Lee,12-0203,2024-09-22,38866
Lee,12-0203,2024-09-23,54710
Lee,12-0203,2024-09-24,56122
Lee,12-0203,2024-09-25,53860
Lee,12-0203,2024-09-26,24227
Lee,12-0203,2024-09-27,52032
Lee,12-0203,2024-09-28,47454
Lee,12-0203,2024-09-29,40211
Lee,12-0203,2024-09-30,54756
Lee,12-0203,2024-10-01,55122
Lee,12-0203,2024-10-02,56135
Lee,12-0203,2024-10-03,55650
Lee,12-0203,2024-10-04,57003
Lee,12-0203,2024-10-05,47978
Lee,12-0203,2024-10-06,37614
Lee,12-0203,2024-10-07,48855
Lee,12-0203,2024-10-08,32996
Lee,12-0203,2024-10-09,8908
Lee,12-0203,2024-10-10,30907
Lee,12-0203,2024-10-11,48696
Lee,12-0203,2024-10-12,47005
Lee,12-0203,2024-10-13,41017
Lee,12-0203,2024-10-14,55409
Lee,12-0203,2024-10-15,57755
Lee,12-0203,2024-10-16,57981
Lee,12-0203,2024-10-17,56598
Lee,12-0203,2024-10-18,57806
Lee,12-0203,2024-10-19,50169
Lee,12-0203,2024-10-20,41478
Lee,12-0203,2024-10-21,55063
Lee,12-0203,2024-10-22,55776
Lee,12-0203,2024-10-23,58082
Lee,12-0203,2024-10-24,58771
Lee,12-0203,2024-10-25,60097
Lee,12-0203,2024-10-26,51748
Lee,12-0203,2024-10-27,41002
Lee,12-0203,2024-10-28,55122
Lee,12-0203,2024-10-29,55229
Lee,12-0203,2024-10-30,57658
Lee,12-0203,2024-10-31,57085
Lee,12-0203,2024-11-01,58552
Lee,12-0203,2024-11-02,49733
Lee,12-0203,2024-11-03,41354
Lee,12-0203,2024-11-04,55319
Lee,12-0203,2024-11-05,53175
Lee,12-0203,2024-11-06,54526
Lee,12-0203,2024-11-07,57791
Lee,12-0203,2024-11-08,57780
Lee,12-0203,2024-11-09,50077
Lee,12-0203,2024-11-10,41855
Lee,12-0203,2024-11-11,53391
Lee,12-0203,2024-11-12,55147
Lee,12-0203,2024-11-13,57030
Lee,12-0203,2024-11-14,56708
Lee,12-0203,2024-11-15,58069
Lee,12-0203,2024-11-16,51308
Lee,12-0203,2024-11-17,41341
Lee,12-0203,2024-11-18,54368
Lee,12-0203,2024-11-19,56021
Lee,12-0203,2024-11-20,53463
Lee,12-0203,2024-11-21,53326
Lee,12-0203,2024-11-22,55572
Lee,12-0203,2024-11-23,49012
Lee,12-0203,2024-11-24,41145
Lee,12-0203,2024-11-25,52877
Lee,12-0203,2024-11-26,53608
Lee,12-0203,2024-11-27,53809
Lee,12-0203,2024-11-28,30628
Lee,12-0203,2024-11-29,49605
Lee,12-0203,2024-11-30,45523
Lee,12-0203,2024-12-01,40407
Lee,12-0203,2024-12-02,53153
Lee,12-0203,2024-12-03,52955
Lee,12-0203,2024-12-04,54133
Lee,12-0203,2024-12-05,54645
Lee,12-0203,2024-12-06,56123
Lee,12-0203,2024-12-07,49594
Lee,12-0203,2024-12-08,42130
Lee,12-0203,2024-12-09,52474
Lee,12-0203,2024-12-10,53711
Lee,12-0203,2024-12-11,54317
Lee,12-0203,2024-12-12,52898
Lee,12-0203,2024-12-13,55688
Lee,12-0203,2024-12-14,50488
Lee,12-0203,2024-12-15,43092
Lee,12-0203,2024-12-16,53568
Lee,12-0203,2024-12-17,54586
Lee,12-0203,2024-12-18,55872
Lee,12-0203,2024-12-19,53566
Lee,12-0203,2024-12-20,57244
Lee,12-0203,2024-12-21,50004
Lee,12-0203,2024-12-22,43812
Lee,12-0203,2024-12-23,53408
Lee,12-0203,2024-12-24,48620
Lee,12-0203,2024-12-25,26454
Lee,12-0203,2024-12-26,49586
Lee,12-0203,2024-12-27,51419
Lee,12-0203,2024-12-28,45219
Lee,12-0203,2024-12-29,38841
Lee,12-0203,2024-12-30,51146
Lee,12-0203,2024-12-31,48134
Lee,12-0273,2024-01-01,10044
Lee,12-0273,2024-01-02,17019
Lee,12-0273,2024-01-03,18036
Lee,12-0273,2024-01-04,18312
Lee,12-0273,2024-01-05,18571
Lee,12-0273,2024-01-06,12624
Lee,12-0273,2024-01-07,11940
Lee,12-0273,2024-01-08,18382
Lee,12-0273,2024-01-09,18026
Lee,12-0273,2024-01-10,19069
Lee,12-0273,2024-01-11,19118
Lee,12-0273,2024-01-12,20063
Lee,12-0273,2024-01-13,14316
Lee,12-0273,2024-01-14,12268
Lee,12-0273,2024-01-15,16668
Lee,12-0273,2024-01-16,16881
Lee,12-0273,2024-01-17,17715
Lee,12-0273,2024-01-18,17831
Lee,12-0273,2024-01-19,19146
Lee,12-0273,2024-01-20,14435
Lee,12-0273,2024-01-21,11948
Lee,12-0273,2024-01-22,18131
Lee,12-0273,2024-01-23,18028
Lee,12-0273,2024-01-24,18854
Lee,12-0273,2024-01-25,18553
Lee,12-0273,2024-01-26,20757
Lee,12-0273,2024-01-27,14775
Lee,12-0273,2024-01-28,12412
Lee,12-0273,2024-01-29,18509
Lee,12-0273,2024-01-30,18510
Lee,12-0273,2024-01-31,18847
Lee,12-0273,2024-02-01,19722
Lee,12-0273,2024-02-02,20770
Lee,12-0273,2024-02-03,15073
Lee,12-0273,2024-02-04,12218
Lee,12-0273,2024-02-05,17349
Lee,12-0273,2024-02-06,19217
Lee,12-0273,2024-02-07,19637
Lee,12-0273,2024-02-08,18970
Lee,12-0273,2024-02-09,19791
Lee,12-0273,2024-02-10,15620
Lee,12-0273,2024-02-11,12256
Lee,12-0273,2024-02-12,17962
Lee,12-0273,2024-02-13,19666
Lee,12-0273,2024-02-14,19843
Lee,12-0273,2024-02-15,19809
Lee,12-0273,2024-02-16,21291
Lee,12-0273,2024-02-17,16722
Lee,12-0273,2024-02-18,10820
Lee,12-0273,2024-02-19,18370
Lee,12-0273,2024-02-20,18566
Lee,12-0273,2024-02-21,19354
Lee,12-0273,2024-02-22,19582
Lee,12-0273,2024-02-23,21189
Lee,12-0273,2024-02-24,15702
Lee,12-0273,2024-02-25,13907
Lee,12-0273,2024-02-26,18671
Lee,12-0273,2024-02-27,19586
Lee,12-0273,2024-02-28,19388
Lee,12-0273,2024-02-29,20655
Lee,12-0273,2024-03-01,21126
Lee,12-0273,2024-03-02,15295
Lee,12-0273,2024-03-03,14058
Lee,12-0273,2024-03-04,19416
Lee,12-0273,2024-03-05,19425
Lee,12-0273,2024-03-06,15493
Lee,12-0273,2024-03-07,19127
Lee,12-0273,2024-03-08,20549
Lee,12-0273,2024-03-09,15806
Lee,12-0273,2024-03-10,14299
Lee,12-0273,2024-03-11,19317
Lee,12-0273,2024-03-12,19521
Lee,12-0273,2024-03-13,19988
Lee,12-0273,2024-03-14,20293
Lee,12-0273,2024-03-15,20117
Lee,12-0273,2024-03-16,15284
Lee,12-0273,2024-03-17,13136
Lee,12-0273,2024-03-18,18359
Lee,12-0273,2024-03-19,18895
Lee,12-0273,2024-03-20,19438
Lee,12-0273,2024-03-21,20276
Lee,12-0273,2024-03-22,17155
Lee,12-0273,2024-03-23,14535
Lee,12-0273,2024-03-24,13932
Lee,12-0273,2024-03-25,18587
Lee,12-0273,2024-03-26,19344
Lee,12-0273,2024-03-27,19531
Lee,12-0273,2024-03-28,20457
Lee,12-0273,2024-03-29,20153
Lee,12-0273,2024-03-30,15160
Lee,12-0273,2024-03-31,11839
Lee,12-0273,2024-04-01,19047
Lee,12-0273,2024-04-02,19317
Lee,12-0273,2024-04-03,18714
Lee,12-0273,2024-04-04,19396
Lee,12-0273,2024-04-05,21240
Lee,12-0273,2024-04-06,16377
Lee,12-0273,2024-04-07,13307
Lee,12-0273,2024-04-08,18174
Lee,12-0273,2024-04-09,19020
Lee,12-0273,2024-04-10,19507
Lee,12-0273,2024-04-11,17606
Lee,12-0273,2024-04-12,19625
Lee,12-0273,2024-04-13,16631
Lee,12-0273,2024-04-14,13942
Lee,12-0273,2024-04-15,18350
Lee,12-0273,2024-04-16,17682
Lee,12-0273,2024-04-17,13127
Lee,12-0273,2024-04-18,19654
Lee,12-0273,2024-04-19,20241
Lee,12-0273,2024-04-20,15155
Lee,12-0273,2024-04-21,12239
Lee,12-0273,2024-04-22,18577
Lee,12-0273,2024-04-23,19172
Lee,12-0273,2024-04-24,19129
Lee,12-0273,2024-04-25,19488
Lee,12-0273,2024-04-26,20539
Lee,12-0273,2024-04-27,14858
Lee,12-0273,2024-04-28,12617
Lee,12-0273,2024-04-29,18186
Lee,12-0273,2024-04-30,19316
Lee,12-0273,2024-05-01,16595
Lee,12-0273,2024-05-02,19264
Lee,12-0273,2024-05-03,20119
Lee,12-0273,2024-05-04,14249
Lee,12-0273,2024-05-05,12163
Lee,12-0273,2024-05-06,18140
Lee,12-0273,2024-05-07,18790
Lee,12-0273,2024-05-08,19187
Lee,12-0273,2024-05-09,18362
Lee,12-0273,2024-05-10,20150
Lee,12-0273,2024-05-11,14751
Lee,12-0273,2024-05-12,12143
Lee,12-0273,2024-05-13,18278
Lee,12-0273,2024-05-14,18954
Lee,12-0273,2024-05-15,18431
Lee,12-0273,2024-05-16,18318
Lee,12-0273,2024-05-17,20345
Lee,12-0273,2024-05-18,14039
Lee,12-0273,2024-05-19,11340
Lee,12-0273,2024-05-20,18101
Lee,12-0273,2024-05-21,18335
Lee,12-0273,2024-05-22,18553
Lee,12-0273,2024-05-23,18830
Lee,12-0273,2024-05-24,20033
Lee,12-0273,2024-05-25,13276
Lee,12-0273,2024-05-26,11070
Lee,12-0273,2024-05-27,11217
Lee,12-0273,2024-05-28,18657
Lee,12-0273,2024-05-29,18732
Lee,12-0273,2024-05-30,18729
Lee,12-0273,2024-05-31,20309
Lee,12-0273,2024-06-01,13819
Lee,12-0273,2024-06-02,11523
Lee,12-0273,2024-06-03,18497
Lee,12-0273,2024-06-04,19004
Lee,12-0273,2024-06-05,18474
Lee,12-0273,2024-06-06,18378
Lee,12-0273,2024-06-07,19136
Lee,12-0273,2024-06-08,13692
Lee,12-0273,2024-06-09,11190
Lee,12-0273,2024-06-10,17464
Lee,12-0273,2024-06-11,14407
Lee,12-0273,2024-06-12,14510
Lee,12-0273,2024-06-13,15121
Lee,12-0273,2024-06-14,17921
Lee,12-0273,2024-06-15,13325
Lee,12-0273,2024-06-16,11691
Lee,12-0273,2024-06-17,18044
Lee,12-0273,2024-06-18,18203
Lee,12-0273,2024-06-19,18830
Lee,12-0273,2024-06-20,18626
Lee,12-0273,2024-06-21,19013
Lee,12-0273,2024-06-22,13420
Lee,12-0273,2024-06-23,10963
Lee,12-0273,2024-06-24,17753
Lee,12-0273,2024-06-25,18198
Lee,12-0273,2024-06-26,18253
Lee,12-0273,2024-06-27,17290
Lee,12-0273,2024-06-28,19433
Lee,12-0273,2024-06-29,13499
Lee,12-0273,2024-06-30,10391
Lee,12-0273,2024-07-01,17569
Lee,12-0273,2024-07-02,18145
Lee,12-0273,2024-07-03,19154
Lee,12-0273,2024-07-04,11142
Lee,12-0273,2024-07-05,15007
Lee,12-0273,2024-07-06,13404
Lee,12-0273,2024-07-07,11924
Lee,12-0273,2024-07-08,18377
Lee,12-0273,2024-07-09,18805
Lee,12-0273,2024-07-10,18702
Lee,12-0273,2024-07-11,18149
Lee,12-0273,2024-07-12,18900
Lee,12-0273,2024-07-13,13340
Lee,12-0273,2024-07-14,11329
Lee,12-0273,2024-07-15,18424
Lee,12-0273,2024-07-16,18689
Lee,12-0273,2024-07-17,18910
Lee,12-0273,2024-07-18,18666
Lee,12-0273,2024-07-19,19617
Lee,12-0273,2024-07-20,13428
Lee,12-0273,2024-07-21,11673
Lee,12-0273,2024-07-22,17578
Lee,12-0273,2024-07-23,18717
Lee,12-0273,2024-07-24,18664
Lee,12-0273,2024-07-25,18783
Lee,12-0273,2024-07-26,19641
Lee,12-0273,2024-07-27,13674
Lee,12-0273,2024-07-28,11808
Lee,12-0273,2024-07-29,17814
Lee,12-0273,2024-07-30,18611
Lee,12-0273,2024-07-31,19553
Lee,12-0273,2024-08-01,18814
Lee,12-0273,2024-08-02,19351
Lee,12-0273,2024-08-03,13217
Lee,12-0273,2024-08-04,7690
Lee,12-0273,2024-08-05,15881
Lee,12-0273,2024-08-06,18483
Lee,12-0273,2024-08-07,18750
Lee,12-0273,2024-08-08,19254
Lee,12-0273,2024-08-09,20377
Lee,12-0273,2024-08-10,14224
Lee,12-0273,2024-08-11,11884
Lee,12-0273,2024-08-12,18805
Lee,12-0273,2024-08-13,19593
Lee,12-0273,2024-08-14,19665
Lee,12-0273,2024-08-15,19842
Lee,12-0273,2024-08-16,20402
Lee,12-0273,2024-08-17,14427
Lee,12-0273,2024-08-18,11751
Lee,12-0273,2024-08-19,18584
Lee,12-0273,2024-08-20,19367
Lee,12-0273,2024-08-21,18669
Lee,12-0273,2024-08-22,19006
Lee,12-0273,2024-08-23,20014
Lee,12-0273,2024-08-24,14587
Lee,12-0273,2024-08-25,11826
Lee,12-0273,2024-08-26,18678
Lee,12-0273,2024-08-27,19276
Lee,12-0273,2024-08-28,18781
Lee,12-0273,2024-08-29,19353
Lee,12-0273,2024-08-30,21113
Lee,12-0273,2024-08-31,13769
Lee,12-0273,2024-09-01,11517
Lee,12-0273,2024-09-02,11511
Lee,12-0273,2024-09-03,18963
Lee,12-0273,2024-09-04,19051
Lee,12-0273,2024-09-05,19012
Lee,12-0273,2024-09-06,20409
Lee,12-0273,2024-09-07,13820
Lee,12-0273,2024-09-08,10760
Lee,12-0273,2024-09-09,18426
Lee,12-0273,2024-09-10,18969
Lee,12-0273,2024-09-11,18715
Lee,12-0273,2024-09-12,18271
Lee,12-0273,2024-09-13,19849
Lee,12-0273,2024-09-14,13671
Lee,12-0273,2024-09-15,10907
Lee,12-0273,2024-09-16,18752
Lee,12-0273,2024-09-17,19052
Lee,12-0273,2024-09-18,18781
Lee,12-0273,2024-09-19,19284
Lee,12-0273,2024-09-20,20663
Lee,12-0273,2024-09-21,14588
Lee,12-0273,2024-09-22,12121
Lee,12-0273,2024-09-23,19204
Lee,12-0273,2024-09-24,20194
Lee,12-0273,2024-09-25,18552
Lee,12-0273,2024-09-26,6340
Lee,12-0273,2024-09-27,17242
Lee,12-0273,2024-09-28,13324
Lee,12-0273,2024-09-29,11805
Lee,12-0273,2024-09-30,19133
Lee,12-0273,2024-10-01,19658
Lee,12-0273,2024-10-02,19771
Lee,12-0273,2024-10-03,19625
Lee,12-0273,2024-10-04,20590
Lee,12-0273,2024-10-05,15390
Lee,12-0273,2024-10-06,12178
Lee,12-0273,2024-10-07,16060
Lee,12-0273,2024-10-08,11276
Lee,12-0273,2024-10-09,3133
Lee,12-0273,2024-10-10,9233
Lee,12-0273,2024-10-11,15596
Lee,12-0273,2024-10-12,14315
Lee,12-0273,2024-10-13,12168
Lee,12-0273,2024-10-14,19357
Lee,12-0273,2024-10-15,20409
Lee,12-0273,2024-10-16,20098
Lee,12-0273,2024-10-17,20082
Lee,12-0273,2024-10-18,20718
Lee,12-0273,2024-10-19,16080
Lee,12-0273,2024-10-20,12276
Lee,12-0273,2024-10-21,18952
Lee,12-0273,2024-10-22,19305
Lee,12-0273,2024-10-23,19288
Lee,12-0273,2024-10-24,20074
Lee,12-0273,2024-10-25,20844
Lee,12-0273,2024-10-26,15439
Lee,12-0273,2024-10-27,12677
Lee,12-0273,2024-10-28,19760
Lee,12-0273,2024-10-29,20373
Lee,12-0273,2024-10-30,20709
Lee,12-0273,2024-10-31,22055
Lee,12-0273,2024-11-01,21536
Lee,12-0273,2024-11-02,16232
Lee,12-0273,2024-11-03,13615
Lee,12-0273,2024-11-04,17927
Lee,12-0273,2024-11-05,20139
Lee,12-0273,2024-11-06,20605
Lee,12-0273,2024-11-07,20829
Lee,12-0273,2024-11-08,21717
Lee,12-0273,2024-11-09,16543
Lee,12-0273,2024-11-10,13700
Lee,12-0273,2024-11-11,20254
Lee,12-0273,2024-11-12,18143
Lee,12-0273,2024-11-13,21065
Lee,12-0273,2024-11-14,20959
Lee,12-0273,2024-11-15,21482
Lee,12-0273,2024-11-16,16884
Lee,12-0273,2024-11-17,13525
Lee,12-0273,2024-11-18,19988
Lee,12-0273,2024-11-19,20914
Lee,12-0273,2024-11-20,19014
Lee,12-0273,2024-11-21,21072
Lee,12-0273,2024-11-22,22069
Lee,12-0273,2024-11-23,16083
Lee,12-0273,2024-11-24,13651
Lee,12-0273,2024-11-25,19913
Lee,12-0273,2024-11-26,20408
Lee,12-0273,2024-11-27,20750
Lee,12-0273,2024-11-28,11432
Lee,12-0273,2024-11-29,15333
Lee,12-0273,2024-11-30,14824
Lee,12-0273,2024-12-01,13894
Lee,12-0273,2024-12-02,19220
Lee,12-0273,2024-12-03,20318
Lee,12-0273,2024-12-04,20404
Lee,12-0273,2024-12-05,21090
Lee,12-0273,2024-12-06,22354
Lee,12-0273,2024-12-07,17268
Lee,12-0273,2024-12-08,14600
Lee,12-0273,2024-12-09,20348
Lee,12-0273,2024-12-10,20728
Lee,12-0273,2024-12-11,20473
Lee,12-0273,2024-12-12,21271
Lee,12-0273,2024-12-13,21120
Lee,12-0273,2024-12-14,14002
Lee,12-0273,2024-12-15,11309
Lee,12-0273,2024-12-16,20693
Lee,12-0273,2024-12-17,21192
Lee,12-0273,2024-12-18,21345
Lee,12-0273,2024-12-19,21281
Lee,12-0273,2024-12-20,22143
Lee,12-0273,2024-12-21,16916
Lee,12-0273,2024-12-22,14177
Lee,12-0273,2024-12-23,20853
Lee,12-0273,2024-12-24,16175
Lee,12-0273,2024-12-25,10049
Lee,12-0273,2024-12-26,17651
Lee,12-0273,2024-12-27,18733
Lee,12-0273,2024-12-28,15128
Lee,12-0273,2024-12-29,12358
Lee,12-0273,2024-12-30,18843
Lee,12-0273,2024-12-31,16643
Lee,12-0471,2024-12-04,59720
Lee,12-0471,2024-12-05,59724
Lee,12-0471,2024-12-06,62485
Lee,12-0471,2024-12-07,52592
Lee,12-0471,2024-12-08,41406
Lee,12-0471,2024-12-09,58493
Lee,12-0471,2024-12-10,59222
Lee,12-0471,2024-12-11,57481
Lee,12-0471,2024-12-12,60517
Lee,12-0471,2024-12-13,62443
Lee,12-0471,2024-12-14,52693
Lee,12-0471,2024-12-15,42013
Lee,12-0471,2024-12-16,59597
Lee,12-0471,2024-12-17,57625
Lee,12-0471,2024-12-18,62411
Lee,12-0471,2024-12-19,62899
Lee,12-0471,2024-12-20,63761
Lee,12-0471,2024-12-21,55156
Lee,12-0471,2024-12-22,46293
Lee,12-0471,2024-12-23,61361
Lee,12-0471,2024-12-24,48958
Lee,12-0471,2024-12-25,18860
Lee,12-0471,2024-12-26,50594
Lee,12-0471,2024-12-27,54638
Lee,12-0471,2024-12-28,46731
Lee,12-0471,2024-12-29,38447
Lee,12-0471,2024-12-30,55787
Lee,12-0471,2024-12-31,51431
Lee,12-0474,2024-08-30,31632
Lee,12-0474,2024-08-31,17325
Lee,12-0474,2024-09-01,11765
Lee,12-0474,2024-09-02,11995
Lee,12-0474,2024-09-03,31660
Lee,12-0474,2024-09-04,32124
Lee,12-0474,2024-09-05,31649
Lee,12-0474,2024-09-06,31643
Lee,12-0474,2024-09-07,17017
Lee,12-0474,2024-09-08,12030
Lee,12-0474,2024-09-09,30746
Lee,12-0474,2024-09-10,31303
Lee,12-0474,2024-09-11,32114
Lee,12-0474,2024-09-12,31819
Lee,12-0474,2024-09-13,31644
Lee,12-0474,2024-09-14,18726
Lee,12-0474,2024-09-15,11977
Lee,12-0474,2024-09-16,30700
Lee,12-0474,2024-09-17,31819
Lee,12-0474,2024-09-18,31250
Lee,12-0474,2024-09-19,32107
Lee,12-0474,2024-09-20,31703
Lee,12-0474,2024-09-21,16799
Lee,12-0474,2024-09-22,12048
Lee,12-0474,2024-09-23,30417
Lee,12-0474,2024-09-24,32181
Lee,12-0474,2024-09-25,29924
Lee,12-0474,2024-09-26,11526
Lee,12-0474,2024-09-27,25831
Lee,12-0474,2024-09-28,16963
Lee,12-0474,2024-09-29,12645
Lee,12-0474,2024-09-30,31522
Lee,12-0474,2024-10-01,32140
Lee,12-0474,2024-10-02,32379
Lee,12-0474,2024-10-03,31773
Lee,12-0474,2024-10-04,32266
Lee,12-0474,2024-10-05,18572
Lee,12-0474,2024-10-06,13123
Lee,12-0474,2024-10-07,28581
Lee,12-0474,2024-10-08,14400
Lee,12-0474,2024-10-09,2840
Lee,12-0474,2024-10-10,10506
Lee,12-0474,2024-10-11,22683
Lee,12-0474,2024-10-12,17436
Lee,12-0474,2024-10-13,12514
Lee,12-0474,2024-10-14,31589
Lee,12-0474,2024-10-15,32436
Lee,12-0474,2024-10-16,32706
Lee,12-0474,2024-10-17,32585
Lee,12-0474,2024-10-18,31731
Lee,12-0474,2024-10-19,18538
Lee,12-0474,2024-10-20,12697
Lee,12-0474,2024-10-21,32878
Lee,12-0474,2024-10-22,32850
Lee,12-0474,2024-10-23,33011
Lee,12-0474,2024-10-24,32525
Lee,12-0474,2024-10-25,32673
Lee,12-0474,2024-10-26,18891
Lee,12-0474,2024-10-27,12877
Lee,12-0474,2024-10-28,31668
Lee,12-0474,2024-10-29,33099
Lee,12-0474,2024-10-30,33822
Lee,12-0474,2024-10-31,32668
Lee,12-0474,2024-11-01,31942
Lee,12-0474,2024-11-02,18713
Lee,12-0474,2024-11-03,12880
Lee,12-0474,2024-11-04,31772
Lee,12-0474,2024-11-05,32565
Lee,12-0474,2024-11-06,32927
Lee,12-0474,2024-11-07,33115
Lee,12-0474,2024-11-08,33392
Lee,12-0474,2024-11-09,19459
Lee,12-0474,2024-11-10,13735
Lee,12-0474,2024-11-11,30657
Lee,12-0474,2024-11-12,33928
Lee,12-0474,2024-11-13,34375
Lee,12-0474,2024-11-14,34078
Lee,12-0474,2024-11-15,33945
Lee,12-0474,2024-11-16,19895
Lee,12-0474,2024-11-17,13669
Lee,12-0474,2024-11-18,32680
Lee,12-0474,2024-11-19,33687
Lee,12-0474,2024-11-20,32563
Lee,12-0474,2024-11-21,34037
Lee,12-0474,2024-11-22,34067
Lee,12-0474,2024-11-23,20474
Lee,12-0474,2024-11-24,13962
Lee,12-0474,2024-11-25,29766
Lee,12-0474,2024-11-26,31755
Lee,12-0474,2024-11-27,30552
Lee,12-0474,2024-11-28,9119
Lee,12-0474,2024-11-29,19867
Lee,12-0474,2024-11-30,16490
Lee,12-0474,2024-12-01,12898
Lee,12-0474,2024-12-02,32646
Lee,12-0474,2024-12-03,34482
Lee,12-0474,2024-12-04,33959
Lee,12-0474,2024-12-05,33522
Lee,12-0474,2024-12-06,33766
Lee,12-0474,2024-12-07,20421
Lee,12-0474,2024-12-08,13923
Lee,12-0474,2024-12-09,32707
Lee,12-0474,2024-12-10,34061
Lee,12-0474,2024-12-11,33476
Lee,12-0474,2024-12-12,33839
Lee,12-0474,2024-12-13,34213
Lee,12-0474,2024-12-14,21144
Lee,12-0474,2024-12-15,14562
Lee,12-0474,2024-12-16,32855
Lee,12-0474,2024-12-17,33930
Lee,12-0474,2024-12-18,34052
Lee,12-0474,2024-12-19,34738
Lee,12-0474,2024-12-20,34258
Lee,12-0474,2024-12-21,20448
Lee,12-0474,2024-12-22,14888
Lee,12-0474,2024-12-23,31415
Lee,12-0474,2024-12-24,20920
Lee,12-0474,2024-12-25,7269
Lee,12-0474,2024-12-26,24463
Lee,12-0474,2024-12-27,26981
Lee,12-0474,2024-12-28,17194
Lee,12-0474,2024-12-29,12374
Lee,12-0474,2024-12-30,28561
Lee,12-0474,2024-12-31,24315
Lee,12-0475,2024-09-07,30872
Lee,12-0475,2024-09-08,24798
Lee,12-0475,2024-09-09,34518
Lee,12-0475,2024-09-10,35539
Lee,12-0475,2024-09-11,35919
Lee,12-0475,2024-09-12,35714
Lee,12-0475,2024-09-13,38100
Lee,12-0475,2024-09-14,30290
Lee,12-0475,2024-09-15,24478
Lee,12-0475,2024-09-16,35228
Lee,12-0475,2024-09-17,35616
Lee,12-0475,2024-09-18,36112
Lee,12-0475,2024-09-19,35961
Lee,12-0475,2024-09-20,38258
Lee,12-0475,2024-09-21,32288
Lee,12-0475,2024-09-22,25820
Lee,12-0475,2024-09-23,35429
Lee,12-0475,2024-09-24,37669
Lee,12-0475,2024-09-25,35082
Lee,12-0475,2024-09-26,15476
Lee,12-0475,2024-09-27,35102
Lee,12-0475,2024-09-28,29024
Lee,12-0475,2024-09-29,25884
Lee,12-0475,2024-09-30,35606
Lee,12-0475,2024-10-01,36210
Lee,12-0475,2024-10-02,36548
Lee,12-0475,2024-10-03,35724
Lee,12-0475,2024-10-04,37979
Lee,12-0475,2024-10-05,32597
Lee,12-0475,2024-10-06,28967
Lee,12-0475,2024-10-07,36777
Lee,12-0475,2024-10-08,25991
Lee,12-0475,2024-10-09,6963
Lee,12-0475,2024-10-10,23915
Lee,12-0475,2024-10-11,33133
Lee,12-0475,2024-10-12,32248
Lee,12-0475,2024-10-13,27346
Lee,12-0475,2024-10-14,37182
Lee,12-0475,2024-10-15,37535
Lee,12-0475,2024-10-16,36676
Lee,12-0475,2024-10-17,37270
Lee,12-0475,2024-10-18,38589
Lee,12-0475,2024-10-19,33209
Lee,12-0475,2024-10-20,26497
Lee,12-0475,2024-10-21,36397
Lee,12-0475,2024-10-22,36728
Lee,12-0475,2024-10-23,37073
Lee,12-0475,2024-10-24,37285
Lee,12-0475,2024-10-25,39348
Lee,12-0475,2024-10-26,33557
Lee,12-0475,2024-10-27,26976
Lee,12-0475,2024-10-28,36029
Lee,12-0475,2024-10-29,37020
Lee,12-0475,2024-10-30,38041
Lee,12-0475,2024-10-31,38746
Lee,12-0475,2024-11-01,39216
Lee,12-0475,2024-11-02,33008
Lee,12-0475,2024-11-03,27273
Lee,12-0475,2024-11-04,36234
Lee,12-0475,2024-11-05,36404
Lee,12-0475,2024-11-06,36090
Lee,12-0475,2024-11-07,37356
Lee,12-0475,2024-11-08,39473
Lee,12-0475,2024-11-09,32865
Lee,12-0475,2024-11-10,27190
Lee,12-0475,2024-11-11,36346
Lee,12-0475,2024-11-12,37037
Lee,12-0475,2024-11-13,37860
Lee,12-0475,2024-11-14,37224
Lee,12-0475,2024-11-15,39483
Lee,12-0475,2024-11-16,32848
Lee,12-0475,2024-11-17,26860
Lee,12-0475,2024-11-18,36640
Lee,12-0475,2024-11-19,37269
Lee,12-0475,2024-11-20,35957
Lee,12-0475,2024-11-21,38044
Lee,12-0475,2024-11-22,39797
Lee,12-0475,2024-11-23,33169
Lee,12-0475,2024-11-24,27486
Lee,12-0475,2024-11-25,36799
Lee,12-0475,2024-11-26,37731
Lee,12-0475,2024-11-27,38695
Lee,12-0475,2024-11-28,19181
Lee,12-0475,2024-11-29,34578
Lee,12-0475,2024-11-30,30741
Lee,12-0475,2024-12-01,27404
Lee,12-0475,2024-12-02,37497
Lee,12-0475,2024-12-03,37435
Lee,12-0475,2024-12-04,38295
Lee,12-0475,2024-12-05,38241
Lee,12-0475,2024-12-06,39382
Lee,12-0475,2024-12-07,34011
Lee,12-0475,2024-12-08,27823
Lee,12-0475,2024-12-09,37277
Lee,12-0475,2024-12-10,37556
Lee,12-0475,2024-12-11,37599
Lee,12-0475,2024-12-12,38557
Lee,12-0475,2024-12-13,40374
Lee,12-0475,2024-12-14,34391
Lee,12-0475,2024-12-15,29385
Lee,12-0475,2024-12-16,37623
Lee,12-0475,2024-12-17,38184
Lee,12-0475,2024-12-18,38658
Lee,12-0475,2024-12-19,38997
Lee,12-0475,2024-12-20,40118
Lee,12-0475,2024-12-21,34623
Lee,12-0475,2024-12-22,29360
Lee,12-0475,2024-12-23,39724
Lee,12-0475,2024-12-24,33012
Lee,12-0475,2024-12-25,15914
Lee,12-0475,2024-12-26,32939
Lee,12-0475,2024-12-27,35262
Lee,12-0475,2024-12-28,29626
Lee,12-0475,2024-12-29,25454
Lee,12-0475,2024-12-30,35348
Lee,12-0475,2024-12-31,32891
Lee,12-0476,2024-10-18,38750
Lee,12-0476,2024-10-19,28940
Lee,12-0476,2024-10-20,22680
Lee,12-0476,2024-10-21,35867
Lee,12-0476,2024-10-22,37492
Lee,12-0476,2024-10-23,37049
Lee,12-0476,2024-10-24,37863
Lee,12-0476,2024-10-25,40039
Lee,12-0476,2024-10-26,29459
Lee,12-0476,2024-10-27,23480
Lee,12-0476,2024-10-28,36309
Lee,12-0476,2024-10-29,36855
Lee,12-0476,2024-10-30,38188
Lee,12-0476,2024-10-31,39304
Lee,12-0476,2024-11-01,39631
Lee,12-0476,2024-11-02,29147
Lee,12-0476,2024-11-03,23231
Lee,12-0476,2024-11-04,36645
Lee,12-0476,2024-11-05,37258
Lee,12-0476,2024-11-06,37067
Lee,12-0476,2024-11-07,38255
Lee,12-0476,2024-11-08,39842
Lee,12-0476,2024-11-09,28307
Lee,12-0476,2024-11-10,23217
Lee,12-0476,2024-11-11,34503
Lee,12-0476,2024-11-12,37974
Lee,12-0476,2024-11-13,38821
Lee,12-0476,2024-11-14,38366
Lee,12-0476,2024-11-15,40628
Lee,12-0476,2024-11-16,29141
Lee,12-0476,2024-11-17,23150
Lee,12-0476,2024-11-18,36980
Lee,12-0476,2024-11-19,37517
Lee,12-0476,2024-11-20,36656
Lee,12-0476,2024-11-21,39044
Lee,12-0476,2024-11-22,40233
Lee,12-0476,2024-11-23,29019
Lee,12-0476,2024-11-24,23116
Lee,12-0476,2024-11-25,36287
Lee,12-0476,2024-11-26,38138
Lee,12-0476,2024-11-27,37604
Lee,12-0476,2024-11-28,22895
Lee,12-0476,2024-11-29,27781
Lee,12-0476,2024-11-30,25077
Lee,12-0476,2024-12-01,22631
Lee,12-0476,2024-12-02,36723
Lee,12-0476,2024-12-03,37132
Lee,12-0476,2024-12-04,38059
Lee,12-0476,2024-12-05,38982
Lee,12-0476,2024-12-06,40696
Lee,12-0476,2024-12-07,30205
Lee,12-0476,2024-12-08,24643
Lee,12-0476,2024-12-09,37198
Lee,12-0476,2024-12-10,38592
Lee,12-0476,2024-12-11,37998
Lee,12-0476,2024-12-12,39397
Lee,12-0476,2024-12-13,41349
Lee,12-0476,2024-12-14,30799
Lee,12-0476,2024-12-15,26317
Lee,12-0476,2024-12-16,37245
Lee,12-0476,2024-12-17,38717
Lee,12-0476,2024-12-18,38704
Lee,12-0476,2024-12-19,39388
Lee,12-0476,2024-12-20,38714
Lee,12-0476,2024-12-21,29829
Lee,12-0476,2024-12-22,24593
Lee,12-0476,2024-12-23,36583
Lee,12-0476,2024-12-24,30725
Lee,12-0476,2024-12-25,19945
Lee,12-0476,2024-12-26,30468
Lee,12-0476,2024-12-27,32872
Lee,12-0476,2024-12-28,25210
Lee,12-0476,2024-12-29,20713
Lee,12-0476,2024-12-30,33009
Lee,12-0476,2024-12-31,31101
