date,member,tmax
2026-09-15,temperature_2m_max_member01,95
2026-09-16,temperature_2m_max_member01,93.4
2026-09-17,temperature_2m_max_member01,89.4
2026-09-18,temperature_2m_max_member01,89.8
2026-09-19,temperature_2m_max_member01,88.3
2026-09-20,temperature_2m_max_member01,89.9
2026-09-21,temperature_2m_max_member01,90.6
2026-09-22,temperature_2m_max_member01,90.6
2026-09-23,temperature_2m_max_member01,89.2
2026-09-24,temperature_2m_max_member01,88.9
2026-09-25,temperature_2m_max_member01,87
2026-09-26,temperature_2m_max_member01,86.1
2026-09-27,temperature_2m_max_member01,86.3
2026-09-28,temperature_2m_max_member01,83.8
2026-09-29,temperature_2m_max_member01,84.2
2026-09-30,temperature_2m_max_member01,86.2
2026-10-01,temperature_2m_max_member01,87.3
2026-10-02,temperature_2m_max_member01,88
2026-10-03,temperature_2m_max_member01,84.3
2026-10-04,temperature_2m_max_member01,88.8
2026-10-05,temperature_2m_max_member01,89.9
2026-10-06,temperature_2m_max_member01,90.8
2026-10-07,temperature_2m_max_member01,90.8
2026-10-08,temperature_2m_max_member01,88.2
2026-10-09,temperature_2m_max_member01,88
2026-10-10,temperature_2m_max_member01,90.5
2026-10-11,temperature_2m_max_member01,91.5
2026-10-12,temperature_2m_max_member01,89.4
2026-10-13,temperature_2m_max_member01,89.7
2026-10-14,temperature_2m_max_member01,85.8
2026-10-15,temperature_2m_max_member01,86.4
2026-10-16,temperature_2m_max_member01,83
2026-10-17,temperature_2m_max_member01,77.7
2026-10-18,temperature_2m_max_member01,77.8
2026-10-19,temperature_2m_max_member01,77.1
2026-10-20,temperature_2m_max_member01,81.2
2026-10-21,temperature_2m_max_member01,84.8
2026-10-22,temperature_2m_max_member01,87.8
2026-10-23,temperature_2m_max_member01,90.7
2026-10-24,temperature_2m_max_member01,91.1
2026-10-25,temperature_2m_max_member01,91
2026-10-26,temperature_2m_max_member01,90.5
2026-10-27,temperature_2m_max_member01,85.3
2026-10-28,temperature_2m_max_member01,83.8
2026-10-29,temperature_2m_max_member01,82
2026-10-30,temperature_2m_max_member01,81.1
2026-10-31,temperature_2m_max_member01,79.9
2026-11-01,temperature_2m_max_member01,82.3
2026-11-02,temperature_2m_max_member01,83.8
2026-11-03,temperature_2m_max_member01,84
2026-11-04,temperature_2m_max_member01,84.7
2026-11-05,temperature_2m_max_member01,82.3
2026-11-06,temperature_2m_max_member01,79.5
2026-11-07,temperature_2m_max_member01,84.3
2026-11-08,temperature_2m_max_member01,82
2026-11-09,temperature_2m_max_member01,81.7
2026-11-10,temperature_2m_max_member01,75.2
2026-11-11,temperature_2m_max_member01,74.9
2026-11-12,temperature_2m_max_member01,83
2026-11-13,temperature_2m_max_member01,82.9
2026-11-14,temperature_2m_max_member01,84.8
2026-11-15,temperature_2m_max_member01,82.4
2026-11-16,temperature_2m_max_member01,82.8
2026-11-17,temperature_2m_max_member01,83.3
2026-11-18,temperature_2m_max_member01,78.9
2026-11-19,temperature_2m_max_member01,69.6
2026-11-20,temperature_2m_max_member01,62.8
2026-11-21,temperature_2m_max_member01,65.3
2026-11-22,temperature_2m_max_member01,73.9
2026-11-23,temperature_2m_max_member01,79.4
2026-11-24,temperature_2m_max_member01,81.2
2026-11-25,temperature_2m_max_member01,80.2
2026-11-26,temperature_2m_max_member01,77.3
2026-11-27,temperature_2m_max_member01,75.6
2026-11-28,temperature_2m_max_member01,73.8
2026-11-29,temperature_2m_max_member01,80.9
2026-11-30,temperature_2m_max_member01,81.3
2026-12-01,temperature_2m_max_member01,73.3
2026-12-02,temperature_2m_max_member01,68.7
2026-12-03,temperature_2m_max_member01,70.4
2026-12-04,temperature_2m_max_member01,73.2
2026-12-05,temperature_2m_max_member01,69.4
2026-12-06,temperature_2m_max_member01,66.5
2026-12-07,temperature_2m_max_member01,69.3
2026-12-08,temperature_2m_max_member01,79.5
2026-12-09,temperature_2m_max_member01,78.4
2026-12-10,temperature_2m_max_member01,63.8
2026-12-11,temperature_2m_max_member01,61.9
2026-12-12,temperature_2m_max_member01,66.7
2026-12-13,temperature_2m_max_member01,71.2
2026-12-14,temperature_2m_max_member01,75.9
2026-12-15,temperature_2m_max_member01,77.5
2026-12-16,temperature_2m_max_member01,79.9
2026-12-17,temperature_2m_max_member01,78.5
2026-12-18,temperature_2m_max_member01,72.6
2026-12-19,temperature_2m_max_member01,75.8
2026-12-20,temperature_2m_max_member01,74.4
2026-12-21,temperature_2m_max_member01,73.7
2026-12-22,temperature_2m_max_member01,69.4
2026-12-23,temperature_2m_max_member01,69.1
2026-12-24,temperature_2m_max_member01,66.8
2026-12-25,temperature_2m_max_member01,69
2026-12-26,temperature_2m_max_member01,73.9
2026-12-27,temperature_2m_max_member01,73.9
2026-12-28,temperature_2m_max_member01,77.7
2026-12-29,temperature_2m_max_member01,75.2
2026-12-30,temperature_2m_max_member01,66.7
2026-12-31,temperature_2m_max_member01,68.3
2027-01-01,temperature_2m_max_member01,70.4
2027-01-02,temperature_2m_max_member01,60.6
2027-01-03,temperature_2m_max_member01,59
2027-01-04,temperature_2m_max_member01,56.8
2027-01-05,temperature_2m_max_member01,52.5
2027-01-06,temperature_2m_max_member01,64.3
2027-01-07,temperature_2m_max_member01,72.2
2027-01-08,temperature_2m_max_member01,61.9
2027-01-09,temperature_2m_max_member01,54.5
2027-01-10,temperature_2m_max_member01,65.8
2027-01-11,temperature_2m_max_member01,73
2027-01-12,temperature_2m_max_member01,76.6
2027-01-13,temperature_2m_max_member01,69.6
2027-01-14,temperature_2m_max_member01,60.5
2027-01-15,temperature_2m_max_member01,64.8
2027-01-16,temperature_2m_max_member01,60.5
2027-01-17,temperature_2m_max_member01,64.2
2027-01-18,temperature_2m_max_member01,67.8
2027-01-19,temperature_2m_max_member01,72.2
2027-01-20,temperature_2m_max_member01,73.9
2027-01-21,temperature_2m_max_member01,75.7
2027-01-22,temperature_2m_max_member01,75.9
2027-01-23,temperature_2m_max_member01,75.9
2027-01-24,temperature_2m_max_member01,75.6
2027-01-25,temperature_2m_max_member01,73.7
2027-01-26,temperature_2m_max_member01,71.8
2027-01-27,temperature_2m_max_member01,73.9
2027-01-28,temperature_2m_max_member01,73.3
2027-01-29,temperature_2m_max_member01,71.5
2027-01-30,temperature_2m_max_member01,75.8
2027-01-31,temperature_2m_max_member01,75.2
2027-02-01,temperature_2m_max_member01,71.9
2027-02-02,temperature_2m_max_member01,67.6
2027-02-03,temperature_2m_max_member01,65.1
2027-02-04,temperature_2m_max_member01,59.5
2027-02-05,temperature_2m_max_member01,64.3
2027-02-06,temperature_2m_max_member01,69
2027-02-07,temperature_2m_max_member01,62.1
2027-02-08,temperature_2m_max_member01,62.8
2027-02-09,temperature_2m_max_member01,67.3
2027-02-10,temperature_2m_max_member01,59
2027-02-11,temperature_2m_max_member01,58.9
2027-02-12,temperature_2m_max_member01,55.7
2027-02-13,temperature_2m_max_member01,61.2
2027-02-14,temperature_2m_max_member01,69.9
2027-02-15,temperature_2m_max_member01,71.1
2027-02-16,temperature_2m_max_member01,66.7
2027-02-17,temperature_2m_max_member01,69
2027-02-18,temperature_2m_max_member01,71.6
2027-02-19,temperature_2m_max_member01,72.2
2027-02-20,temperature_2m_max_member01,62.2
2027-02-21,temperature_2m_max_member01,71
2027-02-22,temperature_2m_max_member01,72.5
2027-02-23,temperature_2m_max_member01,69.4
2027-02-24,temperature_2m_max_member01,75.1
2027-02-25,temperature_2m_max_member01,75.1
2027-02-26,temperature_2m_max_member01,77
2027-02-27,temperature_2m_max_member01,74.8
2027-02-28,temperature_2m_max_member01,72.1
2027-03-01,temperature_2m_max_member01,62.9
2027-03-02,temperature_2m_max_member01,61.2
2027-03-03,temperature_2m_max_member01,64.6
2027-03-04,temperature_2m_max_member01,72.5
2027-03-05,temperature_2m_max_member01,68.2
2027-03-06,temperature_2m_max_member01,68.1
2027-03-07,temperature_2m_max_member01,70.2
2027-03-08,temperature_2m_max_member01,69.2
2027-03-09,temperature_2m_max_member01,67.9
2027-03-10,temperature_2m_max_member01,70.5
2027-03-11,temperature_2m_max_member01,73.4
2027-03-12,temperature_2m_max_member01,71.2
2027-03-13,temperature_2m_max_member01,74.7
2026-09-15,temperature_2m_max_member02,91.3
2026-09-16,temperature_2m_max_member02,90.3
2026-09-17,temperature_2m_max_member02,91
2026-09-18,temperature_2m_max_member02,91.6
2026-09-19,temperature_2m_max_member02,87.5
2026-09-20,temperature_2m_max_member02,90.1
2026-09-21,temperature_2m_max_member02,87.5
2026-09-22,temperature_2m_max_member02,86.5
2026-09-23,temperature_2m_max_member02,88
2026-09-24,temperature_2m_max_member02,88.1
2026-09-25,temperature_2m_max_member02,86.3
2026-09-26,temperature_2m_max_member02,85.6
2026-09-27,temperature_2m_max_member02,86.2
2026-09-28,temperature_2m_max_member02,83.2
2026-09-29,temperature_2m_max_member02,83.3
2026-09-30,temperature_2m_max_member02,84.7
2026-10-01,temperature_2m_max_member02,84.1
2026-10-02,temperature_2m_max_member02,85
2026-10-03,temperature_2m_max_member02,85.5
2026-10-04,temperature_2m_max_member02,87.3
2026-10-05,temperature_2m_max_member02,88.3
2026-10-06,temperature_2m_max_member02,86.8
2026-10-07,temperature_2m_max_member02,89
2026-10-08,temperature_2m_max_member02,89.6
2026-10-09,temperature_2m_max_member02,84.8
2026-10-10,temperature_2m_max_member02,84.8
2026-10-11,temperature_2m_max_member02,85
2026-10-12,temperature_2m_max_member02,86.8
2026-10-13,temperature_2m_max_member02,86.4
2026-10-14,temperature_2m_max_member02,86.9
2026-10-15,temperature_2m_max_member02,86.7
2026-10-16,temperature_2m_max_member02,86.7
2026-10-17,temperature_2m_max_member02,87.5
2026-10-18,temperature_2m_max_member02,88.4
2026-10-19,temperature_2m_max_member02,89.1
2026-10-20,temperature_2m_max_member02,86.8
2026-10-21,temperature_2m_max_member02,86.8
2026-10-22,temperature_2m_max_member02,87.4
2026-10-23,temperature_2m_max_member02,87.7
2026-10-24,temperature_2m_max_member02,86.3
2026-10-25,temperature_2m_max_member02,86.4
2026-10-26,temperature_2m_max_member02,85.9
2026-10-27,temperature_2m_max_member02,84.9
2026-10-28,temperature_2m_max_member02,83.9
2026-10-29,temperature_2m_max_member02,82.3
2026-10-30,temperature_2m_max_member02,83.8
2026-10-31,temperature_2m_max_member02,83.6
2026-11-01,temperature_2m_max_member02,87
2026-11-02,temperature_2m_max_member02,86.9
2026-11-03,temperature_2m_max_member02,87.8
2026-11-04,temperature_2m_max_member02,85.7
2026-11-05,temperature_2m_max_member02,80.7
2026-11-06,temperature_2m_max_member02,83.2
2026-11-07,temperature_2m_max_member02,86
2026-11-08,temperature_2m_max_member02,85.9
2026-11-09,temperature_2m_max_member02,85.2
2026-11-10,temperature_2m_max_member02,80.8
2026-11-11,temperature_2m_max_member02,75.7
2026-11-12,temperature_2m_max_member02,78.8
2026-11-13,temperature_2m_max_member02,80.1
2026-11-14,temperature_2m_max_member02,78.6
2026-11-15,temperature_2m_max_member02,81.6
2026-11-16,temperature_2m_max_member02,81.8
2026-11-17,temperature_2m_max_member02,79.6
2026-11-18,temperature_2m_max_member02,79.6
2026-11-19,temperature_2m_max_member02,73.7
2026-11-20,temperature_2m_max_member02,73.8
2026-11-21,temperature_2m_max_member02,76.6
2026-11-22,temperature_2m_max_member02,79.6
2026-11-23,temperature_2m_max_member02,79.9
2026-11-24,temperature_2m_max_member02,78.5
2026-11-25,temperature_2m_max_member02,76.5
2026-11-26,temperature_2m_max_member02,74.8
2026-11-27,temperature_2m_max_member02,66.8
2026-11-28,temperature_2m_max_member02,71.3
2026-11-29,temperature_2m_max_member02,74.6
2026-11-30,temperature_2m_max_member02,79.5
2026-12-01,temperature_2m_max_member02,79.9
2026-12-02,temperature_2m_max_member02,78.4
2026-12-03,temperature_2m_max_member02,71.6
2026-12-04,temperature_2m_max_member02,61.9
2026-12-05,temperature_2m_max_member02,69.1
2026-12-06,temperature_2m_max_member02,76.1
2026-12-07,temperature_2m_max_member02,78.5
2026-12-08,temperature_2m_max_member02,76.4
2026-12-09,temperature_2m_max_member02,72.3
2026-12-10,temperature_2m_max_member02,82
2026-12-11,temperature_2m_max_member02,79
2026-12-12,temperature_2m_max_member02,72.9
2026-12-13,temperature_2m_max_member02,66.1
2026-12-14,temperature_2m_max_member02,63.5
2026-12-15,temperature_2m_max_member02,63.5
2026-12-16,temperature_2m_max_member02,71.9
2026-12-17,temperature_2m_max_member02,72.5
2026-12-18,temperature_2m_max_member02,71.5
2026-12-19,temperature_2m_max_member02,70.3
2026-12-20,temperature_2m_max_member02,70.3
2026-12-21,temperature_2m_max_member02,71.2
2026-12-22,temperature_2m_max_member02,71
2026-12-23,temperature_2m_max_member02,73.5
2026-12-24,temperature_2m_max_member02,78.4
2026-12-25,temperature_2m_max_member02,79.5
2026-12-26,temperature_2m_max_member02,76.9
2026-12-27,temperature_2m_max_member02,76.1
2026-12-28,temperature_2m_max_member02,81.1
2026-12-29,temperature_2m_max_member02,78.5
2026-12-30,temperature_2m_max_member02,73
2026-12-31,temperature_2m_max_member02,81
2027-01-01,temperature_2m_max_member02,80.9
2027-01-02,temperature_2m_max_member02,77
2027-01-03,temperature_2m_max_member02,70.1
2027-01-04,temperature_2m_max_member02,67.3
2027-01-05,temperature_2m_max_member02,74.7
2027-01-06,temperature_2m_max_member02,73.6
2027-01-07,temperature_2m_max_member02,67.8
2027-01-08,temperature_2m_max_member02,77.9
2027-01-09,temperature_2m_max_member02,73.4
2027-01-10,temperature_2m_max_member02,69.2
2027-01-11,temperature_2m_max_member02,77.8
2027-01-12,temperature_2m_max_member02,73.9
2027-01-13,temperature_2m_max_member02,70.9
2027-01-14,temperature_2m_max_member02,73.9
2027-01-15,temperature_2m_max_member02,73.6
2027-01-16,temperature_2m_max_member02,77.4
2027-01-17,temperature_2m_max_member02,78.7
2027-01-18,temperature_2m_max_member02,77.5
2027-01-19,temperature_2m_max_member02,76.6
2027-01-20,temperature_2m_max_member02,74
2027-01-21,temperature_2m_max_member02,76.6
2027-01-22,temperature_2m_max_member02,81.1
2027-01-23,temperature_2m_max_member02,80.2
2027-01-24,temperature_2m_max_member02,80.4
2027-01-25,temperature_2m_max_member02,79.3
2027-01-26,temperature_2m_max_member02,80.3
2027-01-27,temperature_2m_max_member02,80.5
2027-01-28,temperature_2m_max_member02,81.4
2027-01-29,temperature_2m_max_member02,74.6
2027-01-30,temperature_2m_max_member02,69
2027-01-31,temperature_2m_max_member02,70.5
2027-02-01,temperature_2m_max_member02,70.7
2027-02-02,temperature_2m_max_member02,68.6
2027-02-03,temperature_2m_max_member02,74.4
2027-02-04,temperature_2m_max_member02,80.2
2027-02-05,temperature_2m_max_member02,79.9
2027-02-06,temperature_2m_max_member02,79.4
2027-02-07,temperature_2m_max_member02,82.2
2027-02-08,temperature_2m_max_member02,82.1
2027-02-09,temperature_2m_max_member02,77.8
2027-02-10,temperature_2m_max_member02,73.3
2027-02-11,temperature_2m_max_member02,72.3
2027-02-12,temperature_2m_max_member02,64.4
2027-02-13,temperature_2m_max_member02,67.3
2027-02-14,temperature_2m_max_member02,65.3
2027-02-15,temperature_2m_max_member02,62.5
2027-02-16,temperature_2m_max_member02,71.2
2027-02-17,temperature_2m_max_member02,74.5
2027-02-18,temperature_2m_max_member02,78
2027-02-19,temperature_2m_max_member02,76.1
2027-02-20,temperature_2m_max_member02,71.1
2027-02-21,temperature_2m_max_member02,76.1
2027-02-22,temperature_2m_max_member02,78.7
2027-02-23,temperature_2m_max_member02,78.3
2027-02-24,temperature_2m_max_member02,82
2027-02-25,temperature_2m_max_member02,82.3
2027-02-26,temperature_2m_max_member02,81.3
2027-02-27,temperature_2m_max_member02,80.2
2027-02-28,temperature_2m_max_member02,79.7
2027-03-01,temperature_2m_max_member02,79.2
2027-03-02,temperature_2m_max_member02,70.3
2027-03-03,temperature_2m_max_member02,64.9
2027-03-04,temperature_2m_max_member02,68.1
2027-03-05,temperature_2m_max_member02,80.6
2027-03-06,temperature_2m_max_member02,76.4
2027-03-07,temperature_2m_max_member02,69.7
2027-03-08,temperature_2m_max_member02,68.4
2027-03-09,temperature_2m_max_member02,72.5
2027-03-10,temperature_2m_max_member02,75.8
2027-03-11,temperature_2m_max_member02,81.4
2027-03-12,temperature_2m_max_member02,79.1
2027-03-13,temperature_2m_max_member02,71.2
2026-09-15,temperature_2m_max_member03,94.4
2026-09-16,temperature_2m_max_member03,92.5
2026-09-17,temperature_2m_max_member03,89.9
2026-09-18,temperature_2m_max_member03,90.2
2026-09-19,temperature_2m_max_member03,90.4
2026-09-20,temperature_2m_max_member03,89.6
2026-09-21,temperature_2m_max_member03,87.4
2026-09-22,temperature_2m_max_member03,88.3
2026-09-23,temperature_2m_max_member03,88.6
2026-09-24,temperature_2m_max_member03,88.2
2026-09-25,temperature_2m_max_member03,89
2026-09-26,temperature_2m_max_member03,88.6
2026-09-27,temperature_2m_max_member03,82.4
2026-09-28,temperature_2m_max_member03,83.3
2026-09-29,temperature_2m_max_member03,85.2
2026-09-30,temperature_2m_max_member03,86.6
2026-10-01,temperature_2m_max_member03,88.4
2026-10-02,temperature_2m_max_member03,88.6
2026-10-03,temperature_2m_max_member03,88.8
2026-10-04,temperature_2m_max_member03,89.2
2026-10-05,temperature_2m_max_member03,89.2
2026-10-06,temperature_2m_max_member03,89.7
2026-10-07,temperature_2m_max_member03,87.3
2026-10-08,temperature_2m_max_member03,86.8
2026-10-09,temperature_2m_max_member03,86.1
2026-10-10,temperature_2m_max_member03,84
2026-10-11,temperature_2m_max_member03,85.4
2026-10-12,temperature_2m_max_member03,86.7
2026-10-13,temperature_2m_max_member03,86.5
2026-10-14,temperature_2m_max_member03,86.7
2026-10-15,temperature_2m_max_member03,87.3
2026-10-16,temperature_2m_max_member03,83.4
2026-10-17,temperature_2m_max_member03,86.3
2026-10-18,temperature_2m_max_member03,86.8
2026-10-19,temperature_2m_max_member03,87.4
2026-10-20,temperature_2m_max_member03,88.3
2026-10-21,temperature_2m_max_member03,89.1
2026-10-22,temperature_2m_max_member03,87.2
2026-10-23,temperature_2m_max_member03,86.8
2026-10-24,temperature_2m_max_member03,88.1
2026-10-25,temperature_2m_max_member03,88.4
2026-10-26,temperature_2m_max_member03,87.2
2026-10-27,temperature_2m_max_member03,86.5
2026-10-28,temperature_2m_max_member03,85.9
2026-10-29,temperature_2m_max_member03,85.2
2026-10-30,temperature_2m_max_member03,83.1
2026-10-31,temperature_2m_max_member03,82.6
2026-11-01,temperature_2m_max_member03,85.4
2026-11-02,temperature_2m_max_member03,85
2026-11-03,temperature_2m_max_member03,84.4
2026-11-04,temperature_2m_max_member03,81.8
2026-11-05,temperature_2m_max_member03,76.7
2026-11-06,temperature_2m_max_member03,74.9
2026-11-07,temperature_2m_max_member03,75.4
2026-11-08,temperature_2m_max_member03,80.1
2026-11-09,temperature_2m_max_member03,82.6
2026-11-10,temperature_2m_max_member03,79.5
2026-11-11,temperature_2m_max_member03,82.4
2026-11-12,temperature_2m_max_member03,83.8
2026-11-13,temperature_2m_max_member03,82.9
2026-11-14,temperature_2m_max_member03,80.8
2026-11-15,temperature_2m_max_member03,82.6
2026-11-16,temperature_2m_max_member03,79
2026-11-17,temperature_2m_max_member03,79.2
2026-11-18,temperature_2m_max_member03,72.6
2026-11-19,temperature_2m_max_member03,75.7
2026-11-20,temperature_2m_max_member03,77.8
2026-11-21,temperature_2m_max_member03,80.2
2026-11-22,temperature_2m_max_member03,78.3
2026-11-23,temperature_2m_max_member03,75.6
2026-11-24,temperature_2m_max_member03,67.1
2026-11-25,temperature_2m_max_member03,59.4
2026-11-26,temperature_2m_max_member03,59.6
2026-11-27,temperature_2m_max_member03,60.5
2026-11-28,temperature_2m_max_member03,64.2
2026-11-29,temperature_2m_max_member03,65.9
2026-11-30,temperature_2m_max_member03,70.4
2026-12-01,temperature_2m_max_member03,74.8
2026-12-02,temperature_2m_max_member03,71.8
2026-12-03,temperature_2m_max_member03,73.9
2026-12-04,temperature_2m_max_member03,73.9
2026-12-05,temperature_2m_max_member03,80.8
2026-12-06,temperature_2m_max_member03,81.6
2026-12-07,temperature_2m_max_member03,81.2
2026-12-08,temperature_2m_max_member03,80.1
2026-12-09,temperature_2m_max_member03,70.6
2026-12-10,temperature_2m_max_member03,63.7
2026-12-11,temperature_2m_max_member03,65.2
2026-12-12,temperature_2m_max_member03,73.9
2026-12-13,temperature_2m_max_member03,73.7
2026-12-14,temperature_2m_max_member03,73.8
2026-12-15,temperature_2m_max_member03,76.1
2026-12-16,temperature_2m_max_member03,78.5
2026-12-17,temperature_2m_max_member03,71.3
2026-12-18,temperature_2m_max_member03,56.8
2026-12-19,temperature_2m_max_member03,61.1
2026-12-20,temperature_2m_max_member03,72.4
2026-12-21,temperature_2m_max_member03,72.9
2026-12-22,temperature_2m_max_member03,75.7
2026-12-23,temperature_2m_max_member03,76.6
2026-12-24,temperature_2m_max_member03,78.4
2026-12-25,temperature_2m_max_member03,77.8
2026-12-26,temperature_2m_max_member03,78.7
2026-12-27,temperature_2m_max_member03,77.2
2026-12-28,temperature_2m_max_member03,74.8
2026-12-29,temperature_2m_max_member03,68.3
2026-12-30,temperature_2m_max_member03,65.2
2026-12-31,temperature_2m_max_member03,66.3
2027-01-01,temperature_2m_max_member03,64.5
2027-01-02,temperature_2m_max_member03,70.4
2027-01-03,temperature_2m_max_member03,74.8
2027-01-04,temperature_2m_max_member03,76.1
2027-01-05,temperature_2m_max_member03,68.6
2027-01-06,temperature_2m_max_member03,69
2027-01-07,temperature_2m_max_member03,75.9
2027-01-08,temperature_2m_max_member03,69.1
2027-01-09,temperature_2m_max_member03,68.9
2027-01-10,temperature_2m_max_member03,70.2
2027-01-11,temperature_2m_max_member03,67.8
2027-01-12,temperature_2m_max_member03,69.7
2027-01-13,temperature_2m_max_member03,76.6
2027-01-14,temperature_2m_max_member03,67.8
2027-01-15,temperature_2m_max_member03,61.7
2027-01-16,temperature_2m_max_member03,66.2
2027-01-17,temperature_2m_max_member03,69.6
2027-01-18,temperature_2m_max_member03,65.6
2027-01-19,temperature_2m_max_member03,54.5
2027-01-20,temperature_2m_max_member03,61.2
2027-01-21,temperature_2m_max_member03,65.2
2027-01-22,temperature_2m_max_member03,68.5
2027-01-23,temperature_2m_max_member03,74.2
2027-01-24,temperature_2m_max_member03,76.2
2027-01-25,temperature_2m_max_member03,73.5
2027-01-26,temperature_2m_max_member03,68.3
2027-01-27,temperature_2m_max_member03,70.8
2027-01-28,temperature_2m_max_member03,73.1
2027-01-29,temperature_2m_max_member03,74.4
2027-01-30,temperature_2m_max_member03,71.2
2027-01-31,temperature_2m_max_member03,63.1
2027-02-01,temperature_2m_max_member03,67
2027-02-02,temperature_2m_max_member03,71.2
2027-02-03,temperature_2m_max_member03,65.1
2027-02-04,temperature_2m_max_member03,71.1
2027-02-05,temperature_2m_max_member03,73.6
2027-02-06,temperature_2m_max_member03,77.9
2027-02-07,temperature_2m_max_member03,78.9
2027-02-08,temperature_2m_max_member03,75.7
2027-02-09,temperature_2m_max_member03,66.6
2027-02-10,temperature_2m_max_member03,69
2027-02-11,temperature_2m_max_member03,77
2027-02-12,temperature_2m_max_member03,71.7
2027-02-13,temperature_2m_max_member03,63.7
2027-02-14,temperature_2m_max_member03,65.5
2027-02-15,temperature_2m_max_member03,72
2027-02-16,temperature_2m_max_member03,73
2027-02-17,temperature_2m_max_member03,71.4
2027-02-18,temperature_2m_max_member03,69.2
2027-02-19,temperature_2m_max_member03,76.8
2027-02-20,temperature_2m_max_member03,76
2027-02-21,temperature_2m_max_member03,80.6
2027-02-22,temperature_2m_max_member03,79.6
2027-02-23,temperature_2m_max_member03,79.3
2027-02-24,temperature_2m_max_member03,79.8
2027-02-25,temperature_2m_max_member03,78.1
2027-02-26,temperature_2m_max_member03,80.3
2027-02-27,temperature_2m_max_member03,81
2027-02-28,temperature_2m_max_member03,81.8
2027-03-01,temperature_2m_max_member03,81.4
2027-03-02,temperature_2m_max_member03,75.1
2027-03-03,temperature_2m_max_member03,71.5
2027-03-04,temperature_2m_max_member03,75.4
2027-03-05,temperature_2m_max_member03,74.2
2027-03-06,temperature_2m_max_member03,71.1
2027-03-07,temperature_2m_max_member03,63
2027-03-08,temperature_2m_max_member03,70.7
2027-03-09,temperature_2m_max_member03,74.1
2027-03-10,temperature_2m_max_member03,72.6
2027-03-11,temperature_2m_max_member03,63
2027-03-12,temperature_2m_max_member03,62.6
2027-03-13,temperature_2m_max_member03,72.1
2026-09-15,temperature_2m_max_member04,94.7
2026-09-16,temperature_2m_max_member04,92.7
2026-09-17,temperature_2m_max_member04,89.5
2026-09-18,temperature_2m_max_member04,88.9
2026-09-19,temperature_2m_max_member04,89.5
2026-09-20,temperature_2m_max_member04,91.3
2026-09-21,temperature_2m_max_member04,91.4
2026-09-22,temperature_2m_max_member04,85.9
2026-09-23,temperature_2m_max_member04,89.4
2026-09-24,temperature_2m_max_member04,89.9
2026-09-25,temperature_2m_max_member04,89.1
2026-09-26,temperature_2m_max_member04,86.8
2026-09-27,temperature_2m_max_member04,89.9
2026-09-28,temperature_2m_max_member04,90.2
2026-09-29,temperature_2m_max_member04,88.3
2026-09-30,temperature_2m_max_member04,88.3
2026-10-01,temperature_2m_max_member04,89.4
2026-10-02,temperature_2m_max_member04,88.9
2026-10-03,temperature_2m_max_member04,89.5
2026-10-04,temperature_2m_max_member04,89.7
2026-10-05,temperature_2m_max_member04,90.2
2026-10-06,temperature_2m_max_member04,89.8
2026-10-07,temperature_2m_max_member04,88.3
2026-10-08,temperature_2m_max_member04,85.8
2026-10-09,temperature_2m_max_member04,86.9
2026-10-10,temperature_2m_max_member04,86.9
2026-10-11,temperature_2m_max_member04,85.7
2026-10-12,temperature_2m_max_member04,86.7
2026-10-13,temperature_2m_max_member04,89.2
2026-10-14,temperature_2m_max_member04,90.6
2026-10-15,temperature_2m_max_member04,91.5
2026-10-16,temperature_2m_max_member04,89.2
2026-10-17,temperature_2m_max_member04,89.6
2026-10-18,temperature_2m_max_member04,90.8
2026-10-19,temperature_2m_max_member04,92.7
2026-10-20,temperature_2m_max_member04,93.3
2026-10-21,temperature_2m_max_member04,90.1
2026-10-22,temperature_2m_max_member04,91.2
2026-10-23,temperature_2m_max_member04,91.9
2026-10-24,temperature_2m_max_member04,90.1
2026-10-25,temperature_2m_max_member04,89.3
2026-10-26,temperature_2m_max_member04,89.1
2026-10-27,temperature_2m_max_member04,87.7
2026-10-28,temperature_2m_max_member04,84.9
2026-10-29,temperature_2m_max_member04,83.1
2026-10-30,temperature_2m_max_member04,82.4
2026-10-31,temperature_2m_max_member04,83.2
2026-11-01,temperature_2m_max_member04,80.7
2026-11-02,temperature_2m_max_member04,78.3
2026-11-03,temperature_2m_max_member04,77.4
2026-11-04,temperature_2m_max_member04,72.9
2026-11-05,temperature_2m_max_member04,72.3
2026-11-06,temperature_2m_max_member04,71.3
2026-11-07,temperature_2m_max_member04,72.8
2026-11-08,temperature_2m_max_member04,74.2
2026-11-09,temperature_2m_max_member04,75.6
2026-11-10,temperature_2m_max_member04,78.9
2026-11-11,temperature_2m_max_member04,82.4
2026-11-12,temperature_2m_max_member04,81.7
2026-11-13,temperature_2m_max_member04,84.4
2026-11-14,temperature_2m_max_member04,82
2026-11-15,temperature_2m_max_member04,78.4
2026-11-16,temperature_2m_max_member04,77.3
2026-11-17,temperature_2m_max_member04,74.6
2026-11-18,temperature_2m_max_member04,71.3
2026-11-19,temperature_2m_max_member04,69.8
2026-11-20,temperature_2m_max_member04,71
2026-11-21,temperature_2m_max_member04,76.6
2026-11-22,temperature_2m_max_member04,70.6
2026-11-23,temperature_2m_max_member04,62.3
2026-11-24,temperature_2m_max_member04,74.8
2026-11-25,temperature_2m_max_member04,77.7
2026-11-26,temperature_2m_max_member04,79.6
2026-11-27,temperature_2m_max_member04,80.9
2026-11-28,temperature_2m_max_member04,77.1
2026-11-29,temperature_2m_max_member04,78.7
2026-11-30,temperature_2m_max_member04,81.8
2026-12-01,temperature_2m_max_member04,82.6
2026-12-02,temperature_2m_max_member04,79.6
2026-12-03,temperature_2m_max_member04,82.3
2026-12-04,temperature_2m_max_member04,84
2026-12-05,temperature_2m_max_member04,76.4
2026-12-06,temperature_2m_max_member04,71.9
2026-12-07,temperature_2m_max_member04,81.7
2026-12-08,temperature_2m_max_member04,84.3
2026-12-09,temperature_2m_max_member04,85
2026-12-10,temperature_2m_max_member04,78.6
2026-12-11,temperature_2m_max_member04,55.3
2026-12-12,temperature_2m_max_member04,72
2026-12-13,temperature_2m_max_member04,73.5
2026-12-14,temperature_2m_max_member04,69.5
2026-12-15,temperature_2m_max_member04,71.4
2026-12-16,temperature_2m_max_member04,75.7
2026-12-17,temperature_2m_max_member04,72
2026-12-18,temperature_2m_max_member04,64.3
2026-12-19,temperature_2m_max_member04,62
2026-12-20,temperature_2m_max_member04,68
2026-12-21,temperature_2m_max_member04,71.2
2026-12-22,temperature_2m_max_member04,78.1
2026-12-23,temperature_2m_max_member04,76.6
2026-12-24,temperature_2m_max_member04,71.7
2026-12-25,temperature_2m_max_member04,63.8
2026-12-26,temperature_2m_max_member04,60.6
2026-12-27,temperature_2m_max_member04,64.7
2026-12-28,temperature_2m_max_member04,66.7
2026-12-29,temperature_2m_max_member04,78.6
2026-12-30,temperature_2m_max_member04,72.6
2026-12-31,temperature_2m_max_member04,59.2
2027-01-01,temperature_2m_max_member04,56.1
2027-01-02,temperature_2m_max_member04,66.7
2027-01-03,temperature_2m_max_member04,71.2
2027-01-04,temperature_2m_max_member04,69.9
2027-01-05,temperature_2m_max_member04,70.6
2027-01-06,temperature_2m_max_member04,72
2027-01-07,temperature_2m_max_member04,73.7
2027-01-08,temperature_2m_max_member04,74.8
2027-01-09,temperature_2m_max_member04,72.8
2027-01-10,temperature_2m_max_member04,65.8
2027-01-11,temperature_2m_max_member04,66.9
2027-01-12,temperature_2m_max_member04,72.2
2027-01-13,temperature_2m_max_member04,68.8
2027-01-14,temperature_2m_max_member04,60.5
2027-01-15,temperature_2m_max_member04,59.3
2027-01-16,temperature_2m_max_member04,54.9
2027-01-17,temperature_2m_max_member04,59
2027-01-18,temperature_2m_max_member04,65.2
2027-01-19,temperature_2m_max_member04,67.4
2027-01-20,temperature_2m_max_member04,69.9
2027-01-21,temperature_2m_max_member04,70.9
2027-01-22,temperature_2m_max_member04,68
2027-01-23,temperature_2m_max_member04,68.9
2027-01-24,temperature_2m_max_member04,70.1
2027-01-25,temperature_2m_max_member04,74
2027-01-26,temperature_2m_max_member04,64.5
2027-01-27,temperature_2m_max_member04,59.5
2027-01-28,temperature_2m_max_member04,61.4
2027-01-29,temperature_2m_max_member04,66
2027-01-30,temperature_2m_max_member04,70.8
2027-01-31,temperature_2m_max_member04,73
2027-02-01,temperature_2m_max_member04,72.9
2027-02-02,temperature_2m_max_member04,67.6
2027-02-03,temperature_2m_max_member04,67.1
2027-02-04,temperature_2m_max_member04,61.3
2027-02-05,temperature_2m_max_member04,63.3
2027-02-06,temperature_2m_max_member04,58.8
2027-02-07,temperature_2m_max_member04,58.4
2027-02-08,temperature_2m_max_member04,59.7
2027-02-09,temperature_2m_max_member04,58.6
2027-02-10,temperature_2m_max_member04,70.5
2027-02-11,temperature_2m_max_member04,71
2027-02-12,temperature_2m_max_member04,66.1
2027-02-13,temperature_2m_max_member04,65.1
2027-02-14,temperature_2m_max_member04,59.9
2027-02-15,temperature_2m_max_member04,50.9
2027-02-16,temperature_2m_max_member04,58.5
2027-02-17,temperature_2m_max_member04,63.1
2027-02-18,temperature_2m_max_member04,64.2
2027-02-19,temperature_2m_max_member04,67.1
2027-02-20,temperature_2m_max_member04,70.7
2027-02-21,temperature_2m_max_member04,67.7
2027-02-22,temperature_2m_max_member04,65.8
2027-02-23,temperature_2m_max_member04,70.1
2027-02-24,temperature_2m_max_member04,67.7
2027-02-25,temperature_2m_max_member04,66
2027-02-26,temperature_2m_max_member04,65.2
2027-02-27,temperature_2m_max_member04,64.6
2027-02-28,temperature_2m_max_member04,71.4
2027-03-01,temperature_2m_max_member04,72.8
2027-03-02,temperature_2m_max_member04,64
2027-03-03,temperature_2m_max_member04,63.5
2027-03-04,temperature_2m_max_member04,64.2
2027-03-05,temperature_2m_max_member04,66.7
2027-03-06,temperature_2m_max_member04,69.4
2027-03-07,temperature_2m_max_member04,72.8
2027-03-08,temperature_2m_max_member04,67.5
2027-03-09,temperature_2m_max_member04,70
2027-03-10,temperature_2m_max_member04,75.8
2027-03-11,temperature_2m_max_member04,74.2
2027-03-12,temperature_2m_max_member04,73.9
2027-03-13,temperature_2m_max_member04,78.6
2026-09-15,temperature_2m_max_member05,95.8
2026-09-16,temperature_2m_max_member05,95.9
2026-09-17,temperature_2m_max_member05,93.9
2026-09-18,temperature_2m_max_member05,89.3
2026-09-19,temperature_2m_max_member05,93.7
2026-09-20,temperature_2m_max_member05,94.6
2026-09-21,temperature_2m_max_member05,93.3
2026-09-22,temperature_2m_max_member05,86.4
2026-09-23,temperature_2m_max_member05,87.6
2026-09-24,temperature_2m_max_member05,89.8
2026-09-25,temperature_2m_max_member05,89.8
2026-09-26,temperature_2m_max_member05,89.2
2026-09-27,temperature_2m_max_member05,89.5
2026-09-28,temperature_2m_max_member05,90
2026-09-29,temperature_2m_max_member05,89.8
2026-09-30,temperature_2m_max_member05,90
2026-10-01,temperature_2m_max_member05,89.8
2026-10-02,temperature_2m_max_member05,88.3
2026-10-03,temperature_2m_max_member05,87.7
2026-10-04,temperature_2m_max_member05,87.5
2026-10-05,temperature_2m_max_member05,88.7
2026-10-06,temperature_2m_max_member05,89.3
2026-10-07,temperature_2m_max_member05,89.5
2026-10-08,temperature_2m_max_member05,90
2026-10-09,temperature_2m_max_member05,90.8
2026-10-10,temperature_2m_max_member05,91
2026-10-11,temperature_2m_max_member05,91.7
2026-10-12,temperature_2m_max_member05,93.1
2026-10-13,temperature_2m_max_member05,92.8
2026-10-14,temperature_2m_max_member05,91.8
2026-10-15,temperature_2m_max_member05,92.2
2026-10-16,temperature_2m_max_member05,90.8
2026-10-17,temperature_2m_max_member05,91.8
2026-10-18,temperature_2m_max_member05,92.8
2026-10-19,temperature_2m_max_member05,92.8
2026-10-20,temperature_2m_max_member05,92.4
2026-10-21,temperature_2m_max_member05,92.2
2026-10-22,temperature_2m_max_member05,92.2
2026-10-23,temperature_2m_max_member05,92.8
2026-10-24,temperature_2m_max_member05,92.2
2026-10-25,temperature_2m_max_member05,91.4
2026-10-26,temperature_2m_max_member05,90
2026-10-27,temperature_2m_max_member05,87.8
2026-10-28,temperature_2m_max_member05,88.5
2026-10-29,temperature_2m_max_member05,82
2026-10-30,temperature_2m_max_member05,81.2
2026-10-31,temperature_2m_max_member05,79.3
2026-11-01,temperature_2m_max_member05,78.1
2026-11-02,temperature_2m_max_member05,79.8
2026-11-03,temperature_2m_max_member05,79.2
2026-11-04,temperature_2m_max_member05,78
2026-11-05,temperature_2m_max_member05,79.7
2026-11-06,temperature_2m_max_member05,83.3
2026-11-07,temperature_2m_max_member05,77.5
2026-11-08,temperature_2m_max_member05,70.5
2026-11-09,temperature_2m_max_member05,74.9
2026-11-10,temperature_2m_max_member05,77.4
2026-11-11,temperature_2m_max_member05,81.3
2026-11-12,temperature_2m_max_member05,81.6
2026-11-13,temperature_2m_max_member05,81.8
2026-11-14,temperature_2m_max_member05,75.9
2026-11-15,temperature_2m_max_member05,71.2
2026-11-16,temperature_2m_max_member05,74.1
2026-11-17,temperature_2m_max_member05,76.1
2026-11-18,temperature_2m_max_member05,78.3
2026-11-19,temperature_2m_max_member05,78.7
2026-11-20,temperature_2m_max_member05,82.9
2026-11-21,temperature_2m_max_member05,75.3
2026-11-22,temperature_2m_max_member05,82.5
2026-11-23,temperature_2m_max_member05,79.9
2026-11-24,temperature_2m_max_member05,78.2
2026-11-25,temperature_2m_max_member05,83.4
2026-11-26,temperature_2m_max_member05,84.4
2026-11-27,temperature_2m_max_member05,78.1
2026-11-28,temperature_2m_max_member05,72.8
2026-11-29,temperature_2m_max_member05,72.8
2026-11-30,temperature_2m_max_member05,66.4
2026-12-01,temperature_2m_max_member05,58.3
2026-12-02,temperature_2m_max_member05,65.8
2026-12-03,temperature_2m_max_member05,72.9
2026-12-04,temperature_2m_max_member05,74.1
2026-12-05,temperature_2m_max_member05,75.9
2026-12-06,temperature_2m_max_member05,81.1
2026-12-07,temperature_2m_max_member05,81.9
2026-12-08,temperature_2m_max_member05,82.8
2026-12-09,temperature_2m_max_member05,81.2
2026-12-10,temperature_2m_max_member05,81.1
2026-12-11,temperature_2m_max_member05,82.9
2026-12-12,temperature_2m_max_member05,76.1
2026-12-13,temperature_2m_max_member05,68.2
2026-12-14,temperature_2m_max_member05,61.9
2026-12-15,temperature_2m_max_member05,65
2026-12-16,temperature_2m_max_member05,66.1
2026-12-17,temperature_2m_max_member05,68.5
2026-12-18,temperature_2m_max_member05,70.9
2026-12-19,temperature_2m_max_member05,66.7
2026-12-20,temperature_2m_max_member05,65.2
2026-12-21,temperature_2m_max_member05,54.4
2026-12-22,temperature_2m_max_member05,61.1
2026-12-23,temperature_2m_max_member05,70.5
2026-12-24,temperature_2m_max_member05,77.8
2026-12-25,temperature_2m_max_member05,77.7
2026-12-26,temperature_2m_max_member05,80.3
2026-12-27,temperature_2m_max_member05,77.9
2026-12-28,temperature_2m_max_member05,71.4
2026-12-29,temperature_2m_max_member05,71
2026-12-30,temperature_2m_max_member05,77.4
2026-12-31,temperature_2m_max_member05,81.3
2027-01-01,temperature_2m_max_member05,80.8
2027-01-02,temperature_2m_max_member05,80.2
2027-01-03,temperature_2m_max_member05,75.7
2027-01-04,temperature_2m_max_member05,76.8
2027-01-05,temperature_2m_max_member05,79.8
2027-01-06,temperature_2m_max_member05,80
2027-01-07,temperature_2m_max_member05,80
2027-01-08,temperature_2m_max_member05,75.8
2027-01-09,temperature_2m_max_member05,67
2027-01-10,temperature_2m_max_member05,63.7
2027-01-11,temperature_2m_max_member05,68.5
2027-01-12,temperature_2m_max_member05,73
2027-01-13,temperature_2m_max_member05,74.8
2027-01-14,temperature_2m_max_member05,77.5
2027-01-15,temperature_2m_max_member05,78.3
2027-01-16,temperature_2m_max_member05,75.1
2027-01-17,temperature_2m_max_member05,66.1
2027-01-18,temperature_2m_max_member05,68.1
2027-01-19,temperature_2m_max_member05,64.6
2027-01-20,temperature_2m_max_member05,62.3
2027-01-21,temperature_2m_max_member05,72.8
2027-01-22,temperature_2m_max_member05,79
2027-01-23,temperature_2m_max_member05,74.3
2027-01-24,temperature_2m_max_member05,61.3
2027-01-25,temperature_2m_max_member05,62
2027-01-26,temperature_2m_max_member05,71
2027-01-27,temperature_2m_max_member05,73.6
2027-01-28,temperature_2m_max_member05,67.1
2027-01-29,temperature_2m_max_member05,66.9
2027-01-30,temperature_2m_max_member05,69.6
2027-01-31,temperature_2m_max_member05,69.3
2027-02-01,temperature_2m_max_member05,63.4
2027-02-02,temperature_2m_max_member05,73.5
2027-02-03,temperature_2m_max_member05,77.2
2027-02-04,temperature_2m_max_member05,74.6
2027-02-05,temperature_2m_max_member05,70.1
2027-02-06,temperature_2m_max_member05,64.9
2027-02-07,temperature_2m_max_member05,67.2
2027-02-08,temperature_2m_max_member05,61.4
2027-02-09,temperature_2m_max_member05,70.3
2027-02-10,temperature_2m_max_member05,70
2027-02-11,temperature_2m_max_member05,72
2027-02-12,temperature_2m_max_member05,69.2
2027-02-13,temperature_2m_max_member05,72
2027-02-14,temperature_2m_max_member05,77.8
2027-02-15,temperature_2m_max_member05,72.9
2027-02-16,temperature_2m_max_member05,79.6
2027-02-17,temperature_2m_max_member05,79.2
2027-02-18,temperature_2m_max_member05,72.2
2027-02-19,temperature_2m_max_member05,71.4
2027-02-20,temperature_2m_max_member05,70.2
2027-02-21,temperature_2m_max_member05,73.2
2027-02-22,temperature_2m_max_member05,71.9
2027-02-23,temperature_2m_max_member05,74
2027-02-24,temperature_2m_max_member05,74.5
2027-02-25,temperature_2m_max_member05,69.2
2027-02-26,temperature_2m_max_member05,63.6
2027-02-27,temperature_2m_max_member05,64
2027-02-28,temperature_2m_max_member05,70.7
2027-03-01,temperature_2m_max_member05,72.1
2027-03-02,temperature_2m_max_member05,76.6
2027-03-03,temperature_2m_max_member05,75.6
2027-03-04,temperature_2m_max_member05,66.4
2027-03-05,temperature_2m_max_member05,66.2
2027-03-06,temperature_2m_max_member05,69
2027-03-07,temperature_2m_max_member05,71.9
2027-03-08,temperature_2m_max_member05,69.3
2027-03-09,temperature_2m_max_member05,67.6
2027-03-10,temperature_2m_max_member05,72.3
2027-03-11,temperature_2m_max_member05,72.9
2027-03-12,temperature_2m_max_member05,70.9
2027-03-13,temperature_2m_max_member05,69.4
2026-09-15,temperature_2m_max_member06,93
2026-09-16,temperature_2m_max_member06,91.1
2026-09-17,temperature_2m_max_member06,92.5
2026-09-18,temperature_2m_max_member06,90.1
2026-09-19,temperature_2m_max_member06,91.1
2026-09-20,temperature_2m_max_member06,91.1
2026-09-21,temperature_2m_max_member06,90.8
2026-09-22,temperature_2m_max_member06,89
2026-09-23,temperature_2m_max_member06,82.5
2026-09-24,temperature_2m_max_member06,81.2
2026-09-25,temperature_2m_max_member06,83.3
2026-09-26,temperature_2m_max_member06,84.6
2026-09-27,temperature_2m_max_member06,80.6
2026-09-28,temperature_2m_max_member06,78.5
2026-09-29,temperature_2m_max_member06,81.1
2026-09-30,temperature_2m_max_member06,82.7
2026-10-01,temperature_2m_max_member06,85.9
2026-10-02,temperature_2m_max_member06,87.2
2026-10-03,temperature_2m_max_member06,87.3
2026-10-04,temperature_2m_max_member06,88.3
2026-10-05,temperature_2m_max_member06,88.1
2026-10-06,temperature_2m_max_member06,87.2
2026-10-07,temperature_2m_max_member06,88.4
2026-10-08,temperature_2m_max_member06,89
2026-10-09,temperature_2m_max_member06,86.9
2026-10-10,temperature_2m_max_member06,85.1
2026-10-11,temperature_2m_max_member06,81.2
2026-10-12,temperature_2m_max_member06,81.3
2026-10-13,temperature_2m_max_member06,83
2026-10-14,temperature_2m_max_member06,84.2
2026-10-15,temperature_2m_max_member06,86
2026-10-16,temperature_2m_max_member06,86.9
2026-10-17,temperature_2m_max_member06,87.4
2026-10-18,temperature_2m_max_member06,84.6
2026-10-19,temperature_2m_max_member06,82.6
2026-10-20,temperature_2m_max_member06,82.2
2026-10-21,temperature_2m_max_member06,83.1
2026-10-22,temperature_2m_max_member06,83.1
2026-10-23,temperature_2m_max_member06,82.8
2026-10-24,temperature_2m_max_member06,83.3
2026-10-25,temperature_2m_max_member06,81.8
2026-10-26,temperature_2m_max_member06,79.1
2026-10-27,temperature_2m_max_member06,82.9
2026-10-28,temperature_2m_max_member06,83.7
2026-10-29,temperature_2m_max_member06,80.5
2026-10-30,temperature_2m_max_member06,75.8
2026-10-31,temperature_2m_max_member06,70.9
2026-11-01,temperature_2m_max_member06,77.6
2026-11-02,temperature_2m_max_member06,78.4
2026-11-03,temperature_2m_max_member06,79.6
2026-11-04,temperature_2m_max_member06,75.8
2026-11-05,temperature_2m_max_member06,76
2026-11-06,temperature_2m_max_member06,79.3
2026-11-07,temperature_2m_max_member06,74.7
2026-11-08,temperature_2m_max_member06,70.3
2026-11-09,temperature_2m_max_member06,73.9
2026-11-10,temperature_2m_max_member06,74.4
2026-11-11,temperature_2m_max_member06,78.3
2026-11-12,temperature_2m_max_member06,79.2
2026-11-13,temperature_2m_max_member06,78.8
2026-11-14,temperature_2m_max_member06,79.8
2026-11-15,temperature_2m_max_member06,80.1
2026-11-16,temperature_2m_max_member06,79.9
2026-11-17,temperature_2m_max_member06,79.8
2026-11-18,temperature_2m_max_member06,75.6
2026-11-19,temperature_2m_max_member06,77.6
2026-11-20,temperature_2m_max_member06,72.9
2026-11-21,temperature_2m_max_member06,68.4
2026-11-22,temperature_2m_max_member06,68
2026-11-23,temperature_2m_max_member06,78.8
2026-11-24,temperature_2m_max_member06,76.8
2026-11-25,temperature_2m_max_member06,69.6
2026-11-26,temperature_2m_max_member06,67.6
2026-11-27,temperature_2m_max_member06,77
2026-11-28,temperature_2m_max_member06,68.9
2026-11-29,temperature_2m_max_member06,61.7
2026-11-30,temperature_2m_max_member06,63.8
2026-12-01,temperature_2m_max_member06,63.3
2026-12-02,temperature_2m_max_member06,66.7
2026-12-03,temperature_2m_max_member06,73.3
2026-12-04,temperature_2m_max_member06,77.9
2026-12-05,temperature_2m_max_member06,74.6
2026-12-06,temperature_2m_max_member06,69.3
2026-12-07,temperature_2m_max_member06,68.1
2026-12-08,temperature_2m_max_member06,69.1
2026-12-09,temperature_2m_max_member06,56.2
2026-12-10,temperature_2m_max_member06,68.2
2026-12-11,temperature_2m_max_member06,71.7
2026-12-12,temperature_2m_max_member06,72.2
2026-12-13,temperature_2m_max_member06,74.2
2026-12-14,temperature_2m_max_member06,73.4
2026-12-15,temperature_2m_max_member06,75.1
2026-12-16,temperature_2m_max_member06,73
2026-12-17,temperature_2m_max_member06,76.6
2026-12-18,temperature_2m_max_member06,73
2026-12-19,temperature_2m_max_member06,69.1
2026-12-20,temperature_2m_max_member06,64.7
2026-12-21,temperature_2m_max_member06,68.5
2026-12-22,temperature_2m_max_member06,75.3
2026-12-23,temperature_2m_max_member06,75.6
2026-12-24,temperature_2m_max_member06,68.5
2026-12-25,temperature_2m_max_member06,59.9
2026-12-26,temperature_2m_max_member06,66.6
2026-12-27,temperature_2m_max_member06,71.7
2026-12-28,temperature_2m_max_member06,73
2026-12-29,temperature_2m_max_member06,67.7
2026-12-30,temperature_2m_max_member06,67.2
2026-12-31,temperature_2m_max_member06,73.6
2027-01-01,temperature_2m_max_member06,71.3
2027-01-02,temperature_2m_max_member06,73.9
2027-01-03,temperature_2m_max_member06,69.6
2027-01-04,temperature_2m_max_member06,59.2
2027-01-05,temperature_2m_max_member06,60.9
2027-01-06,temperature_2m_max_member06,70.4
2027-01-07,temperature_2m_max_member06,72.6
2027-01-08,temperature_2m_max_member06,70.3
2027-01-09,temperature_2m_max_member06,64.2
2027-01-10,temperature_2m_max_member06,62
2027-01-11,temperature_2m_max_member06,58.6
2027-01-12,temperature_2m_max_member06,56.7
2027-01-13,temperature_2m_max_member06,63.6
2027-01-14,temperature_2m_max_member06,67.7
2027-01-15,temperature_2m_max_member06,67.4
2027-01-16,temperature_2m_max_member06,68.1
2027-01-17,temperature_2m_max_member06,73.2
2027-01-18,temperature_2m_max_member06,70.5
2027-01-19,temperature_2m_max_member06,70
2027-01-20,temperature_2m_max_member06,65.5
2027-01-21,temperature_2m_max_member06,58.2
2027-01-22,temperature_2m_max_member06,60.2
2027-01-23,temperature_2m_max_member06,61
2027-01-24,temperature_2m_max_member06,61.7
2027-01-25,temperature_2m_max_member06,66.4
2027-01-26,temperature_2m_max_member06,66.4
2027-01-27,temperature_2m_max_member06,68.5
2027-01-28,temperature_2m_max_member06,60.8
2027-01-29,temperature_2m_max_member06,54.1
2027-01-30,temperature_2m_max_member06,60.3
2027-01-31,temperature_2m_max_member06,68.3
2027-02-01,temperature_2m_max_member06,75
2027-02-02,temperature_2m_max_member06,71.7
2027-02-03,temperature_2m_max_member06,71
2027-02-04,temperature_2m_max_member06,63.7
2027-02-05,temperature_2m_max_member06,66.3
2027-02-06,temperature_2m_max_member06,64.2
2027-02-07,temperature_2m_max_member06,70.8
2027-02-08,temperature_2m_max_member06,74
2027-02-09,temperature_2m_max_member06,68.7
2027-02-10,temperature_2m_max_member06,66.6
2027-02-11,temperature_2m_max_member06,72.6
2027-02-12,temperature_2m_max_member06,77.5
2027-02-13,temperature_2m_max_member06,77.7
2027-02-14,temperature_2m_max_member06,77.4
2027-02-15,temperature_2m_max_member06,78.5
2027-02-16,temperature_2m_max_member06,76.5
2027-02-17,temperature_2m_max_member06,78.1
2027-02-18,temperature_2m_max_member06,72.6
2027-02-19,temperature_2m_max_member06,70.8
2027-02-20,temperature_2m_max_member06,71.7
2027-02-21,temperature_2m_max_member06,81.8
2027-02-22,temperature_2m_max_member06,80.1
2027-02-23,temperature_2m_max_member06,78.4
2027-02-24,temperature_2m_max_member06,80.6
2027-02-25,temperature_2m_max_member06,81.5
2027-02-26,temperature_2m_max_member06,80.9
2027-02-27,temperature_2m_max_member06,70.3
2027-02-28,temperature_2m_max_member06,73
2027-03-01,temperature_2m_max_member06,78.6
2027-03-02,temperature_2m_max_member06,82.9
2027-03-03,temperature_2m_max_member06,80.1
2027-03-04,temperature_2m_max_member06,74
2027-03-05,temperature_2m_max_member06,69.1
2027-03-06,temperature_2m_max_member06,68.1
2027-03-07,temperature_2m_max_member06,74.7
2027-03-08,temperature_2m_max_member06,73.5
2027-03-09,temperature_2m_max_member06,73.2
2027-03-10,temperature_2m_max_member06,76.5
2027-03-11,temperature_2m_max_member06,80.8
2027-03-12,temperature_2m_max_member06,82.9
2027-03-13,temperature_2m_max_member06,81.5
2026-09-15,temperature_2m_max_member07,91.5
2026-09-16,temperature_2m_max_member07,90.1
2026-09-17,temperature_2m_max_member07,88.3
2026-09-18,temperature_2m_max_member07,90.6
2026-09-19,temperature_2m_max_member07,91.2
2026-09-20,temperature_2m_max_member07,91.6
2026-09-21,temperature_2m_max_member07,91.6
2026-09-22,temperature_2m_max_member07,92.4
2026-09-23,temperature_2m_max_member07,91.5
2026-09-24,temperature_2m_max_member07,91.3
2026-09-25,temperature_2m_max_member07,91
2026-09-26,temperature_2m_max_member07,90.2
2026-09-27,temperature_2m_max_member07,91.4
2026-09-28,temperature_2m_max_member07,92.7
2026-09-29,temperature_2m_max_member07,90.6
2026-09-30,temperature_2m_max_member07,89.8
2026-10-01,temperature_2m_max_member07,85.6
2026-10-02,temperature_2m_max_member07,78.8
2026-10-03,temperature_2m_max_member07,86.1
2026-10-04,temperature_2m_max_member07,87.8
2026-10-05,temperature_2m_max_member07,89.6
2026-10-06,temperature_2m_max_member07,89.7
2026-10-07,temperature_2m_max_member07,89.9
2026-10-08,temperature_2m_max_member07,86.6
2026-10-09,temperature_2m_max_member07,89.2
2026-10-10,temperature_2m_max_member07,89.3
2026-10-11,temperature_2m_max_member07,89.6
2026-10-12,temperature_2m_max_member07,88.5
2026-10-13,temperature_2m_max_member07,88.9
2026-10-14,temperature_2m_max_member07,88.1
2026-10-15,temperature_2m_max_member07,87.3
2026-10-16,temperature_2m_max_member07,87.7
2026-10-17,temperature_2m_max_member07,87.6
2026-10-18,temperature_2m_max_member07,87.1
2026-10-19,temperature_2m_max_member07,87.4
2026-10-20,temperature_2m_max_member07,87.4
2026-10-21,temperature_2m_max_member07,88.1
2026-10-22,temperature_2m_max_member07,83.8
2026-10-23,temperature_2m_max_member07,85.6
2026-10-24,temperature_2m_max_member07,88.4
2026-10-25,temperature_2m_max_member07,89.8
2026-10-26,temperature_2m_max_member07,87.4
2026-10-27,temperature_2m_max_member07,88.8
2026-10-28,temperature_2m_max_member07,88.2
2026-10-29,temperature_2m_max_member07,86.5
2026-10-30,temperature_2m_max_member07,86.5
2026-10-31,temperature_2m_max_member07,86.3
2026-11-01,temperature_2m_max_member07,81.2
2026-11-02,temperature_2m_max_member07,75.1
2026-11-03,temperature_2m_max_member07,82.9
2026-11-04,temperature_2m_max_member07,85.9
2026-11-05,temperature_2m_max_member07,86.3
2026-11-06,temperature_2m_max_member07,83.3
2026-11-07,temperature_2m_max_member07,82.6
2026-11-08,temperature_2m_max_member07,77.5
2026-11-09,temperature_2m_max_member07,73.9
2026-11-10,temperature_2m_max_member07,72.2
2026-11-11,temperature_2m_max_member07,77.2
2026-11-12,temperature_2m_max_member07,79.1
2026-11-13,temperature_2m_max_member07,79.9
2026-11-14,temperature_2m_max_member07,81.7
2026-11-15,temperature_2m_max_member07,82
2026-11-16,temperature_2m_max_member07,83.5
2026-11-17,temperature_2m_max_member07,84.8
2026-11-18,temperature_2m_max_member07,85.6
2026-11-19,temperature_2m_max_member07,84.3
2026-11-20,temperature_2m_max_member07,84.6
2026-11-21,temperature_2m_max_member07,84.4
2026-11-22,temperature_2m_max_member07,82.3
2026-11-23,temperature_2m_max_member07,82.9
2026-11-24,temperature_2m_max_member07,84.7
2026-11-25,temperature_2m_max_member07,81.9
2026-11-26,temperature_2m_max_member07,80
2026-11-27,temperature_2m_max_member07,72.4
2026-11-28,temperature_2m_max_member07,72.3
2026-11-29,temperature_2m_max_member07,78.6
2026-11-30,temperature_2m_max_member07,76.5
2026-12-01,temperature_2m_max_member07,59.7
2026-12-02,temperature_2m_max_member07,68.4
2026-12-03,temperature_2m_max_member07,66
2026-12-04,temperature_2m_max_member07,65.6
2026-12-05,temperature_2m_max_member07,74.2
2026-12-06,temperature_2m_max_member07,66.4
2026-12-07,temperature_2m_max_member07,74.8
2026-12-08,temperature_2m_max_member07,74.7
2026-12-09,temperature_2m_max_member07,74.9
2026-12-10,temperature_2m_max_member07,73.4
2026-12-11,temperature_2m_max_member07,66.7
2026-12-12,temperature_2m_max_member07,61.4
2026-12-13,temperature_2m_max_member07,72.5
2026-12-14,temperature_2m_max_member07,76.6
2026-12-15,temperature_2m_max_member07,78.8
2026-12-16,temperature_2m_max_member07,79.6
2026-12-17,temperature_2m_max_member07,74.7
2026-12-18,temperature_2m_max_member07,64.9
2026-12-19,temperature_2m_max_member07,69.4
2026-12-20,temperature_2m_max_member07,72.2
2026-12-21,temperature_2m_max_member07,64.5
2026-12-22,temperature_2m_max_member07,62.2
2026-12-23,temperature_2m_max_member07,59.5
2026-12-24,temperature_2m_max_member07,62.2
2026-12-25,temperature_2m_max_member07,70.4
2026-12-26,temperature_2m_max_member07,71
2026-12-27,temperature_2m_max_member07,62.6
2026-12-28,temperature_2m_max_member07,62.2
2026-12-29,temperature_2m_max_member07,63.3
2026-12-30,temperature_2m_max_member07,74.8
2026-12-31,temperature_2m_max_member07,69.8
2027-01-01,temperature_2m_max_member07,80.3
2027-01-02,temperature_2m_max_member07,79
2027-01-03,temperature_2m_max_member07,79.5
2027-01-04,temperature_2m_max_member07,81.6
2027-01-05,temperature_2m_max_member07,81.2
2027-01-06,temperature_2m_max_member07,77.5
2027-01-07,temperature_2m_max_member07,76.7
2027-01-08,temperature_2m_max_member07,71
2027-01-09,temperature_2m_max_member07,72.4
2027-01-10,temperature_2m_max_member07,73.8
2027-01-11,temperature_2m_max_member07,79.1
2027-01-12,temperature_2m_max_member07,75.3
2027-01-13,temperature_2m_max_member07,73.2
2027-01-14,temperature_2m_max_member07,74.4
2027-01-15,temperature_2m_max_member07,74.2
2027-01-16,temperature_2m_max_member07,75.4
2027-01-17,temperature_2m_max_member07,79
2027-01-18,temperature_2m_max_member07,77.9
2027-01-19,temperature_2m_max_member07,78.8
2027-01-20,temperature_2m_max_member07,75.1
2027-01-21,temperature_2m_max_member07,58.9
2027-01-22,temperature_2m_max_member07,70.2
2027-01-23,temperature_2m_max_member07,74.7
2027-01-24,temperature_2m_max_member07,79.1
2027-01-25,temperature_2m_max_member07,71.8
2027-01-26,temperature_2m_max_member07,73.2
2027-01-27,temperature_2m_max_member07,75.4
2027-01-28,temperature_2m_max_member07,68.6
2027-01-29,temperature_2m_max_member07,71.8
2027-01-30,temperature_2m_max_member07,70.1
2027-01-31,temperature_2m_max_member07,70.9
2027-02-01,temperature_2m_max_member07,69.2
2027-02-02,temperature_2m_max_member07,66
2027-02-03,temperature_2m_max_member07,63.9
2027-02-04,temperature_2m_max_member07,67.1
2027-02-05,temperature_2m_max_member07,69.9
2027-02-06,temperature_2m_max_member07,61.3
2027-02-07,temperature_2m_max_member07,61.8
2027-02-08,temperature_2m_max_member07,66.3
2027-02-09,temperature_2m_max_member07,73.9
2027-02-10,temperature_2m_max_member07,79
2027-02-11,temperature_2m_max_member07,65.5
2027-02-12,temperature_2m_max_member07,60.9
2027-02-13,temperature_2m_max_member07,69.3
2027-02-14,temperature_2m_max_member07,78.2
2027-02-15,temperature_2m_max_member07,66.5
2027-02-16,temperature_2m_max_member07,65.8
2027-02-17,temperature_2m_max_member07,69.1
2027-02-18,temperature_2m_max_member07,69.4
2027-02-19,temperature_2m_max_member07,62.7
2027-02-20,temperature_2m_max_member07,61.7
2027-02-21,temperature_2m_max_member07,68
2027-02-22,temperature_2m_max_member07,76.1
2027-02-23,temperature_2m_max_member07,78.3
2027-02-24,temperature_2m_max_member07,78.8
2027-02-25,temperature_2m_max_member07,70.7
2027-02-26,temperature_2m_max_member07,74.5
2027-02-27,temperature_2m_max_member07,76.2
2027-02-28,temperature_2m_max_member07,71.9
2027-03-01,temperature_2m_max_member07,76.5
2027-03-02,temperature_2m_max_member07,74.1
2027-03-03,temperature_2m_max_member07,74.9
2027-03-04,temperature_2m_max_member07,76.4
2027-03-05,temperature_2m_max_member07,80
2027-03-06,temperature_2m_max_member07,79.7
2027-03-07,temperature_2m_max_member07,80.4
2027-03-08,temperature_2m_max_member07,74.1
2027-03-09,temperature_2m_max_member07,73
2027-03-10,temperature_2m_max_member07,78.4
2027-03-11,temperature_2m_max_member07,75.9
2027-03-12,temperature_2m_max_member07,74.9
2027-03-13,temperature_2m_max_member07,78
2026-09-15,temperature_2m_max_member08,92.9
2026-09-16,temperature_2m_max_member08,91.9
2026-09-17,temperature_2m_max_member08,91.7
2026-09-18,temperature_2m_max_member08,91.5
2026-09-19,temperature_2m_max_member08,90.8
2026-09-20,temperature_2m_max_member08,88.6
2026-09-21,temperature_2m_max_member08,88.3
2026-09-22,temperature_2m_max_member08,89.1
2026-09-23,temperature_2m_max_member08,86
2026-09-24,temperature_2m_max_member08,87.3
2026-09-25,temperature_2m_max_member08,88.4
2026-09-26,temperature_2m_max_member08,88.7
2026-09-27,temperature_2m_max_member08,89.1
2026-09-28,temperature_2m_max_member08,89.1
2026-09-29,temperature_2m_max_member08,88.3
2026-09-30,temperature_2m_max_member08,89.8
2026-10-01,temperature_2m_max_member08,89.6
2026-10-02,temperature_2m_max_member08,88.9
2026-10-03,temperature_2m_max_member08,89.1
2026-10-04,temperature_2m_max_member08,89.5
2026-10-05,temperature_2m_max_member08,88.7
2026-10-06,temperature_2m_max_member08,89.1
2026-10-07,temperature_2m_max_member08,91.5
2026-10-08,temperature_2m_max_member08,92.3
2026-10-09,temperature_2m_max_member08,92.8
2026-10-10,temperature_2m_max_member08,93.2
2026-10-11,temperature_2m_max_member08,93.6
2026-10-12,temperature_2m_max_member08,92.8
2026-10-13,temperature_2m_max_member08,92.3
2026-10-14,temperature_2m_max_member08,89.3
2026-10-15,temperature_2m_max_member08,90.7
2026-10-16,temperature_2m_max_member08,90.1
2026-10-17,temperature_2m_max_member08,90.9
2026-10-18,temperature_2m_max_member08,90.2
2026-10-19,temperature_2m_max_member08,89.4
2026-10-20,temperature_2m_max_member08,84
2026-10-21,temperature_2m_max_member08,86.5
2026-10-22,temperature_2m_max_member08,87.1
2026-10-23,temperature_2m_max_member08,85.9
2026-10-24,temperature_2m_max_member08,77.5
2026-10-25,temperature_2m_max_member08,76.6
2026-10-26,temperature_2m_max_member08,70
2026-10-27,temperature_2m_max_member08,80.4
2026-10-28,temperature_2m_max_member08,82.1
2026-10-29,temperature_2m_max_member08,84
2026-10-30,temperature_2m_max_member08,85.7
2026-10-31,temperature_2m_max_member08,82.9
2026-11-01,temperature_2m_max_member08,77.3
2026-11-02,temperature_2m_max_member08,81.2
2026-11-03,temperature_2m_max_member08,84
2026-11-04,temperature_2m_max_member08,84.7
2026-11-05,temperature_2m_max_member08,84.6
2026-11-06,temperature_2m_max_member08,79.1
2026-11-07,temperature_2m_max_member08,81.9
2026-11-08,temperature_2m_max_member08,86.5
2026-11-09,temperature_2m_max_member08,84.1
2026-11-10,temperature_2m_max_member08,83.8
2026-11-11,temperature_2m_max_member08,79.7
2026-11-12,temperature_2m_max_member08,74.5
2026-11-13,temperature_2m_max_member08,77.4
2026-11-14,temperature_2m_max_member08,83.2
2026-11-15,temperature_2m_max_member08,84.4
2026-11-16,temperature_2m_max_member08,80.6
2026-11-17,temperature_2m_max_member08,84.2
2026-11-18,temperature_2m_max_member08,83.9
2026-11-19,temperature_2m_max_member08,81.9
2026-11-20,temperature_2m_max_member08,76.8
2026-11-21,temperature_2m_max_member08,78.4
2026-11-22,temperature_2m_max_member08,86
2026-11-23,temperature_2m_max_member08,83.5
2026-11-24,temperature_2m_max_member08,80.2
2026-11-25,temperature_2m_max_member08,79.3
2026-11-26,temperature_2m_max_member08,74.2
2026-11-27,temperature_2m_max_member08,76.6
2026-11-28,temperature_2m_max_member08,81.8
2026-11-29,temperature_2m_max_member08,82.4
2026-11-30,temperature_2m_max_member08,75.1
2026-12-01,temperature_2m_max_member08,72.7
2026-12-02,temperature_2m_max_member08,73.8
2026-12-03,temperature_2m_max_member08,78.5
2026-12-04,temperature_2m_max_member08,76.4
2026-12-05,temperature_2m_max_member08,72
2026-12-06,temperature_2m_max_member08,76.4
2026-12-07,temperature_2m_max_member08,77.4
2026-12-08,temperature_2m_max_member08,83.7
2026-12-09,temperature_2m_max_member08,81.1
2026-12-10,temperature_2m_max_member08,80.7
2026-12-11,temperature_2m_max_member08,81.3
2026-12-12,temperature_2m_max_member08,81.1
2026-12-13,temperature_2m_max_member08,83
2026-12-14,temperature_2m_max_member08,82.3
2026-12-15,temperature_2m_max_member08,78.9
2026-12-16,temperature_2m_max_member08,83.5
2026-12-17,temperature_2m_max_member08,78.6
2026-12-18,temperature_2m_max_member08,78.1
2026-12-19,temperature_2m_max_member08,72
2026-12-20,temperature_2m_max_member08,62
2026-12-21,temperature_2m_max_member08,70.2
2026-12-22,temperature_2m_max_member08,76.6
2026-12-23,temperature_2m_max_member08,83.1
2026-12-24,temperature_2m_max_member08,83.3
2026-12-25,temperature_2m_max_member08,83.4
2026-12-26,temperature_2m_max_member08,82.7
2026-12-27,temperature_2m_max_member08,80.5
2026-12-28,temperature_2m_max_member08,82.3
2026-12-29,temperature_2m_max_member08,82.2
2026-12-30,temperature_2m_max_member08,83.6
2026-12-31,temperature_2m_max_member08,83
2027-01-01,temperature_2m_max_member08,81.8
2027-01-02,temperature_2m_max_member08,82.2
2027-01-03,temperature_2m_max_member08,82.7
2027-01-04,temperature_2m_max_member08,81.6
2027-01-05,temperature_2m_max_member08,78.7
2027-01-06,temperature_2m_max_member08,68.4
2027-01-07,temperature_2m_max_member08,59.3
2027-01-08,temperature_2m_max_member08,70.6
2027-01-09,temperature_2m_max_member08,70.8
2027-01-10,temperature_2m_max_member08,74.5
2027-01-11,temperature_2m_max_member08,77.6
2027-01-12,temperature_2m_max_member08,76.7
2027-01-13,temperature_2m_max_member08,79.2
2027-01-14,temperature_2m_max_member08,81.1
2027-01-15,temperature_2m_max_member08,80.2
2027-01-16,temperature_2m_max_member08,74.4
2027-01-17,temperature_2m_max_member08,60.1
2027-01-18,temperature_2m_max_member08,58.6
2027-01-19,temperature_2m_max_member08,66.8
2027-01-20,temperature_2m_max_member08,63.2
2027-01-21,temperature_2m_max_member08,62.2
2027-01-22,temperature_2m_max_member08,70.6
2027-01-23,temperature_2m_max_member08,73.5
2027-01-24,temperature_2m_max_member08,62.8
2027-01-25,temperature_2m_max_member08,68.8
2027-01-26,temperature_2m_max_member08,76.5
2027-01-27,temperature_2m_max_member08,69.9
2027-01-28,temperature_2m_max_member08,71.7
2027-01-29,temperature_2m_max_member08,73
2027-01-30,temperature_2m_max_member08,66.7
2027-01-31,temperature_2m_max_member08,72.1
2027-02-01,temperature_2m_max_member08,73.9
2027-02-02,temperature_2m_max_member08,70.8
2027-02-03,temperature_2m_max_member08,63.4
2027-02-04,temperature_2m_max_member08,61.7
2027-02-05,temperature_2m_max_member08,61.6
2027-02-06,temperature_2m_max_member08,67.3
2027-02-07,temperature_2m_max_member08,66.4
2027-02-08,temperature_2m_max_member08,58.6
2027-02-09,temperature_2m_max_member08,61.2
2027-02-10,temperature_2m_max_member08,58.2
2027-02-11,temperature_2m_max_member08,52.3
2027-02-12,temperature_2m_max_member08,59.8
2027-02-13,temperature_2m_max_member08,57.7
2027-02-14,temperature_2m_max_member08,57.6
2027-02-15,temperature_2m_max_member08,64.9
2027-02-16,temperature_2m_max_member08,66.5
2027-02-17,temperature_2m_max_member08,72.1
2027-02-18,temperature_2m_max_member08,73.5
2027-02-19,temperature_2m_max_member08,72.4
2027-02-20,temperature_2m_max_member08,71.9
2027-02-21,temperature_2m_max_member08,67.6
2027-02-22,temperature_2m_max_member08,63.3
2027-02-23,temperature_2m_max_member08,67.9
2027-02-24,temperature_2m_max_member08,70.5
2027-02-25,temperature_2m_max_member08,69.2
2027-02-26,temperature_2m_max_member08,74.5
2027-02-27,temperature_2m_max_member08,64.4
2027-02-28,temperature_2m_max_member08,63.7
2027-03-01,temperature_2m_max_member08,71.7
2027-03-02,temperature_2m_max_member08,73
2027-03-03,temperature_2m_max_member08,74.4
2027-03-04,temperature_2m_max_member08,76.5
2027-03-05,temperature_2m_max_member08,76
2027-03-06,temperature_2m_max_member08,70.4
2027-03-07,temperature_2m_max_member08,59.6
2027-03-08,temperature_2m_max_member08,66.2
2027-03-09,temperature_2m_max_member08,70.3
2027-03-10,temperature_2m_max_member08,78.7
2027-03-11,temperature_2m_max_member08,79.8
2027-03-12,temperature_2m_max_member08,80.3
2027-03-13,temperature_2m_max_member08,78.6
2026-09-15,temperature_2m_max_member09,96.7
2026-09-16,temperature_2m_max_member09,95.3
2026-09-17,temperature_2m_max_member09,90.1
2026-09-18,temperature_2m_max_member09,90.6
2026-09-19,temperature_2m_max_member09,87.6
2026-09-20,temperature_2m_max_member09,87.4
2026-09-21,temperature_2m_max_member09,86.5
2026-09-22,temperature_2m_max_member09,89.2
2026-09-23,temperature_2m_max_member09,89.9
2026-09-24,temperature_2m_max_member09,88.1
2026-09-25,temperature_2m_max_member09,90.1
2026-09-26,temperature_2m_max_member09,90
2026-09-27,temperature_2m_max_member09,89.1
2026-09-28,temperature_2m_max_member09,89.9
2026-09-29,temperature_2m_max_member09,88.4
2026-09-30,temperature_2m_max_member09,87.9
2026-10-01,temperature_2m_max_member09,88.6
2026-10-02,temperature_2m_max_member09,89.9
2026-10-03,temperature_2m_max_member09,89.7
2026-10-04,temperature_2m_max_member09,88.9
2026-10-05,temperature_2m_max_member09,89.2
2026-10-06,temperature_2m_max_member09,89.2
2026-10-07,temperature_2m_max_member09,90.1
2026-10-08,temperature_2m_max_member09,89.6
2026-10-09,temperature_2m_max_member09,90.1
2026-10-10,temperature_2m_max_member09,89.7
2026-10-11,temperature_2m_max_member09,86.6
2026-10-12,temperature_2m_max_member09,77.3
2026-10-13,temperature_2m_max_member09,83.9
2026-10-14,temperature_2m_max_member09,84
2026-10-15,temperature_2m_max_member09,82.7
2026-10-16,temperature_2m_max_member09,77.4
2026-10-17,temperature_2m_max_member09,80
2026-10-18,temperature_2m_max_member09,83.8
2026-10-19,temperature_2m_max_member09,85.2
2026-10-20,temperature_2m_max_member09,85.9
2026-10-21,temperature_2m_max_member09,84.1
2026-10-22,temperature_2m_max_member09,84.6
2026-10-23,temperature_2m_max_member09,83.9
2026-10-24,temperature_2m_max_member09,84.2
2026-10-25,temperature_2m_max_member09,84.2
2026-10-26,temperature_2m_max_member09,84.5
2026-10-27,temperature_2m_max_member09,84.1
2026-10-28,temperature_2m_max_member09,83.2
2026-10-29,temperature_2m_max_member09,77.4
2026-10-30,temperature_2m_max_member09,71.4
2026-10-31,temperature_2m_max_member09,79.3
2026-11-01,temperature_2m_max_member09,79.1
2026-11-02,temperature_2m_max_member09,74.8
2026-11-03,temperature_2m_max_member09,79.2
2026-11-04,temperature_2m_max_member09,79.8
2026-11-05,temperature_2m_max_member09,79.6
2026-11-06,temperature_2m_max_member09,79.6
2026-11-07,temperature_2m_max_member09,80.4
2026-11-08,temperature_2m_max_member09,79.9
2026-11-09,temperature_2m_max_member09,81.1
2026-11-10,temperature_2m_max_member09,80.2
2026-11-11,temperature_2m_max_member09,79.3
2026-11-12,temperature_2m_max_member09,75.6
2026-11-13,temperature_2m_max_member09,76
2026-11-14,temperature_2m_max_member09,78.3
2026-11-15,temperature_2m_max_member09,79.3
2026-11-16,temperature_2m_max_member09,82.3
2026-11-17,temperature_2m_max_member09,84.3
2026-11-18,temperature_2m_max_member09,85.1
2026-11-19,temperature_2m_max_member09,83.8
2026-11-20,temperature_2m_max_member09,82.8
2026-11-21,temperature_2m_max_member09,80.2
2026-11-22,temperature_2m_max_member09,79.3
2026-11-23,temperature_2m_max_member09,80.1
2026-11-24,temperature_2m_max_member09,82.1
2026-11-25,temperature_2m_max_member09,82.6
2026-11-26,temperature_2m_max_member09,83.2
2026-11-27,temperature_2m_max_member09,80.8
2026-11-28,temperature_2m_max_member09,74.1
2026-11-29,temperature_2m_max_member09,70.6
2026-11-30,temperature_2m_max_member09,80.3
2026-12-01,temperature_2m_max_member09,82
2026-12-02,temperature_2m_max_member09,83.5
2026-12-03,temperature_2m_max_member09,85
2026-12-04,temperature_2m_max_member09,77.8
2026-12-05,temperature_2m_max_member09,64.8
2026-12-06,temperature_2m_max_member09,63
2026-12-07,temperature_2m_max_member09,67.6
2026-12-08,temperature_2m_max_member09,62
2026-12-09,temperature_2m_max_member09,57
2026-12-10,temperature_2m_max_member09,57.8
2026-12-11,temperature_2m_max_member09,60.5
2026-12-12,temperature_2m_max_member09,69.5
2026-12-13,temperature_2m_max_member09,74.3
2026-12-14,temperature_2m_max_member09,66.9
2026-12-15,temperature_2m_max_member09,64.7
2026-12-16,temperature_2m_max_member09,64.3
2026-12-17,temperature_2m_max_member09,68.8
2026-12-18,temperature_2m_max_member09,72.3
2026-12-19,temperature_2m_max_member09,75.5
2026-12-20,temperature_2m_max_member09,67.7
2026-12-21,temperature_2m_max_member09,65.9
2026-12-22,temperature_2m_max_member09,67.3
2026-12-23,temperature_2m_max_member09,73.7
2026-12-24,temperature_2m_max_member09,68.5
2026-12-25,temperature_2m_max_member09,58.6
2026-12-26,temperature_2m_max_member09,67.1
2026-12-27,temperature_2m_max_member09,70.9
2026-12-28,temperature_2m_max_member09,76.6
2026-12-29,temperature_2m_max_member09,69.4
2026-12-30,temperature_2m_max_member09,70.7
2026-12-31,temperature_2m_max_member09,70.7
2027-01-01,temperature_2m_max_member09,69.2
2027-01-02,temperature_2m_max_member09,64.9
2027-01-03,temperature_2m_max_member09,66.7
2027-01-04,temperature_2m_max_member09,68.5
2027-01-05,temperature_2m_max_member09,68
2027-01-06,temperature_2m_max_member09,72.4
2027-01-07,temperature_2m_max_member09,74.3
2027-01-08,temperature_2m_max_member09,76.1
2027-01-09,temperature_2m_max_member09,71.8
2027-01-10,temperature_2m_max_member09,63.1
2027-01-11,temperature_2m_max_member09,58.8
2027-01-12,temperature_2m_max_member09,59.5
2027-01-13,temperature_2m_max_member09,62.1
2027-01-14,temperature_2m_max_member09,58.6
2027-01-15,temperature_2m_max_member09,61
2027-01-16,temperature_2m_max_member09,57.2
2027-01-17,temperature_2m_max_member09,54.1
2027-01-18,temperature_2m_max_member09,69.2
2027-01-19,temperature_2m_max_member09,71.3
2027-01-20,temperature_2m_max_member09,66
2027-01-21,temperature_2m_max_member09,69.9
2027-01-22,temperature_2m_max_member09,70.4
2027-01-23,temperature_2m_max_member09,62.8
2027-01-24,temperature_2m_max_member09,52.8
2027-01-25,temperature_2m_max_member09,53.7
2027-01-26,temperature_2m_max_member09,54.3
2027-01-27,temperature_2m_max_member09,60.5
2027-01-28,temperature_2m_max_member09,65.2
2027-01-29,temperature_2m_max_member09,68.7
2027-01-30,temperature_2m_max_member09,72.6
2027-01-31,temperature_2m_max_member09,66.5
2027-02-01,temperature_2m_max_member09,64.2
2027-02-02,temperature_2m_max_member09,72.2
2027-02-03,temperature_2m_max_member09,73.3
2027-02-04,temperature_2m_max_member09,70.7
2027-02-05,temperature_2m_max_member09,73.6
2027-02-06,temperature_2m_max_member09,67.2
2027-02-07,temperature_2m_max_member09,63.7
2027-02-08,temperature_2m_max_member09,61.5
2027-02-09,temperature_2m_max_member09,71.4
2027-02-10,temperature_2m_max_member09,69.4
2027-02-11,temperature_2m_max_member09,64.3
2027-02-12,temperature_2m_max_member09,65.9
2027-02-13,temperature_2m_max_member09,61.2
2027-02-14,temperature_2m_max_member09,58.7
2027-02-15,temperature_2m_max_member09,58.5
2027-02-16,temperature_2m_max_member09,60.2
2027-02-17,temperature_2m_max_member09,68.9
2027-02-18,temperature_2m_max_member09,72.5
2027-02-19,temperature_2m_max_member09,72.8
2027-02-20,temperature_2m_max_member09,71.2
2027-02-21,temperature_2m_max_member09,65
2027-02-22,temperature_2m_max_member09,58.7
2027-02-23,temperature_2m_max_member09,63.3
2027-02-24,temperature_2m_max_member09,67.4
2027-02-25,temperature_2m_max_member09,58.4
2027-02-26,temperature_2m_max_member09,59.7
2027-02-27,temperature_2m_max_member09,61.5
2027-02-28,temperature_2m_max_member09,59.1
2027-03-01,temperature_2m_max_member09,61
2027-03-02,temperature_2m_max_member09,70.4
2027-03-03,temperature_2m_max_member09,64
2027-03-04,temperature_2m_max_member09,62.8
2027-03-05,temperature_2m_max_member09,67
2027-03-06,temperature_2m_max_member09,70.2
2027-03-07,temperature_2m_max_member09,73.7
2027-03-08,temperature_2m_max_member09,73.5
2027-03-09,temperature_2m_max_member09,74.1
2027-03-10,temperature_2m_max_member09,74.5
2027-03-11,temperature_2m_max_member09,73.1
2027-03-12,temperature_2m_max_member09,75.4
2027-03-13,temperature_2m_max_member09,75.7
2026-09-15,temperature_2m_max_member10,93.5
2026-09-16,temperature_2m_max_member10,93.7
2026-09-17,temperature_2m_max_member10,88.6
2026-09-18,temperature_2m_max_member10,88.8
2026-09-19,temperature_2m_max_member10,84.1
2026-09-20,temperature_2m_max_member10,86.9
2026-09-21,temperature_2m_max_member10,87.1
2026-09-22,temperature_2m_max_member10,83.8
2026-09-23,temperature_2m_max_member10,83.3
2026-09-24,temperature_2m_max_member10,87.1
2026-09-25,temperature_2m_max_member10,87.8
2026-09-26,temperature_2m_max_member10,89.2
2026-09-27,temperature_2m_max_member10,89.3
2026-09-28,temperature_2m_max_member10,87.9
2026-09-29,temperature_2m_max_member10,87.4
2026-09-30,temperature_2m_max_member10,87.5
2026-10-01,temperature_2m_max_member10,87.8
2026-10-02,temperature_2m_max_member10,85.1
2026-10-03,temperature_2m_max_member10,81.8
2026-10-04,temperature_2m_max_member10,82.5
2026-10-05,temperature_2m_max_member10,81.9
2026-10-06,temperature_2m_max_member10,84.2
2026-10-07,temperature_2m_max_member10,84.4
2026-10-08,temperature_2m_max_member10,78.5
2026-10-09,temperature_2m_max_member10,84.5
2026-10-10,temperature_2m_max_member10,84.5
2026-10-11,temperature_2m_max_member10,85.5
2026-10-12,temperature_2m_max_member10,86.2
2026-10-13,temperature_2m_max_member10,86.6
2026-10-14,temperature_2m_max_member10,87.4
2026-10-15,temperature_2m_max_member10,86.5
2026-10-16,temperature_2m_max_member10,85.8
2026-10-17,temperature_2m_max_member10,84.3
2026-10-18,temperature_2m_max_member10,76.7
2026-10-19,temperature_2m_max_member10,75.4
2026-10-20,temperature_2m_max_member10,77.5
2026-10-21,temperature_2m_max_member10,80
2026-10-22,temperature_2m_max_member10,80.8
2026-10-23,temperature_2m_max_member10,82.7
2026-10-24,temperature_2m_max_member10,83.9
2026-10-25,temperature_2m_max_member10,85.4
2026-10-26,temperature_2m_max_member10,85.6
2026-10-27,temperature_2m_max_member10,83.8
2026-10-28,temperature_2m_max_member10,84.5
2026-10-29,temperature_2m_max_member10,81.2
2026-10-30,temperature_2m_max_member10,84.7
2026-10-31,temperature_2m_max_member10,85.5
2026-11-01,temperature_2m_max_member10,83.4
2026-11-02,temperature_2m_max_member10,78.2
2026-11-03,temperature_2m_max_member10,76.3
2026-11-04,temperature_2m_max_member10,82
2026-11-05,temperature_2m_max_member10,80.9
2026-11-06,temperature_2m_max_member10,66.8
2026-11-07,temperature_2m_max_member10,73.1
2026-11-08,temperature_2m_max_member10,78.1
2026-11-09,temperature_2m_max_member10,79
2026-11-10,temperature_2m_max_member10,84.3
2026-11-11,temperature_2m_max_member10,84.7
2026-11-12,temperature_2m_max_member10,82.7
2026-11-13,temperature_2m_max_member10,82.9
2026-11-14,temperature_2m_max_member10,82
2026-11-15,temperature_2m_max_member10,82.4
2026-11-16,temperature_2m_max_member10,83.5
2026-11-17,temperature_2m_max_member10,81.8
2026-11-18,temperature_2m_max_member10,78.2
2026-11-19,temperature_2m_max_member10,74.5
2026-11-20,temperature_2m_max_member10,61.5
2026-11-21,temperature_2m_max_member10,73.2
2026-11-22,temperature_2m_max_member10,77.4
2026-11-23,temperature_2m_max_member10,77.8
2026-11-24,temperature_2m_max_member10,72.7
2026-11-25,temperature_2m_max_member10,74.8
2026-11-26,temperature_2m_max_member10,73.6
2026-11-27,temperature_2m_max_member10,71.4
2026-11-28,temperature_2m_max_member10,73.3
2026-11-29,temperature_2m_max_member10,77.6
2026-11-30,temperature_2m_max_member10,78.6
2026-12-01,temperature_2m_max_member10,75.7
2026-12-02,temperature_2m_max_member10,72.1
2026-12-03,temperature_2m_max_member10,60.1
2026-12-04,temperature_2m_max_member10,64.3
2026-12-05,temperature_2m_max_member10,66.3
2026-12-06,temperature_2m_max_member10,70.8
2026-12-07,temperature_2m_max_member10,76.2
2026-12-08,temperature_2m_max_member10,76.5
2026-12-09,temperature_2m_max_member10,77.8
2026-12-10,temperature_2m_max_member10,76.8
2026-12-11,temperature_2m_max_member10,74.9
2026-12-12,temperature_2m_max_member10,76.1
2026-12-13,temperature_2m_max_member10,74.8
2026-12-14,temperature_2m_max_member10,69.4
2026-12-15,temperature_2m_max_member10,62.5
2026-12-16,temperature_2m_max_member10,71.7
2026-12-17,temperature_2m_max_member10,73.9
2026-12-18,temperature_2m_max_member10,76.2
2026-12-19,temperature_2m_max_member10,73.9
2026-12-20,temperature_2m_max_member10,62.9
2026-12-21,temperature_2m_max_member10,53.2
2026-12-22,temperature_2m_max_member10,62.5
2026-12-23,temperature_2m_max_member10,69.4
2026-12-24,temperature_2m_max_member10,74
2026-12-25,temperature_2m_max_member10,65.7
2026-12-26,temperature_2m_max_member10,64.7
2026-12-27,temperature_2m_max_member10,75.4
2026-12-28,temperature_2m_max_member10,68
2026-12-29,temperature_2m_max_member10,73.8
2026-12-30,temperature_2m_max_member10,78.2
2026-12-31,temperature_2m_max_member10,74.1
2027-01-01,temperature_2m_max_member10,69.3
2027-01-02,temperature_2m_max_member10,61.9
2027-01-03,temperature_2m_max_member10,70.1
2027-01-04,temperature_2m_max_member10,67.8
2027-01-05,temperature_2m_max_member10,60.8
2027-01-06,temperature_2m_max_member10,67.8
2027-01-07,temperature_2m_max_member10,69.4
2027-01-08,temperature_2m_max_member10,69.4
2027-01-09,temperature_2m_max_member10,68.3
2027-01-10,temperature_2m_max_member10,74
2027-01-11,temperature_2m_max_member10,73.5
2027-01-12,temperature_2m_max_member10,72.3
2027-01-13,temperature_2m_max_member10,68.9
2027-01-14,temperature_2m_max_member10,66
2027-01-15,temperature_2m_max_member10,70.6
2027-01-16,temperature_2m_max_member10,66.9
2027-01-17,temperature_2m_max_member10,64.7
2027-01-18,temperature_2m_max_member10,72.4
2027-01-19,temperature_2m_max_member10,62.5
2027-01-20,temperature_2m_max_member10,68.4
2027-01-21,temperature_2m_max_member10,64.7
2027-01-22,temperature_2m_max_member10,64.8
2027-01-23,temperature_2m_max_member10,69
2027-01-24,temperature_2m_max_member10,70.7
2027-01-25,temperature_2m_max_member10,68.5
2027-01-26,temperature_2m_max_member10,65
2027-01-27,temperature_2m_max_member10,67.3
2027-01-28,temperature_2m_max_member10,69.2
2027-01-29,temperature_2m_max_member10,72.7
2027-01-30,temperature_2m_max_member10,74.5
2027-01-31,temperature_2m_max_member10,67.6
2027-02-01,temperature_2m_max_member10,63.6
2027-02-02,temperature_2m_max_member10,64
2027-02-03,temperature_2m_max_member10,67.5
2027-02-04,temperature_2m_max_member10,71.8
2027-02-05,temperature_2m_max_member10,67.8
2027-02-06,temperature_2m_max_member10,64.4
2027-02-07,temperature_2m_max_member10,66.1
2027-02-08,temperature_2m_max_member10,71.4
2027-02-09,temperature_2m_max_member10,74.8
2027-02-10,temperature_2m_max_member10,74.5
2027-02-11,temperature_2m_max_member10,73.1
2027-02-12,temperature_2m_max_member10,68.5
2027-02-13,temperature_2m_max_member10,70.6
2027-02-14,temperature_2m_max_member10,75.3
2027-02-15,temperature_2m_max_member10,76.1
2027-02-16,temperature_2m_max_member10,72.9
2027-02-17,temperature_2m_max_member10,64
2027-02-18,temperature_2m_max_member10,62.3
2027-02-19,temperature_2m_max_member10,68.4
2027-02-20,temperature_2m_max_member10,73.4
2027-02-21,temperature_2m_max_member10,74
2027-02-22,temperature_2m_max_member10,75.9
2027-02-23,temperature_2m_max_member10,72
2027-02-24,temperature_2m_max_member10,63.5
2027-02-25,temperature_2m_max_member10,70.1
2027-02-26,temperature_2m_max_member10,76.3
2027-02-27,temperature_2m_max_member10,72.6
2027-02-28,temperature_2m_max_member10,71.2
2027-03-01,temperature_2m_max_member10,62.5
2027-03-02,temperature_2m_max_member10,62.9
2027-03-03,temperature_2m_max_member10,70.5
2027-03-04,temperature_2m_max_member10,72.8
2027-03-05,temperature_2m_max_member10,74.3
2027-03-06,temperature_2m_max_member10,74.6
2027-03-07,temperature_2m_max_member10,76.2
2027-03-08,temperature_2m_max_member10,73
2027-03-09,temperature_2m_max_member10,69.4
2027-03-10,temperature_2m_max_member10,67.5
2027-03-11,temperature_2m_max_member10,61.7
2027-03-12,temperature_2m_max_member10,59.3
2027-03-13,temperature_2m_max_member10,61.3
2026-09-15,temperature_2m_max_member11,92.5
2026-09-16,temperature_2m_max_member11,90.7
2026-09-17,temperature_2m_max_member11,91
2026-09-18,temperature_2m_max_member11,92
2026-09-19,temperature_2m_max_member11,90.7
2026-09-20,temperature_2m_max_member11,90
2026-09-21,temperature_2m_max_member11,91
2026-09-22,temperature_2m_max_member11,91.6
2026-09-23,temperature_2m_max_member11,91.4
2026-09-24,temperature_2m_max_member11,88.3
2026-09-25,temperature_2m_max_member11,88
2026-09-26,temperature_2m_max_member11,86.4
2026-09-27,temperature_2m_max_member11,87
2026-09-28,temperature_2m_max_member11,87
2026-09-29,temperature_2m_max_member11,84.1
2026-09-30,temperature_2m_max_member11,86.8
2026-10-01,temperature_2m_max_member11,87.4
2026-10-02,temperature_2m_max_member11,85.6
2026-10-03,temperature_2m_max_member11,87.5
2026-10-04,temperature_2m_max_member11,89.4
2026-10-05,temperature_2m_max_member11,90.5
2026-10-06,temperature_2m_max_member11,90.1
2026-10-07,temperature_2m_max_member11,86.7
2026-10-08,temperature_2m_max_member11,86.8
2026-10-09,temperature_2m_max_member11,86.5
2026-10-10,temperature_2m_max_member11,87.4
2026-10-11,temperature_2m_max_member11,88.8
2026-10-12,temperature_2m_max_member11,90.8
2026-10-13,temperature_2m_max_member11,93.4
2026-10-14,temperature_2m_max_member11,94.4
2026-10-15,temperature_2m_max_member11,94.6
2026-10-16,temperature_2m_max_member11,95.2
2026-10-17,temperature_2m_max_member11,94.7
2026-10-18,temperature_2m_max_member11,88.8
2026-10-19,temperature_2m_max_member11,90.2
2026-10-20,temperature_2m_max_member11,91.6
2026-10-21,temperature_2m_max_member11,89.6
2026-10-22,temperature_2m_max_member11,90.1
2026-10-23,temperature_2m_max_member11,91.4
2026-10-24,temperature_2m_max_member11,92.2
2026-10-25,temperature_2m_max_member11,91.5
2026-10-26,temperature_2m_max_member11,91.7
2026-10-27,temperature_2m_max_member11,89.9
2026-10-28,temperature_2m_max_member11,87.3
2026-10-29,temperature_2m_max_member11,86
2026-10-30,temperature_2m_max_member11,86.5
2026-10-31,temperature_2m_max_member11,87.3
2026-11-01,temperature_2m_max_member11,85.6
2026-11-02,temperature_2m_max_member11,85.2
2026-11-03,temperature_2m_max_member11,85
2026-11-04,temperature_2m_max_member11,84.6
2026-11-05,temperature_2m_max_member11,84.6
2026-11-06,temperature_2m_max_member11,80.5
2026-11-07,temperature_2m_max_member11,73.2
2026-11-08,temperature_2m_max_member11,78.4
2026-11-09,temperature_2m_max_member11,78.3
2026-11-10,temperature_2m_max_member11,73.2
2026-11-11,temperature_2m_max_member11,69.3
2026-11-12,temperature_2m_max_member11,68.5
2026-11-13,temperature_2m_max_member11,67.1
2026-11-14,temperature_2m_max_member11,67.4
2026-11-15,temperature_2m_max_member11,67.6
2026-11-16,temperature_2m_max_member11,72.8
2026-11-17,temperature_2m_max_member11,76.8
2026-11-18,temperature_2m_max_member11,80.9
2026-11-19,temperature_2m_max_member11,79.2
2026-11-20,temperature_2m_max_member11,79.3
2026-11-21,temperature_2m_max_member11,80.3
2026-11-22,temperature_2m_max_member11,80.7
2026-11-23,temperature_2m_max_member11,74.5
2026-11-24,temperature_2m_max_member11,78.3
2026-11-25,temperature_2m_max_member11,78
2026-11-26,temperature_2m_max_member11,68.1
2026-11-27,temperature_2m_max_member11,76
2026-11-28,temperature_2m_max_member11,80.6
2026-11-29,temperature_2m_max_member11,79.6
2026-11-30,temperature_2m_max_member11,75.4
2026-12-01,temperature_2m_max_member11,73.8
2026-12-02,temperature_2m_max_member11,77.5
2026-12-03,temperature_2m_max_member11,79
2026-12-04,temperature_2m_max_member11,79.9
2026-12-05,temperature_2m_max_member11,75.6
2026-12-06,temperature_2m_max_member11,72
2026-12-07,temperature_2m_max_member11,58.9
2026-12-08,temperature_2m_max_member11,54.8
2026-12-09,temperature_2m_max_member11,63.9
2026-12-10,temperature_2m_max_member11,70.6
2026-12-11,temperature_2m_max_member11,77.3
2026-12-12,temperature_2m_max_member11,79.7
2026-12-13,temperature_2m_max_member11,79.3
2026-12-14,temperature_2m_max_member11,74.8
2026-12-15,temperature_2m_max_member11,68.9
2026-12-16,temperature_2m_max_member11,69.2
2026-12-17,temperature_2m_max_member11,78.1
2026-12-18,temperature_2m_max_member11,76.5
2026-12-19,temperature_2m_max_member11,65.8
2026-12-20,temperature_2m_max_member11,64.7
2026-12-21,temperature_2m_max_member11,71.7
2026-12-22,temperature_2m_max_member11,76.7
2026-12-23,temperature_2m_max_member11,79
2026-12-24,temperature_2m_max_member11,69.2
2026-12-25,temperature_2m_max_member11,65
2026-12-26,temperature_2m_max_member11,60
2026-12-27,temperature_2m_max_member11,67.9
2026-12-28,temperature_2m_max_member11,71.8
2026-12-29,temperature_2m_max_member11,76.4
2026-12-30,temperature_2m_max_member11,70
2026-12-31,temperature_2m_max_member11,60.9
2027-01-01,temperature_2m_max_member11,68.8
2027-01-02,temperature_2m_max_member11,69.1
2027-01-03,temperature_2m_max_member11,72.1
2027-01-04,temperature_2m_max_member11,70.6
2027-01-05,temperature_2m_max_member11,71.4
2027-01-06,temperature_2m_max_member11,76.1
2027-01-07,temperature_2m_max_member11,77.5
2027-01-08,temperature_2m_max_member11,75.1
2027-01-09,temperature_2m_max_member11,70.1
2027-01-10,temperature_2m_max_member11,67.2
2027-01-11,temperature_2m_max_member11,64.6
2027-01-12,temperature_2m_max_member11,60.9
2027-01-13,temperature_2m_max_member11,62.2
2027-01-14,temperature_2m_max_member11,63.5
2027-01-15,temperature_2m_max_member11,56.1
2027-01-16,temperature_2m_max_member11,56.5
2027-01-17,temperature_2m_max_member11,59.5
2027-01-18,temperature_2m_max_member11,71.2
2027-01-19,temperature_2m_max_member11,71.8
2027-01-20,temperature_2m_max_member11,74.7
2027-01-21,temperature_2m_max_member11,67
2027-01-22,temperature_2m_max_member11,61.8
2027-01-23,temperature_2m_max_member11,68.6
2027-01-24,temperature_2m_max_member11,62.8
2027-01-25,temperature_2m_max_member11,52.3
2027-01-26,temperature_2m_max_member11,56.7
2027-01-27,temperature_2m_max_member11,65.7
2027-01-28,temperature_2m_max_member11,71.3
2027-01-29,temperature_2m_max_member11,73.1
2027-01-30,temperature_2m_max_member11,77.2
2027-01-31,temperature_2m_max_member11,74.5
2027-02-01,temperature_2m_max_member11,68.6
2027-02-02,temperature_2m_max_member11,57.8
2027-02-03,temperature_2m_max_member11,66.5
2027-02-04,temperature_2m_max_member11,66.9
2027-02-05,temperature_2m_max_member11,73
2027-02-06,temperature_2m_max_member11,74.8
2027-02-07,temperature_2m_max_member11,71.7
2027-02-08,temperature_2m_max_member11,71.3
2027-02-09,temperature_2m_max_member11,71.8
2027-02-10,temperature_2m_max_member11,58.6
2027-02-11,temperature_2m_max_member11,58.7
2027-02-12,temperature_2m_max_member11,64
2027-02-13,temperature_2m_max_member11,70.5
2027-02-14,temperature_2m_max_member11,75
2027-02-15,temperature_2m_max_member11,73.9
2027-02-16,temperature_2m_max_member11,76.6
2027-02-17,temperature_2m_max_member11,78
2027-02-18,temperature_2m_max_member11,78.9
2027-02-19,temperature_2m_max_member11,78.2
2027-02-20,temperature_2m_max_member11,76.9
2027-02-21,temperature_2m_max_member11,72.1
2027-02-22,temperature_2m_max_member11,66.7
2027-02-23,temperature_2m_max_member11,56.7
2027-02-24,temperature_2m_max_member11,60.2
2027-02-25,temperature_2m_max_member11,64
2027-02-26,temperature_2m_max_member11,71.2
2027-02-27,temperature_2m_max_member11,74.9
2027-02-28,temperature_2m_max_member11,69.2
2027-03-01,temperature_2m_max_member11,70
2027-03-02,temperature_2m_max_member11,71.9
2027-03-03,temperature_2m_max_member11,74.2
2027-03-04,temperature_2m_max_member11,75.7
2027-03-05,temperature_2m_max_member11,69.6
2027-03-06,temperature_2m_max_member11,58.3
2027-03-07,temperature_2m_max_member11,68.3
2027-03-08,temperature_2m_max_member11,72.1
2027-03-09,temperature_2m_max_member11,71.5
2027-03-10,temperature_2m_max_member11,71.5
2027-03-11,temperature_2m_max_member11,76.6
2027-03-12,temperature_2m_max_member11,73
2027-03-13,temperature_2m_max_member11,67.6
2026-09-15,temperature_2m_max_member12,93.2
2026-09-16,temperature_2m_max_member12,91.2
2026-09-17,temperature_2m_max_member12,91.4
2026-09-18,temperature_2m_max_member12,92.1
2026-09-19,temperature_2m_max_member12,89.2
2026-09-20,temperature_2m_max_member12,86.5
2026-09-21,temperature_2m_max_member12,82
2026-09-22,temperature_2m_max_member12,86.2
2026-09-23,temperature_2m_max_member12,87.1
2026-09-24,temperature_2m_max_member12,88.4
2026-09-25,temperature_2m_max_member12,86.5
2026-09-26,temperature_2m_max_member12,86.6
2026-09-27,temperature_2m_max_member12,85.4
2026-09-28,temperature_2m_max_member12,85.5
2026-09-29,temperature_2m_max_member12,84.1
2026-09-30,temperature_2m_max_member12,86.5
2026-10-01,temperature_2m_max_member12,86.6
2026-10-02,temperature_2m_max_member12,87.7
2026-10-03,temperature_2m_max_member12,87.6
2026-10-04,temperature_2m_max_member12,84.2
2026-10-05,temperature_2m_max_member12,84.7
2026-10-06,temperature_2m_max_member12,86.4
2026-10-07,temperature_2m_max_member12,85.2
2026-10-08,temperature_2m_max_member12,87
2026-10-09,temperature_2m_max_member12,87.9
2026-10-10,temperature_2m_max_member12,87.9
2026-10-11,temperature_2m_max_member12,85.6
2026-10-12,temperature_2m_max_member12,81.9
2026-10-13,temperature_2m_max_member12,84.8
2026-10-14,temperature_2m_max_member12,84.7
2026-10-15,temperature_2m_max_member12,85.4
2026-10-16,temperature_2m_max_member12,85.8
2026-10-17,temperature_2m_max_member12,85.5
2026-10-18,temperature_2m_max_member12,82.8
2026-10-19,temperature_2m_max_member12,82.8
2026-10-20,temperature_2m_max_member12,83.1
2026-10-21,temperature_2m_max_member12,84
2026-10-22,temperature_2m_max_member12,84.3
2026-10-23,temperature_2m_max_member12,83.5
2026-10-24,temperature_2m_max_member12,79.4
2026-10-25,temperature_2m_max_member12,79.2
2026-10-26,temperature_2m_max_member12,80.3
2026-10-27,temperature_2m_max_member12,82.8
2026-10-28,temperature_2m_max_member12,82.4
2026-10-29,temperature_2m_max_member12,84.2
2026-10-30,temperature_2m_max_member12,84
2026-10-31,temperature_2m_max_member12,83.2
2026-11-01,temperature_2m_max_member12,84.9
2026-11-02,temperature_2m_max_member12,84.7
2026-11-03,temperature_2m_max_member12,86.3
2026-11-04,temperature_2m_max_member12,87
2026-11-05,temperature_2m_max_member12,85.7
2026-11-06,temperature_2m_max_member12,86.4
2026-11-07,temperature_2m_max_member12,88.3
2026-11-08,temperature_2m_max_member12,84.7
2026-11-09,temperature_2m_max_member12,84.6
2026-11-10,temperature_2m_max_member12,84.2
2026-11-11,temperature_2m_max_member12,83.3
2026-11-12,temperature_2m_max_member12,77.8
2026-11-13,temperature_2m_max_member12,75.6
2026-11-14,temperature_2m_max_member12,81.7
2026-11-15,temperature_2m_max_member12,83.3
2026-11-16,temperature_2m_max_member12,84
2026-11-17,temperature_2m_max_member12,84.7
2026-11-18,temperature_2m_max_member12,82.7
2026-11-19,temperature_2m_max_member12,85.4
2026-11-20,temperature_2m_max_member12,77
2026-11-21,temperature_2m_max_member12,62.2
2026-11-22,temperature_2m_max_member12,65.8
2026-11-23,temperature_2m_max_member12,69.3
2026-11-24,temperature_2m_max_member12,76.4
2026-11-25,temperature_2m_max_member12,76.9
2026-11-26,temperature_2m_max_member12,83.3
2026-11-27,temperature_2m_max_member12,83.9
2026-11-28,temperature_2m_max_member12,79.6
2026-11-29,temperature_2m_max_member12,82.3
2026-11-30,temperature_2m_max_member12,79.8
2026-12-01,temperature_2m_max_member12,81.5
2026-12-02,temperature_2m_max_member12,82.9
2026-12-03,temperature_2m_max_member12,83.3
2026-12-04,temperature_2m_max_member12,77.8
2026-12-05,temperature_2m_max_member12,77.7
2026-12-06,temperature_2m_max_member12,72.2
2026-12-07,temperature_2m_max_member12,72.2
2026-12-08,temperature_2m_max_member12,76.8
2026-12-09,temperature_2m_max_member12,76.8
2026-12-10,temperature_2m_max_member12,72.2
2026-12-11,temperature_2m_max_member12,67.7
2026-12-12,temperature_2m_max_member12,73.4
2026-12-13,temperature_2m_max_member12,79.4
2026-12-14,temperature_2m_max_member12,80.5
2026-12-15,temperature_2m_max_member12,81.1
2026-12-16,temperature_2m_max_member12,79.3
2026-12-17,temperature_2m_max_member12,74.5
2026-12-18,temperature_2m_max_member12,72.5
2026-12-19,temperature_2m_max_member12,75.8
2026-12-20,temperature_2m_max_member12,82.1
2026-12-21,temperature_2m_max_member12,79.5
2026-12-22,temperature_2m_max_member12,70.9
2026-12-23,temperature_2m_max_member12,74.2
2026-12-24,temperature_2m_max_member12,78.5
2026-12-25,temperature_2m_max_member12,78
2026-12-26,temperature_2m_max_member12,72.5
2026-12-27,temperature_2m_max_member12,70.6
2026-12-28,temperature_2m_max_member12,70.6
2026-12-29,temperature_2m_max_member12,64.4
2026-12-30,temperature_2m_max_member12,64.2
2026-12-31,temperature_2m_max_member12,65.9
2027-01-01,temperature_2m_max_member12,67.3
2027-01-02,temperature_2m_max_member12,62.6
2027-01-03,temperature_2m_max_member12,69.2
2027-01-04,temperature_2m_max_member12,75.3
2027-01-05,temperature_2m_max_member12,77
2027-01-06,temperature_2m_max_member12,71
2027-01-07,temperature_2m_max_member12,64.9
2027-01-08,temperature_2m_max_member12,64.6
2027-01-09,temperature_2m_max_member12,61.3
2027-01-10,temperature_2m_max_member12,64.3
2027-01-11,temperature_2m_max_member12,69.8
2027-01-12,temperature_2m_max_member12,70.4
2027-01-13,temperature_2m_max_member12,72.2
2027-01-14,temperature_2m_max_member12,75.1
2027-01-15,temperature_2m_max_member12,76.5
2027-01-16,temperature_2m_max_member12,78.3
2027-01-17,temperature_2m_max_member12,72.9
2027-01-18,temperature_2m_max_member12,74.2
2027-01-19,temperature_2m_max_member12,79.6
2027-01-20,temperature_2m_max_member12,75
2027-01-21,temperature_2m_max_member12,64.9
2027-01-22,temperature_2m_max_member12,72.1
2027-01-23,temperature_2m_max_member12,72.3
2027-01-24,temperature_2m_max_member12,72.6
2027-01-25,temperature_2m_max_member12,73.4
2027-01-26,temperature_2m_max_member12,74.9
2027-01-27,temperature_2m_max_member12,79.6
2027-01-28,temperature_2m_max_member12,75.1
2027-01-29,temperature_2m_max_member12,61.4
2027-01-30,temperature_2m_max_member12,63
2027-01-31,temperature_2m_max_member12,59.5
2027-02-01,temperature_2m_max_member12,62.2
2027-02-02,temperature_2m_max_member12,70.2
2027-02-03,temperature_2m_max_member12,72.2
2027-02-04,temperature_2m_max_member12,73.5
2027-02-05,temperature_2m_max_member12,73
2027-02-06,temperature_2m_max_member12,75
2027-02-07,temperature_2m_max_member12,73.6
2027-02-08,temperature_2m_max_member12,72.8
2027-02-09,temperature_2m_max_member12,72.5
2027-02-10,temperature_2m_max_member12,74.7
2027-02-11,temperature_2m_max_member12,70.3
2027-02-12,temperature_2m_max_member12,67.1
2027-02-13,temperature_2m_max_member12,64
2027-02-14,temperature_2m_max_member12,68.7
2027-02-15,temperature_2m_max_member12,70.6
2027-02-16,temperature_2m_max_member12,77.5
2027-02-17,temperature_2m_max_member12,80
2027-02-18,temperature_2m_max_member12,68.8
2027-02-19,temperature_2m_max_member12,65.1
2027-02-20,temperature_2m_max_member12,67.9
2027-02-21,temperature_2m_max_member12,71.7
2027-02-22,temperature_2m_max_member12,71.6
2027-02-23,temperature_2m_max_member12,67
2027-02-24,temperature_2m_max_member12,61
2027-02-25,temperature_2m_max_member12,66.6
2027-02-26,temperature_2m_max_member12,69.6
2027-02-27,temperature_2m_max_member12,74.4
2027-02-28,temperature_2m_max_member12,74.4
2027-03-01,temperature_2m_max_member12,74.8
2027-03-02,temperature_2m_max_member12,75.4
2027-03-03,temperature_2m_max_member12,76.2
2027-03-04,temperature_2m_max_member12,74.2
2027-03-05,temperature_2m_max_member12,71.4
2027-03-06,temperature_2m_max_member12,66.3
2027-03-07,temperature_2m_max_member12,65.3
2027-03-08,temperature_2m_max_member12,69.7
2027-03-09,temperature_2m_max_member12,77.4
2027-03-10,temperature_2m_max_member12,75.8
2027-03-11,temperature_2m_max_member12,63.2
2027-03-12,temperature_2m_max_member12,64.6
2027-03-13,temperature_2m_max_member12,72.3
2026-09-15,temperature_2m_max_member13,90.7
2026-09-16,temperature_2m_max_member13,90.8
2026-09-17,temperature_2m_max_member13,89.8
2026-09-18,temperature_2m_max_member13,87.4
2026-09-19,temperature_2m_max_member13,88.3
2026-09-20,temperature_2m_max_member13,85
2026-09-21,temperature_2m_max_member13,87.2
2026-09-22,temperature_2m_max_member13,88.9
2026-09-23,temperature_2m_max_member13,90.1
2026-09-24,temperature_2m_max_member13,90
2026-09-25,temperature_2m_max_member13,89.5
2026-09-26,temperature_2m_max_member13,90
2026-09-27,temperature_2m_max_member13,90.1
2026-09-28,temperature_2m_max_member13,89.2
2026-09-29,temperature_2m_max_member13,90.1
2026-09-30,temperature_2m_max_member13,90.4
2026-10-01,temperature_2m_max_member13,90.5
2026-10-02,temperature_2m_max_member13,91
2026-10-03,temperature_2m_max_member13,89.4
2026-10-04,temperature_2m_max_member13,91
2026-10-05,temperature_2m_max_member13,92.3
2026-10-06,temperature_2m_max_member13,92.8
2026-10-07,temperature_2m_max_member13,90.5
2026-10-08,temperature_2m_max_member13,90.7
2026-10-09,temperature_2m_max_member13,88
2026-10-10,temperature_2m_max_member13,83.5
2026-10-11,temperature_2m_max_member13,86.3
2026-10-12,temperature_2m_max_member13,89.7
2026-10-13,temperature_2m_max_member13,89.9
2026-10-14,temperature_2m_max_member13,89.9
2026-10-15,temperature_2m_max_member13,91
2026-10-16,temperature_2m_max_member13,92
2026-10-17,temperature_2m_max_member13,91.2
2026-10-18,temperature_2m_max_member13,89.7
2026-10-19,temperature_2m_max_member13,89
2026-10-20,temperature_2m_max_member13,87.4
2026-10-21,temperature_2m_max_member13,90.8
2026-10-22,temperature_2m_max_member13,91.8
2026-10-23,temperature_2m_max_member13,90.9
2026-10-24,temperature_2m_max_member13,92.1
2026-10-25,temperature_2m_max_member13,93.2
2026-10-26,temperature_2m_max_member13,93.5
2026-10-27,temperature_2m_max_member13,88.8
2026-10-28,temperature_2m_max_member13,84.8
2026-10-29,temperature_2m_max_member13,83.8
2026-10-30,temperature_2m_max_member13,81
2026-10-31,temperature_2m_max_member13,82.9
2026-11-01,temperature_2m_max_member13,81.1
2026-11-02,temperature_2m_max_member13,75.9
2026-11-03,temperature_2m_max_member13,71.8
2026-11-04,temperature_2m_max_member13,78.8
2026-11-05,temperature_2m_max_member13,83.9
2026-11-06,temperature_2m_max_member13,86.6
2026-11-07,temperature_2m_max_member13,86.1
2026-11-08,temperature_2m_max_member13,86.7
2026-11-09,temperature_2m_max_member13,83.5
2026-11-10,temperature_2m_max_member13,87
2026-11-11,temperature_2m_max_member13,87.4
2026-11-12,temperature_2m_max_member13,88.3
2026-11-13,temperature_2m_max_member13,87.7
2026-11-14,temperature_2m_max_member13,87.6
2026-11-15,temperature_2m_max_member13,87.7
2026-11-16,temperature_2m_max_member13,79.6
2026-11-17,temperature_2m_max_member13,73.6
2026-11-18,temperature_2m_max_member13,72.9
2026-11-19,temperature_2m_max_member13,71.7
2026-11-20,temperature_2m_max_member13,76.9
2026-11-21,temperature_2m_max_member13,80.7
2026-11-22,temperature_2m_max_member13,77
2026-11-23,temperature_2m_max_member13,71.6
2026-11-24,temperature_2m_max_member13,66.1
2026-11-25,temperature_2m_max_member13,70.5
2026-11-26,temperature_2m_max_member13,75.2
2026-11-27,temperature_2m_max_member13,75.8
2026-11-28,temperature_2m_max_member13,78.9
2026-11-29,temperature_2m_max_member13,78.9
2026-11-30,temperature_2m_max_member13,78.4
2026-12-01,temperature_2m_max_member13,77.7
2026-12-02,temperature_2m_max_member13,73.9
2026-12-03,temperature_2m_max_member13,72.5
2026-12-04,temperature_2m_max_member13,77.4
2026-12-05,temperature_2m_max_member13,79.3
2026-12-06,temperature_2m_max_member13,79.7
2026-12-07,temperature_2m_max_member13,79.6
2026-12-08,temperature_2m_max_member13,76.8
2026-12-09,temperature_2m_max_member13,67.4
2026-12-10,temperature_2m_max_member13,60.6
2026-12-11,temperature_2m_max_member13,60.4
2026-12-12,temperature_2m_max_member13,55.4
2026-12-13,temperature_2m_max_member13,66.6
2026-12-14,temperature_2m_max_member13,70
2026-12-15,temperature_2m_max_member13,78.3
2026-12-16,temperature_2m_max_member13,79.8
2026-12-17,temperature_2m_max_member13,69.6
2026-12-18,temperature_2m_max_member13,72.2
2026-12-19,temperature_2m_max_member13,72.9
2026-12-20,temperature_2m_max_member13,67.8
2026-12-21,temperature_2m_max_member13,62.7
2026-12-22,temperature_2m_max_member13,65
2026-12-23,temperature_2m_max_member13,68.1
2026-12-24,temperature_2m_max_member13,70.1
2026-12-25,temperature_2m_max_member13,72.1
2026-12-26,temperature_2m_max_member13,75.6
2026-12-27,temperature_2m_max_member13,74.4
2026-12-28,temperature_2m_max_member13,77.4
2026-12-29,temperature_2m_max_member13,77.2
2026-12-30,temperature_2m_max_member13,73.2
2026-12-31,temperature_2m_max_member13,64.5
2027-01-01,temperature_2m_max_member13,72.3
2027-01-02,temperature_2m_max_member13,72.1
2027-01-03,temperature_2m_max_member13,75.2
2027-01-04,temperature_2m_max_member13,78.8
2027-01-05,temperature_2m_max_member13,77.5
2027-01-06,temperature_2m_max_member13,79.3
2027-01-07,temperature_2m_max_member13,77.7
2027-01-08,temperature_2m_max_member13,64.9
2027-01-09,temperature_2m_max_member13,70.6
2027-01-10,temperature_2m_max_member13,80.2
2027-01-11,temperature_2m_max_member13,80.2
2027-01-12,temperature_2m_max_member13,78
2027-01-13,temperature_2m_max_member13,68.5
2027-01-14,temperature_2m_max_member13,61.9
2027-01-15,temperature_2m_max_member13,74.5
2027-01-16,temperature_2m_max_member13,79.5
2027-01-17,temperature_2m_max_member13,73.9
2027-01-18,temperature_2m_max_member13,64.7
2027-01-19,temperature_2m_max_member13,63
2027-01-20,temperature_2m_max_member13,65.3
2027-01-21,temperature_2m_max_member13,62.5
2027-01-22,temperature_2m_max_member13,63.6
2027-01-23,temperature_2m_max_member13,73
2027-01-24,temperature_2m_max_member13,74.8
2027-01-25,temperature_2m_max_member13,67.9
2027-01-26,temperature_2m_max_member13,71.3
2027-01-27,temperature_2m_max_member13,63.6
2027-01-28,temperature_2m_max_member13,64.7
2027-01-29,temperature_2m_max_member13,68.2
2027-01-30,temperature_2m_max_member13,72.4
2027-01-31,temperature_2m_max_member13,71.5
2027-02-01,temperature_2m_max_member13,69.1
2027-02-02,temperature_2m_max_member13,68.4
2027-02-03,temperature_2m_max_member13,72.1
2027-02-04,temperature_2m_max_member13,70.3
2027-02-05,temperature_2m_max_member13,66.7
2027-02-06,temperature_2m_max_member13,69.9
2027-02-07,temperature_2m_max_member13,74.5
2027-02-08,temperature_2m_max_member13,73
2027-02-09,temperature_2m_max_member13,72
2027-02-10,temperature_2m_max_member13,63.6
2027-02-11,temperature_2m_max_member13,61.9
2027-02-12,temperature_2m_max_member13,64.6
2027-02-13,temperature_2m_max_member13,64.9
2027-02-14,temperature_2m_max_member13,69.6
2027-02-15,temperature_2m_max_member13,67.2
2027-02-16,temperature_2m_max_member13,62.7
2027-02-17,temperature_2m_max_member13,72.2
2027-02-18,temperature_2m_max_member13,73.6
2027-02-19,temperature_2m_max_member13,75.1
2027-02-20,temperature_2m_max_member13,71.9
2027-02-21,temperature_2m_max_member13,69
2027-02-22,temperature_2m_max_member13,66.1
2027-02-23,temperature_2m_max_member13,67.2
2027-02-24,temperature_2m_max_member13,67.4
2027-02-25,temperature_2m_max_member13,63.7
2027-02-26,temperature_2m_max_member13,74.4
2027-02-27,temperature_2m_max_member13,74.6
2027-02-28,temperature_2m_max_member13,68.4
2027-03-01,temperature_2m_max_member13,77.2
2027-03-02,temperature_2m_max_member13,73.9
2027-03-03,temperature_2m_max_member13,70.4
2027-03-04,temperature_2m_max_member13,74.4
2027-03-05,temperature_2m_max_member13,75.7
2027-03-06,temperature_2m_max_member13,74.9
2027-03-07,temperature_2m_max_member13,74.9
2027-03-08,temperature_2m_max_member13,77.8
2027-03-09,temperature_2m_max_member13,78.9
2027-03-10,temperature_2m_max_member13,75
2027-03-11,temperature_2m_max_member13,71.1
2027-03-12,temperature_2m_max_member13,70.2
2027-03-13,temperature_2m_max_member13,74.1
2026-09-15,temperature_2m_max_member14,95.4
2026-09-16,temperature_2m_max_member14,96.5
2026-09-17,temperature_2m_max_member14,93.9
2026-09-18,temperature_2m_max_member14,95.2
2026-09-19,temperature_2m_max_member14,93.5
2026-09-20,temperature_2m_max_member14,88
2026-09-21,temperature_2m_max_member14,83.6
2026-09-22,temperature_2m_max_member14,84.5
2026-09-23,temperature_2m_max_member14,86.8
2026-09-24,temperature_2m_max_member14,88.6
2026-09-25,temperature_2m_max_member14,89.9
2026-09-26,temperature_2m_max_member14,85.1
2026-09-27,temperature_2m_max_member14,82.3
2026-09-28,temperature_2m_max_member14,80.2
2026-09-29,temperature_2m_max_member14,84.1
2026-09-30,temperature_2m_max_member14,85.1
2026-10-01,temperature_2m_max_member14,85.6
2026-10-02,temperature_2m_max_member14,85.5
2026-10-03,temperature_2m_max_member14,87.5
2026-10-04,temperature_2m_max_member14,87.9
2026-10-05,temperature_2m_max_member14,87.5
2026-10-06,temperature_2m_max_member14,88.3
2026-10-07,temperature_2m_max_member14,87.1
2026-10-08,temperature_2m_max_member14,88.6
2026-10-09,temperature_2m_max_member14,87.5
2026-10-10,temperature_2m_max_member14,81.9
2026-10-11,temperature_2m_max_member14,81.5
2026-10-12,temperature_2m_max_member14,81.2
2026-10-13,temperature_2m_max_member14,82.1
2026-10-14,temperature_2m_max_member14,82.6
2026-10-15,temperature_2m_max_member14,83.5
2026-10-16,temperature_2m_max_member14,81.5
2026-10-17,temperature_2m_max_member14,82.1
2026-10-18,temperature_2m_max_member14,85.9
2026-10-19,temperature_2m_max_member14,86.1
2026-10-20,temperature_2m_max_member14,85
2026-10-21,temperature_2m_max_member14,84.7
2026-10-22,temperature_2m_max_member14,78.4
2026-10-23,temperature_2m_max_member14,79.5
2026-10-24,temperature_2m_max_member14,80
2026-10-25,temperature_2m_max_member14,82.5
2026-10-26,temperature_2m_max_member14,84.8
2026-10-27,temperature_2m_max_member14,84
2026-10-28,temperature_2m_max_member14,82.3
2026-10-29,temperature_2m_max_member14,77.3
2026-10-30,temperature_2m_max_member14,77.2
2026-10-31,temperature_2m_max_member14,83.1
2026-11-01,temperature_2m_max_member14,80.3
2026-11-02,temperature_2m_max_member14,81.5
2026-11-03,temperature_2m_max_member14,80.4
2026-11-04,temperature_2m_max_member14,81.2
2026-11-05,temperature_2m_max_member14,81.3
2026-11-06,temperature_2m_max_member14,75
2026-11-07,temperature_2m_max_member14,62.5
2026-11-08,temperature_2m_max_member14,71.9
2026-11-09,temperature_2m_max_member14,75.7
2026-11-10,temperature_2m_max_member14,81.9
2026-11-11,temperature_2m_max_member14,83
2026-11-12,temperature_2m_max_member14,73.7
2026-11-13,temperature_2m_max_member14,72.6
2026-11-14,temperature_2m_max_member14,78.7
2026-11-15,temperature_2m_max_member14,82.6
2026-11-16,temperature_2m_max_member14,82.9
2026-11-17,temperature_2m_max_member14,75.3
2026-11-18,temperature_2m_max_member14,71.1
2026-11-19,temperature_2m_max_member14,75.7
2026-11-20,temperature_2m_max_member14,78
2026-11-21,temperature_2m_max_member14,80.2
2026-11-22,temperature_2m_max_member14,78.8
2026-11-23,temperature_2m_max_member14,78.2
2026-11-24,temperature_2m_max_member14,77.5
2026-11-25,temperature_2m_max_member14,83.7
2026-11-26,temperature_2m_max_member14,79.3
2026-11-27,temperature_2m_max_member14,81.4
2026-11-28,temperature_2m_max_member14,81.4
2026-11-29,temperature_2m_max_member14,81.9
2026-11-30,temperature_2m_max_member14,80.7
2026-12-01,temperature_2m_max_member14,81.2
2026-12-02,temperature_2m_max_member14,75.1
2026-12-03,temperature_2m_max_member14,71.5
2026-12-04,temperature_2m_max_member14,70.2
2026-12-05,temperature_2m_max_member14,75.9
2026-12-06,temperature_2m_max_member14,73.9
2026-12-07,temperature_2m_max_member14,75.4
2026-12-08,temperature_2m_max_member14,73.9
2026-12-09,temperature_2m_max_member14,76.3
2026-12-10,temperature_2m_max_member14,80.1
2026-12-11,temperature_2m_max_member14,80.3
2026-12-12,temperature_2m_max_member14,78.1
2026-12-13,temperature_2m_max_member14,77.4
2026-12-14,temperature_2m_max_member14,73.7
2026-12-15,temperature_2m_max_member14,70.5
2026-12-16,temperature_2m_max_member14,66
2026-12-17,temperature_2m_max_member14,69.4
2026-12-18,temperature_2m_max_member14,74.7
2026-12-19,temperature_2m_max_member14,78.2
2026-12-20,temperature_2m_max_member14,77.5
2026-12-21,temperature_2m_max_member14,76.2
2026-12-22,temperature_2m_max_member14,75.5
2026-12-23,temperature_2m_max_member14,74.5
2026-12-24,temperature_2m_max_member14,76.4
2026-12-25,temperature_2m_max_member14,70.3
2026-12-26,temperature_2m_max_member14,66.1
2026-12-27,temperature_2m_max_member14,61.3
2026-12-28,temperature_2m_max_member14,65.9
2026-12-29,temperature_2m_max_member14,69.4
2026-12-30,temperature_2m_max_member14,71.2
2026-12-31,temperature_2m_max_member14,67.4
2027-01-01,temperature_2m_max_member14,67.9
2027-01-02,temperature_2m_max_member14,71.8
2027-01-03,temperature_2m_max_member14,70.3
2027-01-04,temperature_2m_max_member14,75.8
2027-01-05,temperature_2m_max_member14,73.3
2027-01-06,temperature_2m_max_member14,73.7
2027-01-07,temperature_2m_max_member14,74.9
2027-01-08,temperature_2m_max_member14,74.9
2027-01-09,temperature_2m_max_member14,64
2027-01-10,temperature_2m_max_member14,64.1
2027-01-11,temperature_2m_max_member14,62.2
2027-01-12,temperature_2m_max_member14,58.1
2027-01-13,temperature_2m_max_member14,68
2027-01-14,temperature_2m_max_member14,67.9
2027-01-15,temperature_2m_max_member14,71.6
2027-01-16,temperature_2m_max_member14,73
2027-01-17,temperature_2m_max_member14,71.1
2027-01-18,temperature_2m_max_member14,68.9
2027-01-19,temperature_2m_max_member14,64.8
2027-01-20,temperature_2m_max_member14,64.8
2027-01-21,temperature_2m_max_member14,66.7
2027-01-22,temperature_2m_max_member14,74.8
2027-01-23,temperature_2m_max_member14,69.4
2027-01-24,temperature_2m_max_member14,63.8
2027-01-25,temperature_2m_max_member14,58.6
2027-01-26,temperature_2m_max_member14,62.4
2027-01-27,temperature_2m_max_member14,66.9
2027-01-28,temperature_2m_max_member14,75.3
2027-01-29,temperature_2m_max_member14,76.4
2027-01-30,temperature_2m_max_member14,74
2027-01-31,temperature_2m_max_member14,70.5
2027-02-01,temperature_2m_max_member14,74.8
2027-02-02,temperature_2m_max_member14,75
2027-02-03,temperature_2m_max_member14,66.9
2027-02-04,temperature_2m_max_member14,62.4
2027-02-05,temperature_2m_max_member14,58.6
2027-02-06,temperature_2m_max_member14,60.3
2027-02-07,temperature_2m_max_member14,67.3
2027-02-08,temperature_2m_max_member14,70.6
2027-02-09,temperature_2m_max_member14,75.9
2027-02-10,temperature_2m_max_member14,77.1
2027-02-11,temperature_2m_max_member14,72.9
2027-02-12,temperature_2m_max_member14,63.9
2027-02-13,temperature_2m_max_member14,66.8
2027-02-14,temperature_2m_max_member14,74.4
2027-02-15,temperature_2m_max_member14,59.5
2027-02-16,temperature_2m_max_member14,61.1
2027-02-17,temperature_2m_max_member14,65.5
2027-02-18,temperature_2m_max_member14,67.8
2027-02-19,temperature_2m_max_member14,64.1
2027-02-20,temperature_2m_max_member14,72.4
2027-02-21,temperature_2m_max_member14,75
2027-02-22,temperature_2m_max_member14,75.4
2027-02-23,temperature_2m_max_member14,74.8
2027-02-24,temperature_2m_max_member14,77.4
2027-02-25,temperature_2m_max_member14,73.3
2027-02-26,temperature_2m_max_member14,65.5
2027-02-27,temperature_2m_max_member14,55
2027-02-28,temperature_2m_max_member14,59.3
2027-03-01,temperature_2m_max_member14,59.9
2027-03-02,temperature_2m_max_member14,63.4
2027-03-03,temperature_2m_max_member14,70.4
2027-03-04,temperature_2m_max_member14,74.5
2027-03-05,temperature_2m_max_member14,75.3
2027-03-06,temperature_2m_max_member14,70.5
2027-03-07,temperature_2m_max_member14,68.5
2027-03-08,temperature_2m_max_member14,70.3
2027-03-09,temperature_2m_max_member14,72.7
2027-03-10,temperature_2m_max_member14,70.2
2027-03-11,temperature_2m_max_member14,64.6
2027-03-12,temperature_2m_max_member14,65.4
2027-03-13,temperature_2m_max_member14,69.5
2026-09-15,temperature_2m_max_member15,93
2026-09-16,temperature_2m_max_member15,93.3
2026-09-17,temperature_2m_max_member15,91.7
2026-09-18,temperature_2m_max_member15,89.4
2026-09-19,temperature_2m_max_member15,89.6
2026-09-20,temperature_2m_max_member15,89.7
2026-09-21,temperature_2m_max_member15,91.7
2026-09-22,temperature_2m_max_member15,92.4
2026-09-23,temperature_2m_max_member15,88.3
2026-09-24,temperature_2m_max_member15,88.5
2026-09-25,temperature_2m_max_member15,89
2026-09-26,temperature_2m_max_member15,90.3
2026-09-27,temperature_2m_max_member15,90.1
2026-09-28,temperature_2m_max_member15,91
2026-09-29,temperature_2m_max_member15,91.1
2026-09-30,temperature_2m_max_member15,93.9
2026-10-01,temperature_2m_max_member15,93.8
2026-10-02,temperature_2m_max_member15,87.2
2026-10-03,temperature_2m_max_member15,87.7
2026-10-04,temperature_2m_max_member15,86.3
2026-10-05,temperature_2m_max_member15,84.5
2026-10-06,temperature_2m_max_member15,84.4
2026-10-07,temperature_2m_max_member15,85.6
2026-10-08,temperature_2m_max_member15,86.2
2026-10-09,temperature_2m_max_member15,86.7
2026-10-10,temperature_2m_max_member15,87.3
2026-10-11,temperature_2m_max_member15,90.6
2026-10-12,temperature_2m_max_member15,91.8
2026-10-13,temperature_2m_max_member15,92.5
2026-10-14,temperature_2m_max_member15,89.4
2026-10-15,temperature_2m_max_member15,83.6
2026-10-16,temperature_2m_max_member15,86.9
2026-10-17,temperature_2m_max_member15,87.2
2026-10-18,temperature_2m_max_member15,87.8
2026-10-19,temperature_2m_max_member15,88.6
2026-10-20,temperature_2m_max_member15,89.3
2026-10-21,temperature_2m_max_member15,91.7
2026-10-22,temperature_2m_max_member15,92
2026-10-23,temperature_2m_max_member15,91.1
2026-10-24,temperature_2m_max_member15,88.7
2026-10-25,temperature_2m_max_member15,87.8
2026-10-26,temperature_2m_max_member15,88.6
2026-10-27,temperature_2m_max_member15,90.9
2026-10-28,temperature_2m_max_member15,89.5
2026-10-29,temperature_2m_max_member15,86.1
2026-10-30,temperature_2m_max_member15,85.6
2026-10-31,temperature_2m_max_member15,77.3
2026-11-01,temperature_2m_max_member15,73.1
2026-11-02,temperature_2m_max_member15,82.9
2026-11-03,temperature_2m_max_member15,87.8
2026-11-04,temperature_2m_max_member15,86.5
2026-11-05,temperature_2m_max_member15,85.5
2026-11-06,temperature_2m_max_member15,84.5
2026-11-07,temperature_2m_max_member15,85.2
2026-11-08,temperature_2m_max_member15,83.7
2026-11-09,temperature_2m_max_member15,84.3
2026-11-10,temperature_2m_max_member15,78.6
2026-11-11,temperature_2m_max_member15,75.1
2026-11-12,temperature_2m_max_member15,76.7
2026-11-13,temperature_2m_max_member15,80.9
2026-11-14,temperature_2m_max_member15,84.5
2026-11-15,temperature_2m_max_member15,79.2
2026-11-16,temperature_2m_max_member15,73.4
2026-11-17,temperature_2m_max_member15,77.9
2026-11-18,temperature_2m_max_member15,80.8
2026-11-19,temperature_2m_max_member15,82
2026-11-20,temperature_2m_max_member15,81.1
2026-11-21,temperature_2m_max_member15,83.1
2026-11-22,temperature_2m_max_member15,82.9
2026-11-23,temperature_2m_max_member15,80.5
2026-11-24,temperature_2m_max_member15,84.3
2026-11-25,temperature_2m_max_member15,84.4
2026-11-26,temperature_2m_max_member15,84.7
2026-11-27,temperature_2m_max_member15,84.2
2026-11-28,temperature_2m_max_member15,80.8
2026-11-29,temperature_2m_max_member15,71.9
2026-11-30,temperature_2m_max_member15,81.5
2026-12-01,temperature_2m_max_member15,83.4
2026-12-02,temperature_2m_max_member15,78.5
2026-12-03,temperature_2m_max_member15,72.6
2026-12-04,temperature_2m_max_member15,66.6
2026-12-05,temperature_2m_max_member15,65.1
2026-12-06,temperature_2m_max_member15,70.4
2026-12-07,temperature_2m_max_member15,76.3
2026-12-08,temperature_2m_max_member15,76.5
2026-12-09,temperature_2m_max_member15,79.7
2026-12-10,temperature_2m_max_member15,78.5
2026-12-11,temperature_2m_max_member15,80.6
2026-12-12,temperature_2m_max_member15,75.4
2026-12-13,temperature_2m_max_member15,73.6
2026-12-14,temperature_2m_max_member15,74.1
2026-12-15,temperature_2m_max_member15,82.8
2026-12-16,temperature_2m_max_member15,83.4
2026-12-17,temperature_2m_max_member15,73.6
2026-12-18,temperature_2m_max_member15,78.3
2026-12-19,temperature_2m_max_member15,76.3
2026-12-20,temperature_2m_max_member15,63.9
2026-12-21,temperature_2m_max_member15,72
2026-12-22,temperature_2m_max_member15,74.1
2026-12-23,temperature_2m_max_member15,77
2026-12-24,temperature_2m_max_member15,71.8
2026-12-25,temperature_2m_max_member15,66.4
2026-12-26,temperature_2m_max_member15,71.2
2026-12-27,temperature_2m_max_member15,80.9
2026-12-28,temperature_2m_max_member15,77.6
2026-12-29,temperature_2m_max_member15,80.5
2026-12-30,temperature_2m_max_member15,79.6
2026-12-31,temperature_2m_max_member15,80.8
2027-01-01,temperature_2m_max_member15,75.5
2027-01-02,temperature_2m_max_member15,64.9
2027-01-03,temperature_2m_max_member15,60
2027-01-04,temperature_2m_max_member15,72.3
2027-01-05,temperature_2m_max_member15,78.7
2027-01-06,temperature_2m_max_member15,78.4
2027-01-07,temperature_2m_max_member15,71.5
2027-01-08,temperature_2m_max_member15,71.2
2027-01-09,temperature_2m_max_member15,77.5
2027-01-10,temperature_2m_max_member15,78.7
2027-01-11,temperature_2m_max_member15,81.3
2027-01-12,temperature_2m_max_member15,80.3
2027-01-13,temperature_2m_max_member15,78.2
2027-01-14,temperature_2m_max_member15,72.2
2027-01-15,temperature_2m_max_member15,69.4
2027-01-16,temperature_2m_max_member15,71.1
2027-01-17,temperature_2m_max_member15,71.4
2027-01-18,temperature_2m_max_member15,69
2027-01-19,temperature_2m_max_member15,52.8
2027-01-20,temperature_2m_max_member15,63.3
2027-01-21,temperature_2m_max_member15,69.7
2027-01-22,temperature_2m_max_member15,76.3
2027-01-23,temperature_2m_max_member15,67.6
2027-01-24,temperature_2m_max_member15,56.8
2027-01-25,temperature_2m_max_member15,62.9
2027-01-26,temperature_2m_max_member15,63.7
2027-01-27,temperature_2m_max_member15,64.5
2027-01-28,temperature_2m_max_member15,68.7
2027-01-29,temperature_2m_max_member15,73.7
2027-01-30,temperature_2m_max_member15,73.9
2027-01-31,temperature_2m_max_member15,75.5
2027-02-01,temperature_2m_max_member15,78.6
2027-02-02,temperature_2m_max_member15,71.2
2027-02-03,temperature_2m_max_member15,76.5
2027-02-04,temperature_2m_max_member15,78.1
2027-02-05,temperature_2m_max_member15,80.9
2027-02-06,temperature_2m_max_member15,80.1
2027-02-07,temperature_2m_max_member15,75
2027-02-08,temperature_2m_max_member15,79.7
2027-02-09,temperature_2m_max_member15,80.4
2027-02-10,temperature_2m_max_member15,75.4
2027-02-11,temperature_2m_max_member15,68.3
2027-02-12,temperature_2m_max_member15,70.3
2027-02-13,temperature_2m_max_member15,79.8
2027-02-14,temperature_2m_max_member15,73
2027-02-15,temperature_2m_max_member15,62.2
2027-02-16,temperature_2m_max_member15,65.4
2027-02-17,temperature_2m_max_member15,60.4
2027-02-18,temperature_2m_max_member15,64.2
2027-02-19,temperature_2m_max_member15,67.3
2027-02-20,temperature_2m_max_member15,71.5
2027-02-21,temperature_2m_max_member15,76.5
2027-02-22,temperature_2m_max_member15,77.9
2027-02-23,temperature_2m_max_member15,81
2027-02-24,temperature_2m_max_member15,80.3
2027-02-25,temperature_2m_max_member15,80.9
2027-02-26,temperature_2m_max_member15,82
2027-02-27,temperature_2m_max_member15,80.6
2027-02-28,temperature_2m_max_member15,80.4
2027-03-01,temperature_2m_max_member15,77.5
2027-03-02,temperature_2m_max_member15,77.4
2027-03-03,temperature_2m_max_member15,74.7
2027-03-04,temperature_2m_max_member15,67.3
2027-03-05,temperature_2m_max_member15,61.3
2027-03-06,temperature_2m_max_member15,62.9
2027-03-07,temperature_2m_max_member15,66.6
2027-03-08,temperature_2m_max_member15,65.8
2027-03-09,temperature_2m_max_member15,69.7
2027-03-10,temperature_2m_max_member15,59.9
2027-03-11,temperature_2m_max_member15,59.9
2027-03-12,temperature_2m_max_member15,69.4
2027-03-13,temperature_2m_max_member15,75.3
2026-09-15,temperature_2m_max_member16,94.6
2026-09-16,temperature_2m_max_member16,94.1
2026-09-17,temperature_2m_max_member16,88.6
2026-09-18,temperature_2m_max_member16,90.4
2026-09-19,temperature_2m_max_member16,90.7
2026-09-20,temperature_2m_max_member16,90.2
2026-09-21,temperature_2m_max_member16,91.7
2026-09-22,temperature_2m_max_member16,91.4
2026-09-23,temperature_2m_max_member16,91.1
2026-09-24,temperature_2m_max_member16,92.2
2026-09-25,temperature_2m_max_member16,91.9
2026-09-26,temperature_2m_max_member16,91.3
2026-09-27,temperature_2m_max_member16,91.7
2026-09-28,temperature_2m_max_member16,91.7
2026-09-29,temperature_2m_max_member16,90.1
2026-09-30,temperature_2m_max_member16,91.7
2026-10-01,temperature_2m_max_member16,93.3
2026-10-02,temperature_2m_max_member16,93.8
2026-10-03,temperature_2m_max_member16,94.6
2026-10-04,temperature_2m_max_member16,95
2026-10-05,temperature_2m_max_member16,95.1
2026-10-06,temperature_2m_max_member16,90
2026-10-07,temperature_2m_max_member16,91
2026-10-08,temperature_2m_max_member16,92.1
2026-10-09,temperature_2m_max_member16,90.1
2026-10-10,temperature_2m_max_member16,87.9
2026-10-11,temperature_2m_max_member16,88
2026-10-12,temperature_2m_max_member16,87.9
2026-10-13,temperature_2m_max_member16,89.1
2026-10-14,temperature_2m_max_member16,90.7
2026-10-15,temperature_2m_max_member16,91
2026-10-16,temperature_2m_max_member16,90.6
2026-10-17,temperature_2m_max_member16,85.9
2026-10-18,temperature_2m_max_member16,85
2026-10-19,temperature_2m_max_member16,85.8
2026-10-20,temperature_2m_max_member16,85.6
2026-10-21,temperature_2m_max_member16,87.1
2026-10-22,temperature_2m_max_member16,87.4
2026-10-23,temperature_2m_max_member16,87.5
2026-10-24,temperature_2m_max_member16,88.2
2026-10-25,temperature_2m_max_member16,87.9
2026-10-26,temperature_2m_max_member16,87.6
2026-10-27,temperature_2m_max_member16,86
2026-10-28,temperature_2m_max_member16,80.6
2026-10-29,temperature_2m_max_member16,76.4
2026-10-30,temperature_2m_max_member16,76.9
2026-10-31,temperature_2m_max_member16,76.9
2026-11-01,temperature_2m_max_member16,81.8
2026-11-02,temperature_2m_max_member16,81
2026-11-03,temperature_2m_max_member16,82
2026-11-04,temperature_2m_max_member16,81.6
2026-11-05,temperature_2m_max_member16,75.8
2026-11-06,temperature_2m_max_member16,81.1
2026-11-07,temperature_2m_max_member16,81.2
2026-11-08,temperature_2m_max_member16,81.5
2026-11-09,temperature_2m_max_member16,83
2026-11-10,temperature_2m_max_member16,82
2026-11-11,temperature_2m_max_member16,86.2
2026-11-12,temperature_2m_max_member16,85.6
2026-11-13,temperature_2m_max_member16,84.2
2026-11-14,temperature_2m_max_member16,82
2026-11-15,temperature_2m_max_member16,75.8
2026-11-16,temperature_2m_max_member16,76.1
2026-11-17,temperature_2m_max_member16,76.5
2026-11-18,temperature_2m_max_member16,80.8
2026-11-19,temperature_2m_max_member16,77.4
2026-11-20,temperature_2m_max_member16,77.4
2026-11-21,temperature_2m_max_member16,72.8
2026-11-22,temperature_2m_max_member16,72.7
2026-11-23,temperature_2m_max_member16,72.6
2026-11-24,temperature_2m_max_member16,79
2026-11-25,temperature_2m_max_member16,76.6
2026-11-26,temperature_2m_max_member16,72.2
2026-11-27,temperature_2m_max_member16,60.8
2026-11-28,temperature_2m_max_member16,62.5
2026-11-29,temperature_2m_max_member16,62.6
2026-11-30,temperature_2m_max_member16,66.2
2026-12-01,temperature_2m_max_member16,72.5
2026-12-02,temperature_2m_max_member16,75.5
2026-12-03,temperature_2m_max_member16,78
2026-12-04,temperature_2m_max_member16,78.7
2026-12-05,temperature_2m_max_member16,78.7
2026-12-06,temperature_2m_max_member16,79.5
2026-12-07,temperature_2m_max_member16,81.3
2026-12-08,temperature_2m_max_member16,65.4
2026-12-09,temperature_2m_max_member16,56.4
2026-12-10,temperature_2m_max_member16,65
2026-12-11,temperature_2m_max_member16,63.3
2026-12-12,temperature_2m_max_member16,57.3
2026-12-13,temperature_2m_max_member16,65.8
2026-12-14,temperature_2m_max_member16,67.6
2026-12-15,temperature_2m_max_member16,72.3
2026-12-16,temperature_2m_max_member16,80.9
2026-12-17,temperature_2m_max_member16,79.1
2026-12-18,temperature_2m_max_member16,71
2026-12-19,temperature_2m_max_member16,58.6
2026-12-20,temperature_2m_max_member16,61.4
2026-12-21,temperature_2m_max_member16,58.4
2026-12-22,temperature_2m_max_member16,69.4
2026-12-23,temperature_2m_max_member16,73.4
2026-12-24,temperature_2m_max_member16,75.2
2026-12-25,temperature_2m_max_member16,75.2
2026-12-26,temperature_2m_max_member16,72.4
2026-12-27,temperature_2m_max_member16,75.6
2026-12-28,temperature_2m_max_member16,74.5
2026-12-29,temperature_2m_max_member16,76.1
2026-12-30,temperature_2m_max_member16,76.3
2026-12-31,temperature_2m_max_member16,77.1
2027-01-01,temperature_2m_max_member16,77.7
2027-01-02,temperature_2m_max_member16,73.8
2027-01-03,temperature_2m_max_member16,65.5
2027-01-04,temperature_2m_max_member16,60.4
2027-01-05,temperature_2m_max_member16,60.1
2027-01-06,temperature_2m_max_member16,60.2
2027-01-07,temperature_2m_max_member16,56.9
2027-01-08,temperature_2m_max_member16,56
2027-01-09,temperature_2m_max_member16,71.7
2027-01-10,temperature_2m_max_member16,74.2
2027-01-11,temperature_2m_max_member16,66.9
2027-01-12,temperature_2m_max_member16,63.1
2027-01-13,temperature_2m_max_member16,76.8
2027-01-14,temperature_2m_max_member16,75.2
2027-01-15,temperature_2m_max_member16,63.6
2027-01-16,temperature_2m_max_member16,62.1
2027-01-17,temperature_2m_max_member16,70.6
2027-01-18,temperature_2m_max_member16,77.2
2027-01-19,temperature_2m_max_member16,77.5
2027-01-20,temperature_2m_max_member16,75.9
2027-01-21,temperature_2m_max_member16,76.4
2027-01-22,temperature_2m_max_member16,72
2027-01-23,temperature_2m_max_member16,73
2027-01-24,temperature_2m_max_member16,76.7
2027-01-25,temperature_2m_max_member16,78.8
2027-01-26,temperature_2m_max_member16,79
2027-01-27,temperature_2m_max_member16,78.7
2027-01-28,temperature_2m_max_member16,79.3
2027-01-29,temperature_2m_max_member16,75
2027-01-30,temperature_2m_max_member16,70.9
2027-01-31,temperature_2m_max_member16,63
2027-02-01,temperature_2m_max_member16,66.5
2027-02-02,temperature_2m_max_member16,72.3
2027-02-03,temperature_2m_max_member16,75.7
2027-02-04,temperature_2m_max_member16,77.6
2027-02-05,temperature_2m_max_member16,75.2
2027-02-06,temperature_2m_max_member16,75.8
2027-02-07,temperature_2m_max_member16,73
2027-02-08,temperature_2m_max_member16,70.4
2027-02-09,temperature_2m_max_member16,70.8
2027-02-10,temperature_2m_max_member16,76.8
2027-02-11,temperature_2m_max_member16,78.5
2027-02-12,temperature_2m_max_member16,75.3
2027-02-13,temperature_2m_max_member16,68.7
2027-02-14,temperature_2m_max_member16,64.9
2027-02-15,temperature_2m_max_member16,65.8
2027-02-16,temperature_2m_max_member16,61.4
2027-02-17,temperature_2m_max_member16,61.2
2027-02-18,temperature_2m_max_member16,70.8
2027-02-19,temperature_2m_max_member16,71.8
2027-02-20,temperature_2m_max_member16,72.6
2027-02-21,temperature_2m_max_member16,69.9
2027-02-22,temperature_2m_max_member16,76.4
2027-02-23,temperature_2m_max_member16,71.9
2027-02-24,temperature_2m_max_member16,61.7
2027-02-25,temperature_2m_max_member16,70.7
2027-02-26,temperature_2m_max_member16,73.8
2027-02-27,temperature_2m_max_member16,78.1
2027-02-28,temperature_2m_max_member16,74.6
2027-03-01,temperature_2m_max_member16,76.3
2027-03-02,temperature_2m_max_member16,77.5
2027-03-03,temperature_2m_max_member16,74.1
2027-03-04,temperature_2m_max_member16,71.1
2027-03-05,temperature_2m_max_member16,64.7
2027-03-06,temperature_2m_max_member16,75.5
2027-03-07,temperature_2m_max_member16,78.2
2027-03-08,temperature_2m_max_member16,78.8
2027-03-09,temperature_2m_max_member16,76.1
2027-03-10,temperature_2m_max_member16,70.5
2027-03-11,temperature_2m_max_member16,65.8
2027-03-12,temperature_2m_max_member16,65.6
2027-03-13,temperature_2m_max_member16,69.6
2026-09-15,temperature_2m_max_member17,93.4
2026-09-16,temperature_2m_max_member17,92.8
2026-09-17,temperature_2m_max_member17,90.3
2026-09-18,temperature_2m_max_member17,90.5
2026-09-19,temperature_2m_max_member17,89.2
2026-09-20,temperature_2m_max_member17,86.5
2026-09-21,temperature_2m_max_member17,81.8
2026-09-22,temperature_2m_max_member17,79.4
2026-09-23,temperature_2m_max_member17,84.5
2026-09-24,temperature_2m_max_member17,85.2
2026-09-25,temperature_2m_max_member17,85.7
2026-09-26,temperature_2m_max_member17,85.9
2026-09-27,temperature_2m_max_member17,87.6
2026-09-28,temperature_2m_max_member17,88
2026-09-29,temperature_2m_max_member17,87.4
2026-09-30,temperature_2m_max_member17,87.8
2026-10-01,temperature_2m_max_member17,88.2
2026-10-02,temperature_2m_max_member17,88.2
2026-10-03,temperature_2m_max_member17,86
2026-10-04,temperature_2m_max_member17,87.4
2026-10-05,temperature_2m_max_member17,87
2026-10-06,temperature_2m_max_member17,84.6
2026-10-07,temperature_2m_max_member17,77.5
2026-10-08,temperature_2m_max_member17,83.8
2026-10-09,temperature_2m_max_member17,85.5
2026-10-10,temperature_2m_max_member17,86.3
2026-10-11,temperature_2m_max_member17,86.2
2026-10-12,temperature_2m_max_member17,87.1
2026-10-13,temperature_2m_max_member17,82.5
2026-10-14,temperature_2m_max_member17,83
2026-10-15,temperature_2m_max_member17,85.5
2026-10-16,temperature_2m_max_member17,86.5
2026-10-17,temperature_2m_max_member17,87.1
2026-10-18,temperature_2m_max_member17,86.3
2026-10-19,temperature_2m_max_member17,85
2026-10-20,temperature_2m_max_member17,82.5
2026-10-21,temperature_2m_max_member17,82.7
2026-10-22,temperature_2m_max_member17,82.6
2026-10-23,temperature_2m_max_member17,74.1
2026-10-24,temperature_2m_max_member17,72.7
2026-10-25,temperature_2m_max_member17,79.5
2026-10-26,temperature_2m_max_member17,80.3
2026-10-27,temperature_2m_max_member17,81.2
2026-10-28,temperature_2m_max_member17,80.8
2026-10-29,temperature_2m_max_member17,81.2
2026-10-30,temperature_2m_max_member17,80.9
2026-10-31,temperature_2m_max_member17,80.3
2026-11-01,temperature_2m_max_member17,81.3
2026-11-02,temperature_2m_max_member17,84.3
2026-11-03,temperature_2m_max_member17,84.4
2026-11-04,temperature_2m_max_member17,83.5
2026-11-05,temperature_2m_max_member17,85.5
2026-11-06,temperature_2m_max_member17,85.9
2026-11-07,temperature_2m_max_member17,87.7
2026-11-08,temperature_2m_max_member17,86.5
2026-11-09,temperature_2m_max_member17,84.4
2026-11-10,temperature_2m_max_member17,83.3
2026-11-11,temperature_2m_max_member17,83.8
2026-11-12,temperature_2m_max_member17,83.7
2026-11-13,temperature_2m_max_member17,82.4
2026-11-14,temperature_2m_max_member17,81.1
2026-11-15,temperature_2m_max_member17,82.6
2026-11-16,temperature_2m_max_member17,83
2026-11-17,temperature_2m_max_member17,81.9
2026-11-18,temperature_2m_max_member17,84.6
2026-11-19,temperature_2m_max_member17,85.2
2026-11-20,temperature_2m_max_member17,84
2026-11-21,temperature_2m_max_member17,80.6
2026-11-22,temperature_2m_max_member17,82.7
2026-11-23,temperature_2m_max_member17,84.6
2026-11-24,temperature_2m_max_member17,79.3
2026-11-25,temperature_2m_max_member17,81.4
2026-11-26,temperature_2m_max_member17,76.1
2026-11-27,temperature_2m_max_member17,77.1
2026-11-28,temperature_2m_max_member17,79.7
2026-11-29,temperature_2m_max_member17,84.3
2026-11-30,temperature_2m_max_member17,86.7
2026-12-01,temperature_2m_max_member17,85
2026-12-02,temperature_2m_max_member17,80.3
2026-12-03,temperature_2m_max_member17,83.2
2026-12-04,temperature_2m_max_member17,75.2
2026-12-05,temperature_2m_max_member17,68.4
2026-12-06,temperature_2m_max_member17,72.7
2026-12-07,temperature_2m_max_member17,80.2
2026-12-08,temperature_2m_max_member17,77
2026-12-09,temperature_2m_max_member17,74.5
2026-12-10,temperature_2m_max_member17,71.3
2026-12-11,temperature_2m_max_member17,73.7
2026-12-12,temperature_2m_max_member17,74.4
2026-12-13,temperature_2m_max_member17,67.7
2026-12-14,temperature_2m_max_member17,71.4
2026-12-15,temperature_2m_max_member17,75.7
2026-12-16,temperature_2m_max_member17,76.1
2026-12-17,temperature_2m_max_member17,78.2
2026-12-18,temperature_2m_max_member17,77.9
2026-12-19,temperature_2m_max_member17,80.3
2026-12-20,temperature_2m_max_member17,75.8
2026-12-21,temperature_2m_max_member17,71
2026-12-22,temperature_2m_max_member17,67.5
2026-12-23,temperature_2m_max_member17,75.5
2026-12-24,temperature_2m_max_member17,82.4
2026-12-25,temperature_2m_max_member17,82.7
2026-12-26,temperature_2m_max_member17,77.1
2026-12-27,temperature_2m_max_member17,72.9
2026-12-28,temperature_2m_max_member17,69.7
2026-12-29,temperature_2m_max_member17,70.6
2026-12-30,temperature_2m_max_member17,77.8
2026-12-31,temperature_2m_max_member17,76.5
2027-01-01,temperature_2m_max_member17,79.7
2027-01-02,temperature_2m_max_member17,75.1
2027-01-03,temperature_2m_max_member17,81.1
2027-01-04,temperature_2m_max_member17,79
2027-01-05,temperature_2m_max_member17,77.6
2027-01-06,temperature_2m_max_member17,80.7
2027-01-07,temperature_2m_max_member17,72.7
2027-01-08,temperature_2m_max_member17,63.6
2027-01-09,temperature_2m_max_member17,70.3
2027-01-10,temperature_2m_max_member17,64.8
2027-01-11,temperature_2m_max_member17,66
2027-01-12,temperature_2m_max_member17,69.2
2027-01-13,temperature_2m_max_member17,69.4
2027-01-14,temperature_2m_max_member17,74.8
2027-01-15,temperature_2m_max_member17,76.1
2027-01-16,temperature_2m_max_member17,73.9
2027-01-17,temperature_2m_max_member17,66.2
2027-01-18,temperature_2m_max_member17,62
2027-01-19,temperature_2m_max_member17,70.3
2027-01-20,temperature_2m_max_member17,73.1
2027-01-21,temperature_2m_max_member17,71.3
2027-01-22,temperature_2m_max_member17,63.9
2027-01-23,temperature_2m_max_member17,73.8
2027-01-24,temperature_2m_max_member17,77.7
2027-01-25,temperature_2m_max_member17,70.8
2027-01-26,temperature_2m_max_member17,60.4
2027-01-27,temperature_2m_max_member17,55.3
2027-01-28,temperature_2m_max_member17,62
2027-01-29,temperature_2m_max_member17,68.5
2027-01-30,temperature_2m_max_member17,59.9
2027-01-31,temperature_2m_max_member17,64
2027-02-01,temperature_2m_max_member17,69
2027-02-02,temperature_2m_max_member17,72.6
2027-02-03,temperature_2m_max_member17,75.7
2027-02-04,temperature_2m_max_member17,77.4
2027-02-05,temperature_2m_max_member17,78.4
2027-02-06,temperature_2m_max_member17,65.3
2027-02-07,temperature_2m_max_member17,69.9
2027-02-08,temperature_2m_max_member17,69.2
2027-02-09,temperature_2m_max_member17,62.2
2027-02-10,temperature_2m_max_member17,73.7
2027-02-11,temperature_2m_max_member17,76.6
2027-02-12,temperature_2m_max_member17,77.7
2027-02-13,temperature_2m_max_member17,73.8
2027-02-14,temperature_2m_max_member17,64.1
2027-02-15,temperature_2m_max_member17,63.3
2027-02-16,temperature_2m_max_member17,67.5
2027-02-17,temperature_2m_max_member17,66.7
2027-02-18,temperature_2m_max_member17,68.1
2027-02-19,temperature_2m_max_member17,74.1
2027-02-20,temperature_2m_max_member17,78.4
2027-02-21,temperature_2m_max_member17,77.5
2027-02-22,temperature_2m_max_member17,77.5
2027-02-23,temperature_2m_max_member17,67.6
2027-02-24,temperature_2m_max_member17,71.5
2027-02-25,temperature_2m_max_member17,72.7
2027-02-26,temperature_2m_max_member17,75.5
2027-02-27,temperature_2m_max_member17,80.5
2027-02-28,temperature_2m_max_member17,79.8
2027-03-01,temperature_2m_max_member17,75.7
2027-03-02,temperature_2m_max_member17,78.7
2027-03-03,temperature_2m_max_member17,78.2
2027-03-04,temperature_2m_max_member17,71.2
2027-03-05,temperature_2m_max_member17,69.3
2027-03-06,temperature_2m_max_member17,69.8
2027-03-07,temperature_2m_max_member17,66.1
2027-03-08,temperature_2m_max_member17,60.5
2027-03-09,temperature_2m_max_member17,62.7
2027-03-10,temperature_2m_max_member17,64.4
2027-03-11,temperature_2m_max_member17,65.8
2027-03-12,temperature_2m_max_member17,70.4
2027-03-13,temperature_2m_max_member17,74.7
2026-09-15,temperature_2m_max_member18,92.8
2026-09-16,temperature_2m_max_member18,92.8
2026-09-17,temperature_2m_max_member18,89.2
2026-09-18,temperature_2m_max_member18,91
2026-09-19,temperature_2m_max_member18,91
2026-09-20,temperature_2m_max_member18,90.7
2026-09-21,temperature_2m_max_member18,90.7
2026-09-22,temperature_2m_max_member18,90.7
2026-09-23,temperature_2m_max_member18,90.1
2026-09-24,temperature_2m_max_member18,89.1
2026-09-25,temperature_2m_max_member18,90.6
2026-09-26,temperature_2m_max_member18,90.1
2026-09-27,temperature_2m_max_member18,85.2
2026-09-28,temperature_2m_max_member18,77.5
2026-09-29,temperature_2m_max_member18,89.1
2026-09-30,temperature_2m_max_member18,90.2
2026-10-01,temperature_2m_max_member18,89.7
2026-10-02,temperature_2m_max_member18,88.9
2026-10-03,temperature_2m_max_member18,89.2
2026-10-04,temperature_2m_max_member18,90
2026-10-05,temperature_2m_max_member18,88.8
2026-10-06,temperature_2m_max_member18,89.6
2026-10-07,temperature_2m_max_member18,88.3
2026-10-08,temperature_2m_max_member18,88.4
2026-10-09,temperature_2m_max_member18,87.8
2026-10-10,temperature_2m_max_member18,86.8
2026-10-11,temperature_2m_max_member18,87.6
2026-10-12,temperature_2m_max_member18,88.4
2026-10-13,temperature_2m_max_member18,83
2026-10-14,temperature_2m_max_member18,85
2026-10-15,temperature_2m_max_member18,85.7
2026-10-16,temperature_2m_max_member18,86.6
2026-10-17,temperature_2m_max_member18,86.7
2026-10-18,temperature_2m_max_member18,86.9
2026-10-19,temperature_2m_max_member18,89.2
2026-10-20,temperature_2m_max_member18,90.5
2026-10-21,temperature_2m_max_member18,90.9
2026-10-22,temperature_2m_max_member18,87.5
2026-10-23,temperature_2m_max_member18,88.4
2026-10-24,temperature_2m_max_member18,83.1
2026-10-25,temperature_2m_max_member18,84
2026-10-26,temperature_2m_max_member18,84.2
2026-10-27,temperature_2m_max_member18,80.1
2026-10-28,temperature_2m_max_member18,82.3
2026-10-29,temperature_2m_max_member18,81.4
2026-10-30,temperature_2m_max_member18,83.3
2026-10-31,temperature_2m_max_member18,86.3
2026-11-01,temperature_2m_max_member18,86.5
2026-11-02,temperature_2m_max_member18,87.8
2026-11-03,temperature_2m_max_member18,88
2026-11-04,temperature_2m_max_member18,87.2
2026-11-05,temperature_2m_max_member18,88.9
2026-11-06,temperature_2m_max_member18,88.3
2026-11-07,temperature_2m_max_member18,86.3
2026-11-08,temperature_2m_max_member18,89.8
2026-11-09,temperature_2m_max_member18,89.5
2026-11-10,temperature_2m_max_member18,91.1
2026-11-11,temperature_2m_max_member18,85.1
2026-11-12,temperature_2m_max_member18,84.7
2026-11-13,temperature_2m_max_member18,80.5
2026-11-14,temperature_2m_max_member18,76
2026-11-15,temperature_2m_max_member18,82.2
2026-11-16,temperature_2m_max_member18,78.4
2026-11-17,temperature_2m_max_member18,72.5
2026-11-18,temperature_2m_max_member18,73.5
2026-11-19,temperature_2m_max_member18,81
2026-11-20,temperature_2m_max_member18,85
2026-11-21,temperature_2m_max_member18,84
2026-11-22,temperature_2m_max_member18,83
2026-11-23,temperature_2m_max_member18,80.7
2026-11-24,temperature_2m_max_member18,76.6
2026-11-25,temperature_2m_max_member18,72.3
2026-11-26,temperature_2m_max_member18,71.1
2026-11-27,temperature_2m_max_member18,67.7
2026-11-28,temperature_2m_max_member18,61.8
2026-11-29,temperature_2m_max_member18,65.4
2026-11-30,temperature_2m_max_member18,67.8
2026-12-01,temperature_2m_max_member18,71.1
2026-12-02,temperature_2m_max_member18,70.3
2026-12-03,temperature_2m_max_member18,75.9
2026-12-04,temperature_2m_max_member18,68
2026-12-05,temperature_2m_max_member18,71.8
2026-12-06,temperature_2m_max_member18,76.2
2026-12-07,temperature_2m_max_member18,79.8
2026-12-08,temperature_2m_max_member18,77.1
2026-12-09,temperature_2m_max_member18,72.1
2026-12-10,temperature_2m_max_member18,73.5
2026-12-11,temperature_2m_max_member18,68.8
2026-12-12,temperature_2m_max_member18,69.3
2026-12-13,temperature_2m_max_member18,63.6
2026-12-14,temperature_2m_max_member18,76.7
2026-12-15,temperature_2m_max_member18,67.4
2026-12-16,temperature_2m_max_member18,64.6
2026-12-17,temperature_2m_max_member18,74.8
2026-12-18,temperature_2m_max_member18,69.8
2026-12-19,temperature_2m_max_member18,67.4
2026-12-20,temperature_2m_max_member18,72.6
2026-12-21,temperature_2m_max_member18,73.1
2026-12-22,temperature_2m_max_member18,72.7
2026-12-23,temperature_2m_max_member18,75.4
2026-12-24,temperature_2m_max_member18,69.6
2026-12-25,temperature_2m_max_member18,61.7
2026-12-26,temperature_2m_max_member18,67.2
2026-12-27,temperature_2m_max_member18,72
2026-12-28,temperature_2m_max_member18,69
2026-12-29,temperature_2m_max_member18,63.1
2026-12-30,temperature_2m_max_member18,65.3
2026-12-31,temperature_2m_max_member18,69.2
2027-01-01,temperature_2m_max_member18,61
2027-01-02,temperature_2m_max_member18,69.6
2027-01-03,temperature_2m_max_member18,70.4
2027-01-04,temperature_2m_max_member18,73.4
2027-01-05,temperature_2m_max_member18,77.8
2027-01-06,temperature_2m_max_member18,76.8
2027-01-07,temperature_2m_max_member18,79.9
2027-01-08,temperature_2m_max_member18,74.7
2027-01-09,temperature_2m_max_member18,65.6
2027-01-10,temperature_2m_max_member18,59.4
2027-01-11,temperature_2m_max_member18,56.2
2027-01-12,temperature_2m_max_member18,56
2027-01-13,temperature_2m_max_member18,49.9
2027-01-14,temperature_2m_max_member18,49.9
2027-01-15,temperature_2m_max_member18,58.9
2027-01-16,temperature_2m_max_member18,70
2027-01-17,temperature_2m_max_member18,64
2027-01-18,temperature_2m_max_member18,57.7
2027-01-19,temperature_2m_max_member18,62.5
2027-01-20,temperature_2m_max_member18,68.6
2027-01-21,temperature_2m_max_member18,67.1
2027-01-22,temperature_2m_max_member18,63.7
2027-01-23,temperature_2m_max_member18,66.4
2027-01-24,temperature_2m_max_member18,72.6
2027-01-25,temperature_2m_max_member18,67.3
2027-01-26,temperature_2m_max_member18,69.7
2027-01-27,temperature_2m_max_member18,71.1
2027-01-28,temperature_2m_max_member18,71
2027-01-29,temperature_2m_max_member18,75.4
2027-01-30,temperature_2m_max_member18,70.2
2027-01-31,temperature_2m_max_member18,59.4
2027-02-01,temperature_2m_max_member18,59.8
2027-02-02,temperature_2m_max_member18,72.2
2027-02-03,temperature_2m_max_member18,75
2027-02-04,temperature_2m_max_member18,76.9
2027-02-05,temperature_2m_max_member18,78.2
2027-02-06,temperature_2m_max_member18,75.8
2027-02-07,temperature_2m_max_member18,60.1
2027-02-08,temperature_2m_max_member18,68.5
2027-02-09,temperature_2m_max_member18,65.3
2027-02-10,temperature_2m_max_member18,73.8
2027-02-11,temperature_2m_max_member18,77.2
2027-02-12,temperature_2m_max_member18,73.8
2027-02-13,temperature_2m_max_member18,64.4
2027-02-14,temperature_2m_max_member18,76.9
2027-02-15,temperature_2m_max_member18,71.2
2027-02-16,temperature_2m_max_member18,69.2
2027-02-17,temperature_2m_max_member18,77.7
2027-02-18,temperature_2m_max_member18,76.6
2027-02-19,temperature_2m_max_member18,77.6
2027-02-20,temperature_2m_max_member18,82
2027-02-21,temperature_2m_max_member18,78.8
2027-02-22,temperature_2m_max_member18,72.5
2027-02-23,temperature_2m_max_member18,61.9
2027-02-24,temperature_2m_max_member18,68.1
2027-02-25,temperature_2m_max_member18,72.9
2027-02-26,temperature_2m_max_member18,73
2027-02-27,temperature_2m_max_member18,73.2
2027-02-28,temperature_2m_max_member18,73.8
2027-03-01,temperature_2m_max_member18,76.7
2027-03-02,temperature_2m_max_member18,73.6
2027-03-03,temperature_2m_max_member18,56.9
2027-03-04,temperature_2m_max_member18,61.5
2027-03-05,temperature_2m_max_member18,66
2027-03-06,temperature_2m_max_member18,71.9
2027-03-07,temperature_2m_max_member18,68.2
2027-03-08,temperature_2m_max_member18,62.9
2027-03-09,temperature_2m_max_member18,66.3
2027-03-10,temperature_2m_max_member18,68.3
2027-03-11,temperature_2m_max_member18,74.7
2027-03-12,temperature_2m_max_member18,79.1
2027-03-13,temperature_2m_max_member18,74.6
2026-09-15,temperature_2m_max_member19,90.2
2026-09-16,temperature_2m_max_member19,90.9
2026-09-17,temperature_2m_max_member19,90.4
2026-09-18,temperature_2m_max_member19,89.2
2026-09-19,temperature_2m_max_member19,88.6
2026-09-20,temperature_2m_max_member19,89.1
2026-09-21,temperature_2m_max_member19,86.9
2026-09-22,temperature_2m_max_member19,86.5
2026-09-23,temperature_2m_max_member19,89.2
2026-09-24,temperature_2m_max_member19,90.5
2026-09-25,temperature_2m_max_member19,91.4
2026-09-26,temperature_2m_max_member19,92.8
2026-09-27,temperature_2m_max_member19,88.7
2026-09-28,temperature_2m_max_member19,89.5
2026-09-29,temperature_2m_max_member19,85.9
2026-09-30,temperature_2m_max_member19,88.3
2026-10-01,temperature_2m_max_member19,91.9
2026-10-02,temperature_2m_max_member19,92
2026-10-03,temperature_2m_max_member19,87.9
2026-10-04,temperature_2m_max_member19,87.2
2026-10-05,temperature_2m_max_member19,88.2
2026-10-06,temperature_2m_max_member19,88.9
2026-10-07,temperature_2m_max_member19,86.4
2026-10-08,temperature_2m_max_member19,83.1
2026-10-09,temperature_2m_max_member19,80.2
2026-10-10,temperature_2m_max_member19,84.8
2026-10-11,temperature_2m_max_member19,84.9
2026-10-12,temperature_2m_max_member19,84.3
2026-10-13,temperature_2m_max_member19,84.8
2026-10-14,temperature_2m_max_member19,84.7
2026-10-15,temperature_2m_max_member19,86.1
2026-10-16,temperature_2m_max_member19,86.8
2026-10-17,temperature_2m_max_member19,83.8
2026-10-18,temperature_2m_max_member19,83.4
2026-10-19,temperature_2m_max_member19,83
2026-10-20,temperature_2m_max_member19,85
2026-10-21,temperature_2m_max_member19,87.9
2026-10-22,temperature_2m_max_member19,90
2026-10-23,temperature_2m_max_member19,90.2
2026-10-24,temperature_2m_max_member19,90.7
2026-10-25,temperature_2m_max_member19,91
2026-10-26,temperature_2m_max_member19,90
2026-10-27,temperature_2m_max_member19,84.7
2026-10-28,temperature_2m_max_member19,74.8
2026-10-29,temperature_2m_max_member19,80.1
2026-10-30,temperature_2m_max_member19,81
2026-10-31,temperature_2m_max_member19,81.9
2026-11-01,temperature_2m_max_member19,77
2026-11-02,temperature_2m_max_member19,77.2
2026-11-03,temperature_2m_max_member19,71.7
2026-11-04,temperature_2m_max_member19,83.1
2026-11-05,temperature_2m_max_member19,76.7
2026-11-06,temperature_2m_max_member19,75.2
2026-11-07,temperature_2m_max_member19,73.9
2026-11-08,temperature_2m_max_member19,71.4
2026-11-09,temperature_2m_max_member19,70.3
2026-11-10,temperature_2m_max_member19,72.1
2026-11-11,temperature_2m_max_member19,74.9
2026-11-12,temperature_2m_max_member19,75.1
2026-11-13,temperature_2m_max_member19,82
2026-11-14,temperature_2m_max_member19,83.7
2026-11-15,temperature_2m_max_member19,82
2026-11-16,temperature_2m_max_member19,73.9
2026-11-17,temperature_2m_max_member19,67
2026-11-18,temperature_2m_max_member19,70.4
2026-11-19,temperature_2m_max_member19,70.7
2026-11-20,temperature_2m_max_member19,72.8
2026-11-21,temperature_2m_max_member19,74.2
2026-11-22,temperature_2m_max_member19,74.4
2026-11-23,temperature_2m_max_member19,82.5
2026-11-24,temperature_2m_max_member19,81.9
2026-11-25,temperature_2m_max_member19,81.9
2026-11-26,temperature_2m_max_member19,78.7
2026-11-27,temperature_2m_max_member19,75.3
2026-11-28,temperature_2m_max_member19,67.1
2026-11-29,temperature_2m_max_member19,61.3
2026-11-30,temperature_2m_max_member19,57.5
2026-12-01,temperature_2m_max_member19,59
2026-12-02,temperature_2m_max_member19,64.9
2026-12-03,temperature_2m_max_member19,71.7
2026-12-04,temperature_2m_max_member19,72.9
2026-12-05,temperature_2m_max_member19,71
2026-12-06,temperature_2m_max_member19,74.7
2026-12-07,temperature_2m_max_member19,75.4
2026-12-08,temperature_2m_max_member19,78.3
2026-12-09,temperature_2m_max_member19,79
2026-12-10,temperature_2m_max_member19,71.8
2026-12-11,temperature_2m_max_member19,64.1
2026-12-12,temperature_2m_max_member19,68.5
2026-12-13,temperature_2m_max_member19,76.6
2026-12-14,temperature_2m_max_member19,79
2026-12-15,temperature_2m_max_member19,81
2026-12-16,temperature_2m_max_member19,74.2
2026-12-17,temperature_2m_max_member19,65.5
2026-12-18,temperature_2m_max_member19,68.4
2026-12-19,temperature_2m_max_member19,66
2026-12-20,temperature_2m_max_member19,70.8
2026-12-21,temperature_2m_max_member19,72.6
2026-12-22,temperature_2m_max_member19,65.8
2026-12-23,temperature_2m_max_member19,73.9
2026-12-24,temperature_2m_max_member19,71
2026-12-25,temperature_2m_max_member19,76.4
2026-12-26,temperature_2m_max_member19,76.9
2026-12-27,temperature_2m_max_member19,71.9
2026-12-28,temperature_2m_max_member19,68.8
2026-12-29,temperature_2m_max_member19,74.2
2026-12-30,temperature_2m_max_member19,79.2
2026-12-31,temperature_2m_max_member19,78.9
2027-01-01,temperature_2m_max_member19,72.1
2027-01-02,temperature_2m_max_member19,81.1
2027-01-03,temperature_2m_max_member19,76
2027-01-04,temperature_2m_max_member19,69.8
2027-01-05,temperature_2m_max_member19,65.8
2027-01-06,temperature_2m_max_member19,68.1
2027-01-07,temperature_2m_max_member19,66.7
2027-01-08,temperature_2m_max_member19,71.5
2027-01-09,temperature_2m_max_member19,66.3
2027-01-10,temperature_2m_max_member19,56.1
2027-01-11,temperature_2m_max_member19,62.5
2027-01-12,temperature_2m_max_member19,63.2
2027-01-13,temperature_2m_max_member19,68
2027-01-14,temperature_2m_max_member19,70.3
2027-01-15,temperature_2m_max_member19,74.4
2027-01-16,temperature_2m_max_member19,68.7
2027-01-17,temperature_2m_max_member19,68.8
2027-01-18,temperature_2m_max_member19,73.5
2027-01-19,temperature_2m_max_member19,67.6
2027-01-20,temperature_2m_max_member19,69.9
2027-01-21,temperature_2m_max_member19,75.2
2027-01-22,temperature_2m_max_member19,74.4
2027-01-23,temperature_2m_max_member19,66
2027-01-24,temperature_2m_max_member19,58.5
2027-01-25,temperature_2m_max_member19,65.6
2027-01-26,temperature_2m_max_member19,71.5
2027-01-27,temperature_2m_max_member19,75.5
2027-01-28,temperature_2m_max_member19,71.4
2027-01-29,temperature_2m_max_member19,66.9
2027-01-30,temperature_2m_max_member19,69.1
2027-01-31,temperature_2m_max_member19,62.2
2027-02-01,temperature_2m_max_member19,62.3
2027-02-02,temperature_2m_max_member19,59.6
2027-02-03,temperature_2m_max_member19,57.8
2027-02-04,temperature_2m_max_member19,63.5
2027-02-05,temperature_2m_max_member19,69
2027-02-06,temperature_2m_max_member19,72.2
2027-02-07,temperature_2m_max_member19,69.5
2027-02-08,temperature_2m_max_member19,71.2
2027-02-09,temperature_2m_max_member19,73.8
2027-02-10,temperature_2m_max_member19,75.4
2027-02-11,temperature_2m_max_member19,75.9
2027-02-12,temperature_2m_max_member19,68
2027-02-13,temperature_2m_max_member19,64.9
2027-02-14,temperature_2m_max_member19,62.2
2027-02-15,temperature_2m_max_member19,68.7
2027-02-16,temperature_2m_max_member19,75.4
2027-02-17,temperature_2m_max_member19,76.1
2027-02-18,temperature_2m_max_member19,68.6
2027-02-19,temperature_2m_max_member19,73.2
2027-02-20,temperature_2m_max_member19,74.8
2027-02-21,temperature_2m_max_member19,76.3
2027-02-22,temperature_2m_max_member19,75.7
2027-02-23,temperature_2m_max_member19,78.7
2027-02-24,temperature_2m_max_member19,78.8
2027-02-25,temperature_2m_max_member19,79.4
2027-02-26,temperature_2m_max_member19,78.5
2027-02-27,temperature_2m_max_member19,76
2027-02-28,temperature_2m_max_member19,69.8
2027-03-01,temperature_2m_max_member19,71.3
2027-03-02,temperature_2m_max_member19,76.6
2027-03-03,temperature_2m_max_member19,75.3
2027-03-04,temperature_2m_max_member19,73
2027-03-05,temperature_2m_max_member19,67.1
2027-03-06,temperature_2m_max_member19,68.5
2027-03-07,temperature_2m_max_member19,78.3
2027-03-08,temperature_2m_max_member19,76.7
2027-03-09,temperature_2m_max_member19,72.9
2027-03-10,temperature_2m_max_member19,75.6
2027-03-11,temperature_2m_max_member19,77.2
2027-03-12,temperature_2m_max_member19,79.4
2027-03-13,temperature_2m_max_member19,77.5
2026-09-15,temperature_2m_max_member20,92.9
2026-09-16,temperature_2m_max_member20,90.4
2026-09-17,temperature_2m_max_member20,88.9
2026-09-18,temperature_2m_max_member20,87.5
2026-09-19,temperature_2m_max_member20,86.6
2026-09-20,temperature_2m_max_member20,88.3
2026-09-21,temperature_2m_max_member20,82.2
2026-09-22,temperature_2m_max_member20,85.1
2026-09-23,temperature_2m_max_member20,86.4
2026-09-24,temperature_2m_max_member20,86.8
2026-09-25,temperature_2m_max_member20,87.4
2026-09-26,temperature_2m_max_member20,87.9
2026-09-27,temperature_2m_max_member20,86.4
2026-09-28,temperature_2m_max_member20,86.2
2026-09-29,temperature_2m_max_member20,88.8
2026-09-30,temperature_2m_max_member20,89.2
2026-10-01,temperature_2m_max_member20,86
2026-10-02,temperature_2m_max_member20,87.4
2026-10-03,temperature_2m_max_member20,88
2026-10-04,temperature_2m_max_member20,88.8
2026-10-05,temperature_2m_max_member20,85.6
2026-10-06,temperature_2m_max_member20,88.8
2026-10-07,temperature_2m_max_member20,90
2026-10-08,temperature_2m_max_member20,89.8
2026-10-09,temperature_2m_max_member20,89.9
2026-10-10,temperature_2m_max_member20,89.5
2026-10-11,temperature_2m_max_member20,88.3
2026-10-12,temperature_2m_max_member20,85.5
2026-10-13,temperature_2m_max_member20,83.9
2026-10-14,temperature_2m_max_member20,83.9
2026-10-15,temperature_2m_max_member20,87.1
2026-10-16,temperature_2m_max_member20,87.4
2026-10-17,temperature_2m_max_member20,88.6
2026-10-18,temperature_2m_max_member20,89.7
2026-10-19,temperature_2m_max_member20,86.7
2026-10-20,temperature_2m_max_member20,87.5
2026-10-21,temperature_2m_max_member20,85.6
2026-10-22,temperature_2m_max_member20,81.1
2026-10-23,temperature_2m_max_member20,82.1
2026-10-24,temperature_2m_max_member20,81.5
2026-10-25,temperature_2m_max_member20,83.8
2026-10-26,temperature_2m_max_member20,84.7
2026-10-27,temperature_2m_max_member20,83.6
2026-10-28,temperature_2m_max_member20,82.1
2026-10-29,temperature_2m_max_member20,78.8
2026-10-30,temperature_2m_max_member20,78.3
2026-10-31,temperature_2m_max_member20,82.4
2026-11-01,temperature_2m_max_member20,82.3
2026-11-02,temperature_2m_max_member20,83.8
2026-11-03,temperature_2m_max_member20,83.1
2026-11-04,temperature_2m_max_member20,80.9
2026-11-05,temperature_2m_max_member20,79.8
2026-11-06,temperature_2m_max_member20,75
2026-11-07,temperature_2m_max_member20,72.7
2026-11-08,temperature_2m_max_member20,76.5
2026-11-09,temperature_2m_max_member20,74.6
2026-11-10,temperature_2m_max_member20,78.4
2026-11-11,temperature_2m_max_member20,75.3
2026-11-12,temperature_2m_max_member20,77.2
2026-11-13,temperature_2m_max_member20,79.7
2026-11-14,temperature_2m_max_member20,81.3
2026-11-15,temperature_2m_max_member20,81.1
2026-11-16,temperature_2m_max_member20,79.2
2026-11-17,temperature_2m_max_member20,80.7
2026-11-18,temperature_2m_max_member20,80.3
2026-11-19,temperature_2m_max_member20,81.1
2026-11-20,temperature_2m_max_member20,81.4
2026-11-21,temperature_2m_max_member20,83.3
2026-11-22,temperature_2m_max_member20,81.3
2026-11-23,temperature_2m_max_member20,83.9
2026-11-24,temperature_2m_max_member20,82.4
2026-11-25,temperature_2m_max_member20,79.3
2026-11-26,temperature_2m_max_member20,86.1
2026-11-27,temperature_2m_max_member20,86.5
2026-11-28,temperature_2m_max_member20,84.8
2026-11-29,temperature_2m_max_member20,74.8
2026-11-30,temperature_2m_max_member20,76.8
2026-12-01,temperature_2m_max_member20,77.5
2026-12-02,temperature_2m_max_member20,65.3
2026-12-03,temperature_2m_max_member20,67.1
2026-12-04,temperature_2m_max_member20,74.5
2026-12-05,temperature_2m_max_member20,74.1
2026-12-06,temperature_2m_max_member20,72.3
2026-12-07,temperature_2m_max_member20,77.4
2026-12-08,temperature_2m_max_member20,79.6
2026-12-09,temperature_2m_max_member20,80.4
2026-12-10,temperature_2m_max_member20,81.4
2026-12-11,temperature_2m_max_member20,81.3
2026-12-12,temperature_2m_max_member20,77.1
2026-12-13,temperature_2m_max_member20,67.1
2026-12-14,temperature_2m_max_member20,73
2026-12-15,temperature_2m_max_member20,74.3
2026-12-16,temperature_2m_max_member20,76.4
2026-12-17,temperature_2m_max_member20,79.6
2026-12-18,temperature_2m_max_member20,77.1
2026-12-19,temperature_2m_max_member20,73.9
2026-12-20,temperature_2m_max_member20,62.4
2026-12-21,temperature_2m_max_member20,65
2026-12-22,temperature_2m_max_member20,75.1
2026-12-23,temperature_2m_max_member20,80.3
2026-12-24,temperature_2m_max_member20,80.6
2026-12-25,temperature_2m_max_member20,74.3
2026-12-26,temperature_2m_max_member20,59.1
2026-12-27,temperature_2m_max_member20,68.9
2026-12-28,temperature_2m_max_member20,70.3
2026-12-29,temperature_2m_max_member20,71.4
2026-12-30,temperature_2m_max_member20,70.6
2026-12-31,temperature_2m_max_member20,73.5
2027-01-01,temperature_2m_max_member20,80.2
2027-01-02,temperature_2m_max_member20,74.2
2027-01-03,temperature_2m_max_member20,66.2
2027-01-04,temperature_2m_max_member20,70.1
2027-01-05,temperature_2m_max_member20,73.4
2027-01-06,temperature_2m_max_member20,71.6
2027-01-07,temperature_2m_max_member20,68.9
2027-01-08,temperature_2m_max_member20,76.2
2027-01-09,temperature_2m_max_member20,79.3
2027-01-10,temperature_2m_max_member20,76.3
2027-01-11,temperature_2m_max_member20,77.3
2027-01-12,temperature_2m_max_member20,78.7
2027-01-13,temperature_2m_max_member20,81.5
2027-01-14,temperature_2m_max_member20,79
2027-01-15,temperature_2m_max_member20,76.5
2027-01-16,temperature_2m_max_member20,71.5
2027-01-17,temperature_2m_max_member20,63.9
2027-01-18,temperature_2m_max_member20,60.4
2027-01-19,temperature_2m_max_member20,69.9
2027-01-20,temperature_2m_max_member20,71.2
2027-01-21,temperature_2m_max_member20,64.8
2027-01-22,temperature_2m_max_member20,58.9
2027-01-23,temperature_2m_max_member20,59.3
2027-01-24,temperature_2m_max_member20,68.7
2027-01-25,temperature_2m_max_member20,73.2
2027-01-26,temperature_2m_max_member20,72.1
2027-01-27,temperature_2m_max_member20,68
2027-01-28,temperature_2m_max_member20,64.3
2027-01-29,temperature_2m_max_member20,60.4
2027-01-30,temperature_2m_max_member20,57.7
2027-01-31,temperature_2m_max_member20,64.9
2027-02-01,temperature_2m_max_member20,68.8
2027-02-02,temperature_2m_max_member20,74.6
2027-02-03,temperature_2m_max_member20,76.9
2027-02-04,temperature_2m_max_member20,71
2027-02-05,temperature_2m_max_member20,62.3
2027-02-06,temperature_2m_max_member20,68.4
2027-02-07,temperature_2m_max_member20,72.6
2027-02-08,temperature_2m_max_member20,78.8
2027-02-09,temperature_2m_max_member20,77.7
2027-02-10,temperature_2m_max_member20,78.4
2027-02-11,temperature_2m_max_member20,78.8
2027-02-12,temperature_2m_max_member20,70.1
2027-02-13,temperature_2m_max_member20,69.4
2027-02-14,temperature_2m_max_member20,73
2027-02-15,temperature_2m_max_member20,77
2027-02-16,temperature_2m_max_member20,78.6
2027-02-17,temperature_2m_max_member20,77.2
2027-02-18,temperature_2m_max_member20,71.2
2027-02-19,temperature_2m_max_member20,72.4
2027-02-20,temperature_2m_max_member20,68.2
2027-02-21,temperature_2m_max_member20,67.1
2027-02-22,temperature_2m_max_member20,72.6
2027-02-23,temperature_2m_max_member20,71.8
2027-02-24,temperature_2m_max_member20,64.4
2027-02-25,temperature_2m_max_member20,63.9
2027-02-26,temperature_2m_max_member20,72.3
2027-02-27,temperature_2m_max_member20,75.7
2027-02-28,temperature_2m_max_member20,78.2
2027-03-01,temperature_2m_max_member20,75.2
2027-03-02,temperature_2m_max_member20,76.6
2027-03-03,temperature_2m_max_member20,75.3
2027-03-04,temperature_2m_max_member20,63.6
2027-03-05,temperature_2m_max_member20,67.6
2027-03-06,temperature_2m_max_member20,70.6
2027-03-07,temperature_2m_max_member20,72.8
2027-03-08,temperature_2m_max_member20,75.4
2027-03-09,temperature_2m_max_member20,72.9
2027-03-10,temperature_2m_max_member20,74.6
2027-03-11,temperature_2m_max_member20,75.2
2027-03-12,temperature_2m_max_member20,76.5
2027-03-13,temperature_2m_max_member20,79.3
2026-09-15,temperature_2m_max_member21,97.3
2026-09-16,temperature_2m_max_member21,95.9
2026-09-17,temperature_2m_max_member21,92.5
2026-09-18,temperature_2m_max_member21,93
2026-09-19,temperature_2m_max_member21,91.5
2026-09-20,temperature_2m_max_member21,91.1
2026-09-21,temperature_2m_max_member21,90.2
2026-09-22,temperature_2m_max_member21,86.6
2026-09-23,temperature_2m_max_member21,86.5
2026-09-24,temperature_2m_max_member21,88.1
2026-09-25,temperature_2m_max_member21,87.2
2026-09-26,temperature_2m_max_member21,86
2026-09-27,temperature_2m_max_member21,84.7
2026-09-28,temperature_2m_max_member21,85
2026-09-29,temperature_2m_max_member21,86.5
2026-09-30,temperature_2m_max_member21,88.3
2026-10-01,temperature_2m_max_member21,88.9
2026-10-02,temperature_2m_max_member21,87.7
2026-10-03,temperature_2m_max_member21,88.7
2026-10-04,temperature_2m_max_member21,89.4
2026-10-05,temperature_2m_max_member21,89.5
2026-10-06,temperature_2m_max_member21,89.6
2026-10-07,temperature_2m_max_member21,87.6
2026-10-08,temperature_2m_max_member21,86.5
2026-10-09,temperature_2m_max_member21,89.3
2026-10-10,temperature_2m_max_member21,89.4
2026-10-11,temperature_2m_max_member21,90.8
2026-10-12,temperature_2m_max_member21,91.3
2026-10-13,temperature_2m_max_member21,89.1
2026-10-14,temperature_2m_max_member21,89.7
2026-10-15,temperature_2m_max_member21,90.7
2026-10-16,temperature_2m_max_member21,88
2026-10-17,temperature_2m_max_member21,87.1
2026-10-18,temperature_2m_max_member21,86.1
2026-10-19,temperature_2m_max_member21,87
2026-10-20,temperature_2m_max_member21,87.1
2026-10-21,temperature_2m_max_member21,83.9
2026-10-22,temperature_2m_max_member21,81.8
2026-10-23,temperature_2m_max_member21,81.6
2026-10-24,temperature_2m_max_member21,83.3
2026-10-25,temperature_2m_max_member21,85.3
2026-10-26,temperature_2m_max_member21,84.8
2026-10-27,temperature_2m_max_member21,83.5
2026-10-28,temperature_2m_max_member21,81
2026-10-29,temperature_2m_max_member21,83
2026-10-30,temperature_2m_max_member21,84.7
2026-10-31,temperature_2m_max_member21,85.3
2026-11-01,temperature_2m_max_member21,87.4
2026-11-02,temperature_2m_max_member21,86.9
2026-11-03,temperature_2m_max_member21,86.5
2026-11-04,temperature_2m_max_member21,86.4
2026-11-05,temperature_2m_max_member21,87.4
2026-11-06,temperature_2m_max_member21,86.7
2026-11-07,temperature_2m_max_member21,86.3
2026-11-08,temperature_2m_max_member21,85.1
2026-11-09,temperature_2m_max_member21,79.1
2026-11-10,temperature_2m_max_member21,69.6
2026-11-11,temperature_2m_max_member21,75.1
2026-11-12,temperature_2m_max_member21,78.4
2026-11-13,temperature_2m_max_member21,79.2
2026-11-14,temperature_2m_max_member21,82.6
2026-11-15,temperature_2m_max_member21,81.9
2026-11-16,temperature_2m_max_member21,79.6
2026-11-17,temperature_2m_max_member21,73.8
2026-11-18,temperature_2m_max_member21,64.4
2026-11-19,temperature_2m_max_member21,76.6
2026-11-20,temperature_2m_max_member21,76.6
2026-11-21,temperature_2m_max_member21,68.9
2026-11-22,temperature_2m_max_member21,64.2
2026-11-23,temperature_2m_max_member21,68.5
2026-11-24,temperature_2m_max_member21,75.1
2026-11-25,temperature_2m_max_member21,77.5
2026-11-26,temperature_2m_max_member21,82.1
2026-11-27,temperature_2m_max_member21,80.6
2026-11-28,temperature_2m_max_member21,79.3
2026-11-29,temperature_2m_max_member21,81.6
2026-11-30,temperature_2m_max_member21,82.2
2026-12-01,temperature_2m_max_member21,83.5
2026-12-02,temperature_2m_max_member21,84.1
2026-12-03,temperature_2m_max_member21,83.5
2026-12-04,temperature_2m_max_member21,83.1
2026-12-05,temperature_2m_max_member21,84.8
2026-12-06,temperature_2m_max_member21,82.6
2026-12-07,temperature_2m_max_member21,82.3
2026-12-08,temperature_2m_max_member21,75.3
2026-12-09,temperature_2m_max_member21,68.7
2026-12-10,temperature_2m_max_member21,73.8
2026-12-11,temperature_2m_max_member21,79
2026-12-12,temperature_2m_max_member21,71
2026-12-13,temperature_2m_max_member21,65.8
2026-12-14,temperature_2m_max_member21,73
2026-12-15,temperature_2m_max_member21,76.7
2026-12-16,temperature_2m_max_member21,77.7
2026-12-17,temperature_2m_max_member21,75.8
2026-12-18,temperature_2m_max_member21,78.9
2026-12-19,temperature_2m_max_member21,72.4
2026-12-20,temperature_2m_max_member21,66.4
2026-12-21,temperature_2m_max_member21,73.3
2026-12-22,temperature_2m_max_member21,76.9
2026-12-23,temperature_2m_max_member21,70.4
2026-12-24,temperature_2m_max_member21,63.8
2026-12-25,temperature_2m_max_member21,75.9
2026-12-26,temperature_2m_max_member21,72.7
2026-12-27,temperature_2m_max_member21,79.8
2026-12-28,temperature_2m_max_member21,74.8
2026-12-29,temperature_2m_max_member21,64.9
2026-12-30,temperature_2m_max_member21,57.2
2026-12-31,temperature_2m_max_member21,61
2027-01-01,temperature_2m_max_member21,60.6
2027-01-02,temperature_2m_max_member21,66
2027-01-03,temperature_2m_max_member21,74.4
2027-01-04,temperature_2m_max_member21,71.6
2027-01-05,temperature_2m_max_member21,63.8
2027-01-06,temperature_2m_max_member21,59
2027-01-07,temperature_2m_max_member21,59.5
2027-01-08,temperature_2m_max_member21,61.4
2027-01-09,temperature_2m_max_member21,69.6
2027-01-10,temperature_2m_max_member21,72.1
2027-01-11,temperature_2m_max_member21,68.5
2027-01-12,temperature_2m_max_member21,66.5
2027-01-13,temperature_2m_max_member21,74
2027-01-14,temperature_2m_max_member21,77.1
2027-01-15,temperature_2m_max_member21,76.8
2027-01-16,temperature_2m_max_member21,71
2027-01-17,temperature_2m_max_member21,54.1
2027-01-18,temperature_2m_max_member21,59.3
2027-01-19,temperature_2m_max_member21,70.7
2027-01-20,temperature_2m_max_member21,70.5
2027-01-21,temperature_2m_max_member21,74.3
2027-01-22,temperature_2m_max_member21,72.9
2027-01-23,temperature_2m_max_member21,72.9
2027-01-24,temperature_2m_max_member21,72.1
2027-01-25,temperature_2m_max_member21,72.8
2027-01-26,temperature_2m_max_member21,73.3
2027-01-27,temperature_2m_max_member21,77
2027-01-28,temperature_2m_max_member21,76.1
2027-01-29,temperature_2m_max_member21,76.6
2027-01-30,temperature_2m_max_member21,74.1
2027-01-31,temperature_2m_max_member21,75
2027-02-01,temperature_2m_max_member21,71.8
2027-02-02,temperature_2m_max_member21,74.1
2027-02-03,temperature_2m_max_member21,77.6
2027-02-04,temperature_2m_max_member21,77.1
2027-02-05,temperature_2m_max_member21,74
2027-02-06,temperature_2m_max_member21,76.7
2027-02-07,temperature_2m_max_member21,62.7
2027-02-08,temperature_2m_max_member21,61
2027-02-09,temperature_2m_max_member21,62.2
2027-02-10,temperature_2m_max_member21,59.6
2027-02-11,temperature_2m_max_member21,58.9
2027-02-12,temperature_2m_max_member21,63.7
2027-02-13,temperature_2m_max_member21,72.1
2027-02-14,temperature_2m_max_member21,74
2027-02-15,temperature_2m_max_member21,74.5
2027-02-16,temperature_2m_max_member21,73.2
2027-02-17,temperature_2m_max_member21,72.5
2027-02-18,temperature_2m_max_member21,74.9
2027-02-19,temperature_2m_max_member21,77
2027-02-20,temperature_2m_max_member21,79
2027-02-21,temperature_2m_max_member21,75.6
2027-02-22,temperature_2m_max_member21,73.9
2027-02-23,temperature_2m_max_member21,72.6
2027-02-24,temperature_2m_max_member21,72.8
2027-02-25,temperature_2m_max_member21,74.9
2027-02-26,temperature_2m_max_member21,66.8
2027-02-27,temperature_2m_max_member21,63
2027-02-28,temperature_2m_max_member21,69.5
2027-03-01,temperature_2m_max_member21,76.1
2027-03-02,temperature_2m_max_member21,71.2
2027-03-03,temperature_2m_max_member21,72.3
2027-03-04,temperature_2m_max_member21,76.8
2027-03-05,temperature_2m_max_member21,74.9
2027-03-06,temperature_2m_max_member21,72.2
2027-03-07,temperature_2m_max_member21,74.4
2027-03-08,temperature_2m_max_member21,73.9
2027-03-09,temperature_2m_max_member21,75.7
2027-03-10,temperature_2m_max_member21,74.2
2027-03-11,temperature_2m_max_member21,71.8
2027-03-12,temperature_2m_max_member21,71.2
2027-03-13,temperature_2m_max_member21,71.7
2026-09-15,temperature_2m_max_member22,97.1
2026-09-16,temperature_2m_max_member22,96.3
2026-09-17,temperature_2m_max_member22,94.6
2026-09-18,temperature_2m_max_member22,93.2
2026-09-19,temperature_2m_max_member22,88.1
2026-09-20,temperature_2m_max_member22,85.6
2026-09-21,temperature_2m_max_member22,83.8
2026-09-22,temperature_2m_max_member22,84.8
2026-09-23,temperature_2m_max_member22,87.1
2026-09-24,temperature_2m_max_member22,90.6
2026-09-25,temperature_2m_max_member22,91.3
2026-09-26,temperature_2m_max_member22,91.5
2026-09-27,temperature_2m_max_member22,88
2026-09-28,temperature_2m_max_member22,86.6
2026-09-29,temperature_2m_max_member22,87.6
2026-09-30,temperature_2m_max_member22,88.3
2026-10-01,temperature_2m_max_member22,89.1
2026-10-02,temperature_2m_max_member22,88.1
2026-10-03,temperature_2m_max_member22,88.8
2026-10-04,temperature_2m_max_member22,85.3
2026-10-05,temperature_2m_max_member22,81.8
2026-10-06,temperature_2m_max_member22,84.1
2026-10-07,temperature_2m_max_member22,84.4
2026-10-08,temperature_2m_max_member22,83.9
2026-10-09,temperature_2m_max_member22,83.8
2026-10-10,temperature_2m_max_member22,85.3
2026-10-11,temperature_2m_max_member22,86.4
2026-10-12,temperature_2m_max_member22,85.5
2026-10-13,temperature_2m_max_member22,86.4
2026-10-14,temperature_2m_max_member22,88.1
2026-10-15,temperature_2m_max_member22,88.9
2026-10-16,temperature_2m_max_member22,85.1
2026-10-17,temperature_2m_max_member22,85.8
2026-10-18,temperature_2m_max_member22,86.3
2026-10-19,temperature_2m_max_member22,87
2026-10-20,temperature_2m_max_member22,88
2026-10-21,temperature_2m_max_member22,88.8
2026-10-22,temperature_2m_max_member22,87.8
2026-10-23,temperature_2m_max_member22,85.8
2026-10-24,temperature_2m_max_member22,85.1
2026-10-25,temperature_2m_max_member22,78.6
2026-10-26,temperature_2m_max_member22,81.3
2026-10-27,temperature_2m_max_member22,86.1
2026-10-28,temperature_2m_max_member22,86.7
2026-10-29,temperature_2m_max_member22,87
2026-10-30,temperature_2m_max_member22,85
2026-10-31,temperature_2m_max_member22,86.9
2026-11-01,temperature_2m_max_member22,87.7
2026-11-02,temperature_2m_max_member22,87
2026-11-03,temperature_2m_max_member22,79.8
2026-11-04,temperature_2m_max_member22,73
2026-11-05,temperature_2m_max_member22,73.9
2026-11-06,temperature_2m_max_member22,75.1
2026-11-07,temperature_2m_max_member22,76.6
2026-11-08,temperature_2m_max_member22,78.5
2026-11-09,temperature_2m_max_member22,70.2
2026-11-10,temperature_2m_max_member22,73.9
2026-11-11,temperature_2m_max_member22,80.1
2026-11-12,temperature_2m_max_member22,79.8
2026-11-13,temperature_2m_max_member22,81.3
2026-11-14,temperature_2m_max_member22,82.4
2026-11-15,temperature_2m_max_member22,81.6
2026-11-16,temperature_2m_max_member22,84.4
2026-11-17,temperature_2m_max_member22,85
2026-11-18,temperature_2m_max_member22,83.9
2026-11-19,temperature_2m_max_member22,80.9
2026-11-20,temperature_2m_max_member22,73.9
2026-11-21,temperature_2m_max_member22,64
2026-11-22,temperature_2m_max_member22,73
2026-11-23,temperature_2m_max_member22,75.5
2026-11-24,temperature_2m_max_member22,83.9
2026-11-25,temperature_2m_max_member22,84.2
2026-11-26,temperature_2m_max_member22,83.6
2026-11-27,temperature_2m_max_member22,83.8
2026-11-28,temperature_2m_max_member22,83.3
2026-11-29,temperature_2m_max_member22,73.1
2026-11-30,temperature_2m_max_member22,66.5
2026-12-01,temperature_2m_max_member22,67.6
2026-12-02,temperature_2m_max_member22,68
2026-12-03,temperature_2m_max_member22,71.2
2026-12-04,temperature_2m_max_member22,71.6
2026-12-05,temperature_2m_max_member22,74.7
2026-12-06,temperature_2m_max_member22,71.7
2026-12-07,temperature_2m_max_member22,60.4
2026-12-08,temperature_2m_max_member22,62.4
2026-12-09,temperature_2m_max_member22,71.5
2026-12-10,temperature_2m_max_member22,73.1
2026-12-11,temperature_2m_max_member22,76.2
2026-12-12,temperature_2m_max_member22,70.3
2026-12-13,temperature_2m_max_member22,69.4
2026-12-14,temperature_2m_max_member22,73.1
2026-12-15,temperature_2m_max_member22,77.8
2026-12-16,temperature_2m_max_member22,68.5
2026-12-17,temperature_2m_max_member22,69.6
2026-12-18,temperature_2m_max_member22,71.5
2026-12-19,temperature_2m_max_member22,73
2026-12-20,temperature_2m_max_member22,77.1
2026-12-21,temperature_2m_max_member22,80.7
2026-12-22,temperature_2m_max_member22,77.6
2026-12-23,temperature_2m_max_member22,80
2026-12-24,temperature_2m_max_member22,76.3
2026-12-25,temperature_2m_max_member22,79.3
2026-12-26,temperature_2m_max_member22,78.8
2026-12-27,temperature_2m_max_member22,78.4
2026-12-28,temperature_2m_max_member22,72.5
2026-12-29,temperature_2m_max_member22,57.5
2026-12-30,temperature_2m_max_member22,53.5
2026-12-31,temperature_2m_max_member22,57.8
2027-01-01,temperature_2m_max_member22,69.3
2027-01-02,temperature_2m_max_member22,77.3
2027-01-03,temperature_2m_max_member22,74.2
2027-01-04,temperature_2m_max_member22,70
2027-01-05,temperature_2m_max_member22,70.3
2027-01-06,temperature_2m_max_member22,74.9
2027-01-07,temperature_2m_max_member22,76.1
2027-01-08,temperature_2m_max_member22,70
2027-01-09,temperature_2m_max_member22,69.6
2027-01-10,temperature_2m_max_member22,69.4
2027-01-11,temperature_2m_max_member22,74.4
2027-01-12,temperature_2m_max_member22,76.3
2027-01-13,temperature_2m_max_member22,77.3
2027-01-14,temperature_2m_max_member22,71.9
2027-01-15,temperature_2m_max_member22,60.2
2027-01-16,temperature_2m_max_member22,60.2
2027-01-17,temperature_2m_max_member22,66.1
2027-01-18,temperature_2m_max_member22,73
2027-01-19,temperature_2m_max_member22,74.8
2027-01-20,temperature_2m_max_member22,76.5
2027-01-21,temperature_2m_max_member22,76
2027-01-22,temperature_2m_max_member22,75.7
2027-01-23,temperature_2m_max_member22,68
2027-01-24,temperature_2m_max_member22,72.6
2027-01-25,temperature_2m_max_member22,73.6
2027-01-26,temperature_2m_max_member22,66.6
2027-01-27,temperature_2m_max_member22,71.6
2027-01-28,temperature_2m_max_member22,72
2027-01-29,temperature_2m_max_member22,68
2027-01-30,temperature_2m_max_member22,64.9
2027-01-31,temperature_2m_max_member22,78.1
2027-02-01,temperature_2m_max_member22,74.3
2027-02-02,temperature_2m_max_member22,76.6
2027-02-03,temperature_2m_max_member22,70.2
2027-02-04,temperature_2m_max_member22,73.4
2027-02-05,temperature_2m_max_member22,70.5
2027-02-06,temperature_2m_max_member22,62.2
2027-02-07,temperature_2m_max_member22,60.8
2027-02-08,temperature_2m_max_member22,67
2027-02-09,temperature_2m_max_member22,74.9
2027-02-10,temperature_2m_max_member22,68.6
2027-02-11,temperature_2m_max_member22,57.2
2027-02-12,temperature_2m_max_member22,69.3
2027-02-13,temperature_2m_max_member22,73.8
2027-02-14,temperature_2m_max_member22,72.2
2027-02-15,temperature_2m_max_member22,67.4
2027-02-16,temperature_2m_max_member22,60.4
2027-02-17,temperature_2m_max_member22,69.5
2027-02-18,temperature_2m_max_member22,71.8
2027-02-19,temperature_2m_max_member22,75.8
2027-02-20,temperature_2m_max_member22,75.2
2027-02-21,temperature_2m_max_member22,68.5
2027-02-22,temperature_2m_max_member22,62.2
2027-02-23,temperature_2m_max_member22,66
2027-02-24,temperature_2m_max_member22,76.5
2027-02-25,temperature_2m_max_member22,75.9
2027-02-26,temperature_2m_max_member22,65.8
2027-02-27,temperature_2m_max_member22,64.8
2027-02-28,temperature_2m_max_member22,74.6
2027-03-01,temperature_2m_max_member22,72.3
2027-03-02,temperature_2m_max_member22,78.8
2027-03-03,temperature_2m_max_member22,72
2027-03-04,temperature_2m_max_member22,68.6
2027-03-05,temperature_2m_max_member22,76.9
2027-03-06,temperature_2m_max_member22,74.2
2027-03-07,temperature_2m_max_member22,72.2
2027-03-08,temperature_2m_max_member22,76.1
2027-03-09,temperature_2m_max_member22,72.1
2027-03-10,temperature_2m_max_member22,64.6
2027-03-11,temperature_2m_max_member22,72.9
2027-03-12,temperature_2m_max_member22,77.5
2027-03-13,temperature_2m_max_member22,70.3
2026-09-15,temperature_2m_max_member23,92.7
2026-09-16,temperature_2m_max_member23,90.1
2026-09-17,temperature_2m_max_member23,92
2026-09-18,temperature_2m_max_member23,92.6
2026-09-19,temperature_2m_max_member23,90.7
2026-09-20,temperature_2m_max_member23,91.6
2026-09-21,temperature_2m_max_member23,91.9
2026-09-22,temperature_2m_max_member23,89.3
2026-09-23,temperature_2m_max_member23,89.4
2026-09-24,temperature_2m_max_member23,89.7
2026-09-25,temperature_2m_max_member23,88.2
2026-09-26,temperature_2m_max_member23,89.1
2026-09-27,temperature_2m_max_member23,88.9
2026-09-28,temperature_2m_max_member23,89.1
2026-09-29,temperature_2m_max_member23,89.5
2026-09-30,temperature_2m_max_member23,90.3
2026-10-01,temperature_2m_max_member23,91.5
2026-10-02,temperature_2m_max_member23,90
2026-10-03,temperature_2m_max_member23,87.3
2026-10-04,temperature_2m_max_member23,87.2
2026-10-05,temperature_2m_max_member23,87.7
2026-10-06,temperature_2m_max_member23,88.8
2026-10-07,temperature_2m_max_member23,89.5
2026-10-08,temperature_2m_max_member23,89.8
2026-10-09,temperature_2m_max_member23,90.2
2026-10-10,temperature_2m_max_member23,90.8
2026-10-11,temperature_2m_max_member23,90.2
2026-10-12,temperature_2m_max_member23,90.7
2026-10-13,temperature_2m_max_member23,90.4
2026-10-14,temperature_2m_max_member23,87.7
2026-10-15,temperature_2m_max_member23,87.3
2026-10-16,temperature_2m_max_member23,85.7
2026-10-17,temperature_2m_max_member23,86.5
2026-10-18,temperature_2m_max_member23,86.5
2026-10-19,temperature_2m_max_member23,85.9
2026-10-20,temperature_2m_max_member23,79.6
2026-10-21,temperature_2m_max_member23,85.2
2026-10-22,temperature_2m_max_member23,86.1
2026-10-23,temperature_2m_max_member23,84
2026-10-24,temperature_2m_max_member23,84.7
2026-10-25,temperature_2m_max_member23,84.4
2026-10-26,temperature_2m_max_member23,87.2
2026-10-27,temperature_2m_max_member23,88.4
2026-10-28,temperature_2m_max_member23,88.6
2026-10-29,temperature_2m_max_member23,88.2
2026-10-30,temperature_2m_max_member23,87
2026-10-31,temperature_2m_max_member23,84.3
2026-11-01,temperature_2m_max_member23,81.6
2026-11-02,temperature_2m_max_member23,83.7
2026-11-03,temperature_2m_max_member23,84.7
2026-11-04,temperature_2m_max_member23,85
2026-11-05,temperature_2m_max_member23,84.1
2026-11-06,temperature_2m_max_member23,82
2026-11-07,temperature_2m_max_member23,83.7
2026-11-08,temperature_2m_max_member23,77.6
2026-11-09,temperature_2m_max_member23,80.1
2026-11-10,temperature_2m_max_member23,83.4
2026-11-11,temperature_2m_max_member23,81.7
2026-11-12,temperature_2m_max_member23,75.7
2026-11-13,temperature_2m_max_member23,70.2
2026-11-14,temperature_2m_max_member23,70.7
2026-11-15,temperature_2m_max_member23,77.4
2026-11-16,temperature_2m_max_member23,77.5
2026-11-17,temperature_2m_max_member23,84.1
2026-11-18,temperature_2m_max_member23,85
2026-11-19,temperature_2m_max_member23,86.8
2026-11-20,temperature_2m_max_member23,85.4
2026-11-21,temperature_2m_max_member23,83.6
2026-11-22,temperature_2m_max_member23,84.1
2026-11-23,temperature_2m_max_member23,82.5
2026-11-24,temperature_2m_max_member23,84.7
2026-11-25,temperature_2m_max_member23,86.4
2026-11-26,temperature_2m_max_member23,83.8
2026-11-27,temperature_2m_max_member23,76.9
2026-11-28,temperature_2m_max_member23,65.8
2026-11-29,temperature_2m_max_member23,76.1
2026-11-30,temperature_2m_max_member23,71.2
2026-12-01,temperature_2m_max_member23,73.6
2026-12-02,temperature_2m_max_member23,72.9
2026-12-03,temperature_2m_max_member23,69.2
2026-12-04,temperature_2m_max_member23,70.3
2026-12-05,temperature_2m_max_member23,78.4
2026-12-06,temperature_2m_max_member23,77.3
2026-12-07,temperature_2m_max_member23,64.8
2026-12-08,temperature_2m_max_member23,69.5
2026-12-09,temperature_2m_max_member23,68.9
2026-12-10,temperature_2m_max_member23,77.9
2026-12-11,temperature_2m_max_member23,79.8
2026-12-12,temperature_2m_max_member23,73.6
2026-12-13,temperature_2m_max_member23,65.9
2026-12-14,temperature_2m_max_member23,64.2
2026-12-15,temperature_2m_max_member23,57.8
2026-12-16,temperature_2m_max_member23,60.4
2026-12-17,temperature_2m_max_member23,61.8
2026-12-18,temperature_2m_max_member23,64.3
2026-12-19,temperature_2m_max_member23,61.3
2026-12-20,temperature_2m_max_member23,66.5
2026-12-21,temperature_2m_max_member23,56.2
2026-12-22,temperature_2m_max_member23,62
2026-12-23,temperature_2m_max_member23,59.1
2026-12-24,temperature_2m_max_member23,75.5
2026-12-25,temperature_2m_max_member23,69.7
2026-12-26,temperature_2m_max_member23,66.7
2026-12-27,temperature_2m_max_member23,74.2
2026-12-28,temperature_2m_max_member23,72.1
2026-12-29,temperature_2m_max_member23,70.5
2026-12-30,temperature_2m_max_member23,67.1
2026-12-31,temperature_2m_max_member23,65.3
2027-01-01,temperature_2m_max_member23,59.2
2027-01-02,temperature_2m_max_member23,65.5
2027-01-03,temperature_2m_max_member23,70.5
2027-01-04,temperature_2m_max_member23,73.8
2027-01-05,temperature_2m_max_member23,75.6
2027-01-06,temperature_2m_max_member23,71.7
2027-01-07,temperature_2m_max_member23,72.1
2027-01-08,temperature_2m_max_member23,75.4
2027-01-09,temperature_2m_max_member23,66.7
2027-01-10,temperature_2m_max_member23,61.1
2027-01-11,temperature_2m_max_member23,64
2027-01-12,temperature_2m_max_member23,63.9
2027-01-13,temperature_2m_max_member23,73.6
2027-01-14,temperature_2m_max_member23,74.9
2027-01-15,temperature_2m_max_member23,73.6
2027-01-16,temperature_2m_max_member23,73.2
2027-01-17,temperature_2m_max_member23,65.5
2027-01-18,temperature_2m_max_member23,67.4
2027-01-19,temperature_2m_max_member23,66.7
2027-01-20,temperature_2m_max_member23,70.2
2027-01-21,temperature_2m_max_member23,74.1
2027-01-22,temperature_2m_max_member23,77.7
2027-01-23,temperature_2m_max_member23,78.1
2027-01-24,temperature_2m_max_member23,79
2027-01-25,temperature_2m_max_member23,79.5
2027-01-26,temperature_2m_max_member23,79.4
2027-01-27,temperature_2m_max_member23,77.3
2027-01-28,temperature_2m_max_member23,70.4
2027-01-29,temperature_2m_max_member23,75
2027-01-30,temperature_2m_max_member23,74
2027-01-31,temperature_2m_max_member23,72.9
2027-02-01,temperature_2m_max_member23,68.7
2027-02-02,temperature_2m_max_member23,70.7
2027-02-03,temperature_2m_max_member23,75.7
2027-02-04,temperature_2m_max_member23,76.9
2027-02-05,temperature_2m_max_member23,76.6
2027-02-06,temperature_2m_max_member23,73.5
2027-02-07,temperature_2m_max_member23,74
2027-02-08,temperature_2m_max_member23,70.8
2027-02-09,temperature_2m_max_member23,70.8
2027-02-10,temperature_2m_max_member23,73.4
2027-02-11,temperature_2m_max_member23,70.1
2027-02-12,temperature_2m_max_member23,78.4
2027-02-13,temperature_2m_max_member23,75
2027-02-14,temperature_2m_max_member23,64.8
2027-02-15,temperature_2m_max_member23,62.2
2027-02-16,temperature_2m_max_member23,59.1
2027-02-17,temperature_2m_max_member23,65.7
2027-02-18,temperature_2m_max_member23,69
2027-02-19,temperature_2m_max_member23,69.8
2027-02-20,temperature_2m_max_member23,70.3
2027-02-21,temperature_2m_max_member23,76.4
2027-02-22,temperature_2m_max_member23,78.3
2027-02-23,temperature_2m_max_member23,71.6
2027-02-24,temperature_2m_max_member23,74.3
2027-02-25,temperature_2m_max_member23,72.1
2027-02-26,temperature_2m_max_member23,69.8
2027-02-27,temperature_2m_max_member23,66.5
2027-02-28,temperature_2m_max_member23,70.7
2027-03-01,temperature_2m_max_member23,73.3
2027-03-02,temperature_2m_max_member23,68.3
2027-03-03,temperature_2m_max_member23,72.3
2027-03-04,temperature_2m_max_member23,67.7
2027-03-05,temperature_2m_max_member23,73
2027-03-06,temperature_2m_max_member23,75.3
2027-03-07,temperature_2m_max_member23,76.6
2027-03-08,temperature_2m_max_member23,70.8
2027-03-09,temperature_2m_max_member23,73.2
2027-03-10,temperature_2m_max_member23,74.5
2027-03-11,temperature_2m_max_member23,76.3
2027-03-12,temperature_2m_max_member23,77.2
2027-03-13,temperature_2m_max_member23,75.2
2026-09-15,temperature_2m_max_member24,91
2026-09-16,temperature_2m_max_member24,91
2026-09-17,temperature_2m_max_member24,89.4
2026-09-18,temperature_2m_max_member24,90.6
2026-09-19,temperature_2m_max_member24,90.9
2026-09-20,temperature_2m_max_member24,89.8
2026-09-21,temperature_2m_max_member24,89.4
2026-09-22,temperature_2m_max_member24,92.7
2026-09-23,temperature_2m_max_member24,92.8
2026-09-24,temperature_2m_max_member24,89.9
2026-09-25,temperature_2m_max_member24,90.1
2026-09-26,temperature_2m_max_member24,90.3
2026-09-27,temperature_2m_max_member24,92.2
2026-09-28,temperature_2m_max_member24,92.1
2026-09-29,temperature_2m_max_member24,92
2026-09-30,temperature_2m_max_member24,90.4
2026-10-01,temperature_2m_max_member24,91.3
2026-10-02,temperature_2m_max_member24,92.2
2026-10-03,temperature_2m_max_member24,83.3
2026-10-04,temperature_2m_max_member24,85.8
2026-10-05,temperature_2m_max_member24,87.1
2026-10-06,temperature_2m_max_member24,85.8
2026-10-07,temperature_2m_max_member24,85.6
2026-10-08,temperature_2m_max_member24,86.2
2026-10-09,temperature_2m_max_member24,87.1
2026-10-10,temperature_2m_max_member24,87.8
2026-10-11,temperature_2m_max_member24,87.2
2026-10-12,temperature_2m_max_member24,86.9
2026-10-13,temperature_2m_max_member24,88.1
2026-10-14,temperature_2m_max_member24,88.3
2026-10-15,temperature_2m_max_member24,87.8
2026-10-16,temperature_2m_max_member24,85.4
2026-10-17,temperature_2m_max_member24,88.7
2026-10-18,temperature_2m_max_member24,89.2
2026-10-19,temperature_2m_max_member24,89.8
2026-10-20,temperature_2m_max_member24,90.5
2026-10-21,temperature_2m_max_member24,91.8
2026-10-22,temperature_2m_max_member24,92
2026-10-23,temperature_2m_max_member24,91.3
2026-10-24,temperature_2m_max_member24,90.5
2026-10-25,temperature_2m_max_member24,91.2
2026-10-26,temperature_2m_max_member24,90.1
2026-10-27,temperature_2m_max_member24,87.4
2026-10-28,temperature_2m_max_member24,82.2
2026-10-29,temperature_2m_max_member24,79.1
2026-10-30,temperature_2m_max_member24,72.9
2026-10-31,temperature_2m_max_member24,75
2026-11-01,temperature_2m_max_member24,77.9
2026-11-02,temperature_2m_max_member24,79.9
2026-11-03,temperature_2m_max_member24,81.6
2026-11-04,temperature_2m_max_member24,80.2
2026-11-05,temperature_2m_max_member24,77.7
2026-11-06,temperature_2m_max_member24,81
2026-11-07,temperature_2m_max_member24,85.9
2026-11-08,temperature_2m_max_member24,86.7
2026-11-09,temperature_2m_max_member24,88.9
2026-11-10,temperature_2m_max_member24,87.2
2026-11-11,temperature_2m_max_member24,79.5
2026-11-12,temperature_2m_max_member24,73.5
2026-11-13,temperature_2m_max_member24,80.2
2026-11-14,temperature_2m_max_member24,77.2
2026-11-15,temperature_2m_max_member24,83.8
2026-11-16,temperature_2m_max_member24,85.4
2026-11-17,temperature_2m_max_member24,81.6
2026-11-18,temperature_2m_max_member24,74.4
2026-11-19,temperature_2m_max_member24,73.3
2026-11-20,temperature_2m_max_member24,68.2
2026-11-21,temperature_2m_max_member24,65.6
2026-11-22,temperature_2m_max_member24,77.8
2026-11-23,temperature_2m_max_member24,78.7
2026-11-24,temperature_2m_max_member24,75.2
2026-11-25,temperature_2m_max_member24,80.2
2026-11-26,temperature_2m_max_member24,83.1
2026-11-27,temperature_2m_max_member24,75.5
2026-11-28,temperature_2m_max_member24,79
2026-11-29,temperature_2m_max_member24,80.4
2026-11-30,temperature_2m_max_member24,76.3
2026-12-01,temperature_2m_max_member24,71.5
2026-12-02,temperature_2m_max_member24,64.3
2026-12-03,temperature_2m_max_member24,70.5
2026-12-04,temperature_2m_max_member24,76.4
2026-12-05,temperature_2m_max_member24,68
2026-12-06,temperature_2m_max_member24,60.3
2026-12-07,temperature_2m_max_member24,60
2026-12-08,temperature_2m_max_member24,73
2026-12-09,temperature_2m_max_member24,73
2026-12-10,temperature_2m_max_member24,73.9
2026-12-11,temperature_2m_max_member24,72.9
2026-12-12,temperature_2m_max_member24,71.1
2026-12-13,temperature_2m_max_member24,73
2026-12-14,temperature_2m_max_member24,70.7
2026-12-15,temperature_2m_max_member24,64.6
2026-12-16,temperature_2m_max_member24,67.6
2026-12-17,temperature_2m_max_member24,76.3
2026-12-18,temperature_2m_max_member24,70.9
2026-12-19,temperature_2m_max_member24,67.6
2026-12-20,temperature_2m_max_member24,74.8
2026-12-21,temperature_2m_max_member24,70.7
2026-12-22,temperature_2m_max_member24,58.7
2026-12-23,temperature_2m_max_member24,59.9
2026-12-24,temperature_2m_max_member24,52.4
2026-12-25,temperature_2m_max_member24,66.9
2026-12-26,temperature_2m_max_member24,73.9
2026-12-27,temperature_2m_max_member24,67.3
2026-12-28,temperature_2m_max_member24,56.9
2026-12-29,temperature_2m_max_member24,59.9
2026-12-30,temperature_2m_max_member24,65.1
2026-12-31,temperature_2m_max_member24,62.1
2027-01-01,temperature_2m_max_member24,65.1
2027-01-02,temperature_2m_max_member24,67.8
2027-01-03,temperature_2m_max_member24,71.4
2027-01-04,temperature_2m_max_member24,73.2
2027-01-05,temperature_2m_max_member24,74.9
2027-01-06,temperature_2m_max_member24,66.7
2027-01-07,temperature_2m_max_member24,71.6
2027-01-08,temperature_2m_max_member24,71.2
2027-01-09,temperature_2m_max_member24,74
2027-01-10,temperature_2m_max_member24,61.6
2027-01-11,temperature_2m_max_member24,58.8
2027-01-12,temperature_2m_max_member24,61.7
2027-01-13,temperature_2m_max_member24,58.1
2027-01-14,temperature_2m_max_member24,68.4
2027-01-15,temperature_2m_max_member24,72.1
2027-01-16,temperature_2m_max_member24,73.1
2027-01-17,temperature_2m_max_member24,75.2
2027-01-18,temperature_2m_max_member24,76.5
2027-01-19,temperature_2m_max_member24,75.4
2027-01-20,temperature_2m_max_member24,76.8
2027-01-21,temperature_2m_max_member24,70.3
2027-01-22,temperature_2m_max_member24,77.1
2027-01-23,temperature_2m_max_member24,76.9
2027-01-24,temperature_2m_max_member24,75.4
2027-01-25,temperature_2m_max_member24,71.8
2027-01-26,temperature_2m_max_member24,77.8
2027-01-27,temperature_2m_max_member24,78.4
2027-01-28,temperature_2m_max_member24,74.9
2027-01-29,temperature_2m_max_member24,67.5
2027-01-30,temperature_2m_max_member24,62.2
2027-01-31,temperature_2m_max_member24,68.5
2027-02-01,temperature_2m_max_member24,70.7
2027-02-02,temperature_2m_max_member24,72.7
2027-02-03,temperature_2m_max_member24,55.4
2027-02-04,temperature_2m_max_member24,69.4
2027-02-05,temperature_2m_max_member24,69.8
2027-02-06,temperature_2m_max_member24,71.2
2027-02-07,temperature_2m_max_member24,64
2027-02-08,temperature_2m_max_member24,64.6
2027-02-09,temperature_2m_max_member24,68.8
2027-02-10,temperature_2m_max_member24,73.8
2027-02-11,temperature_2m_max_member24,71.5
2027-02-12,temperature_2m_max_member24,61.5
2027-02-13,temperature_2m_max_member24,68.3
2027-02-14,temperature_2m_max_member24,71.3
2027-02-15,temperature_2m_max_member24,71.4
2027-02-16,temperature_2m_max_member24,74.5
2027-02-17,temperature_2m_max_member24,76.6
2027-02-18,temperature_2m_max_member24,74.8
2027-02-19,temperature_2m_max_member24,64.5
2027-02-20,temperature_2m_max_member24,64.4
2027-02-21,temperature_2m_max_member24,71.8
2027-02-22,temperature_2m_max_member24,74.7
2027-02-23,temperature_2m_max_member24,76.7
2027-02-24,temperature_2m_max_member24,78.5
2027-02-25,temperature_2m_max_member24,72.5
2027-02-26,temperature_2m_max_member24,69.8
2027-02-27,temperature_2m_max_member24,77.7
2027-02-28,temperature_2m_max_member24,79.3
2027-03-01,temperature_2m_max_member24,76.6
2027-03-02,temperature_2m_max_member24,63.8
2027-03-03,temperature_2m_max_member24,71.2
2027-03-04,temperature_2m_max_member24,73.4
2027-03-05,temperature_2m_max_member24,78
2027-03-06,temperature_2m_max_member24,73.9
2027-03-07,temperature_2m_max_member24,72
2027-03-08,temperature_2m_max_member24,66.1
2027-03-09,temperature_2m_max_member24,60.4
2027-03-10,temperature_2m_max_member24,64.6
2027-03-11,temperature_2m_max_member24,71
2027-03-12,temperature_2m_max_member24,76.6
2027-03-13,temperature_2m_max_member24,77.2
2026-09-15,temperature_2m_max_member25,91.5
2026-09-16,temperature_2m_max_member25,91
2026-09-17,temperature_2m_max_member25,91
2026-09-18,temperature_2m_max_member25,92
2026-09-19,temperature_2m_max_member25,86.9
2026-09-20,temperature_2m_max_member25,86.3
2026-09-21,temperature_2m_max_member25,83.8
2026-09-22,temperature_2m_max_member25,83.8
2026-09-23,temperature_2m_max_member25,85.8
2026-09-24,temperature_2m_max_member25,88.2
2026-09-25,temperature_2m_max_member25,89
2026-09-26,temperature_2m_max_member25,89.7
2026-09-27,temperature_2m_max_member25,89.8
2026-09-28,temperature_2m_max_member25,89.4
2026-09-29,temperature_2m_max_member25,89.7
2026-09-30,temperature_2m_max_member25,89.1
2026-10-01,temperature_2m_max_member25,88.5
2026-10-02,temperature_2m_max_member25,88.9
2026-10-03,temperature_2m_max_member25,89.2
2026-10-04,temperature_2m_max_member25,87.6
2026-10-05,temperature_2m_max_member25,88
2026-10-06,temperature_2m_max_member25,89.2
2026-10-07,temperature_2m_max_member25,89.7
2026-10-08,temperature_2m_max_member25,89.4
2026-10-09,temperature_2m_max_member25,88.7
2026-10-10,temperature_2m_max_member25,88.7
2026-10-11,temperature_2m_max_member25,89.2
2026-10-12,temperature_2m_max_member25,87.4
2026-10-13,temperature_2m_max_member25,87.9
2026-10-14,temperature_2m_max_member25,87.6
2026-10-15,temperature_2m_max_member25,88.3
2026-10-16,temperature_2m_max_member25,87.8
2026-10-17,temperature_2m_max_member25,87.4
2026-10-18,temperature_2m_max_member25,87.1
2026-10-19,temperature_2m_max_member25,86.1
2026-10-20,temperature_2m_max_member25,86.1
2026-10-21,temperature_2m_max_member25,85.1
2026-10-22,temperature_2m_max_member25,88.3
2026-10-23,temperature_2m_max_member25,89.2
2026-10-24,temperature_2m_max_member25,89.2
2026-10-25,temperature_2m_max_member25,89.1
2026-10-26,temperature_2m_max_member25,88.1
2026-10-27,temperature_2m_max_member25,86.2
2026-10-28,temperature_2m_max_member25,84
2026-10-29,temperature_2m_max_member25,80.5
2026-10-30,temperature_2m_max_member25,79.8
2026-10-31,temperature_2m_max_member25,81.4
2026-11-01,temperature_2m_max_member25,83.3
2026-11-02,temperature_2m_max_member25,85.3
2026-11-03,temperature_2m_max_member25,86.9
2026-11-04,temperature_2m_max_member25,86.5
2026-11-05,temperature_2m_max_member25,87.5
2026-11-06,temperature_2m_max_member25,87.4
2026-11-07,temperature_2m_max_member25,86.9
2026-11-08,temperature_2m_max_member25,79.8
2026-11-09,temperature_2m_max_member25,83.8
2026-11-10,temperature_2m_max_member25,79.9
2026-11-11,temperature_2m_max_member25,80
2026-11-12,temperature_2m_max_member25,83.3
2026-11-13,temperature_2m_max_member25,82.2
2026-11-14,temperature_2m_max_member25,83
2026-11-15,temperature_2m_max_member25,82.9
2026-11-16,temperature_2m_max_member25,82.5
2026-11-17,temperature_2m_max_member25,78.4
2026-11-18,temperature_2m_max_member25,76.5
2026-11-19,temperature_2m_max_member25,77.5
2026-11-20,temperature_2m_max_member25,76.2
2026-11-21,temperature_2m_max_member25,74.1
2026-11-22,temperature_2m_max_member25,74.9
2026-11-23,temperature_2m_max_member25,75.6
2026-11-24,temperature_2m_max_member25,80.3
2026-11-25,temperature_2m_max_member25,81.1
2026-11-26,temperature_2m_max_member25,80
2026-11-27,temperature_2m_max_member25,79.3
2026-11-28,temperature_2m_max_member25,80.1
2026-11-29,temperature_2m_max_member25,76.3
2026-11-30,temperature_2m_max_member25,71.2
2026-12-01,temperature_2m_max_member25,60.8
2026-12-02,temperature_2m_max_member25,67.6
2026-12-03,temperature_2m_max_member25,69.3
2026-12-04,temperature_2m_max_member25,74.1
2026-12-05,temperature_2m_max_member25,80.8
2026-12-06,temperature_2m_max_member25,79
2026-12-07,temperature_2m_max_member25,76.4
2026-12-08,temperature_2m_max_member25,71
2026-12-09,temperature_2m_max_member25,72.6
2026-12-10,temperature_2m_max_member25,78.2
2026-12-11,temperature_2m_max_member25,78.5
2026-12-12,temperature_2m_max_member25,79.2
2026-12-13,temperature_2m_max_member25,78.4
2026-12-14,temperature_2m_max_member25,72.3
2026-12-15,temperature_2m_max_member25,75.3
2026-12-16,temperature_2m_max_member25,78.8
2026-12-17,temperature_2m_max_member25,78.6
2026-12-18,temperature_2m_max_member25,78.7
2026-12-19,temperature_2m_max_member25,77.6
2026-12-20,temperature_2m_max_member25,72.9
2026-12-21,temperature_2m_max_member25,60.4
2026-12-22,temperature_2m_max_member25,70.3
2026-12-23,temperature_2m_max_member25,73
2026-12-24,temperature_2m_max_member25,71.2
2026-12-25,temperature_2m_max_member25,69.1
2026-12-26,temperature_2m_max_member25,73.5
2026-12-27,temperature_2m_max_member25,73.9
2026-12-28,temperature_2m_max_member25,75.6
2026-12-29,temperature_2m_max_member25,74.3
2026-12-30,temperature_2m_max_member25,74.2
2026-12-31,temperature_2m_max_member25,77
2027-01-01,temperature_2m_max_member25,72.2
2027-01-02,temperature_2m_max_member25,60.1
2027-01-03,temperature_2m_max_member25,72.6
2027-01-04,temperature_2m_max_member25,73.5
2027-01-05,temperature_2m_max_member25,71.8
2027-01-06,temperature_2m_max_member25,67.6
2027-01-07,temperature_2m_max_member25,70.4
2027-01-08,temperature_2m_max_member25,77.4
2027-01-09,temperature_2m_max_member25,74.8
2027-01-10,temperature_2m_max_member25,70.6
2027-01-11,temperature_2m_max_member25,75.2
2027-01-12,temperature_2m_max_member25,74
2027-01-13,temperature_2m_max_member25,68.7
2027-01-14,temperature_2m_max_member25,67.7
2027-01-15,temperature_2m_max_member25,69.9
2027-01-16,temperature_2m_max_member25,75.9
2027-01-17,temperature_2m_max_member25,68.7
2027-01-18,temperature_2m_max_member25,62.9
2027-01-19,temperature_2m_max_member25,63.9
2027-01-20,temperature_2m_max_member25,65.1
2027-01-21,temperature_2m_max_member25,62.3
2027-01-22,temperature_2m_max_member25,67.8
2027-01-23,temperature_2m_max_member25,66.6
2027-01-24,temperature_2m_max_member25,73.3
2027-01-25,temperature_2m_max_member25,78.8
2027-01-26,temperature_2m_max_member25,69
2027-01-27,temperature_2m_max_member25,50.5
2027-01-28,temperature_2m_max_member25,64.5
2027-01-29,temperature_2m_max_member25,71.2
2027-01-30,temperature_2m_max_member25,73.2
2027-01-31,temperature_2m_max_member25,73.7
2027-02-01,temperature_2m_max_member25,70.8
2027-02-02,temperature_2m_max_member25,67.6
2027-02-03,temperature_2m_max_member25,69.4
2027-02-04,temperature_2m_max_member25,65.1
2027-02-05,temperature_2m_max_member25,57.3
2027-02-06,temperature_2m_max_member25,59.2
2027-02-07,temperature_2m_max_member25,59.8
2027-02-08,temperature_2m_max_member25,61.4
2027-02-09,temperature_2m_max_member25,64.9
2027-02-10,temperature_2m_max_member25,65.9
2027-02-11,temperature_2m_max_member25,67.2
2027-02-12,temperature_2m_max_member25,73.4
2027-02-13,temperature_2m_max_member25,65.9
2027-02-14,temperature_2m_max_member25,64
2027-02-15,temperature_2m_max_member25,69.6
2027-02-16,temperature_2m_max_member25,72.2
2027-02-17,temperature_2m_max_member25,73.2
2027-02-18,temperature_2m_max_member25,75.1
2027-02-19,temperature_2m_max_member25,75.7
2027-02-20,temperature_2m_max_member25,71.3
2027-02-21,temperature_2m_max_member25,67.6
2027-02-22,temperature_2m_max_member25,63.2
2027-02-23,temperature_2m_max_member25,64
2027-02-24,temperature_2m_max_member25,63.9
2027-02-25,temperature_2m_max_member25,67.1
2027-02-26,temperature_2m_max_member25,75.7
2027-02-27,temperature_2m_max_member25,74.4
2027-02-28,temperature_2m_max_member25,68.7
2027-03-01,temperature_2m_max_member25,70.4
2027-03-02,temperature_2m_max_member25,76.3
2027-03-03,temperature_2m_max_member25,79.4
2027-03-04,temperature_2m_max_member25,71.3
2027-03-05,temperature_2m_max_member25,63.2
2027-03-06,temperature_2m_max_member25,60.7
2027-03-07,temperature_2m_max_member25,62.8
2027-03-08,temperature_2m_max_member25,71.6
2027-03-09,temperature_2m_max_member25,70.5
2027-03-10,temperature_2m_max_member25,78.3
2027-03-11,temperature_2m_max_member25,76.5
2027-03-12,temperature_2m_max_member25,73
2027-03-13,temperature_2m_max_member25,77.4
2026-09-15,temperature_2m_max_member26,92.3
2026-09-16,temperature_2m_max_member26,90.1
2026-09-17,temperature_2m_max_member26,89.2
2026-09-18,temperature_2m_max_member26,89.3
2026-09-19,temperature_2m_max_member26,84.1
2026-09-20,temperature_2m_max_member26,79.9
2026-09-21,temperature_2m_max_member26,83.6
2026-09-22,temperature_2m_max_member26,83.3
2026-09-23,temperature_2m_max_member26,82.3
2026-09-24,temperature_2m_max_member26,80.5
2026-09-25,temperature_2m_max_member26,81.3
2026-09-26,temperature_2m_max_member26,81.9
2026-09-27,temperature_2m_max_member26,85.1
2026-09-28,temperature_2m_max_member26,87.5
2026-09-29,temperature_2m_max_member26,88.7
2026-09-30,temperature_2m_max_member26,88.5
2026-10-01,temperature_2m_max_member26,88.6
2026-10-02,temperature_2m_max_member26,87.9
2026-10-03,temperature_2m_max_member26,86.9
2026-10-04,temperature_2m_max_member26,88.3
2026-10-05,temperature_2m_max_member26,88.8
2026-10-06,temperature_2m_max_member26,88.3
2026-10-07,temperature_2m_max_member26,88.2
2026-10-08,temperature_2m_max_member26,87.9
2026-10-09,temperature_2m_max_member26,85.3
2026-10-10,temperature_2m_max_member26,83.9
2026-10-11,temperature_2m_max_member26,84.7
2026-10-12,temperature_2m_max_member26,84.8
2026-10-13,temperature_2m_max_member26,86.4
2026-10-14,temperature_2m_max_member26,87.2
2026-10-15,temperature_2m_max_member26,87.9
2026-10-16,temperature_2m_max_member26,85.1
2026-10-17,temperature_2m_max_member26,86.3
2026-10-18,temperature_2m_max_member26,87.1
2026-10-19,temperature_2m_max_member26,87.2
2026-10-20,temperature_2m_max_member26,87.1
2026-10-21,temperature_2m_max_member26,85.6
2026-10-22,temperature_2m_max_member26,85.1
2026-10-23,temperature_2m_max_member26,81.7
2026-10-24,temperature_2m_max_member26,83.9
2026-10-25,temperature_2m_max_member26,87.4
2026-10-26,temperature_2m_max_member26,87.6
2026-10-27,temperature_2m_max_member26,87.1
2026-10-28,temperature_2m_max_member26,86.2
2026-10-29,temperature_2m_max_member26,85.2
2026-10-30,temperature_2m_max_member26,84.2
2026-10-31,temperature_2m_max_member26,83.1
2026-11-01,temperature_2m_max_member26,84.8
2026-11-02,temperature_2m_max_member26,85.6
2026-11-03,temperature_2m_max_member26,85.9
2026-11-04,temperature_2m_max_member26,84.6
2026-11-05,temperature_2m_max_member26,86.7
2026-11-06,temperature_2m_max_member26,84
2026-11-07,temperature_2m_max_member26,81.8
2026-11-08,temperature_2m_max_member26,80.5
2026-11-09,temperature_2m_max_member26,81.4
2026-11-10,temperature_2m_max_member26,80.1
2026-11-11,temperature_2m_max_member26,83.5
2026-11-12,temperature_2m_max_member26,84.7
2026-11-13,temperature_2m_max_member26,82.3
2026-11-14,temperature_2m_max_member26,79.3
2026-11-15,temperature_2m_max_member26,80.2
2026-11-16,temperature_2m_max_member26,83.1
2026-11-17,temperature_2m_max_member26,82.8
2026-11-18,temperature_2m_max_member26,80.8
2026-11-19,temperature_2m_max_member26,75.7
2026-11-20,temperature_2m_max_member26,79.3
2026-11-21,temperature_2m_max_member26,80.5
2026-11-22,temperature_2m_max_member26,78.1
2026-11-23,temperature_2m_max_member26,72.8
2026-11-24,temperature_2m_max_member26,73.5
2026-11-25,temperature_2m_max_member26,75.7
2026-11-26,temperature_2m_max_member26,74.6
2026-11-27,temperature_2m_max_member26,68.5
2026-11-28,temperature_2m_max_member26,72.9
2026-11-29,temperature_2m_max_member26,76
2026-11-30,temperature_2m_max_member26,80.9
2026-12-01,temperature_2m_max_member26,83.3
2026-12-02,temperature_2m_max_member26,83.2
2026-12-03,temperature_2m_max_member26,80.2
2026-12-04,temperature_2m_max_member26,81.1
2026-12-05,temperature_2m_max_member26,79.6
2026-12-06,temperature_2m_max_member26,77.2
2026-12-07,temperature_2m_max_member26,70
2026-12-08,temperature_2m_max_member26,62.1
2026-12-09,temperature_2m_max_member26,64.8
2026-12-10,temperature_2m_max_member26,70
2026-12-11,temperature_2m_max_member26,72.1
2026-12-12,temperature_2m_max_member26,70.5
2026-12-13,temperature_2m_max_member26,64.7
2026-12-14,temperature_2m_max_member26,73.6
2026-12-15,temperature_2m_max_member26,68.8
2026-12-16,temperature_2m_max_member26,55.5
2026-12-17,temperature_2m_max_member26,57.9
2026-12-18,temperature_2m_max_member26,72.3
2026-12-19,temperature_2m_max_member26,74.1
2026-12-20,temperature_2m_max_member26,72.2
2026-12-21,temperature_2m_max_member26,66.6
2026-12-22,temperature_2m_max_member26,58.2
2026-12-23,temperature_2m_max_member26,67.8
2026-12-24,temperature_2m_max_member26,74.5
2026-12-25,temperature_2m_max_member26,68.2
2026-12-26,temperature_2m_max_member26,54.5
2026-12-27,temperature_2m_max_member26,66.6
2026-12-28,temperature_2m_max_member26,70
2026-12-29,temperature_2m_max_member26,66.6
2026-12-30,temperature_2m_max_member26,73.7
2026-12-31,temperature_2m_max_member26,71.8
2027-01-01,temperature_2m_max_member26,70.8
2027-01-02,temperature_2m_max_member26,58.3
2027-01-03,temperature_2m_max_member26,58.6
2027-01-04,temperature_2m_max_member26,61.8
2027-01-05,temperature_2m_max_member26,68.5
2027-01-06,temperature_2m_max_member26,73.9
2027-01-07,temperature_2m_max_member26,75.9
2027-01-08,temperature_2m_max_member26,78.2
2027-01-09,temperature_2m_max_member26,74.3
2027-01-10,temperature_2m_max_member26,66.7
2027-01-11,temperature_2m_max_member26,64.7
2027-01-12,temperature_2m_max_member26,60
2027-01-13,temperature_2m_max_member26,66.1
2027-01-14,temperature_2m_max_member26,72.8
2027-01-15,temperature_2m_max_member26,66.8
2027-01-16,temperature_2m_max_member26,61
2027-01-17,temperature_2m_max_member26,59.5
2027-01-18,temperature_2m_max_member26,65.8
2027-01-19,temperature_2m_max_member26,75.3
2027-01-20,temperature_2m_max_member26,77.4
2027-01-21,temperature_2m_max_member26,71.6
2027-01-22,temperature_2m_max_member26,71.2
2027-01-23,temperature_2m_max_member26,72.6
2027-01-24,temperature_2m_max_member26,66
2027-01-25,temperature_2m_max_member26,73.9
2027-01-26,temperature_2m_max_member26,74.9
2027-01-27,temperature_2m_max_member26,70.1
2027-01-28,temperature_2m_max_member26,64.8
2027-01-29,temperature_2m_max_member26,63.1
2027-01-30,temperature_2m_max_member26,66.1
2027-01-31,temperature_2m_max_member26,70
2027-02-01,temperature_2m_max_member26,74.1
2027-02-02,temperature_2m_max_member26,74.4
2027-02-03,temperature_2m_max_member26,73.7
2027-02-04,temperature_2m_max_member26,65
2027-02-05,temperature_2m_max_member26,60.4
2027-02-06,temperature_2m_max_member26,66.8
2027-02-07,temperature_2m_max_member26,68.3
2027-02-08,temperature_2m_max_member26,73
2027-02-09,temperature_2m_max_member26,74.5
2027-02-10,temperature_2m_max_member26,71.5
2027-02-11,temperature_2m_max_member26,58.2
2027-02-12,temperature_2m_max_member26,61.3
2027-02-13,temperature_2m_max_member26,65.1
2027-02-14,temperature_2m_max_member26,67.4
2027-02-15,temperature_2m_max_member26,70.6
2027-02-16,temperature_2m_max_member26,68.8
2027-02-17,temperature_2m_max_member26,71.7
2027-02-18,temperature_2m_max_member26,71.5
2027-02-19,temperature_2m_max_member26,76.6
2027-02-20,temperature_2m_max_member26,74
2027-02-21,temperature_2m_max_member26,63.7
2027-02-22,temperature_2m_max_member26,63.1
2027-02-23,temperature_2m_max_member26,63.1
2027-02-24,temperature_2m_max_member26,68.4
2027-02-25,temperature_2m_max_member26,74.8
2027-02-26,temperature_2m_max_member26,70.6
2027-02-27,temperature_2m_max_member26,60.9
2027-02-28,temperature_2m_max_member26,62.1
2027-03-01,temperature_2m_max_member26,65.6
2027-03-02,temperature_2m_max_member26,67.7
2027-03-03,temperature_2m_max_member26,72.1
2027-03-04,temperature_2m_max_member26,74.1
2027-03-05,temperature_2m_max_member26,69.6
2027-03-06,temperature_2m_max_member26,61.4
2027-03-07,temperature_2m_max_member26,66
2027-03-08,temperature_2m_max_member26,69.2
2027-03-09,temperature_2m_max_member26,72.7
2027-03-10,temperature_2m_max_member26,69.6
2027-03-11,temperature_2m_max_member26,75.7
2027-03-12,temperature_2m_max_member26,76.9
2027-03-13,temperature_2m_max_member26,74.2
2026-09-15,temperature_2m_max_member27,94.2
2026-09-16,temperature_2m_max_member27,94.6
2026-09-17,temperature_2m_max_member27,90.2
2026-09-18,temperature_2m_max_member27,88.2
2026-09-19,temperature_2m_max_member27,88.7
2026-09-20,temperature_2m_max_member27,90.1
2026-09-21,temperature_2m_max_member27,87.5
2026-09-22,temperature_2m_max_member27,84.7
2026-09-23,temperature_2m_max_member27,86.4
2026-09-24,temperature_2m_max_member27,86.5
2026-09-25,temperature_2m_max_member27,85.3
2026-09-26,temperature_2m_max_member27,82.9
2026-09-27,temperature_2m_max_member27,82.9
2026-09-28,temperature_2m_max_member27,82
2026-09-29,temperature_2m_max_member27,84.8
2026-09-30,temperature_2m_max_member27,86.5
2026-10-01,temperature_2m_max_member27,88.1
2026-10-02,temperature_2m_max_member27,88.3
2026-10-03,temperature_2m_max_member27,87.4
2026-10-04,temperature_2m_max_member27,85.7
2026-10-05,temperature_2m_max_member27,85.6
2026-10-06,temperature_2m_max_member27,86.2
2026-10-07,temperature_2m_max_member27,86.3
2026-10-08,temperature_2m_max_member27,82.1
2026-10-09,temperature_2m_max_member27,82.1
2026-10-10,temperature_2m_max_member27,82.9
2026-10-11,temperature_2m_max_member27,82.9
2026-10-12,temperature_2m_max_member27,83.8
2026-10-13,temperature_2m_max_member27,84.7
2026-10-14,temperature_2m_max_member27,85
2026-10-15,temperature_2m_max_member27,83.9
2026-10-16,temperature_2m_max_member27,84.3
2026-10-17,temperature_2m_max_member27,84.3
2026-10-18,temperature_2m_max_member27,85.8
2026-10-19,temperature_2m_max_member27,86.2
2026-10-20,temperature_2m_max_member27,86.1
2026-10-21,temperature_2m_max_member27,80.2
2026-10-22,temperature_2m_max_member27,85.4
2026-10-23,temperature_2m_max_member27,86.2
2026-10-24,temperature_2m_max_member27,86.3
2026-10-25,temperature_2m_max_member27,86.7
2026-10-26,temperature_2m_max_member27,87.4
2026-10-27,temperature_2m_max_member27,87.6
2026-10-28,temperature_2m_max_member27,85.5
2026-10-29,temperature_2m_max_member27,80.2
2026-10-30,temperature_2m_max_member27,80.5
2026-10-31,temperature_2m_max_member27,84.7
2026-11-01,temperature_2m_max_member27,83.4
2026-11-02,temperature_2m_max_member27,77.4
2026-11-03,temperature_2m_max_member27,84.9
2026-11-04,temperature_2m_max_member27,83.8
2026-11-05,temperature_2m_max_member27,83.8
2026-11-06,temperature_2m_max_member27,83.2
2026-11-07,temperature_2m_max_member27,81
2026-11-08,temperature_2m_max_member27,75.5
2026-11-09,temperature_2m_max_member27,75.3
2026-11-10,temperature_2m_max_member27,76.9
2026-11-11,temperature_2m_max_member27,80.2
2026-11-12,temperature_2m_max_member27,85
2026-11-13,temperature_2m_max_member27,84.1
2026-11-14,temperature_2m_max_member27,85.3
2026-11-15,temperature_2m_max_member27,86.2
2026-11-16,temperature_2m_max_member27,86.1
2026-11-17,temperature_2m_max_member27,81.5
2026-11-18,temperature_2m_max_member27,81.6
2026-11-19,temperature_2m_max_member27,83.9
2026-11-20,temperature_2m_max_member27,82.6
2026-11-21,temperature_2m_max_member27,83.6
2026-11-22,temperature_2m_max_member27,82.7
2026-11-23,temperature_2m_max_member27,85.4
2026-11-24,temperature_2m_max_member27,77.4
2026-11-25,temperature_2m_max_member27,70.9
2026-11-26,temperature_2m_max_member27,73.9
2026-11-27,temperature_2m_max_member27,79.9
2026-11-28,temperature_2m_max_member27,75.6
2026-11-29,temperature_2m_max_member27,83.1
2026-11-30,temperature_2m_max_member27,83.3
2026-12-01,temperature_2m_max_member27,76.1
2026-12-02,temperature_2m_max_member27,68.7
2026-12-03,temperature_2m_max_member27,80.3
2026-12-04,temperature_2m_max_member27,79.6
2026-12-05,temperature_2m_max_member27,82.5
2026-12-06,temperature_2m_max_member27,83.1
2026-12-07,temperature_2m_max_member27,81.6
2026-12-08,temperature_2m_max_member27,73.7
2026-12-09,temperature_2m_max_member27,83.4
2026-12-10,temperature_2m_max_member27,82.5
2026-12-11,temperature_2m_max_member27,82.9
2026-12-12,temperature_2m_max_member27,83.1
2026-12-13,temperature_2m_max_member27,85.1
2026-12-14,temperature_2m_max_member27,85.5
2026-12-15,temperature_2m_max_member27,83.6
2026-12-16,temperature_2m_max_member27,79.2
2026-12-17,temperature_2m_max_member27,72.3
2026-12-18,temperature_2m_max_member27,69.7
2026-12-19,temperature_2m_max_member27,66.2
2026-12-20,temperature_2m_max_member27,65.6
2026-12-21,temperature_2m_max_member27,61.7
2026-12-22,temperature_2m_max_member27,59.5
2026-12-23,temperature_2m_max_member27,67.8
2026-12-24,temperature_2m_max_member27,71.9
2026-12-25,temperature_2m_max_member27,76
2026-12-26,temperature_2m_max_member27,76.6
2026-12-27,temperature_2m_max_member27,72.2
2026-12-28,temperature_2m_max_member27,64
2026-12-29,temperature_2m_max_member27,57.7
2026-12-30,temperature_2m_max_member27,61.9
2026-12-31,temperature_2m_max_member27,67.1
2027-01-01,temperature_2m_max_member27,62.2
2027-01-02,temperature_2m_max_member27,75.1
2027-01-03,temperature_2m_max_member27,73.5
2027-01-04,temperature_2m_max_member27,69.7
2027-01-05,temperature_2m_max_member27,63.7
2027-01-06,temperature_2m_max_member27,65.7
2027-01-07,temperature_2m_max_member27,70.1
2027-01-08,temperature_2m_max_member27,59.2
2027-01-09,temperature_2m_max_member27,58.3
2027-01-10,temperature_2m_max_member27,70.3
2027-01-11,temperature_2m_max_member27,75.8
2027-01-12,temperature_2m_max_member27,78.6
2027-01-13,temperature_2m_max_member27,76.3
2027-01-14,temperature_2m_max_member27,69.6
2027-01-15,temperature_2m_max_member27,58.8
2027-01-16,temperature_2m_max_member27,69.8
2027-01-17,temperature_2m_max_member27,75.5
2027-01-18,temperature_2m_max_member27,74.9
2027-01-19,temperature_2m_max_member27,68.7
2027-01-20,temperature_2m_max_member27,70.7
2027-01-21,temperature_2m_max_member27,78.2
2027-01-22,temperature_2m_max_member27,72.1
2027-01-23,temperature_2m_max_member27,69.2
2027-01-24,temperature_2m_max_member27,62.3
2027-01-25,temperature_2m_max_member27,68
2027-01-26,temperature_2m_max_member27,69.3
2027-01-27,temperature_2m_max_member27,66.4
2027-01-28,temperature_2m_max_member27,67.7
2027-01-29,temperature_2m_max_member27,68.1
2027-01-30,temperature_2m_max_member27,75.3
2027-01-31,temperature_2m_max_member27,77.5
2027-02-01,temperature_2m_max_member27,71.8
2027-02-02,temperature_2m_max_member27,59.9
2027-02-03,temperature_2m_max_member27,69.7
2027-02-04,temperature_2m_max_member27,60.8
2027-02-05,temperature_2m_max_member27,57.4
2027-02-06,temperature_2m_max_member27,59.2
2027-02-07,temperature_2m_max_member27,68.1
2027-02-08,temperature_2m_max_member27,66.9
2027-02-09,temperature_2m_max_member27,61.3
2027-02-10,temperature_2m_max_member27,66.7
2027-02-11,temperature_2m_max_member27,71.1
2027-02-12,temperature_2m_max_member27,72.7
2027-02-13,temperature_2m_max_member27,72.2
2027-02-14,temperature_2m_max_member27,73
2027-02-15,temperature_2m_max_member27,74.8
2027-02-16,temperature_2m_max_member27,74.5
2027-02-17,temperature_2m_max_member27,76.8
2027-02-18,temperature_2m_max_member27,77.5
2027-02-19,temperature_2m_max_member27,77
2027-02-20,temperature_2m_max_member27,76.1
2027-02-21,temperature_2m_max_member27,72.3
2027-02-22,temperature_2m_max_member27,67.6
2027-02-23,temperature_2m_max_member27,64.8
2027-02-24,temperature_2m_max_member27,74.5
2027-02-25,temperature_2m_max_member27,70.9
2027-02-26,temperature_2m_max_member27,72.7
2027-02-27,temperature_2m_max_member27,74.5
2027-02-28,temperature_2m_max_member27,73.4
2027-03-01,temperature_2m_max_member27,70.1
2027-03-02,temperature_2m_max_member27,70.4
2027-03-03,temperature_2m_max_member27,73.3
2027-03-04,temperature_2m_max_member27,67.6
2027-03-05,temperature_2m_max_member27,70.9
2027-03-06,temperature_2m_max_member27,76.3
2027-03-07,temperature_2m_max_member27,78.9
2027-03-08,temperature_2m_max_member27,74.9
2027-03-09,temperature_2m_max_member27,74
2027-03-10,temperature_2m_max_member27,70.5
2027-03-11,temperature_2m_max_member27,73.9
2027-03-12,temperature_2m_max_member27,78.3
2027-03-13,temperature_2m_max_member27,76.3
2026-09-15,temperature_2m_max_member28,91.3
2026-09-16,temperature_2m_max_member28,90
2026-09-17,temperature_2m_max_member28,89.5
2026-09-18,temperature_2m_max_member28,90.1
2026-09-19,temperature_2m_max_member28,88.1
2026-09-20,temperature_2m_max_member28,88.3
2026-09-21,temperature_2m_max_member28,89.1
2026-09-22,temperature_2m_max_member28,89.9
2026-09-23,temperature_2m_max_member28,89.1
2026-09-24,temperature_2m_max_member28,89.5
2026-09-25,temperature_2m_max_member28,87.3
2026-09-26,temperature_2m_max_member28,86.7
2026-09-27,temperature_2m_max_member28,88.1
2026-09-28,temperature_2m_max_member28,90.3
2026-09-29,temperature_2m_max_member28,91.5
2026-09-30,temperature_2m_max_member28,91.1
2026-10-01,temperature_2m_max_member28,92.5
2026-10-02,temperature_2m_max_member28,91.9
2026-10-03,temperature_2m_max_member28,92.8
2026-10-04,temperature_2m_max_member28,92.7
2026-10-05,temperature_2m_max_member28,91.2
2026-10-06,temperature_2m_max_member28,90.9
2026-10-07,temperature_2m_max_member28,89.3
2026-10-08,temperature_2m_max_member28,84.6
2026-10-09,temperature_2m_max_member28,76.1
2026-10-10,temperature_2m_max_member28,76.4
2026-10-11,temperature_2m_max_member28,82.8
2026-10-12,temperature_2m_max_member28,85.1
2026-10-13,temperature_2m_max_member28,85.1
2026-10-14,temperature_2m_max_member28,84.3
2026-10-15,temperature_2m_max_member28,83.3
2026-10-16,temperature_2m_max_member28,83.5
2026-10-17,temperature_2m_max_member28,84.7
2026-10-18,temperature_2m_max_member28,85.6
2026-10-19,temperature_2m_max_member28,87.4
2026-10-20,temperature_2m_max_member28,88.5
2026-10-21,temperature_2m_max_member28,88.7
2026-10-22,temperature_2m_max_member28,88
2026-10-23,temperature_2m_max_member28,88.8
2026-10-24,temperature_2m_max_member28,90.2
2026-10-25,temperature_2m_max_member28,90.6
2026-10-26,temperature_2m_max_member28,89.3
2026-10-27,temperature_2m_max_member28,86.5
2026-10-28,temperature_2m_max_member28,86.3
2026-10-29,temperature_2m_max_member28,81.4
2026-10-30,temperature_2m_max_member28,78.7
2026-10-31,temperature_2m_max_member28,79.3
2026-11-01,temperature_2m_max_member28,81.9
2026-11-02,temperature_2m_max_member28,81.6
2026-11-03,temperature_2m_max_member28,79.3
2026-11-04,temperature_2m_max_member28,78.1
2026-11-05,temperature_2m_max_member28,79.3
2026-11-06,temperature_2m_max_member28,79.4
2026-11-07,temperature_2m_max_member28,75.8
2026-11-08,temperature_2m_max_member28,76
2026-11-09,temperature_2m_max_member28,75.7
2026-11-10,temperature_2m_max_member28,80.3
2026-11-11,temperature_2m_max_member28,81
2026-11-12,temperature_2m_max_member28,81.9
2026-11-13,temperature_2m_max_member28,83.5
2026-11-14,temperature_2m_max_member28,82.9
2026-11-15,temperature_2m_max_member28,82.3
2026-11-16,temperature_2m_max_member28,80.1
2026-11-17,temperature_2m_max_member28,83.4
2026-11-18,temperature_2m_max_member28,85.3
2026-11-19,temperature_2m_max_member28,81.6
2026-11-20,temperature_2m_max_member28,82.2
2026-11-21,temperature_2m_max_member28,78.1
2026-11-22,temperature_2m_max_member28,74.9
2026-11-23,temperature_2m_max_member28,70.3
2026-11-24,temperature_2m_max_member28,64.7
2026-11-25,temperature_2m_max_member28,69.7
2026-11-26,temperature_2m_max_member28,81.5
2026-11-27,temperature_2m_max_member28,80.5
2026-11-28,temperature_2m_max_member28,84.2
2026-11-29,temperature_2m_max_member28,83.8
2026-11-30,temperature_2m_max_member28,80.2
2026-12-01,temperature_2m_max_member28,70.6
2026-12-02,temperature_2m_max_member28,68
2026-12-03,temperature_2m_max_member28,66.6
2026-12-04,temperature_2m_max_member28,72
2026-12-05,temperature_2m_max_member28,71.7
2026-12-06,temperature_2m_max_member28,75
2026-12-07,temperature_2m_max_member28,77.4
2026-12-08,temperature_2m_max_member28,77.4
2026-12-09,temperature_2m_max_member28,77.2
2026-12-10,temperature_2m_max_member28,78.4
2026-12-11,temperature_2m_max_member28,80.7
2026-12-12,temperature_2m_max_member28,81.6
2026-12-13,temperature_2m_max_member28,83
2026-12-14,temperature_2m_max_member28,82.2
2026-12-15,temperature_2m_max_member28,81.5
2026-12-16,temperature_2m_max_member28,79.3
2026-12-17,temperature_2m_max_member28,78.8
2026-12-18,temperature_2m_max_member28,72.1
2026-12-19,temperature_2m_max_member28,76.6
2026-12-20,temperature_2m_max_member28,77.4
2026-12-21,temperature_2m_max_member28,77.4
2026-12-22,temperature_2m_max_member28,74.6
2026-12-23,temperature_2m_max_member28,72.8
2026-12-24,temperature_2m_max_member28,76.5
2026-12-25,temperature_2m_max_member28,71.9
2026-12-26,temperature_2m_max_member28,73.6
2026-12-27,temperature_2m_max_member28,74.5
2026-12-28,temperature_2m_max_member28,74.3
2026-12-29,temperature_2m_max_member28,77.5
2026-12-30,temperature_2m_max_member28,80.4
2026-12-31,temperature_2m_max_member28,81.6
2027-01-01,temperature_2m_max_member28,80.8
2027-01-02,temperature_2m_max_member28,70.5
2027-01-03,temperature_2m_max_member28,74.8
2027-01-04,temperature_2m_max_member28,70.3
2027-01-05,temperature_2m_max_member28,73.9
2027-01-06,temperature_2m_max_member28,71.2
2027-01-07,temperature_2m_max_member28,69.8
2027-01-08,temperature_2m_max_member28,71.7
2027-01-09,temperature_2m_max_member28,73.4
2027-01-10,temperature_2m_max_member28,74.4
2027-01-11,temperature_2m_max_member28,61.7
2027-01-12,temperature_2m_max_member28,61.1
2027-01-13,temperature_2m_max_member28,66.4
2027-01-14,temperature_2m_max_member28,74.4
2027-01-15,temperature_2m_max_member28,79.3
2027-01-16,temperature_2m_max_member28,80.2
2027-01-17,temperature_2m_max_member28,80.6
2027-01-18,temperature_2m_max_member28,80.2
2027-01-19,temperature_2m_max_member28,74.6
2027-01-20,temperature_2m_max_member28,79.7
2027-01-21,temperature_2m_max_member28,77.1
2027-01-22,temperature_2m_max_member28,69
2027-01-23,temperature_2m_max_member28,70
2027-01-24,temperature_2m_max_member28,75.7
2027-01-25,temperature_2m_max_member28,77.3
2027-01-26,temperature_2m_max_member28,77.7
2027-01-27,temperature_2m_max_member28,80.4
2027-01-28,temperature_2m_max_member28,77.1
2027-01-29,temperature_2m_max_member28,75.6
2027-01-30,temperature_2m_max_member28,77.6
2027-01-31,temperature_2m_max_member28,77.1
2027-02-01,temperature_2m_max_member28,71.8
2027-02-02,temperature_2m_max_member28,67.7
2027-02-03,temperature_2m_max_member28,76.9
2027-02-04,temperature_2m_max_member28,77.8
2027-02-05,temperature_2m_max_member28,75.2
2027-02-06,temperature_2m_max_member28,63.1
2027-02-07,temperature_2m_max_member28,70.5
2027-02-08,temperature_2m_max_member28,73
2027-02-09,temperature_2m_max_member28,73.9
2027-02-10,temperature_2m_max_member28,72.1
2027-02-11,temperature_2m_max_member28,61.3
2027-02-12,temperature_2m_max_member28,62.2
2027-02-13,temperature_2m_max_member28,69.4
2027-02-14,temperature_2m_max_member28,69.4
2027-02-15,temperature_2m_max_member28,71.3
2027-02-16,temperature_2m_max_member28,61.2
2027-02-17,temperature_2m_max_member28,63.1
2027-02-18,temperature_2m_max_member28,58.8
2027-02-19,temperature_2m_max_member28,63.6
2027-02-20,temperature_2m_max_member28,73
2027-02-21,temperature_2m_max_member28,72.8
2027-02-22,temperature_2m_max_member28,78.4
2027-02-23,temperature_2m_max_member28,79.7
2027-02-24,temperature_2m_max_member28,80
2027-02-25,temperature_2m_max_member28,75.7
2027-02-26,temperature_2m_max_member28,69.1
2027-02-27,temperature_2m_max_member28,73
2027-02-28,temperature_2m_max_member28,74.4
2027-03-01,temperature_2m_max_member28,66.8
2027-03-02,temperature_2m_max_member28,64.2
2027-03-03,temperature_2m_max_member28,60.1
2027-03-04,temperature_2m_max_member28,69
2027-03-05,temperature_2m_max_member28,68.5
2027-03-06,temperature_2m_max_member28,71.7
2027-03-07,temperature_2m_max_member28,71.2
2027-03-08,temperature_2m_max_member28,70.8
2027-03-09,temperature_2m_max_member28,65.7
2027-03-10,temperature_2m_max_member28,73.2
2027-03-11,temperature_2m_max_member28,78.3
2027-03-12,temperature_2m_max_member28,74.2
2027-03-13,temperature_2m_max_member28,67.6
2026-09-15,temperature_2m_max_member29,89.8
2026-09-16,temperature_2m_max_member29,90
2026-09-17,temperature_2m_max_member29,87.4
2026-09-18,temperature_2m_max_member29,89.2
2026-09-19,temperature_2m_max_member29,90.1
2026-09-20,temperature_2m_max_member29,90.5
2026-09-21,temperature_2m_max_member29,88
2026-09-22,temperature_2m_max_member29,87.4
2026-09-23,temperature_2m_max_member29,87.8
2026-09-24,temperature_2m_max_member29,86
2026-09-25,temperature_2m_max_member29,80.4
2026-09-26,temperature_2m_max_member29,87
2026-09-27,temperature_2m_max_member29,88
2026-09-28,temperature_2m_max_member29,88.3
2026-09-29,temperature_2m_max_member29,79.4
2026-09-30,temperature_2m_max_member29,83.8
2026-10-01,temperature_2m_max_member29,88.2
2026-10-02,temperature_2m_max_member29,89
2026-10-03,temperature_2m_max_member29,90.1
2026-10-04,temperature_2m_max_member29,90.1
2026-10-05,temperature_2m_max_member29,89.9
2026-10-06,temperature_2m_max_member29,88.7
2026-10-07,temperature_2m_max_member29,80.1
2026-10-08,temperature_2m_max_member29,81.6
2026-10-09,temperature_2m_max_member29,81.8
2026-10-10,temperature_2m_max_member29,78.9
2026-10-11,temperature_2m_max_member29,79.7
2026-10-12,temperature_2m_max_member29,82.9
2026-10-13,temperature_2m_max_member29,83.1
2026-10-14,temperature_2m_max_member29,83.3
2026-10-15,temperature_2m_max_member29,86.4
2026-10-16,temperature_2m_max_member29,87.4
2026-10-17,temperature_2m_max_member29,88.6
2026-10-18,temperature_2m_max_member29,89.3
2026-10-19,temperature_2m_max_member29,87.3
2026-10-20,temperature_2m_max_member29,87.9
2026-10-21,temperature_2m_max_member29,89.3
2026-10-22,temperature_2m_max_member29,89.7
2026-10-23,temperature_2m_max_member29,90
2026-10-24,temperature_2m_max_member29,88.7
2026-10-25,temperature_2m_max_member29,75.3
2026-10-26,temperature_2m_max_member29,76.3
2026-10-27,temperature_2m_max_member29,82.1
2026-10-28,temperature_2m_max_member29,83.9
2026-10-29,temperature_2m_max_member29,83.8
2026-10-30,temperature_2m_max_member29,80.9
2026-10-31,temperature_2m_max_member29,85.7
2026-11-01,temperature_2m_max_member29,86.5
2026-11-02,temperature_2m_max_member29,86.4
2026-11-03,temperature_2m_max_member29,88
2026-11-04,temperature_2m_max_member29,84.5
2026-11-05,temperature_2m_max_member29,80.8
2026-11-06,temperature_2m_max_member29,77.6
2026-11-07,temperature_2m_max_member29,84.7
2026-11-08,temperature_2m_max_member29,86
2026-11-09,temperature_2m_max_member29,86.1
2026-11-10,temperature_2m_max_member29,85.5
2026-11-11,temperature_2m_max_member29,86.9
2026-11-12,temperature_2m_max_member29,86.6
2026-11-13,temperature_2m_max_member29,81.1
2026-11-14,temperature_2m_max_member29,77.5
2026-11-15,temperature_2m_max_member29,82
2026-11-16,temperature_2m_max_member29,83.3
2026-11-17,temperature_2m_max_member29,81.3
2026-11-18,temperature_2m_max_member29,81.6
2026-11-19,temperature_2m_max_member29,82.8
2026-11-20,temperature_2m_max_member29,84.5
2026-11-21,temperature_2m_max_member29,81.7
2026-11-22,temperature_2m_max_member29,74.8
2026-11-23,temperature_2m_max_member29,74.4
2026-11-24,temperature_2m_max_member29,77.5
2026-11-25,temperature_2m_max_member29,82.4
2026-11-26,temperature_2m_max_member29,81.8
2026-11-27,temperature_2m_max_member29,79.8
2026-11-28,temperature_2m_max_member29,72.9
2026-11-29,temperature_2m_max_member29,69.1
2026-11-30,temperature_2m_max_member29,68.8
2026-12-01,temperature_2m_max_member29,74.7
2026-12-02,temperature_2m_max_member29,77.5
2026-12-03,temperature_2m_max_member29,70.7
2026-12-04,temperature_2m_max_member29,62.1
2026-12-05,temperature_2m_max_member29,55.2
2026-12-06,temperature_2m_max_member29,61.4
2026-12-07,temperature_2m_max_member29,64.9
2026-12-08,temperature_2m_max_member29,58.2
2026-12-09,temperature_2m_max_member29,65.9
2026-12-10,temperature_2m_max_member29,71
2026-12-11,temperature_2m_max_member29,75.5
2026-12-12,temperature_2m_max_member29,71.3
2026-12-13,temperature_2m_max_member29,72.4
2026-12-14,temperature_2m_max_member29,79.3
2026-12-15,temperature_2m_max_member29,81.4
2026-12-16,temperature_2m_max_member29,80.2
2026-12-17,temperature_2m_max_member29,81.1
2026-12-18,temperature_2m_max_member29,78.2
2026-12-19,temperature_2m_max_member29,70.4
2026-12-20,temperature_2m_max_member29,67.1
2026-12-21,temperature_2m_max_member29,74.6
2026-12-22,temperature_2m_max_member29,75.6
2026-12-23,temperature_2m_max_member29,78.4
2026-12-24,temperature_2m_max_member29,73.4
2026-12-25,temperature_2m_max_member29,62.9
2026-12-26,temperature_2m_max_member29,64.2
2026-12-27,temperature_2m_max_member29,61.8
2026-12-28,temperature_2m_max_member29,62.5
2026-12-29,temperature_2m_max_member29,68.9
2026-12-30,temperature_2m_max_member29,72.3
2026-12-31,temperature_2m_max_member29,74.9
2027-01-01,temperature_2m_max_member29,77.1
2027-01-02,temperature_2m_max_member29,75.9
2027-01-03,temperature_2m_max_member29,72.6
2027-01-04,temperature_2m_max_member29,74
2027-01-05,temperature_2m_max_member29,76.6
2027-01-06,temperature_2m_max_member29,79.1
2027-01-07,temperature_2m_max_member29,73.9
2027-01-08,temperature_2m_max_member29,69.3
2027-01-09,temperature_2m_max_member29,63.5
2027-01-10,temperature_2m_max_member29,64.3
2027-01-11,temperature_2m_max_member29,73
2027-01-12,temperature_2m_max_member29,76.6
2027-01-13,temperature_2m_max_member29,72.6
2027-01-14,temperature_2m_max_member29,64.1
2027-01-15,temperature_2m_max_member29,67.7
2027-01-16,temperature_2m_max_member29,71.3
2027-01-17,temperature_2m_max_member29,66.1
2027-01-18,temperature_2m_max_member29,58.1
2027-01-19,temperature_2m_max_member29,69.4
2027-01-20,temperature_2m_max_member29,67
2027-01-21,temperature_2m_max_member29,68.6
2027-01-22,temperature_2m_max_member29,55
2027-01-23,temperature_2m_max_member29,54.6
2027-01-24,temperature_2m_max_member29,67.9
2027-01-25,temperature_2m_max_member29,73.2
2027-01-26,temperature_2m_max_member29,76.3
2027-01-27,temperature_2m_max_member29,69.4
2027-01-28,temperature_2m_max_member29,61.3
2027-01-29,temperature_2m_max_member29,68
2027-01-30,temperature_2m_max_member29,74.5
2027-01-31,temperature_2m_max_member29,70.5
2027-02-01,temperature_2m_max_member29,62.2
2027-02-02,temperature_2m_max_member29,67.6
2027-02-03,temperature_2m_max_member29,70.9
2027-02-04,temperature_2m_max_member29,67.5
2027-02-05,temperature_2m_max_member29,61.5
2027-02-06,temperature_2m_max_member29,66
2027-02-07,temperature_2m_max_member29,69.4
2027-02-08,temperature_2m_max_member29,73
2027-02-09,temperature_2m_max_member29,74.8
2027-02-10,temperature_2m_max_member29,75.6
2027-02-11,temperature_2m_max_member29,69.5
2027-02-12,temperature_2m_max_member29,61.9
2027-02-13,temperature_2m_max_member29,56.3
2027-02-14,temperature_2m_max_member29,58
2027-02-15,temperature_2m_max_member29,64.1
2027-02-16,temperature_2m_max_member29,71.2
2027-02-17,temperature_2m_max_member29,69.3
2027-02-18,temperature_2m_max_member29,52.5
2027-02-19,temperature_2m_max_member29,55
2027-02-20,temperature_2m_max_member29,59.3
2027-02-21,temperature_2m_max_member29,70.1
2027-02-22,temperature_2m_max_member29,59.6
2027-02-23,temperature_2m_max_member29,72.1
2027-02-24,temperature_2m_max_member29,74.2
2027-02-25,temperature_2m_max_member29,78.4
2027-02-26,temperature_2m_max_member29,77.6
2027-02-27,temperature_2m_max_member29,75.5
2027-02-28,temperature_2m_max_member29,79.1
2027-03-01,temperature_2m_max_member29,81
2027-03-02,temperature_2m_max_member29,82.9
2027-03-03,temperature_2m_max_member29,81.3
2027-03-04,temperature_2m_max_member29,80.4
2027-03-05,temperature_2m_max_member29,68.5
2027-03-06,temperature_2m_max_member29,60.4
2027-03-07,temperature_2m_max_member29,61.7
2027-03-08,temperature_2m_max_member29,65.5
2027-03-09,temperature_2m_max_member29,69.5
2027-03-10,temperature_2m_max_member29,72.5
2027-03-11,temperature_2m_max_member29,78.1
2027-03-12,temperature_2m_max_member29,73.9
2027-03-13,temperature_2m_max_member29,77.5
2026-09-15,temperature_2m_max_member30,94.2
2026-09-16,temperature_2m_max_member30,93.7
2026-09-17,temperature_2m_max_member30,89.3
2026-09-18,temperature_2m_max_member30,89.5
2026-09-19,temperature_2m_max_member30,83.1
2026-09-20,temperature_2m_max_member30,86.3
2026-09-21,temperature_2m_max_member30,86.9
2026-09-22,temperature_2m_max_member30,87.5
2026-09-23,temperature_2m_max_member30,87.4
2026-09-24,temperature_2m_max_member30,87.6
2026-09-25,temperature_2m_max_member30,88.3
2026-09-26,temperature_2m_max_member30,87.9
2026-09-27,temperature_2m_max_member30,88.6
2026-09-28,temperature_2m_max_member30,88.3
2026-09-29,temperature_2m_max_member30,87.7
2026-09-30,temperature_2m_max_member30,87.6
2026-10-01,temperature_2m_max_member30,86.3
2026-10-02,temperature_2m_max_member30,87
2026-10-03,temperature_2m_max_member30,86.9
2026-10-04,temperature_2m_max_member30,88
2026-10-05,temperature_2m_max_member30,87.9
2026-10-06,temperature_2m_max_member30,89
2026-10-07,temperature_2m_max_member30,88.2
2026-10-08,temperature_2m_max_member30,84.7
2026-10-09,temperature_2m_max_member30,85
2026-10-10,temperature_2m_max_member30,85.9
2026-10-11,temperature_2m_max_member30,86.2
2026-10-12,temperature_2m_max_member30,87.2
2026-10-13,temperature_2m_max_member30,87.4
2026-10-14,temperature_2m_max_member30,86.9
2026-10-15,temperature_2m_max_member30,86.9
2026-10-16,temperature_2m_max_member30,75.7
2026-10-17,temperature_2m_max_member30,81.1
2026-10-18,temperature_2m_max_member30,83.6
2026-10-19,temperature_2m_max_member30,85.1
2026-10-20,temperature_2m_max_member30,86.1
2026-10-21,temperature_2m_max_member30,86.7
2026-10-22,temperature_2m_max_member30,87.1
2026-10-23,temperature_2m_max_member30,87.7
2026-10-24,temperature_2m_max_member30,87.4
2026-10-25,temperature_2m_max_member30,87
2026-10-26,temperature_2m_max_member30,87.9
2026-10-27,temperature_2m_max_member30,85.5
2026-10-28,temperature_2m_max_member30,82.9
2026-10-29,temperature_2m_max_member30,79.7
2026-10-30,temperature_2m_max_member30,79.3
2026-10-31,temperature_2m_max_member30,82.6
2026-11-01,temperature_2m_max_member30,83
2026-11-02,temperature_2m_max_member30,83.8
2026-11-03,temperature_2m_max_member30,83
2026-11-04,temperature_2m_max_member30,85.6
2026-11-05,temperature_2m_max_member30,82.5
2026-11-06,temperature_2m_max_member30,77.4
2026-11-07,temperature_2m_max_member30,78.2
2026-11-08,temperature_2m_max_member30,77.5
2026-11-09,temperature_2m_max_member30,78.5
2026-11-10,temperature_2m_max_member30,77.7
2026-11-11,temperature_2m_max_member30,79.5
2026-11-12,temperature_2m_max_member30,66.7
2026-11-13,temperature_2m_max_member30,71.2
2026-11-14,temperature_2m_max_member30,74.4
2026-11-15,temperature_2m_max_member30,70.9
2026-11-16,temperature_2m_max_member30,75.3
2026-11-17,temperature_2m_max_member30,75.5
2026-11-18,temperature_2m_max_member30,75.8
2026-11-19,temperature_2m_max_member30,75.6
2026-11-20,temperature_2m_max_member30,81
2026-11-21,temperature_2m_max_member30,79.7
2026-11-22,temperature_2m_max_member30,77.4
2026-11-23,temperature_2m_max_member30,80.1
2026-11-24,temperature_2m_max_member30,78.7
2026-11-25,temperature_2m_max_member30,79.4
2026-11-26,temperature_2m_max_member30,75.2
2026-11-27,temperature_2m_max_member30,74.9
2026-11-28,temperature_2m_max_member30,70.6
2026-11-29,temperature_2m_max_member30,72.5
2026-11-30,temperature_2m_max_member30,75.1
2026-12-01,temperature_2m_max_member30,78.4
2026-12-02,temperature_2m_max_member30,77.5
2026-12-03,temperature_2m_max_member30,74.6
2026-12-04,temperature_2m_max_member30,78.9
2026-12-05,temperature_2m_max_member30,76.7
2026-12-06,temperature_2m_max_member30,82.4
2026-12-07,temperature_2m_max_member30,83.8
2026-12-08,temperature_2m_max_member30,80.1
2026-12-09,temperature_2m_max_member30,77
2026-12-10,temperature_2m_max_member30,70.7
2026-12-11,temperature_2m_max_member30,64
2026-12-12,temperature_2m_max_member30,65.5
2026-12-13,temperature_2m_max_member30,67.1
2026-12-14,temperature_2m_max_member30,68.4
2026-12-15,temperature_2m_max_member30,68.4
2026-12-16,temperature_2m_max_member30,66.5
2026-12-17,temperature_2m_max_member30,56.8
2026-12-18,temperature_2m_max_member30,61.6
2026-12-19,temperature_2m_max_member30,59.3
2026-12-20,temperature_2m_max_member30,64
2026-12-21,temperature_2m_max_member30,70.4
2026-12-22,temperature_2m_max_member30,70.7
2026-12-23,temperature_2m_max_member30,73.3
2026-12-24,temperature_2m_max_member30,71.7
2026-12-25,temperature_2m_max_member30,74.8
2026-12-26,temperature_2m_max_member30,77.9
2026-12-27,temperature_2m_max_member30,80.4
2026-12-28,temperature_2m_max_member30,82
2026-12-29,temperature_2m_max_member30,79.7
2026-12-30,temperature_2m_max_member30,73.8
2026-12-31,temperature_2m_max_member30,72.5
2027-01-01,temperature_2m_max_member30,75.7
2027-01-02,temperature_2m_max_member30,69.2
2027-01-03,temperature_2m_max_member30,60.5
2027-01-04,temperature_2m_max_member30,62.2
2027-01-05,temperature_2m_max_member30,59
2027-01-06,temperature_2m_max_member30,58.6
2027-01-07,temperature_2m_max_member30,64.9
2027-01-08,temperature_2m_max_member30,68
2027-01-09,temperature_2m_max_member30,73.7
2027-01-10,temperature_2m_max_member30,73.2
2027-01-11,temperature_2m_max_member30,66.6
2027-01-12,temperature_2m_max_member30,61.6
2027-01-13,temperature_2m_max_member30,59.9
2027-01-14,temperature_2m_max_member30,62.2
2027-01-15,temperature_2m_max_member30,66.7
2027-01-16,temperature_2m_max_member30,68.8
2027-01-17,temperature_2m_max_member30,74.3
2027-01-18,temperature_2m_max_member30,76.1
2027-01-19,temperature_2m_max_member30,77.9
2027-01-20,temperature_2m_max_member30,74.8
2027-01-21,temperature_2m_max_member30,74.1
2027-01-22,temperature_2m_max_member30,69
2027-01-23,temperature_2m_max_member30,63.9
2027-01-24,temperature_2m_max_member30,62
2027-01-25,temperature_2m_max_member30,66.1
2027-01-26,temperature_2m_max_member30,67.9
2027-01-27,temperature_2m_max_member30,68.7
2027-01-28,temperature_2m_max_member30,69.8
2027-01-29,temperature_2m_max_member30,70.2
2027-01-30,temperature_2m_max_member30,61.3
2027-01-31,temperature_2m_max_member30,63.8
2027-02-01,temperature_2m_max_member30,57.9
2027-02-02,temperature_2m_max_member30,58.5
2027-02-03,temperature_2m_max_member30,60.9
2027-02-04,temperature_2m_max_member30,57.6
2027-02-05,temperature_2m_max_member30,61.4
2027-02-06,temperature_2m_max_member30,64.8
2027-02-07,temperature_2m_max_member30,69.4
2027-02-08,temperature_2m_max_member30,74.8
2027-02-09,temperature_2m_max_member30,73.9
2027-02-10,temperature_2m_max_member30,70.2
2027-02-11,temperature_2m_max_member30,72.6
2027-02-12,temperature_2m_max_member30,71.1
2027-02-13,temperature_2m_max_member30,73.1
2027-02-14,temperature_2m_max_member30,73.7
2027-02-15,temperature_2m_max_member30,65.8
2027-02-16,temperature_2m_max_member30,66.7
2027-02-17,temperature_2m_max_member30,69.8
2027-02-18,temperature_2m_max_member30,69.2
2027-02-19,temperature_2m_max_member30,67.6
2027-02-20,temperature_2m_max_member30,69.7
2027-02-21,temperature_2m_max_member30,75.3
2027-02-22,temperature_2m_max_member30,75.5
2027-02-23,temperature_2m_max_member30,72
2027-02-24,temperature_2m_max_member30,65.6
2027-02-25,temperature_2m_max_member30,65.8
2027-02-26,temperature_2m_max_member30,61.6
2027-02-27,temperature_2m_max_member30,57.3
2027-02-28,temperature_2m_max_member30,56.9
2027-03-01,temperature_2m_max_member30,55.3
2027-03-02,temperature_2m_max_member30,67
2027-03-03,temperature_2m_max_member30,64.1
2027-03-04,temperature_2m_max_member30,61.1
2027-03-05,temperature_2m_max_member30,66.8
2027-03-06,temperature_2m_max_member30,71
2027-03-07,temperature_2m_max_member30,73.6
2027-03-08,temperature_2m_max_member30,74.8
2027-03-09,temperature_2m_max_member30,79
2027-03-10,temperature_2m_max_member30,79.3
2027-03-11,temperature_2m_max_member30,81.5
2027-03-12,temperature_2m_max_member30,78
2027-03-13,temperature_2m_max_member30,78
2026-09-15,temperature_2m_max_member31,94.9
2026-09-16,temperature_2m_max_member31,91.6
2026-09-17,temperature_2m_max_member31,91.1
2026-09-18,temperature_2m_max_member31,91.1
2026-09-19,temperature_2m_max_member31,90.5
2026-09-20,temperature_2m_max_member31,90.2
2026-09-21,temperature_2m_max_member31,90.2
2026-09-22,temperature_2m_max_member31,90.9
2026-09-23,temperature_2m_max_member31,90.9
2026-09-24,temperature_2m_max_member31,86.8
2026-09-25,temperature_2m_max_member31,84.8
2026-09-26,temperature_2m_max_member31,86.9
2026-09-27,temperature_2m_max_member31,89.2
2026-09-28,temperature_2m_max_member31,90
2026-09-29,temperature_2m_max_member31,90.1
2026-09-30,temperature_2m_max_member31,86
2026-10-01,temperature_2m_max_member31,86.3
2026-10-02,temperature_2m_max_member31,86.4
2026-10-03,temperature_2m_max_member31,86.6
2026-10-04,temperature_2m_max_member31,89.4
2026-10-05,temperature_2m_max_member31,89.5
2026-10-06,temperature_2m_max_member31,88.9
2026-10-07,temperature_2m_max_member31,87.5
2026-10-08,temperature_2m_max_member31,87.1
2026-10-09,temperature_2m_max_member31,87.8
2026-10-10,temperature_2m_max_member31,88.4
2026-10-11,temperature_2m_max_member31,86.4
2026-10-12,temperature_2m_max_member31,86.3
2026-10-13,temperature_2m_max_member31,86.2
2026-10-14,temperature_2m_max_member31,88.2
2026-10-15,temperature_2m_max_member31,88.6
2026-10-16,temperature_2m_max_member31,87.7
2026-10-17,temperature_2m_max_member31,88.2
2026-10-18,temperature_2m_max_member31,87.5
2026-10-19,temperature_2m_max_member31,87.7
2026-10-20,temperature_2m_max_member31,83.5
2026-10-21,temperature_2m_max_member31,82.2
2026-10-22,temperature_2m_max_member31,84.6
2026-10-23,temperature_2m_max_member31,86.1
2026-10-24,temperature_2m_max_member31,87.2
2026-10-25,temperature_2m_max_member31,88.1
2026-10-26,temperature_2m_max_member31,89.3
2026-10-27,temperature_2m_max_member31,87.8
2026-10-28,temperature_2m_max_member31,85.6
2026-10-29,temperature_2m_max_member31,80.3
2026-10-30,temperature_2m_max_member31,81.3
2026-10-31,temperature_2m_max_member31,84.2
2026-11-01,temperature_2m_max_member31,83.5
2026-11-02,temperature_2m_max_member31,83
2026-11-03,temperature_2m_max_member31,83.5
2026-11-04,temperature_2m_max_member31,80.2
2026-11-05,temperature_2m_max_member31,77.9
2026-11-06,temperature_2m_max_member31,76.7
2026-11-07,temperature_2m_max_member31,76.1
2026-11-08,temperature_2m_max_member31,77.5
2026-11-09,temperature_2m_max_member31,79.8
2026-11-10,temperature_2m_max_member31,77.1
2026-11-11,temperature_2m_max_member31,78.7
2026-11-12,temperature_2m_max_member31,80.6
2026-11-13,temperature_2m_max_member31,77.9
2026-11-14,temperature_2m_max_member31,74.4
2026-11-15,temperature_2m_max_member31,76.5
2026-11-16,temperature_2m_max_member31,74.8
2026-11-17,temperature_2m_max_member31,78.7
2026-11-18,temperature_2m_max_member31,80
2026-11-19,temperature_2m_max_member31,79.4
2026-11-20,temperature_2m_max_member31,79.7
2026-11-21,temperature_2m_max_member31,82
2026-11-22,temperature_2m_max_member31,81.1
2026-11-23,temperature_2m_max_member31,78.5
2026-11-24,temperature_2m_max_member31,75.5
2026-11-25,temperature_2m_max_member31,73.2
2026-11-26,temperature_2m_max_member31,80.1
2026-11-27,temperature_2m_max_member31,78.8
2026-11-28,temperature_2m_max_member31,79.9
2026-11-29,temperature_2m_max_member31,78.6
2026-11-30,temperature_2m_max_member31,78.3
2026-12-01,temperature_2m_max_member31,70.7
2026-12-02,temperature_2m_max_member31,69.8
2026-12-03,temperature_2m_max_member31,71.2
2026-12-04,temperature_2m_max_member31,78.2
2026-12-05,temperature_2m_max_member31,78.2
2026-12-06,temperature_2m_max_member31,79.2
2026-12-07,temperature_2m_max_member31,78.9
2026-12-08,temperature_2m_max_member31,72
2026-12-09,temperature_2m_max_member31,68
2026-12-10,temperature_2m_max_member31,67.4
2026-12-11,temperature_2m_max_member31,57.3
2026-12-12,temperature_2m_max_member31,59.7
2026-12-13,temperature_2m_max_member31,65.8
2026-12-14,temperature_2m_max_member31,74
2026-12-15,temperature_2m_max_member31,76.5
2026-12-16,temperature_2m_max_member31,77.8
2026-12-17,temperature_2m_max_member31,77.1
2026-12-18,temperature_2m_max_member31,78.4
2026-12-19,temperature_2m_max_member31,77
2026-12-20,temperature_2m_max_member31,80.8
2026-12-21,temperature_2m_max_member31,81.4
2026-12-22,temperature_2m_max_member31,76
2026-12-23,temperature_2m_max_member31,75.4
2026-12-24,temperature_2m_max_member31,74.8
2026-12-25,temperature_2m_max_member31,71
2026-12-26,temperature_2m_max_member31,75.9
2026-12-27,temperature_2m_max_member31,79.5
2026-12-28,temperature_2m_max_member31,73.8
2026-12-29,temperature_2m_max_member31,65.1
2026-12-30,temperature_2m_max_member31,59.5
2026-12-31,temperature_2m_max_member31,56.7
2027-01-01,temperature_2m_max_member31,70.2
2027-01-02,temperature_2m_max_member31,72.7
2027-01-03,temperature_2m_max_member31,72.2
2027-01-04,temperature_2m_max_member31,66.4
2027-01-05,temperature_2m_max_member31,63.2
2027-01-06,temperature_2m_max_member31,72
2027-01-07,temperature_2m_max_member31,75.5
2027-01-08,temperature_2m_max_member31,77.4
2027-01-09,temperature_2m_max_member31,77.5
2027-01-10,temperature_2m_max_member31,78.2
2027-01-11,temperature_2m_max_member31,66.2
2027-01-12,temperature_2m_max_member31,67.3
2027-01-13,temperature_2m_max_member31,64.9
2027-01-14,temperature_2m_max_member31,66.2
2027-01-15,temperature_2m_max_member31,65.3
2027-01-16,temperature_2m_max_member31,57.8
2027-01-17,temperature_2m_max_member31,64
2027-01-18,temperature_2m_max_member31,73.9
2027-01-19,temperature_2m_max_member31,77.2
2027-01-20,temperature_2m_max_member31,80.8
2027-01-21,temperature_2m_max_member31,81.2
2027-01-22,temperature_2m_max_member31,80.9
2027-01-23,temperature_2m_max_member31,80.9
2027-01-24,temperature_2m_max_member31,74.7
2027-01-25,temperature_2m_max_member31,82.4
2027-01-26,temperature_2m_max_member31,81.5
2027-01-27,temperature_2m_max_member31,76.4
2027-01-28,temperature_2m_max_member31,72.8
2027-01-29,temperature_2m_max_member31,62.8
2027-01-30,temperature_2m_max_member31,61.3
2027-01-31,temperature_2m_max_member31,61.8
2027-02-01,temperature_2m_max_member31,71.7
2027-02-02,temperature_2m_max_member31,74.5
2027-02-03,temperature_2m_max_member31,78.4
2027-02-04,temperature_2m_max_member31,79.5
2027-02-05,temperature_2m_max_member31,80.5
2027-02-06,temperature_2m_max_member31,80.3
2027-02-07,temperature_2m_max_member31,76.2
2027-02-08,temperature_2m_max_member31,64.4
2027-02-09,temperature_2m_max_member31,61.1
2027-02-10,temperature_2m_max_member31,56.5
2027-02-11,temperature_2m_max_member31,58.1
2027-02-12,temperature_2m_max_member31,59.3
2027-02-13,temperature_2m_max_member31,72.9
2027-02-14,temperature_2m_max_member31,71.7
2027-02-15,temperature_2m_max_member31,63.4
2027-02-16,temperature_2m_max_member31,72.4
2027-02-17,temperature_2m_max_member31,73.6
2027-02-18,temperature_2m_max_member31,72.6
2027-02-19,temperature_2m_max_member31,69
2027-02-20,temperature_2m_max_member31,69.4
2027-02-21,temperature_2m_max_member31,73.1
2027-02-22,temperature_2m_max_member31,76.5
2027-02-23,temperature_2m_max_member31,75.6
2027-02-24,temperature_2m_max_member31,71.2
2027-02-25,temperature_2m_max_member31,76.2
2027-02-26,temperature_2m_max_member31,70.8
2027-02-27,temperature_2m_max_member31,75.1
2027-02-28,temperature_2m_max_member31,69.2
2027-03-01,temperature_2m_max_member31,64.3
2027-03-02,temperature_2m_max_member31,71
2027-03-03,temperature_2m_max_member31,77.5
2027-03-04,temperature_2m_max_member31,70.7
2027-03-05,temperature_2m_max_member31,63.7
2027-03-06,temperature_2m_max_member31,62.6
2027-03-07,temperature_2m_max_member31,68.1
2027-03-08,temperature_2m_max_member31,76.8
2027-03-09,temperature_2m_max_member31,72.6
2027-03-10,temperature_2m_max_member31,81.6
2027-03-11,temperature_2m_max_member31,78.3
2027-03-12,temperature_2m_max_member31,73.3
2027-03-13,temperature_2m_max_member31,73
2026-09-15,temperature_2m_max_member32,93.8
2026-09-16,temperature_2m_max_member32,92.9
2026-09-17,temperature_2m_max_member32,92.4
2026-09-18,temperature_2m_max_member32,89.5
2026-09-19,temperature_2m_max_member32,89.9
2026-09-20,temperature_2m_max_member32,88.5
2026-09-21,temperature_2m_max_member32,89.8
2026-09-22,temperature_2m_max_member32,90.4
2026-09-23,temperature_2m_max_member32,89
2026-09-24,temperature_2m_max_member32,89.2
2026-09-25,temperature_2m_max_member32,88.3
2026-09-26,temperature_2m_max_member32,86.4
2026-09-27,temperature_2m_max_member32,87.5
2026-09-28,temperature_2m_max_member32,87.4
2026-09-29,temperature_2m_max_member32,87.8
2026-09-30,temperature_2m_max_member32,87.2
2026-10-01,temperature_2m_max_member32,87.4
2026-10-02,temperature_2m_max_member32,88.2
2026-10-03,temperature_2m_max_member32,90.4
2026-10-04,temperature_2m_max_member32,91
2026-10-05,temperature_2m_max_member32,87.5
2026-10-06,temperature_2m_max_member32,88.5
2026-10-07,temperature_2m_max_member32,83.4
2026-10-08,temperature_2m_max_member32,83.3
2026-10-09,temperature_2m_max_member32,82.9
2026-10-10,temperature_2m_max_member32,86.5
2026-10-11,temperature_2m_max_member32,87.5
2026-10-12,temperature_2m_max_member32,88
2026-10-13,temperature_2m_max_member32,87.4
2026-10-14,temperature_2m_max_member32,85
2026-10-15,temperature_2m_max_member32,85.4
2026-10-16,temperature_2m_max_member32,84
2026-10-17,temperature_2m_max_member32,85.3
2026-10-18,temperature_2m_max_member32,85.6
2026-10-19,temperature_2m_max_member32,84.9
2026-10-20,temperature_2m_max_member32,83.1
2026-10-21,temperature_2m_max_member32,76.8
2026-10-22,temperature_2m_max_member32,78.7
2026-10-23,temperature_2m_max_member32,84
2026-10-24,temperature_2m_max_member32,85.3
2026-10-25,temperature_2m_max_member32,85.5
2026-10-26,temperature_2m_max_member32,83.9
2026-10-27,temperature_2m_max_member32,82.3
2026-10-28,temperature_2m_max_member32,82.8
2026-10-29,temperature_2m_max_member32,82.6
2026-10-30,temperature_2m_max_member32,80.2
2026-10-31,temperature_2m_max_member32,80.9
2026-11-01,temperature_2m_max_member32,79.7
2026-11-02,temperature_2m_max_member32,73.5
2026-11-03,temperature_2m_max_member32,76.8
2026-11-04,temperature_2m_max_member32,82
2026-11-05,temperature_2m_max_member32,83.6
2026-11-06,temperature_2m_max_member32,82.4
2026-11-07,temperature_2m_max_member32,84.4
2026-11-08,temperature_2m_max_member32,84.1
2026-11-09,temperature_2m_max_member32,82.9
2026-11-10,temperature_2m_max_member32,81
2026-11-11,temperature_2m_max_member32,81
2026-11-12,temperature_2m_max_member32,78.7
2026-11-13,temperature_2m_max_member32,77.5
2026-11-14,temperature_2m_max_member32,80.4
2026-11-15,temperature_2m_max_member32,81.6
2026-11-16,temperature_2m_max_member32,81.8
2026-11-17,temperature_2m_max_member32,83.1
2026-11-18,temperature_2m_max_member32,78.8
2026-11-19,temperature_2m_max_member32,70
2026-11-20,temperature_2m_max_member32,71.2
2026-11-21,temperature_2m_max_member32,75.9
2026-11-22,temperature_2m_max_member32,75.8
2026-11-23,temperature_2m_max_member32,72.4
2026-11-24,temperature_2m_max_member32,67.6
2026-11-25,temperature_2m_max_member32,59.7
2026-11-26,temperature_2m_max_member32,68.2
2026-11-27,temperature_2m_max_member32,70
2026-11-28,temperature_2m_max_member32,73.5
2026-11-29,temperature_2m_max_member32,73.3
2026-11-30,temperature_2m_max_member32,76.4
2026-12-01,temperature_2m_max_member32,75.3
2026-12-02,temperature_2m_max_member32,77.7
2026-12-03,temperature_2m_max_member32,64.2
2026-12-04,temperature_2m_max_member32,79.5
2026-12-05,temperature_2m_max_member32,78.4
2026-12-06,temperature_2m_max_member32,83
2026-12-07,temperature_2m_max_member32,75.2
2026-12-08,temperature_2m_max_member32,65.6
2026-12-09,temperature_2m_max_member32,73.3
2026-12-10,temperature_2m_max_member32,77.3
2026-12-11,temperature_2m_max_member32,69.3
2026-12-12,temperature_2m_max_member32,77.4
2026-12-13,temperature_2m_max_member32,66.4
2026-12-14,temperature_2m_max_member32,60.8
2026-12-15,temperature_2m_max_member32,71.9
2026-12-16,temperature_2m_max_member32,75.2
2026-12-17,temperature_2m_max_member32,72.1
2026-12-18,temperature_2m_max_member32,70.8
2026-12-19,temperature_2m_max_member32,75.4
2026-12-20,temperature_2m_max_member32,79.4
2026-12-21,temperature_2m_max_member32,79.7
2026-12-22,temperature_2m_max_member32,79.7
2026-12-23,temperature_2m_max_member32,74
2026-12-24,temperature_2m_max_member32,76.2
2026-12-25,temperature_2m_max_member32,77.4
2026-12-26,temperature_2m_max_member32,77.4
2026-12-27,temperature_2m_max_member32,74.7
2026-12-28,temperature_2m_max_member32,70.5
2026-12-29,temperature_2m_max_member32,78
2026-12-30,temperature_2m_max_member32,75.7
2026-12-31,temperature_2m_max_member32,71
2027-01-01,temperature_2m_max_member32,59
2027-01-02,temperature_2m_max_member32,60.3
2027-01-03,temperature_2m_max_member32,73
2027-01-04,temperature_2m_max_member32,79.2
2027-01-05,temperature_2m_max_member32,76.5
2027-01-06,temperature_2m_max_member32,75.8
2027-01-07,temperature_2m_max_member32,79.8
2027-01-08,temperature_2m_max_member32,79.5
2027-01-09,temperature_2m_max_member32,74.9
2027-01-10,temperature_2m_max_member32,78.3
2027-01-11,temperature_2m_max_member32,79.1
2027-01-12,temperature_2m_max_member32,76.2
2027-01-13,temperature_2m_max_member32,72.2
2027-01-14,temperature_2m_max_member32,78.4
2027-01-15,temperature_2m_max_member32,72
2027-01-16,temperature_2m_max_member32,61.7
2027-01-17,temperature_2m_max_member32,63.5
2027-01-18,temperature_2m_max_member32,69.5
2027-01-19,temperature_2m_max_member32,75.3
2027-01-20,temperature_2m_max_member32,76.6
2027-01-21,temperature_2m_max_member32,73.1
2027-01-22,temperature_2m_max_member32,75.3
2027-01-23,temperature_2m_max_member32,66.3
2027-01-24,temperature_2m_max_member32,64.9
2027-01-25,temperature_2m_max_member32,66.6
2027-01-26,temperature_2m_max_member32,73.6
2027-01-27,temperature_2m_max_member32,69.5
2027-01-28,temperature_2m_max_member32,57.6
2027-01-29,temperature_2m_max_member32,58.3
2027-01-30,temperature_2m_max_member32,71.1
2027-01-31,temperature_2m_max_member32,71.8
2027-02-01,temperature_2m_max_member32,59.1
2027-02-02,temperature_2m_max_member32,70.7
2027-02-03,temperature_2m_max_member32,73
2027-02-04,temperature_2m_max_member32,76.2
2027-02-05,temperature_2m_max_member32,75
2027-02-06,temperature_2m_max_member32,75
2027-02-07,temperature_2m_max_member32,76.6
2027-02-08,temperature_2m_max_member32,77
2027-02-09,temperature_2m_max_member32,67.1
2027-02-10,temperature_2m_max_member32,61.4
2027-02-11,temperature_2m_max_member32,57.8
2027-02-12,temperature_2m_max_member32,57.1
2027-02-13,temperature_2m_max_member32,58.2
2027-02-14,temperature_2m_max_member32,60.1
2027-02-15,temperature_2m_max_member32,64.5
2027-02-16,temperature_2m_max_member32,67.5
2027-02-17,temperature_2m_max_member32,73.9
2027-02-18,temperature_2m_max_member32,78.9
2027-02-19,temperature_2m_max_member32,74.6
2027-02-20,temperature_2m_max_member32,71.3
2027-02-21,temperature_2m_max_member32,59
2027-02-22,temperature_2m_max_member32,53.3
2027-02-23,temperature_2m_max_member32,61.8
2027-02-24,temperature_2m_max_member32,70.7
2027-02-25,temperature_2m_max_member32,75.7
2027-02-26,temperature_2m_max_member32,80
2027-02-27,temperature_2m_max_member32,78
2027-02-28,temperature_2m_max_member32,70.2
2027-03-01,temperature_2m_max_member32,74.1
2027-03-02,temperature_2m_max_member32,81.3
2027-03-03,temperature_2m_max_member32,76.7
2027-03-04,temperature_2m_max_member32,68.8
2027-03-05,temperature_2m_max_member32,74.7
2027-03-06,temperature_2m_max_member32,77
2027-03-07,temperature_2m_max_member32,77.6
2027-03-08,temperature_2m_max_member32,72.4
2027-03-09,temperature_2m_max_member32,66.2
2027-03-10,temperature_2m_max_member32,70
2027-03-11,temperature_2m_max_member32,70.8
2027-03-12,temperature_2m_max_member32,69.6
2027-03-13,temperature_2m_max_member32,70.4
2026-09-15,temperature_2m_max_member33,94.9
2026-09-16,temperature_2m_max_member33,94.6
2026-09-17,temperature_2m_max_member33,94.8
2026-09-18,temperature_2m_max_member33,93.5
2026-09-19,temperature_2m_max_member33,89.8
2026-09-20,temperature_2m_max_member33,88.4
2026-09-21,temperature_2m_max_member33,80.9
2026-09-22,temperature_2m_max_member33,88.1
2026-09-23,temperature_2m_max_member33,88.3
2026-09-24,temperature_2m_max_member33,87.7
2026-09-25,temperature_2m_max_member33,88.3
2026-09-26,temperature_2m_max_member33,87
2026-09-27,temperature_2m_max_member33,88.2
2026-09-28,temperature_2m_max_member33,89.2
2026-09-29,temperature_2m_max_member33,90.1
2026-09-30,temperature_2m_max_member33,90
2026-10-01,temperature_2m_max_member33,85.4
2026-10-02,temperature_2m_max_member33,87.7
2026-10-03,temperature_2m_max_member33,88.2
2026-10-04,temperature_2m_max_member33,86.2
2026-10-05,temperature_2m_max_member33,86.5
2026-10-06,temperature_2m_max_member33,86
2026-10-07,temperature_2m_max_member33,88.9
2026-10-08,temperature_2m_max_member33,89.8
2026-10-09,temperature_2m_max_member33,85.5
2026-10-10,temperature_2m_max_member33,84.7
2026-10-11,temperature_2m_max_member33,85.2
2026-10-12,temperature_2m_max_member33,88.7
2026-10-13,temperature_2m_max_member33,88.9
2026-10-14,temperature_2m_max_member33,87.7
2026-10-15,temperature_2m_max_member33,85.8
2026-10-16,temperature_2m_max_member33,84.8
2026-10-17,temperature_2m_max_member33,88
2026-10-18,temperature_2m_max_member33,88.5
2026-10-19,temperature_2m_max_member33,88.9
2026-10-20,temperature_2m_max_member33,90
2026-10-21,temperature_2m_max_member33,90.3
2026-10-22,temperature_2m_max_member33,90.8
2026-10-23,temperature_2m_max_member33,88.8
2026-10-24,temperature_2m_max_member33,88.8
2026-10-25,temperature_2m_max_member33,88
2026-10-26,temperature_2m_max_member33,88.8
2026-10-27,temperature_2m_max_member33,87.3
2026-10-28,temperature_2m_max_member33,86.3
2026-10-29,temperature_2m_max_member33,86.5
2026-10-30,temperature_2m_max_member33,88
2026-10-31,temperature_2m_max_member33,89.1
2026-11-01,temperature_2m_max_member33,87.1
2026-11-02,temperature_2m_max_member33,88.6
2026-11-03,temperature_2m_max_member33,90
2026-11-04,temperature_2m_max_member33,89
2026-11-05,temperature_2m_max_member33,87.1
2026-11-06,temperature_2m_max_member33,89.6
2026-11-07,temperature_2m_max_member33,88.9
2026-11-08,temperature_2m_max_member33,89
2026-11-09,temperature_2m_max_member33,85.9
2026-11-10,temperature_2m_max_member33,80.2
2026-11-11,temperature_2m_max_member33,84
2026-11-12,temperature_2m_max_member33,86
2026-11-13,temperature_2m_max_member33,84.5
2026-11-14,temperature_2m_max_member33,83.7
2026-11-15,temperature_2m_max_member33,77.9
2026-11-16,temperature_2m_max_member33,80.6
2026-11-17,temperature_2m_max_member33,75.3
2026-11-18,temperature_2m_max_member33,76.4
2026-11-19,temperature_2m_max_member33,80
2026-11-20,temperature_2m_max_member33,79.3
2026-11-21,temperature_2m_max_member33,79.3
2026-11-22,temperature_2m_max_member33,77.5
2026-11-23,temperature_2m_max_member33,80.5
2026-11-24,temperature_2m_max_member33,81
2026-11-25,temperature_2m_max_member33,75
2026-11-26,temperature_2m_max_member33,72.6
2026-11-27,temperature_2m_max_member33,69.6
2026-11-28,temperature_2m_max_member33,69.9
2026-11-29,temperature_2m_max_member33,74.4
2026-11-30,temperature_2m_max_member33,81.3
2026-12-01,temperature_2m_max_member33,78.4
2026-12-02,temperature_2m_max_member33,77.5
2026-12-03,temperature_2m_max_member33,78.2
2026-12-04,temperature_2m_max_member33,77.3
2026-12-05,temperature_2m_max_member33,80.6
2026-12-06,temperature_2m_max_member33,82
2026-12-07,temperature_2m_max_member33,82.9
2026-12-08,temperature_2m_max_member33,82
2026-12-09,temperature_2m_max_member33,82
2026-12-10,temperature_2m_max_member33,76
2026-12-11,temperature_2m_max_member33,74.5
2026-12-12,temperature_2m_max_member33,71.4
2026-12-13,temperature_2m_max_member33,63.7
2026-12-14,temperature_2m_max_member33,62.9
2026-12-15,temperature_2m_max_member33,61
2026-12-16,temperature_2m_max_member33,56.8
2026-12-17,temperature_2m_max_member33,68.7
2026-12-18,temperature_2m_max_member33,70.6
2026-12-19,temperature_2m_max_member33,75.6
2026-12-20,temperature_2m_max_member33,72.5
2026-12-21,temperature_2m_max_member33,71.1
2026-12-22,temperature_2m_max_member33,65.4
2026-12-23,temperature_2m_max_member33,68
2026-12-24,temperature_2m_max_member33,73.9
2026-12-25,temperature_2m_max_member33,76.8
2026-12-26,temperature_2m_max_member33,69.8
2026-12-27,temperature_2m_max_member33,64.7
2026-12-28,temperature_2m_max_member33,67
2026-12-29,temperature_2m_max_member33,71.4
2026-12-30,temperature_2m_max_member33,73.9
2026-12-31,temperature_2m_max_member33,75
2027-01-01,temperature_2m_max_member33,79.3
2027-01-02,temperature_2m_max_member33,79.5
2027-01-03,temperature_2m_max_member33,79.7
2027-01-04,temperature_2m_max_member33,80.2
2027-01-05,temperature_2m_max_member33,77.7
2027-01-06,temperature_2m_max_member33,71.5
2027-01-07,temperature_2m_max_member33,72.2
2027-01-08,temperature_2m_max_member33,73.6
2027-01-09,temperature_2m_max_member33,71.4
2027-01-10,temperature_2m_max_member33,73.1
2027-01-11,temperature_2m_max_member33,77.9
2027-01-12,temperature_2m_max_member33,71.5
2027-01-13,temperature_2m_max_member33,69.1
2027-01-14,temperature_2m_max_member33,70.9
2027-01-15,temperature_2m_max_member33,68.3
2027-01-16,temperature_2m_max_member33,63.3
2027-01-17,temperature_2m_max_member33,59.6
2027-01-18,temperature_2m_max_member33,58.6
2027-01-19,temperature_2m_max_member33,64.9
2027-01-20,temperature_2m_max_member33,69.4
2027-01-21,temperature_2m_max_member33,71.4
2027-01-22,temperature_2m_max_member33,69.9
2027-01-23,temperature_2m_max_member33,70.7
2027-01-24,temperature_2m_max_member33,72.1
2027-01-25,temperature_2m_max_member33,74.6
2027-01-26,temperature_2m_max_member33,77.2
2027-01-27,temperature_2m_max_member33,77.8
2027-01-28,temperature_2m_max_member33,78.9
2027-01-29,temperature_2m_max_member33,73.6
2027-01-30,temperature_2m_max_member33,76.6
2027-01-31,temperature_2m_max_member33,77.5
2027-02-01,temperature_2m_max_member33,72
2027-02-02,temperature_2m_max_member33,65.9
2027-02-03,temperature_2m_max_member33,66.4
2027-02-04,temperature_2m_max_member33,68.1
2027-02-05,temperature_2m_max_member33,70.9
2027-02-06,temperature_2m_max_member33,72.5
2027-02-07,temperature_2m_max_member33,71.9
2027-02-08,temperature_2m_max_member33,62.4
2027-02-09,temperature_2m_max_member33,59.2
2027-02-10,temperature_2m_max_member33,64.1
2027-02-11,temperature_2m_max_member33,64.4
2027-02-12,temperature_2m_max_member33,64
2027-02-13,temperature_2m_max_member33,73.2
2027-02-14,temperature_2m_max_member33,73
2027-02-15,temperature_2m_max_member33,71.1
2027-02-16,temperature_2m_max_member33,68.1
2027-02-17,temperature_2m_max_member33,67.4
2027-02-18,temperature_2m_max_member33,72.2
2027-02-19,temperature_2m_max_member33,75.7
2027-02-20,temperature_2m_max_member33,79.4
2027-02-21,temperature_2m_max_member33,79.9
2027-02-22,temperature_2m_max_member33,75.2
2027-02-23,temperature_2m_max_member33,78.5
2027-02-24,temperature_2m_max_member33,76.3
2027-02-25,temperature_2m_max_member33,64.4
2027-02-26,temperature_2m_max_member33,60.4
2027-02-27,temperature_2m_max_member33,70.7
2027-02-28,temperature_2m_max_member33,74.4
2027-03-01,temperature_2m_max_member33,76.8
2027-03-02,temperature_2m_max_member33,77.3
2027-03-03,temperature_2m_max_member33,77.9
2027-03-04,temperature_2m_max_member33,80.3
2027-03-05,temperature_2m_max_member33,76.6
2027-03-06,temperature_2m_max_member33,68.1
2027-03-07,temperature_2m_max_member33,73.9
2027-03-08,temperature_2m_max_member33,77
2027-03-09,temperature_2m_max_member33,82.3
2027-03-10,temperature_2m_max_member33,80.2
2027-03-11,temperature_2m_max_member33,83.9
2027-03-12,temperature_2m_max_member33,84.5
2027-03-13,temperature_2m_max_member33,85.9
2026-09-15,temperature_2m_max_member34,93.3
2026-09-16,temperature_2m_max_member34,95.2
2026-09-17,temperature_2m_max_member34,91
2026-09-18,temperature_2m_max_member34,87.6
2026-09-19,temperature_2m_max_member34,89.5
2026-09-20,temperature_2m_max_member34,90.3
2026-09-21,temperature_2m_max_member34,90.4
2026-09-22,temperature_2m_max_member34,89.1
2026-09-23,temperature_2m_max_member34,87.8
2026-09-24,temperature_2m_max_member34,88.3
2026-09-25,temperature_2m_max_member34,86.3
2026-09-26,temperature_2m_max_member34,86.8
2026-09-27,temperature_2m_max_member34,84.7
2026-09-28,temperature_2m_max_member34,85.1
2026-09-29,temperature_2m_max_member34,88.5
2026-09-30,temperature_2m_max_member34,89.2
2026-10-01,temperature_2m_max_member34,88
2026-10-02,temperature_2m_max_member34,88.4
2026-10-03,temperature_2m_max_member34,88.6
2026-10-04,temperature_2m_max_member34,89.1
2026-10-05,temperature_2m_max_member34,88.2
2026-10-06,temperature_2m_max_member34,86.8
2026-10-07,temperature_2m_max_member34,87
2026-10-08,temperature_2m_max_member34,79.1
2026-10-09,temperature_2m_max_member34,84.8
2026-10-10,temperature_2m_max_member34,85
2026-10-11,temperature_2m_max_member34,86.9
2026-10-12,temperature_2m_max_member34,87.1
2026-10-13,temperature_2m_max_member34,86.1
2026-10-14,temperature_2m_max_member34,86.4
2026-10-15,temperature_2m_max_member34,86.8
2026-10-16,temperature_2m_max_member34,86.9
2026-10-17,temperature_2m_max_member34,85.8
2026-10-18,temperature_2m_max_member34,85.6
2026-10-19,temperature_2m_max_member34,87.1
2026-10-20,temperature_2m_max_member34,87.4
2026-10-21,temperature_2m_max_member34,85.7
2026-10-22,temperature_2m_max_member34,85.6
2026-10-23,temperature_2m_max_member34,82.9
2026-10-24,temperature_2m_max_member34,80.1
2026-10-25,temperature_2m_max_member34,81.3
2026-10-26,temperature_2m_max_member34,80.9
2026-10-27,temperature_2m_max_member34,81.7
2026-10-28,temperature_2m_max_member34,82.2
2026-10-29,temperature_2m_max_member34,86.2
2026-10-30,temperature_2m_max_member34,85.2
2026-10-31,temperature_2m_max_member34,85.8
2026-11-01,temperature_2m_max_member34,86.1
2026-11-02,temperature_2m_max_member34,85.6
2026-11-03,temperature_2m_max_member34,81.9
2026-11-04,temperature_2m_max_member34,77.8
2026-11-05,temperature_2m_max_member34,78.1
2026-11-06,temperature_2m_max_member34,79.3
2026-11-07,temperature_2m_max_member34,85.8
2026-11-08,temperature_2m_max_member34,86.8
2026-11-09,temperature_2m_max_member34,85.5
2026-11-10,temperature_2m_max_member34,85.6
2026-11-11,temperature_2m_max_member34,85.3
2026-11-12,temperature_2m_max_member34,86.5
2026-11-13,temperature_2m_max_member34,80.6
2026-11-14,temperature_2m_max_member34,83.2
2026-11-15,temperature_2m_max_member34,78.8
2026-11-16,temperature_2m_max_member34,79
2026-11-17,temperature_2m_max_member34,83.2
2026-11-18,temperature_2m_max_member34,76.6
2026-11-19,temperature_2m_max_member34,78.3
2026-11-20,temperature_2m_max_member34,80.4
2026-11-21,temperature_2m_max_member34,75
2026-11-22,temperature_2m_max_member34,77.8
2026-11-23,temperature_2m_max_member34,78
2026-11-24,temperature_2m_max_member34,81
2026-11-25,temperature_2m_max_member34,80.5
2026-11-26,temperature_2m_max_member34,82.2
2026-11-27,temperature_2m_max_member34,81.7
2026-11-28,temperature_2m_max_member34,83.4
2026-11-29,temperature_2m_max_member34,83
2026-11-30,temperature_2m_max_member34,81.5
2026-12-01,temperature_2m_max_member34,76.2
2026-12-02,temperature_2m_max_member34,71.5
2026-12-03,temperature_2m_max_member34,75.7
2026-12-04,temperature_2m_max_member34,78.5
2026-12-05,temperature_2m_max_member34,78.5
2026-12-06,temperature_2m_max_member34,77.5
2026-12-07,temperature_2m_max_member34,75.7
2026-12-08,temperature_2m_max_member34,69.4
2026-12-09,temperature_2m_max_member34,70.8
2026-12-10,temperature_2m_max_member34,72.7
2026-12-11,temperature_2m_max_member34,72
2026-12-12,temperature_2m_max_member34,68.9
2026-12-13,temperature_2m_max_member34,71.9
2026-12-14,temperature_2m_max_member34,77.4
2026-12-15,temperature_2m_max_member34,81.1
2026-12-16,temperature_2m_max_member34,81.1
2026-12-17,temperature_2m_max_member34,71.9
2026-12-18,temperature_2m_max_member34,66.3
2026-12-19,temperature_2m_max_member34,76.8
2026-12-20,temperature_2m_max_member34,64.3
2026-12-21,temperature_2m_max_member34,68.3
2026-12-22,temperature_2m_max_member34,67.9
2026-12-23,temperature_2m_max_member34,75.4
2026-12-24,temperature_2m_max_member34,78.2
2026-12-25,temperature_2m_max_member34,75.9
2026-12-26,temperature_2m_max_member34,73.7
2026-12-27,temperature_2m_max_member34,72.5
2026-12-28,temperature_2m_max_member34,76.9
2026-12-29,temperature_2m_max_member34,78.4
2026-12-30,temperature_2m_max_member34,80.4
2026-12-31,temperature_2m_max_member34,79.1
2027-01-01,temperature_2m_max_member34,71.8
2027-01-02,temperature_2m_max_member34,73.1
2027-01-03,temperature_2m_max_member34,73.4
2027-01-04,temperature_2m_max_member34,71.7
2027-01-05,temperature_2m_max_member34,74.8
2027-01-06,temperature_2m_max_member34,69
2027-01-07,temperature_2m_max_member34,58.4
2027-01-08,temperature_2m_max_member34,59.9
2027-01-09,temperature_2m_max_member34,61.1
2027-01-10,temperature_2m_max_member34,68.3
2027-01-11,temperature_2m_max_member34,73.6
2027-01-12,temperature_2m_max_member34,75.2
2027-01-13,temperature_2m_max_member34,67.1
2027-01-14,temperature_2m_max_member34,75.3
2027-01-15,temperature_2m_max_member34,69.3
2027-01-16,temperature_2m_max_member34,67.4
2027-01-17,temperature_2m_max_member34,71
2027-01-18,temperature_2m_max_member34,72.7
2027-01-19,temperature_2m_max_member34,69.5
2027-01-20,temperature_2m_max_member34,79
2027-01-21,temperature_2m_max_member34,77.2
2027-01-22,temperature_2m_max_member34,73.6
2027-01-23,temperature_2m_max_member34,64.9
2027-01-24,temperature_2m_max_member34,67.9
2027-01-25,temperature_2m_max_member34,67.1
2027-01-26,temperature_2m_max_member34,71.1
2027-01-27,temperature_2m_max_member34,70.6
2027-01-28,temperature_2m_max_member34,70.6
2027-01-29,temperature_2m_max_member34,66
2027-01-30,temperature_2m_max_member34,69.9
2027-01-31,temperature_2m_max_member34,77.1
2027-02-01,temperature_2m_max_member34,72.1
2027-02-02,temperature_2m_max_member34,68.9
2027-02-03,temperature_2m_max_member34,63.6
2027-02-04,temperature_2m_max_member34,66
2027-02-05,temperature_2m_max_member34,72.6
2027-02-06,temperature_2m_max_member34,69.9
2027-02-07,temperature_2m_max_member34,58.4
2027-02-08,temperature_2m_max_member34,61.1
2027-02-09,temperature_2m_max_member34,66.1
2027-02-10,temperature_2m_max_member34,68.3
2027-02-11,temperature_2m_max_member34,70.1
2027-02-12,temperature_2m_max_member34,73.6
2027-02-13,temperature_2m_max_member34,71.6
2027-02-14,temperature_2m_max_member34,65.4
2027-02-15,temperature_2m_max_member34,60.3
2027-02-16,temperature_2m_max_member34,69.4
2027-02-17,temperature_2m_max_member34,72.1
2027-02-18,temperature_2m_max_member34,70.3
2027-02-19,temperature_2m_max_member34,72.2
2027-02-20,temperature_2m_max_member34,75.8
2027-02-21,temperature_2m_max_member34,73.2
2027-02-22,temperature_2m_max_member34,61.2
2027-02-23,temperature_2m_max_member34,55.4
2027-02-24,temperature_2m_max_member34,58.6
2027-02-25,temperature_2m_max_member34,64.3
2027-02-26,temperature_2m_max_member34,66.5
2027-02-27,temperature_2m_max_member34,65.3
2027-02-28,temperature_2m_max_member34,70.3
2027-03-01,temperature_2m_max_member34,68.4
2027-03-02,temperature_2m_max_member34,68.1
2027-03-03,temperature_2m_max_member34,60.2
2027-03-04,temperature_2m_max_member34,62.2
2027-03-05,temperature_2m_max_member34,71.8
2027-03-06,temperature_2m_max_member34,75.5
2027-03-07,temperature_2m_max_member34,76.7
2027-03-08,temperature_2m_max_member34,77.6
2027-03-09,temperature_2m_max_member34,73.6
2027-03-10,temperature_2m_max_member34,63.4
2027-03-11,temperature_2m_max_member34,66.7
2027-03-12,temperature_2m_max_member34,70.7
2027-03-13,temperature_2m_max_member34,66.5
2026-09-15,temperature_2m_max_member35,93
2026-09-16,temperature_2m_max_member35,92.8
2026-09-17,temperature_2m_max_member35,92.5
2026-09-18,temperature_2m_max_member35,91.9
2026-09-19,temperature_2m_max_member35,92.7
2026-09-20,temperature_2m_max_member35,93.2
2026-09-21,temperature_2m_max_member35,91.5
2026-09-22,temperature_2m_max_member35,90.1
2026-09-23,temperature_2m_max_member35,81.8
2026-09-24,temperature_2m_max_member35,83.8
2026-09-25,temperature_2m_max_member35,85.8
2026-09-26,temperature_2m_max_member35,87
2026-09-27,temperature_2m_max_member35,88
2026-09-28,temperature_2m_max_member35,87.4
2026-09-29,temperature_2m_max_member35,86.3
2026-09-30,temperature_2m_max_member35,87.7
2026-10-01,temperature_2m_max_member35,87.4
2026-10-02,temperature_2m_max_member35,85.6
2026-10-03,temperature_2m_max_member35,89.1
2026-10-04,temperature_2m_max_member35,89.7
2026-10-05,temperature_2m_max_member35,90
2026-10-06,temperature_2m_max_member35,88.3
2026-10-07,temperature_2m_max_member35,87.4
2026-10-08,temperature_2m_max_member35,87.2
2026-10-09,temperature_2m_max_member35,87.3
2026-10-10,temperature_2m_max_member35,86.2
2026-10-11,temperature_2m_max_member35,79.4
2026-10-12,temperature_2m_max_member35,84.6
2026-10-13,temperature_2m_max_member35,84.8
2026-10-14,temperature_2m_max_member35,83.1
2026-10-15,temperature_2m_max_member35,83.8
2026-10-16,temperature_2m_max_member35,82.9
2026-10-17,temperature_2m_max_member35,86.9
2026-10-18,temperature_2m_max_member35,86.2
2026-10-19,temperature_2m_max_member35,87.5
2026-10-20,temperature_2m_max_member35,88.4
2026-10-21,temperature_2m_max_member35,89.2
2026-10-22,temperature_2m_max_member35,86.7
2026-10-23,temperature_2m_max_member35,86.1
2026-10-24,temperature_2m_max_member35,87.3
2026-10-25,temperature_2m_max_member35,87.5
2026-10-26,temperature_2m_max_member35,87.9
2026-10-27,temperature_2m_max_member35,86.1
2026-10-28,temperature_2m_max_member35,84.8
2026-10-29,temperature_2m_max_member35,80.8
2026-10-30,temperature_2m_max_member35,77.6
2026-10-31,temperature_2m_max_member35,80
2026-11-01,temperature_2m_max_member35,80.3
2026-11-02,temperature_2m_max_member35,85.6
2026-11-03,temperature_2m_max_member35,82.6
2026-11-04,temperature_2m_max_member35,81.5
2026-11-05,temperature_2m_max_member35,82
2026-11-06,temperature_2m_max_member35,86.9
2026-11-07,temperature_2m_max_member35,86.3
2026-11-08,temperature_2m_max_member35,85.5
2026-11-09,temperature_2m_max_member35,85.4
2026-11-10,temperature_2m_max_member35,85
2026-11-11,temperature_2m_max_member35,85.8
2026-11-12,temperature_2m_max_member35,86.1
2026-11-13,temperature_2m_max_member35,86.9
2026-11-14,temperature_2m_max_member35,87.6
2026-11-15,temperature_2m_max_member35,79
2026-11-16,temperature_2m_max_member35,67.5
2026-11-17,temperature_2m_max_member35,80.9
2026-11-18,temperature_2m_max_member35,85.8
2026-11-19,temperature_2m_max_member35,88.8
2026-11-20,temperature_2m_max_member35,86.1
2026-11-21,temperature_2m_max_member35,71.9
2026-11-22,temperature_2m_max_member35,66.7
2026-11-23,temperature_2m_max_member35,77.1
2026-11-24,temperature_2m_max_member35,78
2026-11-25,temperature_2m_max_member35,75
2026-11-26,temperature_2m_max_member35,72.3
2026-11-27,temperature_2m_max_member35,74.3
2026-11-28,temperature_2m_max_member35,78
2026-11-29,temperature_2m_max_member35,83.8
2026-11-30,temperature_2m_max_member35,84
2026-12-01,temperature_2m_max_member35,73.3
2026-12-02,temperature_2m_max_member35,74.1
2026-12-03,temperature_2m_max_member35,75.3
2026-12-04,temperature_2m_max_member35,79.3
2026-12-05,temperature_2m_max_member35,82.9
2026-12-06,temperature_2m_max_member35,82
2026-12-07,temperature_2m_max_member35,79
2026-12-08,temperature_2m_max_member35,77.1
2026-12-09,temperature_2m_max_member35,78.3
2026-12-10,temperature_2m_max_member35,79
2026-12-11,temperature_2m_max_member35,82
2026-12-12,temperature_2m_max_member35,83.1
2026-12-13,temperature_2m_max_member35,79.4
2026-12-14,temperature_2m_max_member35,78.6
2026-12-15,temperature_2m_max_member35,78.4
2026-12-16,temperature_2m_max_member35,70.9
2026-12-17,temperature_2m_max_member35,73.6
2026-12-18,temperature_2m_max_member35,76.2
2026-12-19,temperature_2m_max_member35,73.1
2026-12-20,temperature_2m_max_member35,68
2026-12-21,temperature_2m_max_member35,70.1
2026-12-22,temperature_2m_max_member35,64.6
2026-12-23,temperature_2m_max_member35,63.7
2026-12-24,temperature_2m_max_member35,71.7
2026-12-25,temperature_2m_max_member35,72.7
2026-12-26,temperature_2m_max_member35,78.3
2026-12-27,temperature_2m_max_member35,78.5
2026-12-28,temperature_2m_max_member35,79.9
2026-12-29,temperature_2m_max_member35,81.1
2026-12-30,temperature_2m_max_member35,77.5
2026-12-31,temperature_2m_max_member35,63.7
2027-01-01,temperature_2m_max_member35,64.8
2027-01-02,temperature_2m_max_member35,66.9
2027-01-03,temperature_2m_max_member35,70
2027-01-04,temperature_2m_max_member35,65.2
2027-01-05,temperature_2m_max_member35,72
2027-01-06,temperature_2m_max_member35,78.5
2027-01-07,temperature_2m_max_member35,81
2027-01-08,temperature_2m_max_member35,81.5
2027-01-09,temperature_2m_max_member35,80.1
2027-01-10,temperature_2m_max_member35,82.8
2027-01-11,temperature_2m_max_member35,80.9
2027-01-12,temperature_2m_max_member35,73.9
2027-01-13,temperature_2m_max_member35,64
2027-01-14,temperature_2m_max_member35,68.3
2027-01-15,temperature_2m_max_member35,73.3
2027-01-16,temperature_2m_max_member35,74.7
2027-01-17,temperature_2m_max_member35,74.5
2027-01-18,temperature_2m_max_member35,71.4
2027-01-19,temperature_2m_max_member35,75.4
2027-01-20,temperature_2m_max_member35,76.9
2027-01-21,temperature_2m_max_member35,71
2027-01-22,temperature_2m_max_member35,74.8
2027-01-23,temperature_2m_max_member35,72.2
2027-01-24,temperature_2m_max_member35,68.5
2027-01-25,temperature_2m_max_member35,65.1
2027-01-26,temperature_2m_max_member35,68.6
2027-01-27,temperature_2m_max_member35,73.9
2027-01-28,temperature_2m_max_member35,77.8
2027-01-29,temperature_2m_max_member35,78.8
2027-01-30,temperature_2m_max_member35,80.4
2027-01-31,temperature_2m_max_member35,75.1
2027-02-01,temperature_2m_max_member35,71
2027-02-02,temperature_2m_max_member35,74.7
2027-02-03,temperature_2m_max_member35,77.5
2027-02-04,temperature_2m_max_member35,79.7
2027-02-05,temperature_2m_max_member35,69.6
2027-02-06,temperature_2m_max_member35,67.8
2027-02-07,temperature_2m_max_member35,65.6
2027-02-08,temperature_2m_max_member35,67.9
2027-02-09,temperature_2m_max_member35,65.2
2027-02-10,temperature_2m_max_member35,66.5
2027-02-11,temperature_2m_max_member35,70.2
2027-02-12,temperature_2m_max_member35,71.2
2027-02-13,temperature_2m_max_member35,67.3
2027-02-14,temperature_2m_max_member35,69.6
2027-02-15,temperature_2m_max_member35,70.7
2027-02-16,temperature_2m_max_member35,75.2
2027-02-17,temperature_2m_max_member35,75.6
2027-02-18,temperature_2m_max_member35,75.1
2027-02-19,temperature_2m_max_member35,69
2027-02-20,temperature_2m_max_member35,68
2027-02-21,temperature_2m_max_member35,65
2027-02-22,temperature_2m_max_member35,64.6
2027-02-23,temperature_2m_max_member35,67.9
2027-02-24,temperature_2m_max_member35,73.5
2027-02-25,temperature_2m_max_member35,75.2
2027-02-26,temperature_2m_max_member35,79.2
2027-02-27,temperature_2m_max_member35,74.3
2027-02-28,temperature_2m_max_member35,66.8
2027-03-01,temperature_2m_max_member35,69.4
2027-03-02,temperature_2m_max_member35,68.2
2027-03-03,temperature_2m_max_member35,70.1
2027-03-04,temperature_2m_max_member35,73.6
2027-03-05,temperature_2m_max_member35,74.5
2027-03-06,temperature_2m_max_member35,76.5
2027-03-07,temperature_2m_max_member35,68.5
2027-03-08,temperature_2m_max_member35,64
2027-03-09,temperature_2m_max_member35,67.8
2027-03-10,temperature_2m_max_member35,70.8
2027-03-11,temperature_2m_max_member35,73.2
2027-03-12,temperature_2m_max_member35,76.6
2027-03-13,temperature_2m_max_member35,76
2026-09-15,temperature_2m_max_member36,91
2026-09-16,temperature_2m_max_member36,91.1
2026-09-17,temperature_2m_max_member36,90.5
2026-09-18,temperature_2m_max_member36,92
2026-09-19,temperature_2m_max_member36,90.1
2026-09-20,temperature_2m_max_member36,88.1
2026-09-21,temperature_2m_max_member36,83.8
2026-09-22,temperature_2m_max_member36,87.3
2026-09-23,temperature_2m_max_member36,88.3
2026-09-24,temperature_2m_max_member36,88.4
2026-09-25,temperature_2m_max_member36,88.3
2026-09-26,temperature_2m_max_member36,85.7
2026-09-27,temperature_2m_max_member36,83.2
2026-09-28,temperature_2m_max_member36,84.9
2026-09-29,temperature_2m_max_member36,81.4
2026-09-30,temperature_2m_max_member36,79.4
2026-10-01,temperature_2m_max_member36,79.3
2026-10-02,temperature_2m_max_member36,82.6
2026-10-03,temperature_2m_max_member36,84.7
2026-10-04,temperature_2m_max_member36,84.7
2026-10-05,temperature_2m_max_member36,85.1
2026-10-06,temperature_2m_max_member36,88
2026-10-07,temperature_2m_max_member36,88
2026-10-08,temperature_2m_max_member36,84.9
2026-10-09,temperature_2m_max_member36,82.6
2026-10-10,temperature_2m_max_member36,81
2026-10-11,temperature_2m_max_member36,83.4
2026-10-12,temperature_2m_max_member36,83.8
2026-10-13,temperature_2m_max_member36,83.7
2026-10-14,temperature_2m_max_member36,86.9
2026-10-15,temperature_2m_max_member36,87.4
2026-10-16,temperature_2m_max_member36,87.5
2026-10-17,temperature_2m_max_member36,87.9
2026-10-18,temperature_2m_max_member36,86
2026-10-19,temperature_2m_max_member36,80.4
2026-10-20,temperature_2m_max_member36,80.1
2026-10-21,temperature_2m_max_member36,75.6
2026-10-22,temperature_2m_max_member36,86.6
2026-10-23,temperature_2m_max_member36,89.8
2026-10-24,temperature_2m_max_member36,90.4
2026-10-25,temperature_2m_max_member36,88.6
2026-10-26,temperature_2m_max_member36,85.8
2026-10-27,temperature_2m_max_member36,84.6
2026-10-28,temperature_2m_max_member36,85.1
2026-10-29,temperature_2m_max_member36,83.8
2026-10-30,temperature_2m_max_member36,83
2026-10-31,temperature_2m_max_member36,83.6
2026-11-01,temperature_2m_max_member36,83.1
2026-11-02,temperature_2m_max_member36,75.7
2026-11-03,temperature_2m_max_member36,68.4
2026-11-04,temperature_2m_max_member36,73.9
2026-11-05,temperature_2m_max_member36,76.8
2026-11-06,temperature_2m_max_member36,76.9
2026-11-07,temperature_2m_max_member36,78.5
2026-11-08,temperature_2m_max_member36,79.1
2026-11-09,temperature_2m_max_member36,76.7
2026-11-10,temperature_2m_max_member36,81
2026-11-11,temperature_2m_max_member36,85.3
2026-11-12,temperature_2m_max_member36,83.6
2026-11-13,temperature_2m_max_member36,82.8
2026-11-14,temperature_2m_max_member36,83.4
2026-11-15,temperature_2m_max_member36,85.4
2026-11-16,temperature_2m_max_member36,79.1
2026-11-17,temperature_2m_max_member36,80.7
2026-11-18,temperature_2m_max_member36,79.5
2026-11-19,temperature_2m_max_member36,82
2026-11-20,temperature_2m_max_member36,83.7
2026-11-21,temperature_2m_max_member36,84.1
2026-11-22,temperature_2m_max_member36,78.1
2026-11-23,temperature_2m_max_member36,69.2
2026-11-24,temperature_2m_max_member36,76.5
2026-11-25,temperature_2m_max_member36,76.6
2026-11-26,temperature_2m_max_member36,79.4
2026-11-27,temperature_2m_max_member36,78.8
2026-11-28,temperature_2m_max_member36,78.5
2026-11-29,temperature_2m_max_member36,81.6
2026-11-30,temperature_2m_max_member36,79.3
2026-12-01,temperature_2m_max_member36,80.2
2026-12-02,temperature_2m_max_member36,81.7
2026-12-03,temperature_2m_max_member36,82
2026-12-04,temperature_2m_max_member36,78.3
2026-12-05,temperature_2m_max_member36,79
2026-12-06,temperature_2m_max_member36,74.5
2026-12-07,temperature_2m_max_member36,70.5
2026-12-08,temperature_2m_max_member36,70.4
2026-12-09,temperature_2m_max_member36,71
2026-12-10,temperature_2m_max_member36,74.1
2026-12-11,temperature_2m_max_member36,75.7
2026-12-12,temperature_2m_max_member36,77.5
2026-12-13,temperature_2m_max_member36,73.2
2026-12-14,temperature_2m_max_member36,74.9
2026-12-15,temperature_2m_max_member36,77.3
2026-12-16,temperature_2m_max_member36,76.1
2026-12-17,temperature_2m_max_member36,76.2
2026-12-18,temperature_2m_max_member36,74.9
2026-12-19,temperature_2m_max_member36,65.8
2026-12-20,temperature_2m_max_member36,58.9
2026-12-21,temperature_2m_max_member36,60.4
2026-12-22,temperature_2m_max_member36,68.3
2026-12-23,temperature_2m_max_member36,72.6
2026-12-24,temperature_2m_max_member36,73.8
2026-12-25,temperature_2m_max_member36,73.9
2026-12-26,temperature_2m_max_member36,68.3
2026-12-27,temperature_2m_max_member36,66.7
2026-12-28,temperature_2m_max_member36,64.8
2026-12-29,temperature_2m_max_member36,68.2
2026-12-30,temperature_2m_max_member36,75.3
2026-12-31,temperature_2m_max_member36,66.4
2027-01-01,temperature_2m_max_member36,71.3
2027-01-02,temperature_2m_max_member36,68.8
2027-01-03,temperature_2m_max_member36,58.7
2027-01-04,temperature_2m_max_member36,69.2
2027-01-05,temperature_2m_max_member36,63.9
2027-01-06,temperature_2m_max_member36,72
2027-01-07,temperature_2m_max_member36,72.6
2027-01-08,temperature_2m_max_member36,62
2027-01-09,temperature_2m_max_member36,55
2027-01-10,temperature_2m_max_member36,64.5
2027-01-11,temperature_2m_max_member36,67.4
2027-01-12,temperature_2m_max_member36,67.1
2027-01-13,temperature_2m_max_member36,62.3
2027-01-14,temperature_2m_max_member36,60.4
2027-01-15,temperature_2m_max_member36,61.7
2027-01-16,temperature_2m_max_member36,69.6
2027-01-17,temperature_2m_max_member36,72.7
2027-01-18,temperature_2m_max_member36,73.9
2027-01-19,temperature_2m_max_member36,76
2027-01-20,temperature_2m_max_member36,68.9
2027-01-21,temperature_2m_max_member36,62.4
2027-01-22,temperature_2m_max_member36,58.8
2027-01-23,temperature_2m_max_member36,65.1
2027-01-24,temperature_2m_max_member36,70.9
2027-01-25,temperature_2m_max_member36,68.3
2027-01-26,temperature_2m_max_member36,63.1
2027-01-27,temperature_2m_max_member36,66.8
2027-01-28,temperature_2m_max_member36,71.2
2027-01-29,temperature_2m_max_member36,74.1
2027-01-30,temperature_2m_max_member36,69
2027-01-31,temperature_2m_max_member36,65.9
2027-02-01,temperature_2m_max_member36,61.3
2027-02-02,temperature_2m_max_member36,60.1
2027-02-03,temperature_2m_max_member36,70.2
2027-02-04,temperature_2m_max_member36,68.8
2027-02-05,temperature_2m_max_member36,61.3
2027-02-06,temperature_2m_max_member36,61.2
2027-02-07,temperature_2m_max_member36,64.7
2027-02-08,temperature_2m_max_member36,66.6
2027-02-09,temperature_2m_max_member36,64.5
2027-02-10,temperature_2m_max_member36,75.1
2027-02-11,temperature_2m_max_member36,72.4
2027-02-12,temperature_2m_max_member36,64.4
2027-02-13,temperature_2m_max_member36,63.9
2027-02-14,temperature_2m_max_member36,68.8
2027-02-15,temperature_2m_max_member36,71
2027-02-16,temperature_2m_max_member36,71.2
2027-02-17,temperature_2m_max_member36,66
2027-02-18,temperature_2m_max_member36,64.6
2027-02-19,temperature_2m_max_member36,66.7
2027-02-20,temperature_2m_max_member36,71.3
2027-02-21,temperature_2m_max_member36,66.7
2027-02-22,temperature_2m_max_member36,73.6
2027-02-23,temperature_2m_max_member36,75.4
2027-02-24,temperature_2m_max_member36,69.2
2027-02-25,temperature_2m_max_member36,59.7
2027-02-26,temperature_2m_max_member36,66.5
2027-02-27,temperature_2m_max_member36,62.6
2027-02-28,temperature_2m_max_member36,60.6
2027-03-01,temperature_2m_max_member36,55.4
2027-03-02,temperature_2m_max_member36,57.2
2027-03-03,temperature_2m_max_member36,59.1
2027-03-04,temperature_2m_max_member36,69
2027-03-05,temperature_2m_max_member36,72.7
2027-03-06,temperature_2m_max_member36,76.3
2027-03-07,temperature_2m_max_member36,70.8
2027-03-08,temperature_2m_max_member36,61.6
2027-03-09,temperature_2m_max_member36,64.2
2027-03-10,temperature_2m_max_member36,72.1
2027-03-11,temperature_2m_max_member36,77.9
2027-03-12,temperature_2m_max_member36,75.1
2027-03-13,temperature_2m_max_member36,78.7
2026-09-15,temperature_2m_max_member37,95.8
2026-09-16,temperature_2m_max_member37,95.8
2026-09-17,temperature_2m_max_member37,93
2026-09-18,temperature_2m_max_member37,93.5
2026-09-19,temperature_2m_max_member37,84.5
2026-09-20,temperature_2m_max_member37,85.6
2026-09-21,temperature_2m_max_member37,86.6
2026-09-22,temperature_2m_max_member37,89
2026-09-23,temperature_2m_max_member37,89.2
2026-09-24,temperature_2m_max_member37,88.7
2026-09-25,temperature_2m_max_member37,89.9
2026-09-26,temperature_2m_max_member37,88.4
2026-09-27,temperature_2m_max_member37,89
2026-09-28,temperature_2m_max_member37,91.2
2026-09-29,temperature_2m_max_member37,91.5
2026-09-30,temperature_2m_max_member37,92.2
2026-10-01,temperature_2m_max_member37,91.3
2026-10-02,temperature_2m_max_member37,88.5
2026-10-03,temperature_2m_max_member37,88.3
2026-10-04,temperature_2m_max_member37,88.4
2026-10-05,temperature_2m_max_member37,89.3
2026-10-06,temperature_2m_max_member37,89.5
2026-10-07,temperature_2m_max_member37,89.1
2026-10-08,temperature_2m_max_member37,89.2
2026-10-09,temperature_2m_max_member37,88.6
2026-10-10,temperature_2m_max_member37,91
2026-10-11,temperature_2m_max_member37,91.9
2026-10-12,temperature_2m_max_member37,91.4
2026-10-13,temperature_2m_max_member37,91.6
2026-10-14,temperature_2m_max_member37,92.3
2026-10-15,temperature_2m_max_member37,92.2
2026-10-16,temperature_2m_max_member37,89.4
2026-10-17,temperature_2m_max_member37,87.3
2026-10-18,temperature_2m_max_member37,90.2
2026-10-19,temperature_2m_max_member37,90.6
2026-10-20,temperature_2m_max_member37,90.6
2026-10-21,temperature_2m_max_member37,84.6
2026-10-22,temperature_2m_max_member37,84.6
2026-10-23,temperature_2m_max_member37,84.7
2026-10-24,temperature_2m_max_member37,85.2
2026-10-25,temperature_2m_max_member37,87.7
2026-10-26,temperature_2m_max_member37,88.1
2026-10-27,temperature_2m_max_member37,83.5
2026-10-28,temperature_2m_max_member37,81.9
2026-10-29,temperature_2m_max_member37,79
2026-10-30,temperature_2m_max_member37,81.7
2026-10-31,temperature_2m_max_member37,84.7
2026-11-01,temperature_2m_max_member37,85.2
2026-11-02,temperature_2m_max_member37,83.1
2026-11-03,temperature_2m_max_member37,78.7
2026-11-04,temperature_2m_max_member37,71
2026-11-05,temperature_2m_max_member37,76.9
2026-11-06,temperature_2m_max_member37,75.8
2026-11-07,temperature_2m_max_member37,79.2
2026-11-08,temperature_2m_max_member37,74
2026-11-09,temperature_2m_max_member37,70.2
2026-11-10,temperature_2m_max_member37,75
2026-11-11,temperature_2m_max_member37,78.4
2026-11-12,temperature_2m_max_member37,81.1
2026-11-13,temperature_2m_max_member37,83.4
2026-11-14,temperature_2m_max_member37,84.9
2026-11-15,temperature_2m_max_member37,86.8
2026-11-16,temperature_2m_max_member37,87
2026-11-17,temperature_2m_max_member37,87.1
2026-11-18,temperature_2m_max_member37,77.7
2026-11-19,temperature_2m_max_member37,73
2026-11-20,temperature_2m_max_member37,78.4
2026-11-21,temperature_2m_max_member37,83.8
2026-11-22,temperature_2m_max_member37,85.6
2026-11-23,temperature_2m_max_member37,85.5
2026-11-24,temperature_2m_max_member37,85.6
2026-11-25,temperature_2m_max_member37,83.3
2026-11-26,temperature_2m_max_member37,83.8
2026-11-27,temperature_2m_max_member37,84.7
2026-11-28,temperature_2m_max_member37,82.9
2026-11-29,temperature_2m_max_member37,82.6
2026-11-30,temperature_2m_max_member37,80.4
2026-12-01,temperature_2m_max_member37,76
2026-12-02,temperature_2m_max_member37,71.7
2026-12-03,temperature_2m_max_member37,67.8
2026-12-04,temperature_2m_max_member37,66.2
2026-12-05,temperature_2m_max_member37,67.4
2026-12-06,temperature_2m_max_member37,78.9
2026-12-07,temperature_2m_max_member37,75.6
2026-12-08,temperature_2m_max_member37,77
2026-12-09,temperature_2m_max_member37,72.3
2026-12-10,temperature_2m_max_member37,70.2
2026-12-11,temperature_2m_max_member37,65.4
2026-12-12,temperature_2m_max_member37,70.2
2026-12-13,temperature_2m_max_member37,63.1
2026-12-14,temperature_2m_max_member37,66.2
2026-12-15,temperature_2m_max_member37,68.1
2026-12-16,temperature_2m_max_member37,75.3
2026-12-17,temperature_2m_max_member37,79.5
2026-12-18,temperature_2m_max_member37,78.8
2026-12-19,temperature_2m_max_member37,76.4
2026-12-20,temperature_2m_max_member37,76.6
2026-12-21,temperature_2m_max_member37,79.4
2026-12-22,temperature_2m_max_member37,74.8
2026-12-23,temperature_2m_max_member37,71.6
2026-12-24,temperature_2m_max_member37,65.5
2026-12-25,temperature_2m_max_member37,79.8
2026-12-26,temperature_2m_max_member37,77.8
2026-12-27,temperature_2m_max_member37,69.8
2026-12-28,temperature_2m_max_member37,72.1
2026-12-29,temperature_2m_max_member37,75.7
2026-12-30,temperature_2m_max_member37,76.7
2026-12-31,temperature_2m_max_member37,71.8
2027-01-01,temperature_2m_max_member37,56
2027-01-02,temperature_2m_max_member37,58.1
2027-01-03,temperature_2m_max_member37,68.9
2027-01-04,temperature_2m_max_member37,72.2
2027-01-05,temperature_2m_max_member37,71.2
2027-01-06,temperature_2m_max_member37,76
2027-01-07,temperature_2m_max_member37,77.4
2027-01-08,temperature_2m_max_member37,70.3
2027-01-09,temperature_2m_max_member37,62.9
2027-01-10,temperature_2m_max_member37,63.9
2027-01-11,temperature_2m_max_member37,62.6
2027-01-12,temperature_2m_max_member37,61.5
2027-01-13,temperature_2m_max_member37,67.6
2027-01-14,temperature_2m_max_member37,75.5
2027-01-15,temperature_2m_max_member37,68.5
2027-01-16,temperature_2m_max_member37,63.2
2027-01-17,temperature_2m_max_member37,66.3
2027-01-18,temperature_2m_max_member37,69.7
2027-01-19,temperature_2m_max_member37,67.2
2027-01-20,temperature_2m_max_member37,67.8
2027-01-21,temperature_2m_max_member37,61.2
2027-01-22,temperature_2m_max_member37,59.3
2027-01-23,temperature_2m_max_member37,59.5
2027-01-24,temperature_2m_max_member37,55.9
2027-01-25,temperature_2m_max_member37,62.3
2027-01-26,temperature_2m_max_member37,57.7
2027-01-27,temperature_2m_max_member37,65.9
2027-01-28,temperature_2m_max_member37,71.5
2027-01-29,temperature_2m_max_member37,75.4
2027-01-30,temperature_2m_max_member37,74.3
2027-01-31,temperature_2m_max_member37,78.4
2027-02-01,temperature_2m_max_member37,72.3
2027-02-02,temperature_2m_max_member37,62.9
2027-02-03,temperature_2m_max_member37,64
2027-02-04,temperature_2m_max_member37,69.9
2027-02-05,temperature_2m_max_member37,72.3
2027-02-06,temperature_2m_max_member37,68.5
2027-02-07,temperature_2m_max_member37,66.5
2027-02-08,temperature_2m_max_member37,57.5
2027-02-09,temperature_2m_max_member37,60.4
2027-02-10,temperature_2m_max_member37,56.3
2027-02-11,temperature_2m_max_member37,64.9
2027-02-12,temperature_2m_max_member37,65.8
2027-02-13,temperature_2m_max_member37,73.2
2027-02-14,temperature_2m_max_member37,68.6
2027-02-15,temperature_2m_max_member37,75.2
2027-02-16,temperature_2m_max_member37,75.9
2027-02-17,temperature_2m_max_member37,67.6
2027-02-18,temperature_2m_max_member37,65
2027-02-19,temperature_2m_max_member37,64.9
2027-02-20,temperature_2m_max_member37,67.2
2027-02-21,temperature_2m_max_member37,68.4
2027-02-22,temperature_2m_max_member37,61.5
2027-02-23,temperature_2m_max_member37,54
2027-02-24,temperature_2m_max_member37,56.8
2027-02-25,temperature_2m_max_member37,61.1
2027-02-26,temperature_2m_max_member37,69.2
2027-02-27,temperature_2m_max_member37,72.9
2027-02-28,temperature_2m_max_member37,73.9
2027-03-01,temperature_2m_max_member37,76.9
2027-03-02,temperature_2m_max_member37,78.2
2027-03-03,temperature_2m_max_member37,79.4
2027-03-04,temperature_2m_max_member37,72.6
2027-03-05,temperature_2m_max_member37,66.8
2027-03-06,temperature_2m_max_member37,68
2027-03-07,temperature_2m_max_member37,75.7
2027-03-08,temperature_2m_max_member37,69.5
2027-03-09,temperature_2m_max_member37,61.3
2027-03-10,temperature_2m_max_member37,61.8
2027-03-11,temperature_2m_max_member37,67.9
2027-03-12,temperature_2m_max_member37,61.3
2027-03-13,temperature_2m_max_member37,68
2026-09-15,temperature_2m_max_member38,92.2
2026-09-16,temperature_2m_max_member38,93.2
2026-09-17,temperature_2m_max_member38,90.1
2026-09-18,temperature_2m_max_member38,90.8
2026-09-19,temperature_2m_max_member38,89.4
2026-09-20,temperature_2m_max_member38,85.8
2026-09-21,temperature_2m_max_member38,85.6
2026-09-22,temperature_2m_max_member38,85.7
2026-09-23,temperature_2m_max_member38,87.5
2026-09-24,temperature_2m_max_member38,88.3
2026-09-25,temperature_2m_max_member38,89
2026-09-26,temperature_2m_max_member38,89.5
2026-09-27,temperature_2m_max_member38,90.9
2026-09-28,temperature_2m_max_member38,89.3
2026-09-29,temperature_2m_max_member38,89.4
2026-09-30,temperature_2m_max_member38,89.5
2026-10-01,temperature_2m_max_member38,89.9
2026-10-02,temperature_2m_max_member38,90.6
2026-10-03,temperature_2m_max_member38,87.5
2026-10-04,temperature_2m_max_member38,86.4
2026-10-05,temperature_2m_max_member38,87.2
2026-10-06,temperature_2m_max_member38,89.2
2026-10-07,temperature_2m_max_member38,89.3
2026-10-08,temperature_2m_max_member38,89.5
2026-10-09,temperature_2m_max_member38,87.4
2026-10-10,temperature_2m_max_member38,88.1
2026-10-11,temperature_2m_max_member38,87.3
2026-10-12,temperature_2m_max_member38,87.4
2026-10-13,temperature_2m_max_member38,83.3
2026-10-14,temperature_2m_max_member38,86.4
2026-10-15,temperature_2m_max_member38,87.1
2026-10-16,temperature_2m_max_member38,87.4
2026-10-17,temperature_2m_max_member38,88.2
2026-10-18,temperature_2m_max_member38,89.2
2026-10-19,temperature_2m_max_member38,89.4
2026-10-20,temperature_2m_max_member38,87.9
2026-10-21,temperature_2m_max_member38,87.9
2026-10-22,temperature_2m_max_member38,86.5
2026-10-23,temperature_2m_max_member38,85
2026-10-24,temperature_2m_max_member38,79.2
2026-10-25,temperature_2m_max_member38,76.8
2026-10-26,temperature_2m_max_member38,82
2026-10-27,temperature_2m_max_member38,82.6
2026-10-28,temperature_2m_max_member38,84.5
2026-10-29,temperature_2m_max_member38,86
2026-10-30,temperature_2m_max_member38,83.2
2026-10-31,temperature_2m_max_member38,79.3
2026-11-01,temperature_2m_max_member38,75.8
2026-11-02,temperature_2m_max_member38,80.8
2026-11-03,temperature_2m_max_member38,84
2026-11-04,temperature_2m_max_member38,82
2026-11-05,temperature_2m_max_member38,86.5
2026-11-06,temperature_2m_max_member38,85.9
2026-11-07,temperature_2m_max_member38,82.8
2026-11-08,temperature_2m_max_member38,78.6
2026-11-09,temperature_2m_max_member38,73.1
2026-11-10,temperature_2m_max_member38,72.1
2026-11-11,temperature_2m_max_member38,69.7
2026-11-12,temperature_2m_max_member38,82.3
2026-11-13,temperature_2m_max_member38,77.6
2026-11-14,temperature_2m_max_member38,75
2026-11-15,temperature_2m_max_member38,72.8
2026-11-16,temperature_2m_max_member38,66.7
2026-11-17,temperature_2m_max_member38,67.7
2026-11-18,temperature_2m_max_member38,76.5
2026-11-19,temperature_2m_max_member38,83.5
2026-11-20,temperature_2m_max_member38,83.7
2026-11-21,temperature_2m_max_member38,83.9
2026-11-22,temperature_2m_max_member38,82.3
2026-11-23,temperature_2m_max_member38,82.7
2026-11-24,temperature_2m_max_member38,80.4
2026-11-25,temperature_2m_max_member38,75.1
2026-11-26,temperature_2m_max_member38,71.2
2026-11-27,temperature_2m_max_member38,75.5
2026-11-28,temperature_2m_max_member38,69.6
2026-11-29,temperature_2m_max_member38,71.8
2026-11-30,temperature_2m_max_member38,75.7
2026-12-01,temperature_2m_max_member38,79.8
2026-12-02,temperature_2m_max_member38,80.8
2026-12-03,temperature_2m_max_member38,74.4
2026-12-04,temperature_2m_max_member38,82.1
2026-12-05,temperature_2m_max_member38,81.6
2026-12-06,temperature_2m_max_member38,75.8
2026-12-07,temperature_2m_max_member38,64.1
2026-12-08,temperature_2m_max_member38,60.1
2026-12-09,temperature_2m_max_member38,65.4
2026-12-10,temperature_2m_max_member38,71.8
2026-12-11,temperature_2m_max_member38,74.4
2026-12-12,temperature_2m_max_member38,77
2026-12-13,temperature_2m_max_member38,81.8
2026-12-14,temperature_2m_max_member38,81.6
2026-12-15,temperature_2m_max_member38,73.8
2026-12-16,temperature_2m_max_member38,75
2026-12-17,temperature_2m_max_member38,76
2026-12-18,temperature_2m_max_member38,71.6
2026-12-19,temperature_2m_max_member38,59.3
2026-12-20,temperature_2m_max_member38,62.2
2026-12-21,temperature_2m_max_member38,58.3
2026-12-22,temperature_2m_max_member38,70
2026-12-23,temperature_2m_max_member38,72.6
2026-12-24,temperature_2m_max_member38,73
2026-12-25,temperature_2m_max_member38,71.5
2026-12-26,temperature_2m_max_member38,75.4
2026-12-27,temperature_2m_max_member38,75.5
2026-12-28,temperature_2m_max_member38,75.7
2026-12-29,temperature_2m_max_member38,73.3
2026-12-30,temperature_2m_max_member38,69.4
2026-12-31,temperature_2m_max_member38,65.5
2027-01-01,temperature_2m_max_member38,73.8
2027-01-02,temperature_2m_max_member38,65.8
2027-01-03,temperature_2m_max_member38,63.9
2027-01-04,temperature_2m_max_member38,62.2
2027-01-05,temperature_2m_max_member38,58.5
2027-01-06,temperature_2m_max_member38,64.2
2027-01-07,temperature_2m_max_member38,57.6
2027-01-08,temperature_2m_max_member38,57.4
2027-01-09,temperature_2m_max_member38,65.8
2027-01-10,temperature_2m_max_member38,69.5
2027-01-11,temperature_2m_max_member38,70.3
2027-01-12,temperature_2m_max_member38,71.2
2027-01-13,temperature_2m_max_member38,73.5
2027-01-14,temperature_2m_max_member38,76.3
2027-01-15,temperature_2m_max_member38,77.5
2027-01-16,temperature_2m_max_member38,68.5
2027-01-17,temperature_2m_max_member38,59.7
2027-01-18,temperature_2m_max_member38,60.3
2027-01-19,temperature_2m_max_member38,66.4
2027-01-20,temperature_2m_max_member38,76.6
2027-01-21,temperature_2m_max_member38,73.2
2027-01-22,temperature_2m_max_member38,80.3
2027-01-23,temperature_2m_max_member38,79.2
2027-01-24,temperature_2m_max_member38,80.5
2027-01-25,temperature_2m_max_member38,80.5
2027-01-26,temperature_2m_max_member38,77
2027-01-27,temperature_2m_max_member38,71.9
2027-01-28,temperature_2m_max_member38,66.2
2027-01-29,temperature_2m_max_member38,74.7
2027-01-30,temperature_2m_max_member38,73.9
2027-01-31,temperature_2m_max_member38,71.9
2027-02-01,temperature_2m_max_member38,66.1
2027-02-02,temperature_2m_max_member38,63
2027-02-03,temperature_2m_max_member38,58.8
2027-02-04,temperature_2m_max_member38,59.9
2027-02-05,temperature_2m_max_member38,62.9
2027-02-06,temperature_2m_max_member38,64.8
2027-02-07,temperature_2m_max_member38,69.5
2027-02-08,temperature_2m_max_member38,73.3
2027-02-09,temperature_2m_max_member38,70.4
2027-02-10,temperature_2m_max_member38,74.6
2027-02-11,temperature_2m_max_member38,77
2027-02-12,temperature_2m_max_member38,76.4
2027-02-13,temperature_2m_max_member38,67.3
2027-02-14,temperature_2m_max_member38,64.3
2027-02-15,temperature_2m_max_member38,66.7
2027-02-16,temperature_2m_max_member38,66.5
2027-02-17,temperature_2m_max_member38,69.3
2027-02-18,temperature_2m_max_member38,70.8
2027-02-19,temperature_2m_max_member38,72.1
2027-02-20,temperature_2m_max_member38,70
2027-02-21,temperature_2m_max_member38,71.9
2027-02-22,temperature_2m_max_member38,70.5
2027-02-23,temperature_2m_max_member38,74.1
2027-02-24,temperature_2m_max_member38,78.9
2027-02-25,temperature_2m_max_member38,78.8
2027-02-26,temperature_2m_max_member38,78.2
2027-02-27,temperature_2m_max_member38,75.4
2027-02-28,temperature_2m_max_member38,75.9
2027-03-01,temperature_2m_max_member38,78.4
2027-03-02,temperature_2m_max_member38,81.3
2027-03-03,temperature_2m_max_member38,80
2027-03-04,temperature_2m_max_member38,79.1
2027-03-05,temperature_2m_max_member38,75.5
2027-03-06,temperature_2m_max_member38,77.5
2027-03-07,temperature_2m_max_member38,81.4
2027-03-08,temperature_2m_max_member38,81.2
2027-03-09,temperature_2m_max_member38,75.1
2027-03-10,temperature_2m_max_member38,72
2027-03-11,temperature_2m_max_member38,78.6
2027-03-12,temperature_2m_max_member38,80.3
2027-03-13,temperature_2m_max_member38,70.7
2026-09-15,temperature_2m_max_member39,93.9
2026-09-16,temperature_2m_max_member39,92.8
2026-09-17,temperature_2m_max_member39,88.7
2026-09-18,temperature_2m_max_member39,89.1
2026-09-19,temperature_2m_max_member39,90.8
2026-09-20,temperature_2m_max_member39,88.7
2026-09-21,temperature_2m_max_member39,86.6
2026-09-22,temperature_2m_max_member39,86.8
2026-09-23,temperature_2m_max_member39,87
2026-09-24,temperature_2m_max_member39,88.3
2026-09-25,temperature_2m_max_member39,88.9
2026-09-26,temperature_2m_max_member39,86.7
2026-09-27,temperature_2m_max_member39,87.3
2026-09-28,temperature_2m_max_member39,80.3
2026-09-29,temperature_2m_max_member39,80.9
2026-09-30,temperature_2m_max_member39,85.1
2026-10-01,temperature_2m_max_member39,86.6
2026-10-02,temperature_2m_max_member39,88.1
2026-10-03,temperature_2m_max_member39,84.4
2026-10-04,temperature_2m_max_member39,86.9
2026-10-05,temperature_2m_max_member39,88.3
2026-10-06,temperature_2m_max_member39,88.3
2026-10-07,temperature_2m_max_member39,89
2026-10-08,temperature_2m_max_member39,87.4
2026-10-09,temperature_2m_max_member39,88.7
2026-10-10,temperature_2m_max_member39,88.3
2026-10-11,temperature_2m_max_member39,87.4
2026-10-12,temperature_2m_max_member39,89.2
2026-10-13,temperature_2m_max_member39,90
2026-10-14,temperature_2m_max_member39,90.1
2026-10-15,temperature_2m_max_member39,88.7
2026-10-16,temperature_2m_max_member39,89.2
2026-10-17,temperature_2m_max_member39,90.5
2026-10-18,temperature_2m_max_member39,90.7
2026-10-19,temperature_2m_max_member39,90.8
2026-10-20,temperature_2m_max_member39,90.2
2026-10-21,temperature_2m_max_member39,90.5
2026-10-22,temperature_2m_max_member39,89
2026-10-23,temperature_2m_max_member39,89.4
2026-10-24,temperature_2m_max_member39,90.4
2026-10-25,temperature_2m_max_member39,90.5
2026-10-26,temperature_2m_max_member39,90.7
2026-10-27,temperature_2m_max_member39,88
2026-10-28,temperature_2m_max_member39,86.6
2026-10-29,temperature_2m_max_member39,84.6
2026-10-30,temperature_2m_max_member39,87.2
2026-10-31,temperature_2m_max_member39,88.3
2026-11-01,temperature_2m_max_member39,87.7
2026-11-02,temperature_2m_max_member39,88.8
2026-11-03,temperature_2m_max_member39,87.5
2026-11-04,temperature_2m_max_member39,87.4
2026-11-05,temperature_2m_max_member39,86.3
2026-11-06,temperature_2m_max_member39,87.3
2026-11-07,temperature_2m_max_member39,86.4
2026-11-08,temperature_2m_max_member39,86.1
2026-11-09,temperature_2m_max_member39,86.7
2026-11-10,temperature_2m_max_member39,88.3
2026-11-11,temperature_2m_max_member39,86.5
2026-11-12,temperature_2m_max_member39,83.7
2026-11-13,temperature_2m_max_member39,83.8
2026-11-14,temperature_2m_max_member39,87.6
2026-11-15,temperature_2m_max_member39,82
2026-11-16,temperature_2m_max_member39,78.3
2026-11-17,temperature_2m_max_member39,71.3
2026-11-18,temperature_2m_max_member39,70.6
2026-11-19,temperature_2m_max_member39,73
2026-11-20,temperature_2m_max_member39,75
2026-11-21,temperature_2m_max_member39,79.3
2026-11-22,temperature_2m_max_member39,80.7
2026-11-23,temperature_2m_max_member39,81.1
2026-11-24,temperature_2m_max_member39,80.1
2026-11-25,temperature_2m_max_member39,84.8
2026-11-26,temperature_2m_max_member39,86.2
2026-11-27,temperature_2m_max_member39,88.5
2026-11-28,temperature_2m_max_member39,86.3
2026-11-29,temperature_2m_max_member39,81.8
2026-11-30,temperature_2m_max_member39,70.3
2026-12-01,temperature_2m_max_member39,66.8
2026-12-02,temperature_2m_max_member39,64.3
2026-12-03,temperature_2m_max_member39,68.6
2026-12-04,temperature_2m_max_member39,75.9
2026-12-05,temperature_2m_max_member39,64.9
2026-12-06,temperature_2m_max_member39,54.4
2026-12-07,temperature_2m_max_member39,60.6
2026-12-08,temperature_2m_max_member39,70.2
2026-12-09,temperature_2m_max_member39,76.4
2026-12-10,temperature_2m_max_member39,77.2
2026-12-11,temperature_2m_max_member39,70.7
2026-12-12,temperature_2m_max_member39,68.6
2026-12-13,temperature_2m_max_member39,76.2
2026-12-14,temperature_2m_max_member39,74.2
2026-12-15,temperature_2m_max_member39,77.5
2026-12-16,temperature_2m_max_member39,74.2
2026-12-17,temperature_2m_max_member39,81.4
2026-12-18,temperature_2m_max_member39,79.4
2026-12-19,temperature_2m_max_member39,78.1
2026-12-20,temperature_2m_max_member39,74.6
2026-12-21,temperature_2m_max_member39,73.9
2026-12-22,temperature_2m_max_member39,71.9
2026-12-23,temperature_2m_max_member39,67.1
2026-12-24,temperature_2m_max_member39,77.7
2026-12-25,temperature_2m_max_member39,78.9
2026-12-26,temperature_2m_max_member39,80.7
2026-12-27,temperature_2m_max_member39,74.7
2026-12-28,temperature_2m_max_member39,80.2
2026-12-29,temperature_2m_max_member39,76.5
2026-12-30,temperature_2m_max_member39,58.6
2026-12-31,temperature_2m_max_member39,61
2027-01-01,temperature_2m_max_member39,67.8
2027-01-02,temperature_2m_max_member39,71.6
2027-01-03,temperature_2m_max_member39,76.1
2027-01-04,temperature_2m_max_member39,78.3
2027-01-05,temperature_2m_max_member39,77.6
2027-01-06,temperature_2m_max_member39,79.3
2027-01-07,temperature_2m_max_member39,66.6
2027-01-08,temperature_2m_max_member39,72.3
2027-01-09,temperature_2m_max_member39,74.9
2027-01-10,temperature_2m_max_member39,80.2
2027-01-11,temperature_2m_max_member39,73.8
2027-01-12,temperature_2m_max_member39,66.4
2027-01-13,temperature_2m_max_member39,57.6
2027-01-14,temperature_2m_max_member39,66.7
2027-01-15,temperature_2m_max_member39,65.8
2027-01-16,temperature_2m_max_member39,68.5
2027-01-17,temperature_2m_max_member39,72.1
2027-01-18,temperature_2m_max_member39,74.2
2027-01-19,temperature_2m_max_member39,79.1
2027-01-20,temperature_2m_max_member39,76.2
2027-01-21,temperature_2m_max_member39,70.3
2027-01-22,temperature_2m_max_member39,63.9
2027-01-23,temperature_2m_max_member39,62.5
2027-01-24,temperature_2m_max_member39,65.2
2027-01-25,temperature_2m_max_member39,64.8
2027-01-26,temperature_2m_max_member39,58.8
2027-01-27,temperature_2m_max_member39,68.2
2027-01-28,temperature_2m_max_member39,74.2
2027-01-29,temperature_2m_max_member39,73.4
2027-01-30,temperature_2m_max_member39,69.8
2027-01-31,temperature_2m_max_member39,65
2027-02-01,temperature_2m_max_member39,60.6
2027-02-02,temperature_2m_max_member39,59.5
2027-02-03,temperature_2m_max_member39,69.6
2027-02-04,temperature_2m_max_member39,63.1
2027-02-05,temperature_2m_max_member39,70.7
2027-02-06,temperature_2m_max_member39,77.1
2027-02-07,temperature_2m_max_member39,68.6
2027-02-08,temperature_2m_max_member39,61.6
2027-02-09,temperature_2m_max_member39,62
2027-02-10,temperature_2m_max_member39,61.2
2027-02-11,temperature_2m_max_member39,71.2
2027-02-12,temperature_2m_max_member39,73.6
2027-02-13,temperature_2m_max_member39,71.9
2027-02-14,temperature_2m_max_member39,66.3
2027-02-15,temperature_2m_max_member39,69.1
2027-02-16,temperature_2m_max_member39,71.3
2027-02-17,temperature_2m_max_member39,73.9
2027-02-18,temperature_2m_max_member39,76.3
2027-02-19,temperature_2m_max_member39,70.3
2027-02-20,temperature_2m_max_member39,59.6
2027-02-21,temperature_2m_max_member39,68.7
2027-02-22,temperature_2m_max_member39,72
2027-02-23,temperature_2m_max_member39,74.4
2027-02-24,temperature_2m_max_member39,71.3
2027-02-25,temperature_2m_max_member39,69.3
2027-02-26,temperature_2m_max_member39,70.2
2027-02-27,temperature_2m_max_member39,71.3
2027-02-28,temperature_2m_max_member39,68.3
2027-03-01,temperature_2m_max_member39,73.6
2027-03-02,temperature_2m_max_member39,73.5
2027-03-03,temperature_2m_max_member39,67.1
2027-03-04,temperature_2m_max_member39,65.2
2027-03-05,temperature_2m_max_member39,69.6
2027-03-06,temperature_2m_max_member39,67.8
2027-03-07,temperature_2m_max_member39,73.9
2027-03-08,temperature_2m_max_member39,60.3
2027-03-09,temperature_2m_max_member39,63.2
2027-03-10,temperature_2m_max_member39,69
2027-03-11,temperature_2m_max_member39,73.1
2027-03-12,temperature_2m_max_member39,75.5
2027-03-13,temperature_2m_max_member39,77.4
2026-09-15,temperature_2m_max_member40,93.8
2026-09-16,temperature_2m_max_member40,93.5
2026-09-17,temperature_2m_max_member40,90
2026-09-18,temperature_2m_max_member40,90.6
2026-09-19,temperature_2m_max_member40,90.2
2026-09-20,temperature_2m_max_member40,90.3
2026-09-21,temperature_2m_max_member40,85.7
2026-09-22,temperature_2m_max_member40,87
2026-09-23,temperature_2m_max_member40,86.8
2026-09-24,temperature_2m_max_member40,88.4
2026-09-25,temperature_2m_max_member40,88.5
2026-09-26,temperature_2m_max_member40,87.1
2026-09-27,temperature_2m_max_member40,87.3
2026-09-28,temperature_2m_max_member40,87.9
2026-09-29,temperature_2m_max_member40,88.5
2026-09-30,temperature_2m_max_member40,89.1
2026-10-01,temperature_2m_max_member40,89.6
2026-10-02,temperature_2m_max_member40,87.8
2026-10-03,temperature_2m_max_member40,88.3
2026-10-04,temperature_2m_max_member40,88.5
2026-10-05,temperature_2m_max_member40,86.7
2026-10-06,temperature_2m_max_member40,83.1
2026-10-07,temperature_2m_max_member40,85.7
2026-10-08,temperature_2m_max_member40,86.9
2026-10-09,temperature_2m_max_member40,82
2026-10-10,temperature_2m_max_member40,83.7
2026-10-11,temperature_2m_max_member40,85.1
2026-10-12,temperature_2m_max_member40,85.6
2026-10-13,temperature_2m_max_member40,85.4
2026-10-14,temperature_2m_max_member40,84.4
2026-10-15,temperature_2m_max_member40,81.6
2026-10-16,temperature_2m_max_member40,79
2026-10-17,temperature_2m_max_member40,83
2026-10-18,temperature_2m_max_member40,84
2026-10-19,temperature_2m_max_member40,80.2
2026-10-20,temperature_2m_max_member40,80.2
2026-10-21,temperature_2m_max_member40,82.3
2026-10-22,temperature_2m_max_member40,83.7
2026-10-23,temperature_2m_max_member40,83.8
2026-10-24,temperature_2m_max_member40,85.4
2026-10-25,temperature_2m_max_member40,85.8
2026-10-26,temperature_2m_max_member40,84.7
2026-10-27,temperature_2m_max_member40,85.6
2026-10-28,temperature_2m_max_member40,87.9
2026-10-29,temperature_2m_max_member40,88.6
2026-10-30,temperature_2m_max_member40,88
2026-10-31,temperature_2m_max_member40,85.9
2026-11-01,temperature_2m_max_member40,80.8
2026-11-02,temperature_2m_max_member40,72
2026-11-03,temperature_2m_max_member40,78.4
2026-11-04,temperature_2m_max_member40,78.2
2026-11-05,temperature_2m_max_member40,81.7
2026-11-06,temperature_2m_max_member40,81.4
2026-11-07,temperature_2m_max_member40,82
2026-11-08,temperature_2m_max_member40,80.8
2026-11-09,temperature_2m_max_member40,80.7
2026-11-10,temperature_2m_max_member40,74
2026-11-11,temperature_2m_max_member40,76.5
2026-11-12,temperature_2m_max_member40,75.9
2026-11-13,temperature_2m_max_member40,71.2
2026-11-14,temperature_2m_max_member40,73.9
2026-11-15,temperature_2m_max_member40,73
2026-11-16,temperature_2m_max_member40,74.1
2026-11-17,temperature_2m_max_member40,73.6
2026-11-18,temperature_2m_max_member40,69.2
2026-11-19,temperature_2m_max_member40,64
2026-11-20,temperature_2m_max_member40,62.5
2026-11-21,temperature_2m_max_member40,70.2
2026-11-22,temperature_2m_max_member40,73.6
2026-11-23,temperature_2m_max_member40,80.2
2026-11-24,temperature_2m_max_member40,80.9
2026-11-25,temperature_2m_max_member40,81.4
2026-11-26,temperature_2m_max_member40,75.9
2026-11-27,temperature_2m_max_member40,68.5
2026-11-28,temperature_2m_max_member40,74
2026-11-29,temperature_2m_max_member40,77
2026-11-30,temperature_2m_max_member40,78.1
2026-12-01,temperature_2m_max_member40,79.6
2026-12-02,temperature_2m_max_member40,80.2
2026-12-03,temperature_2m_max_member40,80.9
2026-12-04,temperature_2m_max_member40,71.4
2026-12-05,temperature_2m_max_member40,61.2
2026-12-06,temperature_2m_max_member40,63.6
2026-12-07,temperature_2m_max_member40,71.6
2026-12-08,temperature_2m_max_member40,73.7
2026-12-09,temperature_2m_max_member40,78.1
2026-12-10,temperature_2m_max_member40,74.4
2026-12-11,temperature_2m_max_member40,79.3
2026-12-12,temperature_2m_max_member40,76.1
2026-12-13,temperature_2m_max_member40,70.3
2026-12-14,temperature_2m_max_member40,66.4
2026-12-15,temperature_2m_max_member40,65.1
2026-12-16,temperature_2m_max_member40,66.7
2026-12-17,temperature_2m_max_member40,62.5
2026-12-18,temperature_2m_max_member40,65.4
2026-12-19,temperature_2m_max_member40,70.4
2026-12-20,temperature_2m_max_member40,75.3
2026-12-21,temperature_2m_max_member40,76.4
2026-12-22,temperature_2m_max_member40,75
2026-12-23,temperature_2m_max_member40,73
2026-12-24,temperature_2m_max_member40,71.1
2026-12-25,temperature_2m_max_member40,77.5
2026-12-26,temperature_2m_max_member40,76.1
2026-12-27,temperature_2m_max_member40,72.8
2026-12-28,temperature_2m_max_member40,71.4
2026-12-29,temperature_2m_max_member40,76
2026-12-30,temperature_2m_max_member40,76.6
2026-12-31,temperature_2m_max_member40,71.2
2027-01-01,temperature_2m_max_member40,67.3
2027-01-02,temperature_2m_max_member40,72
2027-01-03,temperature_2m_max_member40,71.8
2027-01-04,temperature_2m_max_member40,71.4
2027-01-05,temperature_2m_max_member40,76
2027-01-06,temperature_2m_max_member40,76.8
2027-01-07,temperature_2m_max_member40,76.7
2027-01-08,temperature_2m_max_member40,76.1
2027-01-09,temperature_2m_max_member40,76.3
2027-01-10,temperature_2m_max_member40,73
2027-01-11,temperature_2m_max_member40,77.1
2027-01-12,temperature_2m_max_member40,77.5
2027-01-13,temperature_2m_max_member40,76.6
2027-01-14,temperature_2m_max_member40,73.8
2027-01-15,temperature_2m_max_member40,75.2
2027-01-16,temperature_2m_max_member40,78.5
2027-01-17,temperature_2m_max_member40,80
2027-01-18,temperature_2m_max_member40,67.6
2027-01-19,temperature_2m_max_member40,64.9
2027-01-20,temperature_2m_max_member40,65.3
2027-01-21,temperature_2m_max_member40,71
2027-01-22,temperature_2m_max_member40,70.7
2027-01-23,temperature_2m_max_member40,64.4
2027-01-24,temperature_2m_max_member40,66.8
2027-01-25,temperature_2m_max_member40,62.2
2027-01-26,temperature_2m_max_member40,59.8
2027-01-27,temperature_2m_max_member40,67
2027-01-28,temperature_2m_max_member40,72.1
2027-01-29,temperature_2m_max_member40,75.5
2027-01-30,temperature_2m_max_member40,69.4
2027-01-31,temperature_2m_max_member40,64.9
2027-02-01,temperature_2m_max_member40,66.2
2027-02-02,temperature_2m_max_member40,72.7
2027-02-03,temperature_2m_max_member40,76.9
2027-02-04,temperature_2m_max_member40,76.5
2027-02-05,temperature_2m_max_member40,71
2027-02-06,temperature_2m_max_member40,60.7
2027-02-07,temperature_2m_max_member40,54.5
2027-02-08,temperature_2m_max_member40,54.8
2027-02-09,temperature_2m_max_member40,61.8
2027-02-10,temperature_2m_max_member40,70.8
2027-02-11,temperature_2m_max_member40,69.5
2027-02-12,temperature_2m_max_member40,63.1
2027-02-13,temperature_2m_max_member40,66.8
2027-02-14,temperature_2m_max_member40,66.8
2027-02-15,temperature_2m_max_member40,74.1
2027-02-16,temperature_2m_max_member40,77.4
2027-02-17,temperature_2m_max_member40,77.9
2027-02-18,temperature_2m_max_member40,74.1
2027-02-19,temperature_2m_max_member40,59.7
2027-02-20,temperature_2m_max_member40,67.4
2027-02-21,temperature_2m_max_member40,73.1
2027-02-22,temperature_2m_max_member40,70.3
2027-02-23,temperature_2m_max_member40,70.8
2027-02-24,temperature_2m_max_member40,66.7
2027-02-25,temperature_2m_max_member40,69.7
2027-02-26,temperature_2m_max_member40,74.4
2027-02-27,temperature_2m_max_member40,71.9
2027-02-28,temperature_2m_max_member40,61.1
2027-03-01,temperature_2m_max_member40,60.4
2027-03-02,temperature_2m_max_member40,57.6
2027-03-03,temperature_2m_max_member40,60.1
2027-03-04,temperature_2m_max_member40,58.6
2027-03-05,temperature_2m_max_member40,59.3
2027-03-06,temperature_2m_max_member40,59.5
2027-03-07,temperature_2m_max_member40,61.5
2027-03-08,temperature_2m_max_member40,63.5
2027-03-09,temperature_2m_max_member40,64.1
2027-03-10,temperature_2m_max_member40,64.6
2027-03-11,temperature_2m_max_member40,68.6
2027-03-12,temperature_2m_max_member40,66.4
2027-03-13,temperature_2m_max_member40,67.7
2026-09-15,temperature_2m_max_member41,94.2
2026-09-16,temperature_2m_max_member41,94.4
2026-09-17,temperature_2m_max_member41,92
2026-09-18,temperature_2m_max_member41,90.1
2026-09-19,temperature_2m_max_member41,89.2
2026-09-20,temperature_2m_max_member41,89.2
2026-09-21,temperature_2m_max_member41,87.1
2026-09-22,temperature_2m_max_member41,87.9
2026-09-23,temperature_2m_max_member41,87.4
2026-09-24,temperature_2m_max_member41,87.4
2026-09-25,temperature_2m_max_member41,87.4
2026-09-26,temperature_2m_max_member41,88.9
2026-09-27,temperature_2m_max_member41,89.2
2026-09-28,temperature_2m_max_member41,87.2
2026-09-29,temperature_2m_max_member41,78.3
2026-09-30,temperature_2m_max_member41,82.9
2026-10-01,temperature_2m_max_member41,83.1
2026-10-02,temperature_2m_max_member41,81.7
2026-10-03,temperature_2m_max_member41,82
2026-10-04,temperature_2m_max_member41,85.6
2026-10-05,temperature_2m_max_member41,85.9
2026-10-06,temperature_2m_max_member41,84.7
2026-10-07,temperature_2m_max_member41,86.4
2026-10-08,temperature_2m_max_member41,86.8
2026-10-09,temperature_2m_max_member41,87.4
2026-10-10,temperature_2m_max_member41,88.7
2026-10-11,temperature_2m_max_member41,88.9
2026-10-12,temperature_2m_max_member41,88.6
2026-10-13,temperature_2m_max_member41,86.1
2026-10-14,temperature_2m_max_member41,85.1
2026-10-15,temperature_2m_max_member41,85.8
2026-10-16,temperature_2m_max_member41,83.8
2026-10-17,temperature_2m_max_member41,79.6
2026-10-18,temperature_2m_max_member41,81
2026-10-19,temperature_2m_max_member41,81.8
2026-10-20,temperature_2m_max_member41,79.9
2026-10-21,temperature_2m_max_member41,80.2
2026-10-22,temperature_2m_max_member41,82.9
2026-10-23,temperature_2m_max_member41,82.9
2026-10-24,temperature_2m_max_member41,83
2026-10-25,temperature_2m_max_member41,83.5
2026-10-26,temperature_2m_max_member41,81.9
2026-10-27,temperature_2m_max_member41,82.4
2026-10-28,temperature_2m_max_member41,82.4
2026-10-29,temperature_2m_max_member41,85.4
2026-10-30,temperature_2m_max_member41,89
2026-10-31,temperature_2m_max_member41,89.2
2026-11-01,temperature_2m_max_member41,88.6
2026-11-02,temperature_2m_max_member41,87.9
2026-11-03,temperature_2m_max_member41,81.5
2026-11-04,temperature_2m_max_member41,74.8
2026-11-05,temperature_2m_max_member41,81.2
2026-11-06,temperature_2m_max_member41,79.8
2026-11-07,temperature_2m_max_member41,78.2
2026-11-08,temperature_2m_max_member41,72.1
2026-11-09,temperature_2m_max_member41,71.6
2026-11-10,temperature_2m_max_member41,75.3
2026-11-11,temperature_2m_max_member41,80.7
2026-11-12,temperature_2m_max_member41,81.2
2026-11-13,temperature_2m_max_member41,78.6
2026-11-14,temperature_2m_max_member41,82
2026-11-15,temperature_2m_max_member41,81.9
2026-11-16,temperature_2m_max_member41,77.3
2026-11-17,temperature_2m_max_member41,80.3
2026-11-18,temperature_2m_max_member41,77.5
2026-11-19,temperature_2m_max_member41,74.3
2026-11-20,temperature_2m_max_member41,73
2026-11-21,temperature_2m_max_member41,78.4
2026-11-22,temperature_2m_max_member41,80.7
2026-11-23,temperature_2m_max_member41,83.4
2026-11-24,temperature_2m_max_member41,79.5
2026-11-25,temperature_2m_max_member41,73.6
2026-11-26,temperature_2m_max_member41,76.8
2026-11-27,temperature_2m_max_member41,78.4
2026-11-28,temperature_2m_max_member41,79.6
2026-11-29,temperature_2m_max_member41,77.5
2026-11-30,temperature_2m_max_member41,74.2
2026-12-01,temperature_2m_max_member41,78.7
2026-12-02,temperature_2m_max_member41,78.5
2026-12-03,temperature_2m_max_member41,68.8
2026-12-04,temperature_2m_max_member41,77.9
2026-12-05,temperature_2m_max_member41,80.9
2026-12-06,temperature_2m_max_member41,81.1
2026-12-07,temperature_2m_max_member41,82.9
2026-12-08,temperature_2m_max_member41,70.3
2026-12-09,temperature_2m_max_member41,65.8
2026-12-10,temperature_2m_max_member41,70.6
2026-12-11,temperature_2m_max_member41,75.4
2026-12-12,temperature_2m_max_member41,77.4
2026-12-13,temperature_2m_max_member41,82.2
2026-12-14,temperature_2m_max_member41,80.8
2026-12-15,temperature_2m_max_member41,83.3
2026-12-16,temperature_2m_max_member41,75.3
2026-12-17,temperature_2m_max_member41,79.3
2026-12-18,temperature_2m_max_member41,75.7
2026-12-19,temperature_2m_max_member41,75.7
2026-12-20,temperature_2m_max_member41,74.1
2026-12-21,temperature_2m_max_member41,71.3
2026-12-22,temperature_2m_max_member41,67.6
2026-12-23,temperature_2m_max_member41,64.9
2026-12-24,temperature_2m_max_member41,68.9
2026-12-25,temperature_2m_max_member41,75.4
2026-12-26,temperature_2m_max_member41,67
2026-12-27,temperature_2m_max_member41,57.8
2026-12-28,temperature_2m_max_member41,65.1
2026-12-29,temperature_2m_max_member41,75.5
2026-12-30,temperature_2m_max_member41,70.3
2026-12-31,temperature_2m_max_member41,64
2027-01-01,temperature_2m_max_member41,75.1
2027-01-02,temperature_2m_max_member41,76.6
2027-01-03,temperature_2m_max_member41,79.3
2027-01-04,temperature_2m_max_member41,73.5
2027-01-05,temperature_2m_max_member41,75.9
2027-01-06,temperature_2m_max_member41,77.3
2027-01-07,temperature_2m_max_member41,77
2027-01-08,temperature_2m_max_member41,70.8
2027-01-09,temperature_2m_max_member41,70.3
2027-01-10,temperature_2m_max_member41,71.8
2027-01-11,temperature_2m_max_member41,77.4
2027-01-12,temperature_2m_max_member41,76.1
2027-01-13,temperature_2m_max_member41,81.4
2027-01-14,temperature_2m_max_member41,80.9
2027-01-15,temperature_2m_max_member41,67.2
2027-01-16,temperature_2m_max_member41,68.9
2027-01-17,temperature_2m_max_member41,63.6
2027-01-18,temperature_2m_max_member41,59.3
2027-01-19,temperature_2m_max_member41,68.8
2027-01-20,temperature_2m_max_member41,72.6
2027-01-21,temperature_2m_max_member41,75.1
2027-01-22,temperature_2m_max_member41,75.4
2027-01-23,temperature_2m_max_member41,79.8
2027-01-24,temperature_2m_max_member41,79.1
2027-01-25,temperature_2m_max_member41,75.6
2027-01-26,temperature_2m_max_member41,75.5
2027-01-27,temperature_2m_max_member41,71.2
2027-01-28,temperature_2m_max_member41,70.5
2027-01-29,temperature_2m_max_member41,66.9
2027-01-30,temperature_2m_max_member41,73.6
2027-01-31,temperature_2m_max_member41,72.1
2027-02-01,temperature_2m_max_member41,68.4
2027-02-02,temperature_2m_max_member41,61.6
2027-02-03,temperature_2m_max_member41,57.3
2027-02-04,temperature_2m_max_member41,61.3
2027-02-05,temperature_2m_max_member41,69.6
2027-02-06,temperature_2m_max_member41,74.7
2027-02-07,temperature_2m_max_member41,75.1
2027-02-08,temperature_2m_max_member41,70.3
2027-02-09,temperature_2m_max_member41,61
2027-02-10,temperature_2m_max_member41,56.2
2027-02-11,temperature_2m_max_member41,49.8
2027-02-12,temperature_2m_max_member41,52.3
2027-02-13,temperature_2m_max_member41,56.1
2027-02-14,temperature_2m_max_member41,69.8
2027-02-15,temperature_2m_max_member41,73.8
2027-02-16,temperature_2m_max_member41,76.7
2027-02-17,temperature_2m_max_member41,70.3
2027-02-18,temperature_2m_max_member41,64.1
2027-02-19,temperature_2m_max_member41,60.7
2027-02-20,temperature_2m_max_member41,61.3
2027-02-21,temperature_2m_max_member41,61.7
2027-02-22,temperature_2m_max_member41,61.7
2027-02-23,temperature_2m_max_member41,66.4
2027-02-24,temperature_2m_max_member41,69.8
2027-02-25,temperature_2m_max_member41,72.7
2027-02-26,temperature_2m_max_member41,78.7
2027-02-27,temperature_2m_max_member41,77.8
2027-02-28,temperature_2m_max_member41,68.7
2027-03-01,temperature_2m_max_member41,70.2
2027-03-02,temperature_2m_max_member41,76.7
2027-03-03,temperature_2m_max_member41,78.4
2027-03-04,temperature_2m_max_member41,74.1
2027-03-05,temperature_2m_max_member41,73.9
2027-03-06,temperature_2m_max_member41,72.1
2027-03-07,temperature_2m_max_member41,74.7
2027-03-08,temperature_2m_max_member41,72.6
2027-03-09,temperature_2m_max_member41,73
2027-03-10,temperature_2m_max_member41,74.4
2027-03-11,temperature_2m_max_member41,76.7
2027-03-12,temperature_2m_max_member41,81.1
2027-03-13,temperature_2m_max_member41,81
2026-09-15,temperature_2m_max_member42,93.7
2026-09-16,temperature_2m_max_member42,93.5
2026-09-17,temperature_2m_max_member42,92.7
2026-09-18,temperature_2m_max_member42,86.7
2026-09-19,temperature_2m_max_member42,89.4
2026-09-20,temperature_2m_max_member42,89.8
2026-09-21,temperature_2m_max_member42,88.7
2026-09-22,temperature_2m_max_member42,88.9
2026-09-23,temperature_2m_max_member42,87.4
2026-09-24,temperature_2m_max_member42,85.5
2026-09-25,temperature_2m_max_member42,87.6
2026-09-26,temperature_2m_max_member42,88.3
2026-09-27,temperature_2m_max_member42,86.8
2026-09-28,temperature_2m_max_member42,87.1
2026-09-29,temperature_2m_max_member42,88.1
2026-09-30,temperature_2m_max_member42,91.3
2026-10-01,temperature_2m_max_member42,91.9
2026-10-02,temperature_2m_max_member42,92.7
2026-10-03,temperature_2m_max_member42,93.7
2026-10-04,temperature_2m_max_member42,93.1
2026-10-05,temperature_2m_max_member42,92.8
2026-10-06,temperature_2m_max_member42,94.3
2026-10-07,temperature_2m_max_member42,94.7
2026-10-08,temperature_2m_max_member42,94.3
2026-10-09,temperature_2m_max_member42,89
2026-10-10,temperature_2m_max_member42,89.2
2026-10-11,temperature_2m_max_member42,90
2026-10-12,temperature_2m_max_member42,86.1
2026-10-13,temperature_2m_max_member42,83.3
2026-10-14,temperature_2m_max_member42,86.6
2026-10-15,temperature_2m_max_member42,88.3
2026-10-16,temperature_2m_max_member42,88.9
2026-10-17,temperature_2m_max_member42,90.9
2026-10-18,temperature_2m_max_member42,91.5
2026-10-19,temperature_2m_max_member42,87.7
2026-10-20,temperature_2m_max_member42,84.3
2026-10-21,temperature_2m_max_member42,77.4
2026-10-22,temperature_2m_max_member42,86.7
2026-10-23,temperature_2m_max_member42,87.6
2026-10-24,temperature_2m_max_member42,81.7
2026-10-25,temperature_2m_max_member42,86.5
2026-10-26,temperature_2m_max_member42,88.3
2026-10-27,temperature_2m_max_member42,89.4
2026-10-28,temperature_2m_max_member42,88.8
2026-10-29,temperature_2m_max_member42,86.5
2026-10-30,temperature_2m_max_member42,87.2
2026-10-31,temperature_2m_max_member42,87.8
2026-11-01,temperature_2m_max_member42,88.7
2026-11-02,temperature_2m_max_member42,86.5
2026-11-03,temperature_2m_max_member42,82
2026-11-04,temperature_2m_max_member42,79.6
2026-11-05,temperature_2m_max_member42,75.5
2026-11-06,temperature_2m_max_member42,73.4
2026-11-07,temperature_2m_max_member42,76.7
2026-11-08,temperature_2m_max_member42,78.7
2026-11-09,temperature_2m_max_member42,80.4
2026-11-10,temperature_2m_max_member42,81.1
2026-11-11,temperature_2m_max_member42,81.6
2026-11-12,temperature_2m_max_member42,80.7
2026-11-13,temperature_2m_max_member42,79.7
2026-11-14,temperature_2m_max_member42,83.8
2026-11-15,temperature_2m_max_member42,86.2
2026-11-16,temperature_2m_max_member42,86.3
2026-11-17,temperature_2m_max_member42,85.6
2026-11-18,temperature_2m_max_member42,86.3
2026-11-19,temperature_2m_max_member42,85.3
2026-11-20,temperature_2m_max_member42,84.9
2026-11-21,temperature_2m_max_member42,84.1
2026-11-22,temperature_2m_max_member42,83.8
2026-11-23,temperature_2m_max_member42,77
2026-11-24,temperature_2m_max_member42,75.7
2026-11-25,temperature_2m_max_member42,67.1
2026-11-26,temperature_2m_max_member42,61.3
2026-11-27,temperature_2m_max_member42,72.8
2026-11-28,temperature_2m_max_member42,76.3
2026-11-29,temperature_2m_max_member42,81.6
2026-11-30,temperature_2m_max_member42,83
2026-12-01,temperature_2m_max_member42,79.5
2026-12-02,temperature_2m_max_member42,81.7
2026-12-03,temperature_2m_max_member42,75.8
2026-12-04,temperature_2m_max_member42,66.5
2026-12-05,temperature_2m_max_member42,64.8
2026-12-06,temperature_2m_max_member42,69.9
2026-12-07,temperature_2m_max_member42,73.2
2026-12-08,temperature_2m_max_member42,70.1
2026-12-09,temperature_2m_max_member42,68
2026-12-10,temperature_2m_max_member42,65.5
2026-12-11,temperature_2m_max_member42,64.3
2026-12-12,temperature_2m_max_member42,63.9
2026-12-13,temperature_2m_max_member42,66.9
2026-12-14,temperature_2m_max_member42,64.3
2026-12-15,temperature_2m_max_member42,58.3
2026-12-16,temperature_2m_max_member42,65.5
2026-12-17,temperature_2m_max_member42,64.6
2026-12-18,temperature_2m_max_member42,71.9
2026-12-19,temperature_2m_max_member42,67.2
2026-12-20,temperature_2m_max_member42,61.2
2026-12-21,temperature_2m_max_member42,64.9
2026-12-22,temperature_2m_max_member42,71.1
2026-12-23,temperature_2m_max_member42,75.8
2026-12-24,temperature_2m_max_member42,72.2
2026-12-25,temperature_2m_max_member42,67.3
2026-12-26,temperature_2m_max_member42,67.2
2026-12-27,temperature_2m_max_member42,68.9
2026-12-28,temperature_2m_max_member42,67.3
2026-12-29,temperature_2m_max_member42,75.9
2026-12-30,temperature_2m_max_member42,73.2
2026-12-31,temperature_2m_max_member42,69.9
2027-01-01,temperature_2m_max_member42,60.4
2027-01-02,temperature_2m_max_member42,58.2
2027-01-03,temperature_2m_max_member42,64.8
2027-01-04,temperature_2m_max_member42,69.1
2027-01-05,temperature_2m_max_member42,71.6
2027-01-06,temperature_2m_max_member42,75.7
2027-01-07,temperature_2m_max_member42,69.1
2027-01-08,temperature_2m_max_member42,63.7
2027-01-09,temperature_2m_max_member42,57.9
2027-01-10,temperature_2m_max_member42,66.6
2027-01-11,temperature_2m_max_member42,72.7
2027-01-12,temperature_2m_max_member42,69.5
2027-01-13,temperature_2m_max_member42,67.3
2027-01-14,temperature_2m_max_member42,66.7
2027-01-15,temperature_2m_max_member42,62.5
2027-01-16,temperature_2m_max_member42,59
2027-01-17,temperature_2m_max_member42,67
2027-01-18,temperature_2m_max_member42,70.2
2027-01-19,temperature_2m_max_member42,74.2
2027-01-20,temperature_2m_max_member42,76.6
2027-01-21,temperature_2m_max_member42,75
2027-01-22,temperature_2m_max_member42,70.2
2027-01-23,temperature_2m_max_member42,64.4
2027-01-24,temperature_2m_max_member42,72.1
2027-01-25,temperature_2m_max_member42,75.9
2027-01-26,temperature_2m_max_member42,73.9
2027-01-27,temperature_2m_max_member42,75.9
2027-01-28,temperature_2m_max_member42,64.6
2027-01-29,temperature_2m_max_member42,64.9
2027-01-30,temperature_2m_max_member42,64.6
2027-01-31,temperature_2m_max_member42,66.7
2027-02-01,temperature_2m_max_member42,72
2027-02-02,temperature_2m_max_member42,72.9
2027-02-03,temperature_2m_max_member42,70.8
2027-02-04,temperature_2m_max_member42,73.8
2027-02-05,temperature_2m_max_member42,73.3
2027-02-06,temperature_2m_max_member42,68.5
2027-02-07,temperature_2m_max_member42,68.7
2027-02-08,temperature_2m_max_member42,62.6
2027-02-09,temperature_2m_max_member42,59
2027-02-10,temperature_2m_max_member42,63.1
2027-02-11,temperature_2m_max_member42,74.5
2027-02-12,temperature_2m_max_member42,75
2027-02-13,temperature_2m_max_member42,73.9
2027-02-14,temperature_2m_max_member42,73.8
2027-02-15,temperature_2m_max_member42,76.8
2027-02-16,temperature_2m_max_member42,71.4
2027-02-17,temperature_2m_max_member42,65.5
2027-02-18,temperature_2m_max_member42,66.8
2027-02-19,temperature_2m_max_member42,74.4
2027-02-20,temperature_2m_max_member42,69.3
2027-02-21,temperature_2m_max_member42,65.2
2027-02-22,temperature_2m_max_member42,69.5
2027-02-23,temperature_2m_max_member42,74
2027-02-24,temperature_2m_max_member42,75.6
2027-02-25,temperature_2m_max_member42,67
2027-02-26,temperature_2m_max_member42,71.7
2027-02-27,temperature_2m_max_member42,73.4
2027-02-28,temperature_2m_max_member42,75.4
2027-03-01,temperature_2m_max_member42,63.1
2027-03-02,temperature_2m_max_member42,70.3
2027-03-03,temperature_2m_max_member42,70.1
2027-03-04,temperature_2m_max_member42,69.1
2027-03-05,temperature_2m_max_member42,72.8
2027-03-06,temperature_2m_max_member42,73.4
2027-03-07,temperature_2m_max_member42,77.3
2027-03-08,temperature_2m_max_member42,80.4
2027-03-09,temperature_2m_max_member42,76.5
2027-03-10,temperature_2m_max_member42,69.4
2027-03-11,temperature_2m_max_member42,63.7
2027-03-12,temperature_2m_max_member42,59.8
2027-03-13,temperature_2m_max_member42,62.4
2026-09-15,temperature_2m_max_member43,93.9
2026-09-16,temperature_2m_max_member43,92.3
2026-09-17,temperature_2m_max_member43,86
2026-09-18,temperature_2m_max_member43,87.6
2026-09-19,temperature_2m_max_member43,90.3
2026-09-20,temperature_2m_max_member43,91.2
2026-09-21,temperature_2m_max_member43,91
2026-09-22,temperature_2m_max_member43,91.2
2026-09-23,temperature_2m_max_member43,89.2
2026-09-24,temperature_2m_max_member43,88.2
2026-09-25,temperature_2m_max_member43,86.7
2026-09-26,temperature_2m_max_member43,87.1
2026-09-27,temperature_2m_max_member43,88.1
2026-09-28,temperature_2m_max_member43,88.9
2026-09-29,temperature_2m_max_member43,89.7
2026-09-30,temperature_2m_max_member43,88.7
2026-10-01,temperature_2m_max_member43,85.8
2026-10-02,temperature_2m_max_member43,88.1
2026-10-03,temperature_2m_max_member43,91.2
2026-10-04,temperature_2m_max_member43,91.7
2026-10-05,temperature_2m_max_member43,90.8
2026-10-06,temperature_2m_max_member43,93.7
2026-10-07,temperature_2m_max_member43,95.3
2026-10-08,temperature_2m_max_member43,94.9
2026-10-09,temperature_2m_max_member43,94.4
2026-10-10,temperature_2m_max_member43,94.3
2026-10-11,temperature_2m_max_member43,91.9
2026-10-12,temperature_2m_max_member43,85.1
2026-10-13,temperature_2m_max_member43,82.1
2026-10-14,temperature_2m_max_member43,84.6
2026-10-15,temperature_2m_max_member43,84.1
2026-10-16,temperature_2m_max_member43,82.5
2026-10-17,temperature_2m_max_member43,78.6
2026-10-18,temperature_2m_max_member43,82.9
2026-10-19,temperature_2m_max_member43,84.5
2026-10-20,temperature_2m_max_member43,84.8
2026-10-21,temperature_2m_max_member43,87.7
2026-10-22,temperature_2m_max_member43,88.4
2026-10-23,temperature_2m_max_member43,86.2
2026-10-24,temperature_2m_max_member43,89.2
2026-10-25,temperature_2m_max_member43,90.1
2026-10-26,temperature_2m_max_member43,89.7
2026-10-27,temperature_2m_max_member43,87.8
2026-10-28,temperature_2m_max_member43,85.7
2026-10-29,temperature_2m_max_member43,85.1
2026-10-30,temperature_2m_max_member43,84.4
2026-10-31,temperature_2m_max_member43,85.2
2026-11-01,temperature_2m_max_member43,85
2026-11-02,temperature_2m_max_member43,86.5
2026-11-03,temperature_2m_max_member43,85.4
2026-11-04,temperature_2m_max_member43,85.8
2026-11-05,temperature_2m_max_member43,85
2026-11-06,temperature_2m_max_member43,86
2026-11-07,temperature_2m_max_member43,85.4
2026-11-08,temperature_2m_max_member43,78.4
2026-11-09,temperature_2m_max_member43,76.8
2026-11-10,temperature_2m_max_member43,77.9
2026-11-11,temperature_2m_max_member43,72.6
2026-11-12,temperature_2m_max_member43,79.1
2026-11-13,temperature_2m_max_member43,74.7
2026-11-14,temperature_2m_max_member43,81.8
2026-11-15,temperature_2m_max_member43,77.2
2026-11-16,temperature_2m_max_member43,75.3
2026-11-17,temperature_2m_max_member43,73.3
2026-11-18,temperature_2m_max_member43,69.6
2026-11-19,temperature_2m_max_member43,76
2026-11-20,temperature_2m_max_member43,80.2
2026-11-21,temperature_2m_max_member43,81.1
2026-11-22,temperature_2m_max_member43,79.1
2026-11-23,temperature_2m_max_member43,69.2
2026-11-24,temperature_2m_max_member43,64.6
2026-11-25,temperature_2m_max_member43,65.8
2026-11-26,temperature_2m_max_member43,74.2
2026-11-27,temperature_2m_max_member43,79.3
2026-11-28,temperature_2m_max_member43,81.7
2026-11-29,temperature_2m_max_member43,80.5
2026-11-30,temperature_2m_max_member43,82
2026-12-01,temperature_2m_max_member43,83.3
2026-12-02,temperature_2m_max_member43,79.1
2026-12-03,temperature_2m_max_member43,73.7
2026-12-04,temperature_2m_max_member43,72.5
2026-12-05,temperature_2m_max_member43,74.4
2026-12-06,temperature_2m_max_member43,78.9
2026-12-07,temperature_2m_max_member43,75.7
2026-12-08,temperature_2m_max_member43,76.5
2026-12-09,temperature_2m_max_member43,76.3
2026-12-10,temperature_2m_max_member43,71.5
2026-12-11,temperature_2m_max_member43,66.5
2026-12-12,temperature_2m_max_member43,74.3
2026-12-13,temperature_2m_max_member43,76.4
2026-12-14,temperature_2m_max_member43,74.4
2026-12-15,temperature_2m_max_member43,67.6
2026-12-16,temperature_2m_max_member43,66.7
2026-12-17,temperature_2m_max_member43,72.6
2026-12-18,temperature_2m_max_member43,75.8
2026-12-19,temperature_2m_max_member43,77.9
2026-12-20,temperature_2m_max_member43,79.3
2026-12-21,temperature_2m_max_member43,79.4
2026-12-22,temperature_2m_max_member43,69.8
2026-12-23,temperature_2m_max_member43,66.8
2026-12-24,temperature_2m_max_member43,63.1
2026-12-25,temperature_2m_max_member43,59.9
2026-12-26,temperature_2m_max_member43,73
2026-12-27,temperature_2m_max_member43,77.9
2026-12-28,temperature_2m_max_member43,80.7
2026-12-29,temperature_2m_max_member43,76.3
2026-12-30,temperature_2m_max_member43,70.6
2026-12-31,temperature_2m_max_member43,78.4
2027-01-01,temperature_2m_max_member43,80.1
2027-01-02,temperature_2m_max_member43,79.6
2027-01-03,temperature_2m_max_member43,80.2
2027-01-04,temperature_2m_max_member43,75.2
2027-01-05,temperature_2m_max_member43,61.5
2027-01-06,temperature_2m_max_member43,61.3
2027-01-07,temperature_2m_max_member43,66.1
2027-01-08,temperature_2m_max_member43,73.1
2027-01-09,temperature_2m_max_member43,75.5
2027-01-10,temperature_2m_max_member43,67
2027-01-11,temperature_2m_max_member43,61.7
2027-01-12,temperature_2m_max_member43,65.5
2027-01-13,temperature_2m_max_member43,68
2027-01-14,temperature_2m_max_member43,65
2027-01-15,temperature_2m_max_member43,66.8
2027-01-16,temperature_2m_max_member43,71
2027-01-17,temperature_2m_max_member43,67.8
2027-01-18,temperature_2m_max_member43,68.5
2027-01-19,temperature_2m_max_member43,61.1
2027-01-20,temperature_2m_max_member43,60.8
2027-01-21,temperature_2m_max_member43,64.7
2027-01-22,temperature_2m_max_member43,69.3
2027-01-23,temperature_2m_max_member43,63.8
2027-01-24,temperature_2m_max_member43,69.4
2027-01-25,temperature_2m_max_member43,73.8
2027-01-26,temperature_2m_max_member43,74.1
2027-01-27,temperature_2m_max_member43,73.6
2027-01-28,temperature_2m_max_member43,74.7
2027-01-29,temperature_2m_max_member43,68.2
2027-01-30,temperature_2m_max_member43,62.3
2027-01-31,temperature_2m_max_member43,72.8
2027-02-01,temperature_2m_max_member43,70.8
2027-02-02,temperature_2m_max_member43,67.4
2027-02-03,temperature_2m_max_member43,64.2
2027-02-04,temperature_2m_max_member43,68.6
2027-02-05,temperature_2m_max_member43,70.2
2027-02-06,temperature_2m_max_member43,74.4
2027-02-07,temperature_2m_max_member43,76.5
2027-02-08,temperature_2m_max_member43,69.5
2027-02-09,temperature_2m_max_member43,62.9
2027-02-10,temperature_2m_max_member43,68.7
2027-02-11,temperature_2m_max_member43,74.4
2027-02-12,temperature_2m_max_member43,76.2
2027-02-13,temperature_2m_max_member43,72
2027-02-14,temperature_2m_max_member43,71.8
2027-02-15,temperature_2m_max_member43,66.3
2027-02-16,temperature_2m_max_member43,62.8
2027-02-17,temperature_2m_max_member43,74
2027-02-18,temperature_2m_max_member43,69.2
2027-02-19,temperature_2m_max_member43,71.7
2027-02-20,temperature_2m_max_member43,71.1
2027-02-21,temperature_2m_max_member43,70
2027-02-22,temperature_2m_max_member43,72.7
2027-02-23,temperature_2m_max_member43,76.2
2027-02-24,temperature_2m_max_member43,68.2
2027-02-25,temperature_2m_max_member43,64.5
2027-02-26,temperature_2m_max_member43,72.2
2027-02-27,temperature_2m_max_member43,71.1
2027-02-28,temperature_2m_max_member43,74.1
2027-03-01,temperature_2m_max_member43,73.9
2027-03-02,temperature_2m_max_member43,69.4
2027-03-03,temperature_2m_max_member43,67.7
2027-03-04,temperature_2m_max_member43,72.6
2027-03-05,temperature_2m_max_member43,72.8
2027-03-06,temperature_2m_max_member43,74.3
2027-03-07,temperature_2m_max_member43,75.3
2027-03-08,temperature_2m_max_member43,78.8
2027-03-09,temperature_2m_max_member43,79.3
2027-03-10,temperature_2m_max_member43,79.4
2027-03-11,temperature_2m_max_member43,79.3
2027-03-12,temperature_2m_max_member43,77.6
2027-03-13,temperature_2m_max_member43,65.6
2026-09-15,temperature_2m_max_member44,96.1
2026-09-16,temperature_2m_max_member44,94.7
2026-09-17,temperature_2m_max_member44,88.3
2026-09-18,temperature_2m_max_member44,88.7
2026-09-19,temperature_2m_max_member44,86.8
2026-09-20,temperature_2m_max_member44,88.3
2026-09-21,temperature_2m_max_member44,89.3
2026-09-22,temperature_2m_max_member44,88.5
2026-09-23,temperature_2m_max_member44,88.6
2026-09-24,temperature_2m_max_member44,87.8
2026-09-25,temperature_2m_max_member44,85.7
2026-09-26,temperature_2m_max_member44,84
2026-09-27,temperature_2m_max_member44,83.8
2026-09-28,temperature_2m_max_member44,82.4
2026-09-29,temperature_2m_max_member44,81.6
2026-09-30,temperature_2m_max_member44,81.7
2026-10-01,temperature_2m_max_member44,81.5
2026-10-02,temperature_2m_max_member44,84.3
2026-10-03,temperature_2m_max_member44,85.2
2026-10-04,temperature_2m_max_member44,86
2026-10-05,temperature_2m_max_member44,86.8
2026-10-06,temperature_2m_max_member44,83.3
2026-10-07,temperature_2m_max_member44,85.1
2026-10-08,temperature_2m_max_member44,85.3
2026-10-09,temperature_2m_max_member44,85.8
2026-10-10,temperature_2m_max_member44,86.2
2026-10-11,temperature_2m_max_member44,85.6
2026-10-12,temperature_2m_max_member44,87.4
2026-10-13,temperature_2m_max_member44,87.5
2026-10-14,temperature_2m_max_member44,85.2
2026-10-15,temperature_2m_max_member44,85.5
2026-10-16,temperature_2m_max_member44,83.2
2026-10-17,temperature_2m_max_member44,84.8
2026-10-18,temperature_2m_max_member44,85
2026-10-19,temperature_2m_max_member44,84.7
2026-10-20,temperature_2m_max_member44,84.7
2026-10-21,temperature_2m_max_member44,86.8
2026-10-22,temperature_2m_max_member44,88.6
2026-10-23,temperature_2m_max_member44,89.1
2026-10-24,temperature_2m_max_member44,88.9
2026-10-25,temperature_2m_max_member44,85.8
2026-10-26,temperature_2m_max_member44,82.9
2026-10-27,temperature_2m_max_member44,82.6
2026-10-28,temperature_2m_max_member44,82.2
2026-10-29,temperature_2m_max_member44,84.4
2026-10-30,temperature_2m_max_member44,86.3
2026-10-31,temperature_2m_max_member44,84.3
2026-11-01,temperature_2m_max_member44,79.3
2026-11-02,temperature_2m_max_member44,76
2026-11-03,temperature_2m_max_member44,79.3
2026-11-04,temperature_2m_max_member44,74.8
2026-11-05,temperature_2m_max_member44,80.2
2026-11-06,temperature_2m_max_member44,80.9
2026-11-07,temperature_2m_max_member44,79.8
2026-11-08,temperature_2m_max_member44,81.3
2026-11-09,temperature_2m_max_member44,80.4
2026-11-10,temperature_2m_max_member44,80.2
2026-11-11,temperature_2m_max_member44,79.2
2026-11-12,temperature_2m_max_member44,79.9
2026-11-13,temperature_2m_max_member44,79.2
2026-11-14,temperature_2m_max_member44,82
2026-11-15,temperature_2m_max_member44,81.4
2026-11-16,temperature_2m_max_member44,74
2026-11-17,temperature_2m_max_member44,81.7
2026-11-18,temperature_2m_max_member44,77.5
2026-11-19,temperature_2m_max_member44,78.4
2026-11-20,temperature_2m_max_member44,73.6
2026-11-21,temperature_2m_max_member44,68.3
2026-11-22,temperature_2m_max_member44,80.1
2026-11-23,temperature_2m_max_member44,80.1
2026-11-24,temperature_2m_max_member44,76.5
2026-11-25,temperature_2m_max_member44,72.4
2026-11-26,temperature_2m_max_member44,73.4
2026-11-27,temperature_2m_max_member44,70.9
2026-11-28,temperature_2m_max_member44,71.3
2026-11-29,temperature_2m_max_member44,64.8
2026-11-30,temperature_2m_max_member44,64
2026-12-01,temperature_2m_max_member44,69.1
2026-12-02,temperature_2m_max_member44,67.6
2026-12-03,temperature_2m_max_member44,71.2
2026-12-04,temperature_2m_max_member44,73.8
2026-12-05,temperature_2m_max_member44,77.4
2026-12-06,temperature_2m_max_member44,78.2
2026-12-07,temperature_2m_max_member44,74.8
2026-12-08,temperature_2m_max_member44,70.6
2026-12-09,temperature_2m_max_member44,64.1
2026-12-10,temperature_2m_max_member44,74.1
2026-12-11,temperature_2m_max_member44,74.4
2026-12-12,temperature_2m_max_member44,75.2
2026-12-13,temperature_2m_max_member44,73.2
2026-12-14,temperature_2m_max_member44,73.7
2026-12-15,temperature_2m_max_member44,71.7
2026-12-16,temperature_2m_max_member44,77.9
2026-12-17,temperature_2m_max_member44,77.2
2026-12-18,temperature_2m_max_member44,75.9
2026-12-19,temperature_2m_max_member44,72.1
2026-12-20,temperature_2m_max_member44,76.2
2026-12-21,temperature_2m_max_member44,74.2
2026-12-22,temperature_2m_max_member44,68.4
2026-12-23,temperature_2m_max_member44,69
2026-12-24,temperature_2m_max_member44,68.5
2026-12-25,temperature_2m_max_member44,68.8
2026-12-26,temperature_2m_max_member44,70.3
2026-12-27,temperature_2m_max_member44,69.8
2026-12-28,temperature_2m_max_member44,70.7
2026-12-29,temperature_2m_max_member44,66.5
2026-12-30,temperature_2m_max_member44,58.2
2026-12-31,temperature_2m_max_member44,59.3
2027-01-01,temperature_2m_max_member44,69
2027-01-02,temperature_2m_max_member44,72.5
2027-01-03,temperature_2m_max_member44,67
2027-01-04,temperature_2m_max_member44,60.4
2027-01-05,temperature_2m_max_member44,59.9
2027-01-06,temperature_2m_max_member44,65.6
2027-01-07,temperature_2m_max_member44,68.8
2027-01-08,temperature_2m_max_member44,71.2
2027-01-09,temperature_2m_max_member44,74.7
2027-01-10,temperature_2m_max_member44,70.3
2027-01-11,temperature_2m_max_member44,65.8
2027-01-12,temperature_2m_max_member44,61.1
2027-01-13,temperature_2m_max_member44,66.3
2027-01-14,temperature_2m_max_member44,72.3
2027-01-15,temperature_2m_max_member44,73.9
2027-01-16,temperature_2m_max_member44,68.2
2027-01-17,temperature_2m_max_member44,65.3
2027-01-18,temperature_2m_max_member44,66
2027-01-19,temperature_2m_max_member44,72.6
2027-01-20,temperature_2m_max_member44,72.7
2027-01-21,temperature_2m_max_member44,74.4
2027-01-22,temperature_2m_max_member44,72
2027-01-23,temperature_2m_max_member44,63.7
2027-01-24,temperature_2m_max_member44,74.1
2027-01-25,temperature_2m_max_member44,75.2
2027-01-26,temperature_2m_max_member44,74.6
2027-01-27,temperature_2m_max_member44,64
2027-01-28,temperature_2m_max_member44,61.4
2027-01-29,temperature_2m_max_member44,62.7
2027-01-30,temperature_2m_max_member44,65.9
2027-01-31,temperature_2m_max_member44,70.8
2027-02-01,temperature_2m_max_member44,74.4
2027-02-02,temperature_2m_max_member44,71.1
2027-02-03,temperature_2m_max_member44,72.2
2027-02-04,temperature_2m_max_member44,76.7
2027-02-05,temperature_2m_max_member44,76.6
2027-02-06,temperature_2m_max_member44,77.7
2027-02-07,temperature_2m_max_member44,74.3
2027-02-08,temperature_2m_max_member44,63.1
2027-02-09,temperature_2m_max_member44,64
2027-02-10,temperature_2m_max_member44,72.8
2027-02-11,temperature_2m_max_member44,77
2027-02-12,temperature_2m_max_member44,75.1
2027-02-13,temperature_2m_max_member44,72.4
2027-02-14,temperature_2m_max_member44,73.9
2027-02-15,temperature_2m_max_member44,74.8
2027-02-16,temperature_2m_max_member44,74.7
2027-02-17,temperature_2m_max_member44,72.4
2027-02-18,temperature_2m_max_member44,77.5
2027-02-19,temperature_2m_max_member44,76
2027-02-20,temperature_2m_max_member44,69.2
2027-02-21,temperature_2m_max_member44,66.1
2027-02-22,temperature_2m_max_member44,67.3
2027-02-23,temperature_2m_max_member44,72.4
2027-02-24,temperature_2m_max_member44,65.2
2027-02-25,temperature_2m_max_member44,73.8
2027-02-26,temperature_2m_max_member44,76.6
2027-02-27,temperature_2m_max_member44,78.6
2027-02-28,temperature_2m_max_member44,80.7
2027-03-01,temperature_2m_max_member44,74.8
2027-03-02,temperature_2m_max_member44,78.5
2027-03-03,temperature_2m_max_member44,80.5
2027-03-04,temperature_2m_max_member44,81.3
2027-03-05,temperature_2m_max_member44,84.3
2027-03-06,temperature_2m_max_member44,81.1
2027-03-07,temperature_2m_max_member44,76.9
2027-03-08,temperature_2m_max_member44,73.5
2027-03-09,temperature_2m_max_member44,76.5
2027-03-10,temperature_2m_max_member44,79.4
2027-03-11,temperature_2m_max_member44,76.6
2027-03-12,temperature_2m_max_member44,77.6
2027-03-13,temperature_2m_max_member44,75.1
2026-09-15,temperature_2m_max_member45,93.4
2026-09-16,temperature_2m_max_member45,90.8
2026-09-17,temperature_2m_max_member45,88.9
2026-09-18,temperature_2m_max_member45,89
2026-09-19,temperature_2m_max_member45,89.3
2026-09-20,temperature_2m_max_member45,90.4
2026-09-21,temperature_2m_max_member45,89.4
2026-09-22,temperature_2m_max_member45,89.6
2026-09-23,temperature_2m_max_member45,89.7
2026-09-24,temperature_2m_max_member45,90.1
2026-09-25,temperature_2m_max_member45,90.6
2026-09-26,temperature_2m_max_member45,90.9
2026-09-27,temperature_2m_max_member45,89.7
2026-09-28,temperature_2m_max_member45,89.1
2026-09-29,temperature_2m_max_member45,88.4
2026-09-30,temperature_2m_max_member45,89.2
2026-10-01,temperature_2m_max_member45,89.2
2026-10-02,temperature_2m_max_member45,89.4
2026-10-03,temperature_2m_max_member45,87.3
2026-10-04,temperature_2m_max_member45,83.8
2026-10-05,temperature_2m_max_member45,88
2026-10-06,temperature_2m_max_member45,89
2026-10-07,temperature_2m_max_member45,89.5
2026-10-08,temperature_2m_max_member45,87.1
2026-10-09,temperature_2m_max_member45,87.3
2026-10-10,temperature_2m_max_member45,84.5
2026-10-11,temperature_2m_max_member45,86.5
2026-10-12,temperature_2m_max_member45,86.2
2026-10-13,temperature_2m_max_member45,81.1
2026-10-14,temperature_2m_max_member45,80.3
2026-10-15,temperature_2m_max_member45,79.3
2026-10-16,temperature_2m_max_member45,80.9
2026-10-17,temperature_2m_max_member45,81.7
2026-10-18,temperature_2m_max_member45,79.8
2026-10-19,temperature_2m_max_member45,82.9
2026-10-20,temperature_2m_max_member45,86
2026-10-21,temperature_2m_max_member45,86.7
2026-10-22,temperature_2m_max_member45,87
2026-10-23,temperature_2m_max_member45,87.4
2026-10-24,temperature_2m_max_member45,86.3
2026-10-25,temperature_2m_max_member45,87.4
2026-10-26,temperature_2m_max_member45,87.3
2026-10-27,temperature_2m_max_member45,85.4
2026-10-28,temperature_2m_max_member45,85.3
2026-10-29,temperature_2m_max_member45,82.8
2026-10-30,temperature_2m_max_member45,85.6
2026-10-31,temperature_2m_max_member45,86.3
2026-11-01,temperature_2m_max_member45,82.9
2026-11-02,temperature_2m_max_member45,75.4
2026-11-03,temperature_2m_max_member45,68.7
2026-11-04,temperature_2m_max_member45,66.1
2026-11-05,temperature_2m_max_member45,68.5
2026-11-06,temperature_2m_max_member45,78.6
2026-11-07,temperature_2m_max_member45,79
2026-11-08,temperature_2m_max_member45,80
2026-11-09,temperature_2m_max_member45,73
2026-11-10,temperature_2m_max_member45,73.8
2026-11-11,temperature_2m_max_member45,70.3
2026-11-12,temperature_2m_max_member45,67.6
2026-11-13,temperature_2m_max_member45,71.3
2026-11-14,temperature_2m_max_member45,75.6
2026-11-15,temperature_2m_max_member45,75.8
2026-11-16,temperature_2m_max_member45,83.6
2026-11-17,temperature_2m_max_member45,82.7
2026-11-18,temperature_2m_max_member45,74.9
2026-11-19,temperature_2m_max_member45,70.5
2026-11-20,temperature_2m_max_member45,71.8
2026-11-21,temperature_2m_max_member45,77.8
2026-11-22,temperature_2m_max_member45,78.9
2026-11-23,temperature_2m_max_member45,78.6
2026-11-24,temperature_2m_max_member45,73
2026-11-25,temperature_2m_max_member45,68.5
2026-11-26,temperature_2m_max_member45,60.6
2026-11-27,temperature_2m_max_member45,63.6
2026-11-28,temperature_2m_max_member45,71.1
2026-11-29,temperature_2m_max_member45,73.6
2026-11-30,temperature_2m_max_member45,73.1
2026-12-01,temperature_2m_max_member45,76.3
2026-12-02,temperature_2m_max_member45,79.7
2026-12-03,temperature_2m_max_member45,79.8
2026-12-04,temperature_2m_max_member45,80.2
2026-12-05,temperature_2m_max_member45,79.8
2026-12-06,temperature_2m_max_member45,81.2
2026-12-07,temperature_2m_max_member45,80.7
2026-12-08,temperature_2m_max_member45,81.8
2026-12-09,temperature_2m_max_member45,78.8
2026-12-10,temperature_2m_max_member45,73.6
2026-12-11,temperature_2m_max_member45,66.2
2026-12-12,temperature_2m_max_member45,73.4
2026-12-13,temperature_2m_max_member45,78.8
2026-12-14,temperature_2m_max_member45,80.2
2026-12-15,temperature_2m_max_member45,74.9
2026-12-16,temperature_2m_max_member45,66.7
2026-12-17,temperature_2m_max_member45,71.7
2026-12-18,temperature_2m_max_member45,74.8
2026-12-19,temperature_2m_max_member45,73.2
2026-12-20,temperature_2m_max_member45,72.1
2026-12-21,temperature_2m_max_member45,67.2
2026-12-22,temperature_2m_max_member45,68
2026-12-23,temperature_2m_max_member45,67.6
2026-12-24,temperature_2m_max_member45,61.4
2026-12-25,temperature_2m_max_member45,64
2026-12-26,temperature_2m_max_member45,72.1
2026-12-27,temperature_2m_max_member45,73.2
2026-12-28,temperature_2m_max_member45,73.9
2026-12-29,temperature_2m_max_member45,73
2026-12-30,temperature_2m_max_member45,76.6
2026-12-31,temperature_2m_max_member45,76.1
2027-01-01,temperature_2m_max_member45,77.7
2027-01-02,temperature_2m_max_member45,73.1
2027-01-03,temperature_2m_max_member45,77.6
2027-01-04,temperature_2m_max_member45,73.5
2027-01-05,temperature_2m_max_member45,64.9
2027-01-06,temperature_2m_max_member45,61
2027-01-07,temperature_2m_max_member45,70.6
2027-01-08,temperature_2m_max_member45,71.4
2027-01-09,temperature_2m_max_member45,68.5
2027-01-10,temperature_2m_max_member45,63.1
2027-01-11,temperature_2m_max_member45,68.8
2027-01-12,temperature_2m_max_member45,65
2027-01-13,temperature_2m_max_member45,74.7
2027-01-14,temperature_2m_max_member45,68.2
2027-01-15,temperature_2m_max_member45,67.3
2027-01-16,temperature_2m_max_member45,70.8
2027-01-17,temperature_2m_max_member45,70.4
2027-01-18,temperature_2m_max_member45,63.1
2027-01-19,temperature_2m_max_member45,66
2027-01-20,temperature_2m_max_member45,71.1
2027-01-21,temperature_2m_max_member45,70.2
2027-01-22,temperature_2m_max_member45,67.8
2027-01-23,temperature_2m_max_member45,70.9
2027-01-24,temperature_2m_max_member45,70.2
2027-01-25,temperature_2m_max_member45,66.8
2027-01-26,temperature_2m_max_member45,61.1
2027-01-27,temperature_2m_max_member45,59.5
2027-01-28,temperature_2m_max_member45,61.1
2027-01-29,temperature_2m_max_member45,59.9
2027-01-30,temperature_2m_max_member45,57.2
2027-01-31,temperature_2m_max_member45,54.2
2027-02-01,temperature_2m_max_member45,59.6
2027-02-02,temperature_2m_max_member45,67
2027-02-03,temperature_2m_max_member45,59.5
2027-02-04,temperature_2m_max_member45,62.8
2027-02-05,temperature_2m_max_member45,66.7
2027-02-06,temperature_2m_max_member45,66.7
2027-02-07,temperature_2m_max_member45,60.8
2027-02-08,temperature_2m_max_member45,69.9
2027-02-09,temperature_2m_max_member45,66.1
2027-02-10,temperature_2m_max_member45,57.7
2027-02-11,temperature_2m_max_member45,63.1
2027-02-12,temperature_2m_max_member45,69.4
2027-02-13,temperature_2m_max_member45,71
2027-02-14,temperature_2m_max_member45,61.4
2027-02-15,temperature_2m_max_member45,60.7
2027-02-16,temperature_2m_max_member45,69.4
2027-02-17,temperature_2m_max_member45,67.8
2027-02-18,temperature_2m_max_member45,68.9
2027-02-19,temperature_2m_max_member45,71.4
2027-02-20,temperature_2m_max_member45,71.3
2027-02-21,temperature_2m_max_member45,68.2
2027-02-22,temperature_2m_max_member45,73.2
2027-02-23,temperature_2m_max_member45,75.6
2027-02-24,temperature_2m_max_member45,75.6
2027-02-25,temperature_2m_max_member45,72.1
2027-02-26,temperature_2m_max_member45,70.8
2027-02-27,temperature_2m_max_member45,72.6
2027-02-28,temperature_2m_max_member45,70.9
2027-03-01,temperature_2m_max_member45,75
2027-03-02,temperature_2m_max_member45,78.3
2027-03-03,temperature_2m_max_member45,76.6
2027-03-04,temperature_2m_max_member45,73.2
2027-03-05,temperature_2m_max_member45,75.9
2027-03-06,temperature_2m_max_member45,77.4
2027-03-07,temperature_2m_max_member45,78.8
2027-03-08,temperature_2m_max_member45,76.9
2027-03-09,temperature_2m_max_member45,78.2
2027-03-10,temperature_2m_max_member45,77.1
2027-03-11,temperature_2m_max_member45,72.5
2027-03-12,temperature_2m_max_member45,67
2027-03-13,temperature_2m_max_member45,73.1
2026-09-15,temperature_2m_max_member46,94.6
2026-09-16,temperature_2m_max_member46,92.9
2026-09-17,temperature_2m_max_member46,91.9
2026-09-18,temperature_2m_max_member46,92.1
2026-09-19,temperature_2m_max_member46,92
2026-09-20,temperature_2m_max_member46,93.3
2026-09-21,temperature_2m_max_member46,92.2
2026-09-22,temperature_2m_max_member46,91.3
2026-09-23,temperature_2m_max_member46,91.8
2026-09-24,temperature_2m_max_member46,92.7
2026-09-25,temperature_2m_max_member46,93.1
2026-09-26,temperature_2m_max_member46,93.7
2026-09-27,temperature_2m_max_member46,92.4
2026-09-28,temperature_2m_max_member46,91.4
2026-09-29,temperature_2m_max_member46,91
2026-09-30,temperature_2m_max_member46,93.3
2026-10-01,temperature_2m_max_member46,94.6
2026-10-02,temperature_2m_max_member46,93.7
2026-10-03,temperature_2m_max_member46,92.6
2026-10-04,temperature_2m_max_member46,92.8
2026-10-05,temperature_2m_max_member46,90.2
2026-10-06,temperature_2m_max_member46,91.1
2026-10-07,temperature_2m_max_member46,85.5
2026-10-08,temperature_2m_max_member46,88.3
2026-10-09,temperature_2m_max_member46,88.7
2026-10-10,temperature_2m_max_member46,88.5
2026-10-11,temperature_2m_max_member46,87.5
2026-10-12,temperature_2m_max_member46,88.4
2026-10-13,temperature_2m_max_member46,88.6
2026-10-14,temperature_2m_max_member46,88.9
2026-10-15,temperature_2m_max_member46,80.8
2026-10-16,temperature_2m_max_member46,80.1
2026-10-17,temperature_2m_max_member46,83.8
2026-10-18,temperature_2m_max_member46,84.5
2026-10-19,temperature_2m_max_member46,85.4
2026-10-20,temperature_2m_max_member46,86.2
2026-10-21,temperature_2m_max_member46,85
2026-10-22,temperature_2m_max_member46,85.5
2026-10-23,temperature_2m_max_member46,85.9
2026-10-24,temperature_2m_max_member46,85.8
2026-10-25,temperature_2m_max_member46,85.6
2026-10-26,temperature_2m_max_member46,86.5
2026-10-27,temperature_2m_max_member46,85.7
2026-10-28,temperature_2m_max_member46,84.2
2026-10-29,temperature_2m_max_member46,84.4
2026-10-30,temperature_2m_max_member46,84.3
2026-10-31,temperature_2m_max_member46,84.5
2026-11-01,temperature_2m_max_member46,82.9
2026-11-02,temperature_2m_max_member46,84
2026-11-03,temperature_2m_max_member46,82
2026-11-04,temperature_2m_max_member46,83.7
2026-11-05,temperature_2m_max_member46,79.5
2026-11-06,temperature_2m_max_member46,74.8
2026-11-07,temperature_2m_max_member46,74.9
2026-11-08,temperature_2m_max_member46,74.8
2026-11-09,temperature_2m_max_member46,82.1
2026-11-10,temperature_2m_max_member46,84.3
2026-11-11,temperature_2m_max_member46,86.1
2026-11-12,temperature_2m_max_member46,86.3
2026-11-13,temperature_2m_max_member46,86.6
2026-11-14,temperature_2m_max_member46,85.1
2026-11-15,temperature_2m_max_member46,85
2026-11-16,temperature_2m_max_member46,86.1
2026-11-17,temperature_2m_max_member46,85.1
2026-11-18,temperature_2m_max_member46,76
2026-11-19,temperature_2m_max_member46,67.6
2026-11-20,temperature_2m_max_member46,65.3
2026-11-21,temperature_2m_max_member46,60.3
2026-11-22,temperature_2m_max_member46,58.6
2026-11-23,temperature_2m_max_member46,60.6
2026-11-24,temperature_2m_max_member46,59.9
2026-11-25,temperature_2m_max_member46,62.7
2026-11-26,temperature_2m_max_member46,68.3
2026-11-27,temperature_2m_max_member46,70.1
2026-11-28,temperature_2m_max_member46,77.5
2026-11-29,temperature_2m_max_member46,81.4
2026-11-30,temperature_2m_max_member46,76.2
2026-12-01,temperature_2m_max_member46,71.2
2026-12-02,temperature_2m_max_member46,67.5
2026-12-03,temperature_2m_max_member46,73.9
2026-12-04,temperature_2m_max_member46,78.8
2026-12-05,temperature_2m_max_member46,77
2026-12-06,temperature_2m_max_member46,64.9
2026-12-07,temperature_2m_max_member46,70.5
2026-12-08,temperature_2m_max_member46,69.8
2026-12-09,temperature_2m_max_member46,74.5
2026-12-10,temperature_2m_max_member46,72.8
2026-12-11,temperature_2m_max_member46,77.5
2026-12-12,temperature_2m_max_member46,78.8
2026-12-13,temperature_2m_max_member46,80.6
2026-12-14,temperature_2m_max_member46,80.3
2026-12-15,temperature_2m_max_member46,81.7
2026-12-16,temperature_2m_max_member46,79.3
2026-12-17,temperature_2m_max_member46,82.9
2026-12-18,temperature_2m_max_member46,83.2
2026-12-19,temperature_2m_max_member46,75.6
2026-12-20,temperature_2m_max_member46,69.8
2026-12-21,temperature_2m_max_member46,69.6
2026-12-22,temperature_2m_max_member46,72.4
2026-12-23,temperature_2m_max_member46,78
2026-12-24,temperature_2m_max_member46,72.6
2026-12-25,temperature_2m_max_member46,67.7
2026-12-26,temperature_2m_max_member46,66.7
2026-12-27,temperature_2m_max_member46,70.3
2026-12-28,temperature_2m_max_member46,74.4
2026-12-29,temperature_2m_max_member46,74.1
2026-12-30,temperature_2m_max_member46,74.8
2026-12-31,temperature_2m_max_member46,71.7
2027-01-01,temperature_2m_max_member46,60.4
2027-01-02,temperature_2m_max_member46,68.3
2027-01-03,temperature_2m_max_member46,69.7
2027-01-04,temperature_2m_max_member46,72.6
2027-01-05,temperature_2m_max_member46,71.4
2027-01-06,temperature_2m_max_member46,74.5
2027-01-07,temperature_2m_max_member46,65.1
2027-01-08,temperature_2m_max_member46,67.7
2027-01-09,temperature_2m_max_member46,74.4
2027-01-10,temperature_2m_max_member46,74.9
2027-01-11,temperature_2m_max_member46,70.8
2027-01-12,temperature_2m_max_member46,67.6
2027-01-13,temperature_2m_max_member46,63.3
2027-01-14,temperature_2m_max_member46,61.7
2027-01-15,temperature_2m_max_member46,64.8
2027-01-16,temperature_2m_max_member46,63.4
2027-01-17,temperature_2m_max_member46,63.7
2027-01-18,temperature_2m_max_member46,65.4
2027-01-19,temperature_2m_max_member46,64.1
2027-01-20,temperature_2m_max_member46,61.6
2027-01-21,temperature_2m_max_member46,61.1
2027-01-22,temperature_2m_max_member46,58.6
2027-01-23,temperature_2m_max_member46,65.1
2027-01-24,temperature_2m_max_member46,74.1
2027-01-25,temperature_2m_max_member46,71.9
2027-01-26,temperature_2m_max_member46,67.7
2027-01-27,temperature_2m_max_member46,61.5
2027-01-28,temperature_2m_max_member46,62.3
2027-01-29,temperature_2m_max_member46,62.6
2027-01-30,temperature_2m_max_member46,64
2027-01-31,temperature_2m_max_member46,65.3
2027-02-01,temperature_2m_max_member46,68.6
2027-02-02,temperature_2m_max_member46,71.6
2027-02-03,temperature_2m_max_member46,73.9
2027-02-04,temperature_2m_max_member46,77.2
2027-02-05,temperature_2m_max_member46,79.4
2027-02-06,temperature_2m_max_member46,79
2027-02-07,temperature_2m_max_member46,74.8
2027-02-08,temperature_2m_max_member46,68.6
2027-02-09,temperature_2m_max_member46,65.9
2027-02-10,temperature_2m_max_member46,67.5
2027-02-11,temperature_2m_max_member46,71.9
2027-02-12,temperature_2m_max_member46,68.6
2027-02-13,temperature_2m_max_member46,68.7
2027-02-14,temperature_2m_max_member46,70.9
2027-02-15,temperature_2m_max_member46,70.1
2027-02-16,temperature_2m_max_member46,69.2
2027-02-17,temperature_2m_max_member46,66.5
2027-02-18,temperature_2m_max_member46,73
2027-02-19,temperature_2m_max_member46,72.5
2027-02-20,temperature_2m_max_member46,75.5
2027-02-21,temperature_2m_max_member46,76.1
2027-02-22,temperature_2m_max_member46,77.5
2027-02-23,temperature_2m_max_member46,70
2027-02-24,temperature_2m_max_member46,66.5
2027-02-25,temperature_2m_max_member46,67.1
2027-02-26,temperature_2m_max_member46,69.1
2027-02-27,temperature_2m_max_member46,74.1
2027-02-28,temperature_2m_max_member46,71.2
2027-03-01,temperature_2m_max_member46,69.3
2027-03-02,temperature_2m_max_member46,74.4
2027-03-03,temperature_2m_max_member46,75.7
2027-03-04,temperature_2m_max_member46,76.5
2027-03-05,temperature_2m_max_member46,80.2
2027-03-06,temperature_2m_max_member46,78.8
2027-03-07,temperature_2m_max_member46,81
2027-03-08,temperature_2m_max_member46,81.6
2027-03-09,temperature_2m_max_member46,81.4
2027-03-10,temperature_2m_max_member46,81.6
2027-03-11,temperature_2m_max_member46,85.2
2027-03-12,temperature_2m_max_member46,81.7
2027-03-13,temperature_2m_max_member46,77.4
2026-09-15,temperature_2m_max_member47,89.9
2026-09-16,temperature_2m_max_member47,90.4
2026-09-17,temperature_2m_max_member47,89.1
2026-09-18,temperature_2m_max_member47,89.4
2026-09-19,temperature_2m_max_member47,88.9
2026-09-20,temperature_2m_max_member47,89.3
2026-09-21,temperature_2m_max_member47,89.6
2026-09-22,temperature_2m_max_member47,89.2
2026-09-23,temperature_2m_max_member47,88.9
2026-09-24,temperature_2m_max_member47,89.2
2026-09-25,temperature_2m_max_member47,89
2026-09-26,temperature_2m_max_member47,87.4
2026-09-27,temperature_2m_max_member47,87.2
2026-09-28,temperature_2m_max_member47,88.4
2026-09-29,temperature_2m_max_member47,87.5
2026-09-30,temperature_2m_max_member47,89.3
2026-10-01,temperature_2m_max_member47,90.6
2026-10-02,temperature_2m_max_member47,90.9
2026-10-03,temperature_2m_max_member47,90.2
2026-10-04,temperature_2m_max_member47,90.7
2026-10-05,temperature_2m_max_member47,85.9
2026-10-06,temperature_2m_max_member47,87.4
2026-10-07,temperature_2m_max_member47,86.9
2026-10-08,temperature_2m_max_member47,86.7
2026-10-09,temperature_2m_max_member47,83.9
2026-10-10,temperature_2m_max_member47,89.6
2026-10-11,temperature_2m_max_member47,90.7
2026-10-12,temperature_2m_max_member47,90
2026-10-13,temperature_2m_max_member47,90
2026-10-14,temperature_2m_max_member47,90.2
2026-10-15,temperature_2m_max_member47,89.5
2026-10-16,temperature_2m_max_member47,90.1
2026-10-17,temperature_2m_max_member47,90.2
2026-10-18,temperature_2m_max_member47,89.4
2026-10-19,temperature_2m_max_member47,85.9
2026-10-20,temperature_2m_max_member47,79.3
2026-10-21,temperature_2m_max_member47,79.4
2026-10-22,temperature_2m_max_member47,78.9
2026-10-23,temperature_2m_max_member47,83.4
2026-10-24,temperature_2m_max_member47,83.7
2026-10-25,temperature_2m_max_member47,81.8
2026-10-26,temperature_2m_max_member47,83.2
2026-10-27,temperature_2m_max_member47,84.7
2026-10-28,temperature_2m_max_member47,85.5
2026-10-29,temperature_2m_max_member47,83.6
2026-10-30,temperature_2m_max_member47,77.6
2026-10-31,temperature_2m_max_member47,83.8
2026-11-01,temperature_2m_max_member47,77.6
2026-11-02,temperature_2m_max_member47,79.3
2026-11-03,temperature_2m_max_member47,77.9
2026-11-04,temperature_2m_max_member47,81.1
2026-11-05,temperature_2m_max_member47,82.9
2026-11-06,temperature_2m_max_member47,81.9
2026-11-07,temperature_2m_max_member47,84.6
2026-11-08,temperature_2m_max_member47,84.9
2026-11-09,temperature_2m_max_member47,84.4
2026-11-10,temperature_2m_max_member47,84.5
2026-11-11,temperature_2m_max_member47,84.1
2026-11-12,temperature_2m_max_member47,79.5
2026-11-13,temperature_2m_max_member47,82
2026-11-14,temperature_2m_max_member47,84.6
2026-11-15,temperature_2m_max_member47,83.4
2026-11-16,temperature_2m_max_member47,84.4
2026-11-17,temperature_2m_max_member47,83.5
2026-11-18,temperature_2m_max_member47,85
2026-11-19,temperature_2m_max_member47,79.2
2026-11-20,temperature_2m_max_member47,61.5
2026-11-21,temperature_2m_max_member47,65.1
2026-11-22,temperature_2m_max_member47,78.7
2026-11-23,temperature_2m_max_member47,78.4
2026-11-24,temperature_2m_max_member47,80.1
2026-11-25,temperature_2m_max_member47,80
2026-11-26,temperature_2m_max_member47,80.6
2026-11-27,temperature_2m_max_member47,80.5
2026-11-28,temperature_2m_max_member47,81.3
2026-11-29,temperature_2m_max_member47,83.4
2026-11-30,temperature_2m_max_member47,85.2
2026-12-01,temperature_2m_max_member47,85.6
2026-12-02,temperature_2m_max_member47,83.9
2026-12-03,temperature_2m_max_member47,80.9
2026-12-04,temperature_2m_max_member47,80.7
2026-12-05,temperature_2m_max_member47,81.5
2026-12-06,temperature_2m_max_member47,68.5
2026-12-07,temperature_2m_max_member47,65.1
2026-12-08,temperature_2m_max_member47,66.7
2026-12-09,temperature_2m_max_member47,75.9
2026-12-10,temperature_2m_max_member47,79.5
2026-12-11,temperature_2m_max_member47,80.2
2026-12-12,temperature_2m_max_member47,81.6
2026-12-13,temperature_2m_max_member47,81.6
2026-12-14,temperature_2m_max_member47,81.8
2026-12-15,temperature_2m_max_member47,78.7
2026-12-16,temperature_2m_max_member47,69.5
2026-12-17,temperature_2m_max_member47,73.9
2026-12-18,temperature_2m_max_member47,77.1
2026-12-19,temperature_2m_max_member47,75.3
2026-12-20,temperature_2m_max_member47,72
2026-12-21,temperature_2m_max_member47,69.9
2026-12-22,temperature_2m_max_member47,75.5
2026-12-23,temperature_2m_max_member47,75
2026-12-24,temperature_2m_max_member47,73.1
2026-12-25,temperature_2m_max_member47,73.9
2026-12-26,temperature_2m_max_member47,74.3
2026-12-27,temperature_2m_max_member47,81.1
2026-12-28,temperature_2m_max_member47,82
2026-12-29,temperature_2m_max_member47,79.5
2026-12-30,temperature_2m_max_member47,74.2
2026-12-31,temperature_2m_max_member47,69.9
2027-01-01,temperature_2m_max_member47,67.8
2027-01-02,temperature_2m_max_member47,69.4
2027-01-03,temperature_2m_max_member47,67.4
2027-01-04,temperature_2m_max_member47,63.7
2027-01-05,temperature_2m_max_member47,64.8
2027-01-06,temperature_2m_max_member47,69.8
2027-01-07,temperature_2m_max_member47,58.6
2027-01-08,temperature_2m_max_member47,66.1
2027-01-09,temperature_2m_max_member47,74.1
2027-01-10,temperature_2m_max_member47,67.1
2027-01-11,temperature_2m_max_member47,64.4
2027-01-12,temperature_2m_max_member47,69
2027-01-13,temperature_2m_max_member47,66.4
2027-01-14,temperature_2m_max_member47,75.5
2027-01-15,temperature_2m_max_member47,74.1
2027-01-16,temperature_2m_max_member47,70.7
2027-01-17,temperature_2m_max_member47,73.9
2027-01-18,temperature_2m_max_member47,75
2027-01-19,temperature_2m_max_member47,76.8
2027-01-20,temperature_2m_max_member47,73.8
2027-01-21,temperature_2m_max_member47,64.8
2027-01-22,temperature_2m_max_member47,63
2027-01-23,temperature_2m_max_member47,72.1
2027-01-24,temperature_2m_max_member47,75.6
2027-01-25,temperature_2m_max_member47,71.4
2027-01-26,temperature_2m_max_member47,68.5
2027-01-27,temperature_2m_max_member47,70.5
2027-01-28,temperature_2m_max_member47,72.9
2027-01-29,temperature_2m_max_member47,76.4
2027-01-30,temperature_2m_max_member47,74.9
2027-01-31,temperature_2m_max_member47,76.6
2027-02-01,temperature_2m_max_member47,79.2
2027-02-02,temperature_2m_max_member47,70.3
2027-02-03,temperature_2m_max_member47,61.7
2027-02-04,temperature_2m_max_member47,66.7
2027-02-05,temperature_2m_max_member47,67.4
2027-02-06,temperature_2m_max_member47,67.3
2027-02-07,temperature_2m_max_member47,69.8
2027-02-08,temperature_2m_max_member47,72
2027-02-09,temperature_2m_max_member47,74.8
2027-02-10,temperature_2m_max_member47,79.7
2027-02-11,temperature_2m_max_member47,81
2027-02-12,temperature_2m_max_member47,75.4
2027-02-13,temperature_2m_max_member47,70.2
2027-02-14,temperature_2m_max_member47,73.2
2027-02-15,temperature_2m_max_member47,78.9
2027-02-16,temperature_2m_max_member47,74.9
2027-02-17,temperature_2m_max_member47,68.5
2027-02-18,temperature_2m_max_member47,66.1
2027-02-19,temperature_2m_max_member47,63.6
2027-02-20,temperature_2m_max_member47,68.7
2027-02-21,temperature_2m_max_member47,69.5
2027-02-22,temperature_2m_max_member47,68.7
2027-02-23,temperature_2m_max_member47,72.8
2027-02-24,temperature_2m_max_member47,70.5
2027-02-25,temperature_2m_max_member47,68.7
2027-02-26,temperature_2m_max_member47,71.2
2027-02-27,temperature_2m_max_member47,72.4
2027-02-28,temperature_2m_max_member47,67.6
2027-03-01,temperature_2m_max_member47,63.9
2027-03-02,temperature_2m_max_member47,71.5
2027-03-03,temperature_2m_max_member47,73
2027-03-04,temperature_2m_max_member47,75.3
2027-03-05,temperature_2m_max_member47,69.3
2027-03-06,temperature_2m_max_member47,72.6
2027-03-07,temperature_2m_max_member47,76.8
2027-03-08,temperature_2m_max_member47,79.1
2027-03-09,temperature_2m_max_member47,73.6
2027-03-10,temperature_2m_max_member47,68.4
2027-03-11,temperature_2m_max_member47,66.7
2027-03-12,temperature_2m_max_member47,73.2
2027-03-13,temperature_2m_max_member47,75
2026-09-15,temperature_2m_max_member48,96
2026-09-16,temperature_2m_max_member48,95.7
2026-09-17,temperature_2m_max_member48,92.9
2026-09-18,temperature_2m_max_member48,93
2026-09-19,temperature_2m_max_member48,92.6
2026-09-20,temperature_2m_max_member48,87.8
2026-09-21,temperature_2m_max_member48,89.8
2026-09-22,temperature_2m_max_member48,92
2026-09-23,temperature_2m_max_member48,93.5
2026-09-24,temperature_2m_max_member48,93.9
2026-09-25,temperature_2m_max_member48,90.7
2026-09-26,temperature_2m_max_member48,91.2
2026-09-27,temperature_2m_max_member48,91.1
2026-09-28,temperature_2m_max_member48,91.4
2026-09-29,temperature_2m_max_member48,92.5
2026-09-30,temperature_2m_max_member48,92
2026-10-01,temperature_2m_max_member48,88.5
2026-10-02,temperature_2m_max_member48,88.6
2026-10-03,temperature_2m_max_member48,88.7
2026-10-04,temperature_2m_max_member48,89.6
2026-10-05,temperature_2m_max_member48,91.9
2026-10-06,temperature_2m_max_member48,92
2026-10-07,temperature_2m_max_member48,92.1
2026-10-08,temperature_2m_max_member48,91.9
2026-10-09,temperature_2m_max_member48,86.5
2026-10-10,temperature_2m_max_member48,87.4
2026-10-11,temperature_2m_max_member48,88.7
2026-10-12,temperature_2m_max_member48,87.4
2026-10-13,temperature_2m_max_member48,88.1
2026-10-14,temperature_2m_max_member48,89.5
2026-10-15,temperature_2m_max_member48,91
2026-10-16,temperature_2m_max_member48,92.2
2026-10-17,temperature_2m_max_member48,93.3
2026-10-18,temperature_2m_max_member48,93.2
2026-10-19,temperature_2m_max_member48,83.4
2026-10-20,temperature_2m_max_member48,85.9
2026-10-21,temperature_2m_max_member48,86.5
2026-10-22,temperature_2m_max_member48,86.3
2026-10-23,temperature_2m_max_member48,85.8
2026-10-24,temperature_2m_max_member48,88.6
2026-10-25,temperature_2m_max_member48,89
2026-10-26,temperature_2m_max_member48,89.2
2026-10-27,temperature_2m_max_member48,83.7
2026-10-28,temperature_2m_max_member48,84.4
2026-10-29,temperature_2m_max_member48,85.1
2026-10-30,temperature_2m_max_member48,79.4
2026-10-31,temperature_2m_max_member48,76.9
2026-11-01,temperature_2m_max_member48,80.5
2026-11-02,temperature_2m_max_member48,83.7
2026-11-03,temperature_2m_max_member48,81.1
2026-11-04,temperature_2m_max_member48,72.4
2026-11-05,temperature_2m_max_member48,77.7
2026-11-06,temperature_2m_max_member48,80.2
2026-11-07,temperature_2m_max_member48,83.6
2026-11-08,temperature_2m_max_member48,82.3
2026-11-09,temperature_2m_max_member48,82.5
2026-11-10,temperature_2m_max_member48,80
2026-11-11,temperature_2m_max_member48,80.7
2026-11-12,temperature_2m_max_member48,80.8
2026-11-13,temperature_2m_max_member48,76.6
2026-11-14,temperature_2m_max_member48,69.4
2026-11-15,temperature_2m_max_member48,65.2
2026-11-16,temperature_2m_max_member48,70.1
2026-11-17,temperature_2m_max_member48,76
2026-11-18,temperature_2m_max_member48,75.4
2026-11-19,temperature_2m_max_member48,76.3
2026-11-20,temperature_2m_max_member48,73
2026-11-21,temperature_2m_max_member48,76.9
2026-11-22,temperature_2m_max_member48,80.2
2026-11-23,temperature_2m_max_member48,80.3
2026-11-24,temperature_2m_max_member48,82.7
2026-11-25,temperature_2m_max_member48,83.4
2026-11-26,temperature_2m_max_member48,76.6
2026-11-27,temperature_2m_max_member48,69.5
2026-11-28,temperature_2m_max_member48,75.5
2026-11-29,temperature_2m_max_member48,74.3
2026-11-30,temperature_2m_max_member48,74.3
2026-12-01,temperature_2m_max_member48,67.6
2026-12-02,temperature_2m_max_member48,61.6
2026-12-03,temperature_2m_max_member48,62.7
2026-12-04,temperature_2m_max_member48,59.7
2026-12-05,temperature_2m_max_member48,58.5
2026-12-06,temperature_2m_max_member48,64
2026-12-07,temperature_2m_max_member48,58.5
2026-12-08,temperature_2m_max_member48,61.1
2026-12-09,temperature_2m_max_member48,61.8
2026-12-10,temperature_2m_max_member48,68.2
2026-12-11,temperature_2m_max_member48,75.9
2026-12-12,temperature_2m_max_member48,72.1
2026-12-13,temperature_2m_max_member48,73
2026-12-14,temperature_2m_max_member48,56.2
2026-12-15,temperature_2m_max_member48,59.1
2026-12-16,temperature_2m_max_member48,70.2
2026-12-17,temperature_2m_max_member48,70.7
2026-12-18,temperature_2m_max_member48,70.2
2026-12-19,temperature_2m_max_member48,76.2
2026-12-20,temperature_2m_max_member48,75.4
2026-12-21,temperature_2m_max_member48,74.4
2026-12-22,temperature_2m_max_member48,68.4
2026-12-23,temperature_2m_max_member48,70.4
2026-12-24,temperature_2m_max_member48,65.8
2026-12-25,temperature_2m_max_member48,60.1
2026-12-26,temperature_2m_max_member48,54.2
2026-12-27,temperature_2m_max_member48,60.6
2026-12-28,temperature_2m_max_member48,69.2
2026-12-29,temperature_2m_max_member48,73.8
2026-12-30,temperature_2m_max_member48,71.9
2026-12-31,temperature_2m_max_member48,71.3
2027-01-01,temperature_2m_max_member48,73.9
2027-01-02,temperature_2m_max_member48,79
2027-01-03,temperature_2m_max_member48,77.7
2027-01-04,temperature_2m_max_member48,78.8
2027-01-05,temperature_2m_max_member48,79.6
2027-01-06,temperature_2m_max_member48,78.3
2027-01-07,temperature_2m_max_member48,78.7
2027-01-08,temperature_2m_max_member48,77.9
2027-01-09,temperature_2m_max_member48,76.9
2027-01-10,temperature_2m_max_member48,78.2
2027-01-11,temperature_2m_max_member48,77.4
2027-01-12,temperature_2m_max_member48,77.5
2027-01-13,temperature_2m_max_member48,77.3
2027-01-14,temperature_2m_max_member48,76.2
2027-01-15,temperature_2m_max_member48,77.5
2027-01-16,temperature_2m_max_member48,75.5
2027-01-17,temperature_2m_max_member48,71.1
2027-01-18,temperature_2m_max_member48,67.5
2027-01-19,temperature_2m_max_member48,63.8
2027-01-20,temperature_2m_max_member48,58.6
2027-01-21,temperature_2m_max_member48,65.7
2027-01-22,temperature_2m_max_member48,70.7
2027-01-23,temperature_2m_max_member48,66
2027-01-24,temperature_2m_max_member48,58.4
2027-01-25,temperature_2m_max_member48,64.1
2027-01-26,temperature_2m_max_member48,70.1
2027-01-27,temperature_2m_max_member48,67.6
2027-01-28,temperature_2m_max_member48,67.9
2027-01-29,temperature_2m_max_member48,73.1
2027-01-30,temperature_2m_max_member48,70.3
2027-01-31,temperature_2m_max_member48,54.2
2027-02-01,temperature_2m_max_member48,65.8
2027-02-02,temperature_2m_max_member48,65.3
2027-02-03,temperature_2m_max_member48,69.9
2027-02-04,temperature_2m_max_member48,70.2
2027-02-05,temperature_2m_max_member48,57.4
2027-02-06,temperature_2m_max_member48,67.3
2027-02-07,temperature_2m_max_member48,69.4
2027-02-08,temperature_2m_max_member48,74
2027-02-09,temperature_2m_max_member48,77.4
2027-02-10,temperature_2m_max_member48,76.4
2027-02-11,temperature_2m_max_member48,74.1
2027-02-12,temperature_2m_max_member48,69.7
2027-02-13,temperature_2m_max_member48,70.7
2027-02-14,temperature_2m_max_member48,69.4
2027-02-15,temperature_2m_max_member48,67.8
2027-02-16,temperature_2m_max_member48,68.5
2027-02-17,temperature_2m_max_member48,71.2
2027-02-18,temperature_2m_max_member48,62.1
2027-02-19,temperature_2m_max_member48,62.3
2027-02-20,temperature_2m_max_member48,61
2027-02-21,temperature_2m_max_member48,64.6
2027-02-22,temperature_2m_max_member48,69.7
2027-02-23,temperature_2m_max_member48,72.3
2027-02-24,temperature_2m_max_member48,72
2027-02-25,temperature_2m_max_member48,66.6
2027-02-26,temperature_2m_max_member48,63.1
2027-02-27,temperature_2m_max_member48,60.4
2027-02-28,temperature_2m_max_member48,51.5
2027-03-01,temperature_2m_max_member48,67.7
2027-03-02,temperature_2m_max_member48,73.6
2027-03-03,temperature_2m_max_member48,75.3
2027-03-04,temperature_2m_max_member48,74.8
2027-03-05,temperature_2m_max_member48,67.9
2027-03-06,temperature_2m_max_member48,69.3
2027-03-07,temperature_2m_max_member48,75.9
2027-03-08,temperature_2m_max_member48,79.1
2027-03-09,temperature_2m_max_member48,77.9
2027-03-10,temperature_2m_max_member48,73.4
2027-03-11,temperature_2m_max_member48,66.9
2027-03-12,temperature_2m_max_member48,56.2
2027-03-13,temperature_2m_max_member48,62.8
2026-09-15,temperature_2m_max_member49,94.4
2026-09-16,temperature_2m_max_member49,94
2026-09-17,temperature_2m_max_member49,93.1
2026-09-18,temperature_2m_max_member49,91.9
2026-09-19,temperature_2m_max_member49,84.7
2026-09-20,temperature_2m_max_member49,84.5
2026-09-21,temperature_2m_max_member49,83.6
2026-09-22,temperature_2m_max_member49,83.2
2026-09-23,temperature_2m_max_member49,83
2026-09-24,temperature_2m_max_member49,85.1
2026-09-25,temperature_2m_max_member49,86.4
2026-09-26,temperature_2m_max_member49,81.5
2026-09-27,temperature_2m_max_member49,86.8
2026-09-28,temperature_2m_max_member49,87.7
2026-09-29,temperature_2m_max_member49,86.9
2026-09-30,temperature_2m_max_member49,87.9
2026-10-01,temperature_2m_max_member49,88.3
2026-10-02,temperature_2m_max_member49,89.1
2026-10-03,temperature_2m_max_member49,88
2026-10-04,temperature_2m_max_member49,88
2026-10-05,temperature_2m_max_member49,87.4
2026-10-06,temperature_2m_max_member49,88.2
2026-10-07,temperature_2m_max_member49,88.7
2026-10-08,temperature_2m_max_member49,89
2026-10-09,temperature_2m_max_member49,86.4
2026-10-10,temperature_2m_max_member49,83.8
2026-10-11,temperature_2m_max_member49,85
2026-10-12,temperature_2m_max_member49,86.6
2026-10-13,temperature_2m_max_member49,86.6
2026-10-14,temperature_2m_max_member49,86.2
2026-10-15,temperature_2m_max_member49,83.6
2026-10-16,temperature_2m_max_member49,85
2026-10-17,temperature_2m_max_member49,84.8
2026-10-18,temperature_2m_max_member49,86.2
2026-10-19,temperature_2m_max_member49,86.2
2026-10-20,temperature_2m_max_member49,86
2026-10-21,temperature_2m_max_member49,85.5
2026-10-22,temperature_2m_max_member49,86.5
2026-10-23,temperature_2m_max_member49,87.3
2026-10-24,temperature_2m_max_member49,85.6
2026-10-25,temperature_2m_max_member49,86.6
2026-10-26,temperature_2m_max_member49,87
2026-10-27,temperature_2m_max_member49,84.7
2026-10-28,temperature_2m_max_member49,82.1
2026-10-29,temperature_2m_max_member49,81.1
2026-10-30,temperature_2m_max_member49,83.8
2026-10-31,temperature_2m_max_member49,82.2
2026-11-01,temperature_2m_max_member49,81.2
2026-11-02,temperature_2m_max_member49,81.4
2026-11-03,temperature_2m_max_member49,82.3
2026-11-04,temperature_2m_max_member49,84.7
2026-11-05,temperature_2m_max_member49,84.1
2026-11-06,temperature_2m_max_member49,82.5
2026-11-07,temperature_2m_max_member49,78
2026-11-08,temperature_2m_max_member49,75.8
2026-11-09,temperature_2m_max_member49,77
2026-11-10,temperature_2m_max_member49,78.8
2026-11-11,temperature_2m_max_member49,85.8
2026-11-12,temperature_2m_max_member49,85.6
2026-11-13,temperature_2m_max_member49,86.9
2026-11-14,temperature_2m_max_member49,83.8
2026-11-15,temperature_2m_max_member49,82.1
2026-11-16,temperature_2m_max_member49,83.5
2026-11-17,temperature_2m_max_member49,83.7
2026-11-18,temperature_2m_max_member49,83.9
2026-11-19,temperature_2m_max_member49,82.5
2026-11-20,temperature_2m_max_member49,78
2026-11-21,temperature_2m_max_member49,79.9
2026-11-22,temperature_2m_max_member49,74.6
2026-11-23,temperature_2m_max_member49,72.8
2026-11-24,temperature_2m_max_member49,68.3
2026-11-25,temperature_2m_max_member49,64.1
2026-11-26,temperature_2m_max_member49,68.4
2026-11-27,temperature_2m_max_member49,74.2
2026-11-28,temperature_2m_max_member49,76.6
2026-11-29,temperature_2m_max_member49,73.4
2026-11-30,temperature_2m_max_member49,82
2026-12-01,temperature_2m_max_member49,82.7
2026-12-02,temperature_2m_max_member49,81.9
2026-12-03,temperature_2m_max_member49,82.1
2026-12-04,temperature_2m_max_member49,82.2
2026-12-05,temperature_2m_max_member49,81
2026-12-06,temperature_2m_max_member49,78.9
2026-12-07,temperature_2m_max_member49,74
2026-12-08,temperature_2m_max_member49,76.3
2026-12-09,temperature_2m_max_member49,77.9
2026-12-10,temperature_2m_max_member49,79.4
2026-12-11,temperature_2m_max_member49,80.9
2026-12-12,temperature_2m_max_member49,79.7
2026-12-13,temperature_2m_max_member49,76.9
2026-12-14,temperature_2m_max_member49,72.7
2026-12-15,temperature_2m_max_member49,72.5
2026-12-16,temperature_2m_max_member49,78
2026-12-17,temperature_2m_max_member49,78.2
2026-12-18,temperature_2m_max_member49,75.8
2026-12-19,temperature_2m_max_member49,72.3
2026-12-20,temperature_2m_max_member49,65.7
2026-12-21,temperature_2m_max_member49,59.7
2026-12-22,temperature_2m_max_member49,62
2026-12-23,temperature_2m_max_member49,68.5
2026-12-24,temperature_2m_max_member49,71.3
2026-12-25,temperature_2m_max_member49,76.6
2026-12-26,temperature_2m_max_member49,75
2026-12-27,temperature_2m_max_member49,75.3
2026-12-28,temperature_2m_max_member49,69.7
2026-12-29,temperature_2m_max_member49,77.3
2026-12-30,temperature_2m_max_member49,80.4
2026-12-31,temperature_2m_max_member49,75.7
2027-01-01,temperature_2m_max_member49,79.1
2027-01-02,temperature_2m_max_member49,74.8
2027-01-03,temperature_2m_max_member49,71.7
2027-01-04,temperature_2m_max_member49,69.4
2027-01-05,temperature_2m_max_member49,65.3
2027-01-06,temperature_2m_max_member49,74.5
2027-01-07,temperature_2m_max_member49,74.5
2027-01-08,temperature_2m_max_member49,69.2
2027-01-09,temperature_2m_max_member49,65.6
2027-01-10,temperature_2m_max_member49,69.7
2027-01-11,temperature_2m_max_member49,74.6
2027-01-12,temperature_2m_max_member49,67.1
2027-01-13,temperature_2m_max_member49,71.5
2027-01-14,temperature_2m_max_member49,68.8
2027-01-15,temperature_2m_max_member49,73.3
2027-01-16,temperature_2m_max_member49,74.9
2027-01-17,temperature_2m_max_member49,75.8
2027-01-18,temperature_2m_max_member49,74.1
2027-01-19,temperature_2m_max_member49,68.7
2027-01-20,temperature_2m_max_member49,69.4
2027-01-21,temperature_2m_max_member49,74.7
2027-01-22,temperature_2m_max_member49,68.5
2027-01-23,temperature_2m_max_member49,70.2
2027-01-24,temperature_2m_max_member49,76.1
2027-01-25,temperature_2m_max_member49,77.4
2027-01-26,temperature_2m_max_member49,75.3
2027-01-27,temperature_2m_max_member49,74.4
2027-01-28,temperature_2m_max_member49,77.7
2027-01-29,temperature_2m_max_member49,69.9
2027-01-30,temperature_2m_max_member49,68
2027-01-31,temperature_2m_max_member49,69.1
2027-02-01,temperature_2m_max_member49,66.9
2027-02-02,temperature_2m_max_member49,70.6
2027-02-03,temperature_2m_max_member49,69
2027-02-04,temperature_2m_max_member49,67.9
2027-02-05,temperature_2m_max_member49,63.8
2027-02-06,temperature_2m_max_member49,64.8
2027-02-07,temperature_2m_max_member49,74.8
2027-02-08,temperature_2m_max_member49,72.4
2027-02-09,temperature_2m_max_member49,80
2027-02-10,temperature_2m_max_member49,74.5
2027-02-11,temperature_2m_max_member49,71.3
2027-02-12,temperature_2m_max_member49,75.8
2027-02-13,temperature_2m_max_member49,72.5
2027-02-14,temperature_2m_max_member49,61.6
2027-02-15,temperature_2m_max_member49,66.8
2027-02-16,temperature_2m_max_member49,66
2027-02-17,temperature_2m_max_member49,59.5
2027-02-18,temperature_2m_max_member49,68.5
2027-02-19,temperature_2m_max_member49,73.3
2027-02-20,temperature_2m_max_member49,64.5
2027-02-21,temperature_2m_max_member49,59.5
2027-02-22,temperature_2m_max_member49,57.8
2027-02-23,temperature_2m_max_member49,64.9
2027-02-24,temperature_2m_max_member49,73.8
2027-02-25,temperature_2m_max_member49,70.1
2027-02-26,temperature_2m_max_member49,63.7
2027-02-27,temperature_2m_max_member49,71.2
2027-02-28,temperature_2m_max_member49,73.6
2027-03-01,temperature_2m_max_member49,69.1
2027-03-02,temperature_2m_max_member49,57.1
2027-03-03,temperature_2m_max_member49,60.9
2027-03-04,temperature_2m_max_member49,61.5
2027-03-05,temperature_2m_max_member49,63.3
2027-03-06,temperature_2m_max_member49,67.9
2027-03-07,temperature_2m_max_member49,72.4
2027-03-08,temperature_2m_max_member49,73.9
2027-03-09,temperature_2m_max_member49,75.4
2027-03-10,temperature_2m_max_member49,76.2
2027-03-11,temperature_2m_max_member49,78.2
2027-03-12,temperature_2m_max_member49,79.2
2027-03-13,temperature_2m_max_member49,81.8
2026-09-15,temperature_2m_max_member50,95.9
2026-09-16,temperature_2m_max_member50,92.6
2026-09-17,temperature_2m_max_member50,88.6
2026-09-18,temperature_2m_max_member50,89.2
2026-09-19,temperature_2m_max_member50,88.3
2026-09-20,temperature_2m_max_member50,86.8
2026-09-21,temperature_2m_max_member50,86.5
2026-09-22,temperature_2m_max_member50,86.2
2026-09-23,temperature_2m_max_member50,85
2026-09-24,temperature_2m_max_member50,86.2
2026-09-25,temperature_2m_max_member50,87.4
2026-09-26,temperature_2m_max_member50,88.3
2026-09-27,temperature_2m_max_member50,88.6
2026-09-28,temperature_2m_max_member50,83.4
2026-09-29,temperature_2m_max_member50,85.6
2026-09-30,temperature_2m_max_member50,87.1
2026-10-01,temperature_2m_max_member50,89
2026-10-02,temperature_2m_max_member50,89.8
2026-10-03,temperature_2m_max_member50,87.7
2026-10-04,temperature_2m_max_member50,85.9
2026-10-05,temperature_2m_max_member50,84.8
2026-10-06,temperature_2m_max_member50,89.2
2026-10-07,temperature_2m_max_member50,90.1
2026-10-08,temperature_2m_max_member50,89.2
2026-10-09,temperature_2m_max_member50,88.3
2026-10-10,temperature_2m_max_member50,85.2
2026-10-11,temperature_2m_max_member50,85.6
2026-10-12,temperature_2m_max_member50,76.1
2026-10-13,temperature_2m_max_member50,82.6
2026-10-14,temperature_2m_max_member50,85.2
2026-10-15,temperature_2m_max_member50,85.6
2026-10-16,temperature_2m_max_member50,83.5
2026-10-17,temperature_2m_max_member50,80
2026-10-18,temperature_2m_max_member50,82.6
2026-10-19,temperature_2m_max_member50,83.9
2026-10-20,temperature_2m_max_member50,84.7
2026-10-21,temperature_2m_max_member50,77.1
2026-10-22,temperature_2m_max_member50,83.1
2026-10-23,temperature_2m_max_member50,83.2
2026-10-24,temperature_2m_max_member50,84.1
2026-10-25,temperature_2m_max_member50,84.1
2026-10-26,temperature_2m_max_member50,84.7
2026-10-27,temperature_2m_max_member50,85.4
2026-10-28,temperature_2m_max_member50,84.3
2026-10-29,temperature_2m_max_member50,84.3
2026-10-30,temperature_2m_max_member50,85.3
2026-10-31,temperature_2m_max_member50,82.8
2026-11-01,temperature_2m_max_member50,77.3
2026-11-02,temperature_2m_max_member50,79.4
2026-11-03,temperature_2m_max_member50,84.3
2026-11-04,temperature_2m_max_member50,85.5
2026-11-05,temperature_2m_max_member50,83.4
2026-11-06,temperature_2m_max_member50,85
2026-11-07,temperature_2m_max_member50,82
2026-11-08,temperature_2m_max_member50,77.9
2026-11-09,temperature_2m_max_member50,75.8
2026-11-10,temperature_2m_max_member50,82.3
2026-11-11,temperature_2m_max_member50,85.9
2026-11-12,temperature_2m_max_member50,75.7
2026-11-13,temperature_2m_max_member50,75.3
2026-11-14,temperature_2m_max_member50,73.1
2026-11-15,temperature_2m_max_member50,76.3
2026-11-16,temperature_2m_max_member50,71.5
2026-11-17,temperature_2m_max_member50,70.8
2026-11-18,temperature_2m_max_member50,64.2
2026-11-19,temperature_2m_max_member50,64.3
2026-11-20,temperature_2m_max_member50,68
2026-11-21,temperature_2m_max_member50,64.7
2026-11-22,temperature_2m_max_member50,69.7
2026-11-23,temperature_2m_max_member50,73.8
2026-11-24,temperature_2m_max_member50,73.9
2026-11-25,temperature_2m_max_member50,74.8
2026-11-26,temperature_2m_max_member50,77.6
2026-11-27,temperature_2m_max_member50,80.3
2026-11-28,temperature_2m_max_member50,82.9
2026-11-29,temperature_2m_max_member50,83.1
2026-11-30,temperature_2m_max_member50,79.5
2026-12-01,temperature_2m_max_member50,74.4
2026-12-02,temperature_2m_max_member50,71.3
2026-12-03,temperature_2m_max_member50,77.8
2026-12-04,temperature_2m_max_member50,73.9
2026-12-05,temperature_2m_max_member50,75.5
2026-12-06,temperature_2m_max_member50,78.1
2026-12-07,temperature_2m_max_member50,77.3
2026-12-08,temperature_2m_max_member50,72.3
2026-12-09,temperature_2m_max_member50,77
2026-12-10,temperature_2m_max_member50,80
2026-12-11,temperature_2m_max_member50,80.3
2026-12-12,temperature_2m_max_member50,75.7
2026-12-13,temperature_2m_max_member50,73.2
2026-12-14,temperature_2m_max_member50,66.1
2026-12-15,temperature_2m_max_member50,72
2026-12-16,temperature_2m_max_member50,80.1
2026-12-17,temperature_2m_max_member50,75.4
2026-12-18,temperature_2m_max_member50,72.2
2026-12-19,temperature_2m_max_member50,75
2026-12-20,temperature_2m_max_member50,78.2
2026-12-21,temperature_2m_max_member50,77.7
2026-12-22,temperature_2m_max_member50,69.3
2026-12-23,temperature_2m_max_member50,79.4
2026-12-24,temperature_2m_max_member50,79.6
2026-12-25,temperature_2m_max_member50,80.7
2026-12-26,temperature_2m_max_member50,77.5
2026-12-27,temperature_2m_max_member50,69.3
2026-12-28,temperature_2m_max_member50,71.2
2026-12-29,temperature_2m_max_member50,69.4
2026-12-30,temperature_2m_max_member50,75.9
2026-12-31,temperature_2m_max_member50,73.8
2027-01-01,temperature_2m_max_member50,73.9
2027-01-02,temperature_2m_max_member50,69.1
2027-01-03,temperature_2m_max_member50,75.4
2027-01-04,temperature_2m_max_member50,76.8
2027-01-05,temperature_2m_max_member50,78.8
2027-01-06,temperature_2m_max_member50,74.3
2027-01-07,temperature_2m_max_member50,75.1
2027-01-08,temperature_2m_max_member50,73.3
2027-01-09,temperature_2m_max_member50,76.1
2027-01-10,temperature_2m_max_member50,72.6
2027-01-11,temperature_2m_max_member50,74.9
2027-01-12,temperature_2m_max_member50,75.3
2027-01-13,temperature_2m_max_member50,76.6
2027-01-14,temperature_2m_max_member50,72.3
2027-01-15,temperature_2m_max_member50,77.1
2027-01-16,temperature_2m_max_member50,79.1
2027-01-17,temperature_2m_max_member50,78.5
2027-01-18,temperature_2m_max_member50,78.2
2027-01-19,temperature_2m_max_member50,80.2
2027-01-20,temperature_2m_max_member50,74.4
2027-01-21,temperature_2m_max_member50,70.7
2027-01-22,temperature_2m_max_member50,66.7
2027-01-23,temperature_2m_max_member50,71.9
2027-01-24,temperature_2m_max_member50,74.9
2027-01-25,temperature_2m_max_member50,64.6
2027-01-26,temperature_2m_max_member50,74.9
2027-01-27,temperature_2m_max_member50,73.8
2027-01-28,temperature_2m_max_member50,74.3
2027-01-29,temperature_2m_max_member50,70.3
2027-01-30,temperature_2m_max_member50,57
2027-01-31,temperature_2m_max_member50,55.8
2027-02-01,temperature_2m_max_member50,63.3
2027-02-02,temperature_2m_max_member50,69.3
2027-02-03,temperature_2m_max_member50,74
2027-02-04,temperature_2m_max_member50,75.1
2027-02-05,temperature_2m_max_member50,71.5
2027-02-06,temperature_2m_max_member50,63.2
2027-02-07,temperature_2m_max_member50,74.5
2027-02-08,temperature_2m_max_member50,72.7
2027-02-09,temperature_2m_max_member50,60.1
2027-02-10,temperature_2m_max_member50,55.4
2027-02-11,temperature_2m_max_member50,66
2027-02-12,temperature_2m_max_member50,59.3
2027-02-13,temperature_2m_max_member50,68.9
2027-02-14,temperature_2m_max_member50,71
2027-02-15,temperature_2m_max_member50,70.9
2027-02-16,temperature_2m_max_member50,67.1
2027-02-17,temperature_2m_max_member50,67
2027-02-18,temperature_2m_max_member50,70.4
2027-02-19,temperature_2m_max_member50,60.9
2027-02-20,temperature_2m_max_member50,66.6
2027-02-21,temperature_2m_max_member50,69.2
2027-02-22,temperature_2m_max_member50,73.9
2027-02-23,temperature_2m_max_member50,69.9
2027-02-24,temperature_2m_max_member50,71.5
2027-02-25,temperature_2m_max_member50,73.3
2027-02-26,temperature_2m_max_member50,67.6
2027-02-27,temperature_2m_max_member50,66.7
2027-02-28,temperature_2m_max_member50,73
2027-03-01,temperature_2m_max_member50,70.3
2027-03-02,temperature_2m_max_member50,69
2027-03-03,temperature_2m_max_member50,69.6
2027-03-04,temperature_2m_max_member50,70.3
2027-03-05,temperature_2m_max_member50,72.7
2027-03-06,temperature_2m_max_member50,72.2
2027-03-07,temperature_2m_max_member50,75.5
2027-03-08,temperature_2m_max_member50,74.8
2027-03-09,temperature_2m_max_member50,71
2027-03-10,temperature_2m_max_member50,72.1
2027-03-11,temperature_2m_max_member50,76.7
2027-03-12,temperature_2m_max_member50,78.1
2027-03-13,temperature_2m_max_member50,73.3
