date,north_plain,north_weighted,naples,gap_plain,gap_weighted
2000-01-01,38.983333333333334,37.71819359854866,69,30.016666666666666,31.28180640145134
2000-01-02,47.44166666666667,46.412427108980175,69.8,22.358333333333327,23.387572891019822
2000-01-03,48.09166666666667,47.595036931450046,70.2,22.108333333333334,22.604963068549957
2000-01-04,45.5,45.71455228715822,71.7,26.200000000000003,25.985447712841783
2000-01-05,33.833333333333336,32.66790203446936,69.3,35.46666666666666,36.63209796553064
2000-01-06,33.75,31.89701956718932,70.5,36.75,38.60298043281068
2000-01-07,34.625,33.49615135415317,71.3,36.675,37.80384864584683
2000-01-08,35.6,34.33130750291564,70.7,35.1,36.36869249708436
2000-01-09,39.94166666666666,39.165802773098356,70.6,30.65833333333333,31.434197226901638
2000-01-10,43.55,42.85914215368667,72,28.450000000000003,29.14085784631333
2000-01-11,41.59166666666667,40.94255539717507,71.5,29.90833333333333,30.55744460282493
2000-01-12,37.199999999999996,35.877789296358685,69.6,32.4,33.72221070364131
2000-01-13,32.63333333333333,30.298665284436957,68.8,36.166666666666664,38.50133471556304
2000-01-14,23.608333333333334,20.094168718413894,64.2,40.59166666666667,44.105831281586106
2000-01-15,28.275,24.774277569003498,61.2,32.925000000000004,36.4257224309965
2000-01-16,34.608333333333334,32.19847090838409,63.3,28.691666666666663,31.10152909161591
2000-01-17,22.541666666666668,17.85271478553842,63.2,40.65833333333333,45.34728521446158
2000-01-18,24.066666666666666,19.630231955423092,62.9,38.83333333333333,43.26976804457691
2000-01-19,26.241666666666667,22.457483478035506,67.3,41.05833333333333,44.84251652196449
2000-01-20,24.4,21.24769988337437,69.3,44.9,48.05230011662563
2000-01-21,16.133333333333333,12.744706492160168,58,41.86666666666667,45.25529350783983
2000-01-22,17.84166666666667,13.539251004276274,60.4,42.55833333333333,46.860748995723725
2000-01-23,24.191666666666666,20.44264610599974,66.4,42.20833333333334,45.95735389400026
2000-01-24,24.858333333333334,21.814668912789944,65.9,41.04166666666667,44.085331087210065
2000-01-25,25.483333333333334,23.949488143060776,58.4,32.916666666666664,34.45051185693922
2000-01-26,22.316666666666666,20.689425942723858,56.4,34.08333333333333,35.71057405727614
2000-01-27,15.916666666666668,14.37132305299987,50.2,34.28333333333333,35.82867694700013
2000-01-28,15.966666666666667,13.000725670597383,59.7,43.733333333333334,46.69927432940262
2000-01-29,21.191666666666666,19.49234158351691,65.9,44.70833333333334,46.407658416483095
2000-01-30,26.21666666666667,24.59975379033303,66.7,40.483333333333334,42.10024620966698
2000-01-31,30.033333333333335,28.60390047946093,65.4,35.366666666666674,36.79609952053907
2000-02-01,28.441666666666666,26.464532849552935,64.7,36.25833333333334,38.235467150447064
2000-02-02,25.03333333333333,22.042257353894,65.7,40.66666666666667,43.657742646106
2000-02-03,29.21666666666667,26.616897758196192,65.7,36.483333333333334,39.083102241803815
2000-02-04,30.433333333333334,27.99926137099909,64.8,34.36666666666666,36.800738629000904
2000-02-05,28.275,26.106595827394067,59,30.725,32.89340417260593
2000-02-06,29.375,27.008461837501617,56.6,27.225,29.591538162498384
2000-02-07,33.858333333333334,31.219994816638593,61.7,27.84166666666667,30.48000518336141
2000-02-08,26.633333333333333,23.127795775560454,59.8,33.166666666666664,36.67220422443954
2000-02-09,35.766666666666666,33.521783076324994,59.5,23.733333333333334,25.978216923675006
2000-02-10,37.983333333333334,35.984579499805626,59.6,21.616666666666667,23.615420500194375
2000-02-11,36.016666666666666,34.05951794738888,61.2,25.183333333333337,27.14048205261112
2000-02-12,27.941666666666666,25.666450693274587,62.9,34.95833333333333,37.23354930672541
2000-02-13,32.525,30.400958921860827,67.1,34.574999999999996,36.69904107813917
2000-02-14,38.416666666666664,37.592846961254374,71.4,32.98333333333334,33.80715303874563
2000-02-15,35.45,33.55736685240378,72.3,36.849999999999994,38.742633147596216
2000-02-16,38.05,36.00361539458339,70.2,32.150000000000006,34.19638460541661
2000-02-17,32.05833333333333,29.451807697291695,68.8,36.74166666666667,39.3481923027083
2000-02-18,34.025,31.191680704937152,70.8,36.775,39.60831929506284
2000-02-19,33.90833333333333,31.132590384864585,71.1,37.19166666666666,39.96740961513541
2000-02-20,33.108333333333334,30.34333290138655,69.6,36.49166666666666,39.25666709861345
2000-02-21,34.2,31.75345341453933,67.9,33.7,36.146546585460676
2000-02-22,39.93333333333333,37.95147077880005,66.9,26.966666666666676,28.948529221199955
2000-02-23,45.36666666666667,44.25972528184528,68.8,23.43333333333333,24.54027471815472
2000-02-24,49.46666666666667,48.903589477776336,68.8,19.33333333333333,19.89641052222366
2000-02-25,50.80833333333333,48.55522871582221,69.6,18.791666666666664,21.044771284177784
2000-02-26,48.38333333333333,47.10431514837372,71.1,22.71666666666666,23.995684851626272
2000-02-27,48.391666666666666,47.61485033043929,70.3,21.90833333333333,22.685149669560708
2000-02-28,45.88333333333333,45.11025009718802,69.2,23.31666666666667,24.08974990281198
2000-02-29,45.40833333333333,44.104988985357004,70.3,24.891666666666666,26.195011014642994
2000-03-01,45.30833333333333,43.37776337955164,70,24.69166666666667,26.622236620448362
2000-03-02,41.858333333333334,39.7762213295322,69,27.141666666666666,29.2237786704678
2000-03-03,39.675,37.6729687702475,70.3,30.625,32.6270312297525
2000-03-04,41.525,40.38660101075548,70.6,29.074999999999996,30.213398989244517
2000-03-05,45.541666666666664,44.68232473759233,71,25.458333333333336,26.31767526240767
2000-03-06,45.96666666666667,44.5596864066347,70.1,24.133333333333326,25.540313593365298
2000-03-07,51.858333333333334,50.74092263833096,72.2,20.34166666666667,21.459077361669046
2000-03-08,56.36666666666667,54.707995334974726,71.5,15.133333333333333,16.792004665025274
2000-03-09,53.583333333333336,52.53769599585331,71.1,17.51666666666666,18.562304004146682
2000-03-10,45.09166666666667,43.634015809252304,71.9,26.808333333333337,28.2659841907477
2000-03-11,39.391666666666666,37.644434365686145,72.5,33.108333333333334,34.855565634313855
2000-03-12,40.225,39.60691978748218,71.5,31.275,31.893080212517823
2000-03-13,39.208333333333336,37.94741479849683,70.6,31.39166666666666,32.652585201503165
2000-03-14,43.86666666666667,42.385719839315804,71.1,27.233333333333327,28.71428016068419
2000-03-15,49.15833333333333,48.44825709472593,73.5,24.34166666666667,25.051742905274068
2000-03-16,47.958333333333336,47.082013735907736,74.8,26.84166666666666,27.71798626409226
2000-03-17,37.791666666666664,36.20955034339769,75.2,37.40833333333334,38.990449656602316
2000-03-18,35.325,32.488039393546714,73.2,37.875,40.71196060645329
2000-03-19,38.483333333333334,36.34054684462874,71.7,33.21666666666667,35.35945315537126
2000-03-20,42.28333333333333,40.912245691330824,74.1,31.816666666666663,33.18775430866917
2000-03-21,43.608333333333334,42.44308669171958,74.3,30.691666666666663,31.85691330828042
2000-03-22,46.791666666666664,45.20063496177271,74.3,27.508333333333333,29.09936503822729
2000-03-23,49.84166666666667,48.06612673318647,72.5,22.65833333333333,24.433873266813528
2000-03-24,53.925,52.87596216146171,71.8,17.875,18.92403783853829
2000-03-25,54.34166666666667,53.196864066347025,72,17.65833333333333,18.803135933652975
2000-03-26,53.391666666666666,52.663716470130886,71.3,17.90833333333333,18.63628352986911
2000-03-27,49.85,48.59560710120513,72.9,23.050000000000004,24.304392898794873
2000-03-28,48.40833333333333,47.42819748606971,73.3,24.891666666666666,25.871802513930284
2000-03-29,47.266666666666666,45.62012440067384,74.3,27.03333333333333,28.67987559932616
2000-03-30,46.475,44.945043410651806,76.7,30.225,31.754956589348197
2000-03-31,47.2,45.54438253207205,77,29.799999999999997,31.45561746792795
2000-04-01,50.891666666666666,49.45880523519502,77.7,26.808333333333337,28.24119476480498
2000-04-02,53.108333333333334,52.186393676299076,75.7,22.59166666666667,23.513606323700927
2000-04-03,55.4,54.8278216923675,74.6,19.199999999999996,19.772178307632494
2000-04-04,51.93333333333333,51.67054554878839,74.6,22.666666666666664,22.929454451211605
2000-04-05,45.975,44.84144097447195,67.3,21.324999999999996,22.458559025528047
2000-04-06,51.80833333333334,50.69309317092134,68.5,16.691666666666663,17.806906829078663
2000-04-07,50.74166666666667,49.12310483348451,71.9,21.15833333333334,22.776895166515494
2000-04-08,51.25,50.613658157315015,73.1,21.849999999999994,22.48634184268498
2000-04-09,43.05833333333334,41.89691589996112,69.2,26.141666666666666,27.30308410003888
2000-04-10,43.86666666666667,41.31751976156537,69.6,25.733333333333327,28.282480238434623
2000-04-11,44.94166666666666,41.89066994946222,73.6,28.65833333333333,31.709330050537773
2000-04-12,45.00833333333333,42.90736037320202,74.5,29.491666666666667,31.592639626797983
2000-04-13,45.516666666666666,43.799274329402614,74.6,29.08333333333333,30.80072567059738
2000-04-14,49.55,48.7206816120254,70.9,21.35000000000001,22.179318387974604
2000-04-15,54.03333333333333,54.060360243617986,72.7,18.66666666666667,18.639639756382017
2000-04-16,56.63333333333333,55.72988207852792,73.8,17.166666666666664,18.070117921472075
2000-04-17,49.00833333333333,46.971919139562004,73.4,24.391666666666673,26.428080860438
2000-04-18,46.96666666666667,44.88927044188156,74,27.03333333333333,29.110729558118443
2000-04-19,51.80833333333334,49.63441751976156,72.5,20.691666666666663,22.865582480238437
2000-04-20,54.3,53.16737073992484,73.9,19.60000000000001,20.732629260075164
2000-04-21,49.71666666666667,47.4875599326163,73.6,23.883333333333326,26.112440067383694
2000-04-22,50.1,48.54665025268887,73.8,23.699999999999996,25.253349747311127
2000-04-23,50.65,48.25486588052352,69.3,18.65,21.04513411947648
2000-04-24,53.9,51.88092523001166,76.4,22.500000000000007,24.519074769988343
2000-04-25,52.3,49.76643773487106,77.1,24.799999999999997,27.333562265128933
2000-04-26,50.18333333333334,47.1729687702475,71.7,21.516666666666666,24.527031229752502
2000-04-27,51.18333333333334,48.64964364390307,71.2,20.016666666666666,22.550356356096934
2000-04-28,52.81666666666666,51.04442140728262,71.6,18.78333333333333,20.555578592717374
2000-04-29,54.391666666666666,52.06762990799534,73.8,19.40833333333333,21.732370092004658
2000-04-30,56.28333333333334,54.23779966308151,75.2,18.916666666666664,20.962200336918492
2000-05-01,57.325,55.525048594013214,75.1,17.77499999999999,19.57495140598678
2000-05-02,58,56.621199948166385,76.3,18.299999999999997,19.678800051833612
2000-05-03,59.15833333333333,57.75763897887781,75.7,16.54166666666667,17.942361021122196
2000-05-04,62.525,61.400920046650256,76.1,13.574999999999996,14.699079953349738
2000-05-05,68.65833333333333,68.12602047427757,76.1,7.441666666666663,7.973979525722427
2000-05-06,70.29166666666667,69.68816897758195,75.7,5.408333333333331,6.0118310224180505
2000-05-07,72.225,72.14768692497084,76.1,3.875,3.952313075029153
2000-05-08,72.44166666666666,72.93393805883115,75.5,3.058333333333337,2.5660619411688543
2000-05-09,70.79166666666667,70.13882337695996,77.7,6.908333333333331,7.561176623040041
2000-05-10,61.8,59.66208371128677,77.8,16,18.137916288713228
2000-05-11,62.475,61.6970066087858,78.2,15.725000000000001,16.502993391214204
2000-05-12,66.3,64.77828171569263,79.5,13.200000000000003,14.721718284307372
2000-05-13,62.416666666666664,60.51193468964623,80.2,17.78333333333334,19.68806531035377
2000-05-14,58.75,58.246274458986655,79,20.25,20.753725541013345
2000-05-15,57.266666666666666,56.20007775042115,79.5,22.233333333333334,23.29992224957885
2000-05-16,58,57.16869249708436,79.7,21.700000000000003,22.531307502915645
2000-05-17,61.90833333333333,61.05515096540106,80.5,18.59166666666667,19.44484903459894
2000-05-18,65.39166666666667,64.1884022288454,80.2,14.808333333333337,16.011597771154598
2000-05-19,58.36666666666667,55.183387326681355,79.1,20.733333333333327,23.91661267331864
2000-05-20,55.19166666666667,52.60358947777634,78.6,23.408333333333324,25.996410522223655
2000-05-21,58.358333333333334,55.984955293507845,78.7,20.34166666666667,22.715044706492158
2000-05-22,60.36666666666667,58.455500842296225,79.8,19.43333333333333,21.344499157703773
2000-05-23,62.125,60.80754179085137,79.2,17.075000000000003,18.392458209148636
2000-05-24,65.49166666666667,64.45206686536218,80.5,15.008333333333326,16.047933134637816
2000-05-25,64.50833333333334,63.652015031748086,81.8,17.291666666666657,18.14798496825191
2000-05-26,64.15833333333333,62.92710898017364,82.1,17.941666666666663,19.172891019826352
2000-05-27,61.75,60.7971621096281,82.8,21.049999999999997,22.0028378903719
2000-05-28,60.35,58.93141117014384,81.5,21.15,22.56858882985616
2000-05-29,60.63333333333333,58.64977322793832,82,21.366666666666667,23.35022677206168
2000-05-30,60.925,59.59860049241933,81.6,20.674999999999997,22.001399507580665
2000-05-31,64,63.01784372165349,80,16,16.98215627834651
2000-06-01,70.09166666666667,70.16939225087471,81.7,11.608333333333334,11.530607749125295
2000-06-02,71.54166666666667,71.24618375016198,82,10.458333333333329,10.753816249838025
2000-06-03,64.7,63.68984061163665,82,17.299999999999997,18.310159388363353
2000-06-04,62.7,61.731838797460156,82,19.299999999999997,20.268161202539844
2000-06-05,60.74166666666667,59.24516003628353,81.6,20.858333333333327,22.354839963716465
2000-06-06,58.875,57.265660230659584,82.6,23.724999999999994,25.33433976934041
2000-06-07,62.525,61.01834909939095,82.7,20.175000000000004,21.68165090060905
2000-06-08,67.675,67.27224309965013,77.5,9.825000000000003,10.227756900349874
2000-06-09,72.85833333333333,73.00259168070494,77.5,4.641666666666666,4.497408319295062
2000-06-10,75.76666666666667,76.06936633406765,78.9,3.13333333333334,2.8306336659323534
2000-06-11,74.70833333333333,74.24466761694958,76.2,1.4916666666666742,1.9553323830504183
2000-06-12,68.85,67.04920305818324,78.9,10.050000000000011,11.850796941816768
2000-06-13,66.925,64.75521575741868,80.8,13.875,16.044784242581315
2000-06-14,67.18333333333334,65.05415316832966,81.4,14.216666666666669,16.345846831670343
2000-06-15,68.93333333333334,67.45334974731114,81.1,12.166666666666657,13.646650252688858
2000-06-16,72.56666666666666,72.77372035765194,81.3,8.733333333333334,8.526279642348058
2000-06-17,71.675,71.6320202151095,82.4,10.725000000000009,10.7679797848905
2000-06-18,67.975,67.14964364390308,82.4,14.425000000000011,15.25035635609693
2000-06-19,67.24166666666666,66.48638071789556,80.4,13.158333333333346,13.913619282104449
2000-06-20,70.075,69.4557470519632,80.3,10.224999999999994,10.844252948036797
2000-06-21,72.05833333333334,71.58854477128419,79.9,7.841666666666669,8.311455228715815
2000-06-22,72.525,72.14521186989762,80.1,7.574999999999989,7.954788130102372
2000-06-23,71.725,71.59572372683687,81.1,9.375,9.504276273163129
2000-06-24,72.68333333333334,71.9255669301542,81.4,8.716666666666669,9.474433069845801
2000-06-25,75.15833333333333,74.7926007515874,79.1,3.941666666666663,4.307399248412594
2000-06-26,75.31666666666666,75.01297136192821,79.2,3.88333333333334,4.187028638071794
2000-06-27,73.21666666666667,72.80834521186989,78.1,4.883333333333326,5.291654788130103
2000-06-28,70.14166666666667,69.30339510172345,80.5,10.358333333333334,11.196604898276547
2000-06-29,68.975,67.91626279642348,81.1,12.125,13.183737203576513
2000-06-30,69.19166666666666,68.20562394712972,81.7,12.50833333333334,13.49437605287028
2000-07-01,71.225,70.3012051315278,80.1,8.875,9.7987948684722
2000-07-02,73.30833333333334,72.98012180899313,79.3,5.99166666666666,6.319878191006865
2000-07-03,73.1,72.83617986264093,78,4.900000000000006,5.1638201373590675
2000-07-04,73.74166666666667,73.50211221977453,78.6,4.85833333333332,5.097887780225463
2000-07-05,74.38333333333334,74.06943112608528,79.2,4.816666666666663,5.130568873914726
2000-07-06,70.76666666666667,70.00063496177272,79.8,9.033333333333331,9.799365038227279
2000-07-07,69.19166666666666,68.11587404431774,81.4,12.208333333333343,13.28412595568227
2000-07-08,69.8,68.75706880912273,82.1,12.299999999999997,13.342931190877266
2000-07-09,73.23333333333333,72.56871841389142,80.5,7.266666666666666,7.931281586108582
2000-07-10,75.75,75.33220163275884,79.7,3.950000000000003,4.367798367241164
2000-07-11,73.175,72.66994946222626,80.1,6.924999999999997,7.430050537773738
2000-07-12,72.3,71.61514837372036,81.5,9.200000000000003,9.88485162627964
2000-07-13,74.03333333333333,73.63059479072179,82.2,8.166666666666671,8.569405209278216
2000-07-14,73.53333333333333,72.844356615265,82.8,9.266666666666666,9.955643384734998
2000-07-15,70.30833333333334,69.09057924063755,83.1,12.791666666666657,14.009420759362442
2000-07-16,71.41666666666667,70.5173772191266,82.2,10.783333333333331,11.682622780873402
2000-07-17,72.41666666666667,71.64916418297265,83.5,11.083333333333329,11.850835817027345
2000-07-18,72.70833333333333,71.9066087857976,83.3,10.591666666666669,11.393391214202396
2000-07-19,68,66.30717895555267,83,15,16.692821044447328
2000-07-20,68.9,67.08555138006997,82.6,13.699999999999989,15.514448619930022
2000-07-21,70.20833333333333,69.02300116625632,82.7,12.491666666666674,13.676998833743681
2000-07-22,70.33333333333333,69.2041466891279,82.1,11.766666666666666,12.895853310872099
2000-07-23,70,68.57374627445898,81.5,11.5,12.926253725541017
2000-07-24,70.00833333333333,68.94122068161202,80.6,10.591666666666669,11.658779318387971
2000-07-25,70.73333333333333,69.67226901645718,81.5,10.766666666666666,11.827730983542821
2000-07-26,69.45,68.20520927821693,80.7,11.25,12.494790721783076
2000-07-27,71.03333333333333,69.5546974212777,79.4,8.366666666666674,9.845302578722311
2000-07-28,71.725,70.19643643903072,81.2,9.475000000000009,11.003563560969283
2000-07-29,71.75833333333333,70.49003498768951,79.1,7.341666666666669,8.609965012310482
2000-07-30,72.11666666666666,70.54411040559803,79.3,7.183333333333337,8.755889594401964
2000-07-31,72.31666666666666,70.37202280679021,80.9,8.583333333333343,10.527977193209793
2000-08-01,73.40833333333333,71.909187508099,80.4,6.991666666666674,8.49081249190101
2000-08-02,75.13333333333334,74.3020474277569,79.7,4.566666666666663,5.397952572243099
2000-08-03,74.05,73.25485292212,79.9,5.8500000000000085,6.6451470778800115
2000-08-04,72.25,71.08301153297913,81.3,9.049999999999997,10.216988467020869
2000-08-05,71.525,70.07676558248023,81,9.474999999999994,10.923234417519765
2000-08-06,72.61666666666666,71.63687961643126,81.4,8.783333333333346,9.763120383568747
2000-08-07,77.01666666666667,76.48578463133343,83.5,6.483333333333334,7.014215368666569
2000-08-08,76.84166666666667,76.75161332123884,82.7,5.858333333333334,5.9483866787611674
2000-08-09,77.60833333333333,77.50266943112608,81.7,4.091666666666669,4.197330568873923
2000-08-10,75.78333333333333,74.92668135285732,82.3,6.516666666666666,7.373318647142682
2000-08-11,74.21666666666667,72.59923545419204,82.8,8.583333333333329,10.200764545807957
2000-08-12,71.69166666666666,69.74836076195412,81.6,9.908333333333331,11.851639238045877
2000-08-13,70.64166666666667,69.2655047298173,81.6,10.958333333333329,12.3344952701827
2000-08-14,71.48333333333333,70.0460930413373,83.1,11.61666666666666,13.053906958662694
2000-08-15,74.24166666666666,73.25859790073862,82.2,7.958333333333343,8.941402099261381
2000-08-16,72.95833333333333,71.74093559673449,82.4,9.441666666666677,10.659064403265518
2000-08-17,68.75833333333334,67.5638330957626,82.1,13.341666666666654,14.53616690423739
2000-08-18,67.8,66.04429182324738,81.8,14,15.75570817675262
2000-08-19,67.8,66.17681741609434,81,13.200000000000003,14.823182583905663
2000-08-20,66.6,65.20809900220293,80.9,14.300000000000011,15.691900997797077
2000-08-21,66.7,65.38745626538811,81.6,14.899999999999991,16.212543734611884
2000-08-22,69.75833333333333,68.99559414280161,81.7,11.941666666666677,12.704405857198395
2000-08-23,71.01666666666667,69.91919139562006,81.8,10.783333333333331,11.880808604379936
2000-08-24,72.63333333333333,71.68483866787612,81.4,8.76666666666668,9.715161332123884
2000-08-25,72.475,71.10593494881431,81.6,9.125,10.494065051185686
2000-08-26,72.56666666666666,71.38172865103019,79.7,7.13333333333334,8.318271348969816
2000-08-27,72.49166666666666,71.83431385253337,77,4.50833333333334,5.16568614746663
2000-08-28,71.65833333333333,70.99301542050019,77.5,5.841666666666669,6.5069845794998145
2000-08-29,71.5,71.02069457042892,81.1,9.599999999999994,10.079305429571079
2000-08-30,73.36666666666666,72.76979396138395,78.5,5.13333333333334,5.730206038616046
2000-08-31,75.575,75.34374757029933,80.2,4.625,4.856252429700675
2000-09-01,75.5,75.78202669431127,82.5,7,6.71797330568873
2000-09-02,75.04166666666667,74.89619022936374,82,6.958333333333329,7.103809770636261
2000-09-03,74.375,73.91570558507192,81.5,7.125,7.584294414928081
2000-09-04,71.43333333333334,70.31461707917585,81.6,10.166666666666657,11.285382920824148
2000-09-05,63.541666666666664,61.30290268238953,81.6,18.05833333333333,20.297097317610465
2000-09-06,63.15833333333333,61.26518076972917,79.8,16.641666666666666,18.534819230270827
2000-09-07,66.08333333333333,64.93729428534404,80.1,14.016666666666666,15.162705714655957
2000-09-08,68.75,68.21102760139951,80.2,11.450000000000003,11.988972398600495
2000-09-09,72.525,72.1357522353246,79.4,6.875,7.264247764675403
2000-09-10,71.98333333333333,71.35218349099391,79.5,7.516666666666666,8.147816509006091
2000-09-11,72.2,71.40209926137099,79.3,7.099999999999994,7.897900738629005
2000-09-12,71.80833333333334,70.65227419981858,80.5,8.691666666666663,9.847725800181422
2000-09-13,70.03333333333333,69.17348710638849,81.7,11.666666666666671,12.52651289361151
2000-09-14,67.09166666666667,66.23474147984969,81,13.908333333333331,14.765258520150311
2000-09-15,64.79166666666667,63.54106518076973,78.6,13.808333333333323,15.058934819230267
2000-09-16,60.9,59.19127899442789,78.6,17.699999999999996,19.408721005572104
2000-09-17,62.9,61.565971232344175,77.2,14.300000000000004,15.634028767655828
2000-09-18,67.46666666666667,66.73590773616691,79.3,11.833333333333329,12.56409226383309
2000-09-19,67.76666666666667,67.59527018271349,79.7,11.933333333333337,12.104729817286511
2000-09-20,68.15,67.18270053129454,80.7,12.549999999999997,13.51729946870546
2000-09-21,64.16666666666667,63.79009977970714,81.1,16.933333333333323,17.309900220292853
2000-09-22,60.766666666666666,59.87764675391992,81.7,20.933333333333337,21.822353246080084
2000-09-23,63.86666666666667,62.766670986134514,82.1,18.233333333333327,19.33332901386548
2000-09-24,63.516666666666666,62.86940520927822,81.9,18.38333333333334,19.030594790721786
2000-09-25,55.90833333333333,55.432979136970324,81.8,25.891666666666666,26.367020863029673
2000-09-26,54.36666666666667,53.420137359077366,80.9,26.53333333333334,27.47986264092264
2000-09-27,57.36666666666667,56.743384735000646,80.5,23.133333333333333,23.756615264999354
2000-09-28,57.375,56.3532849552935,78.3,20.924999999999997,21.946715044706494
2000-09-29,55.525,53.78095114681871,77.9,22.375000000000007,24.119048853181297
2000-09-30,59.041666666666664,57.64571724763509,78.4,19.35833333333334,20.754282752364915
2000-10-01,62.358333333333334,61.38816897758196,79.3,16.941666666666663,17.911831022418035
2000-10-02,63.725,62.71141635350525,77.6,13.874999999999993,14.888583646494745
2000-10-03,65.43333333333334,64.65086173383439,76.1,10.666666666666657,11.449138266165605
2000-10-04,63.725,62.80492419333938,79.2,15.475000000000001,16.39507580666062
2000-10-05,59.30833333333334,58.000479460930414,80.5,21.191666666666663,22.499520539069586
2000-10-06,58.25,57.4700272126474,80.9,22.650000000000006,23.429972787352604
2000-10-07,50.33333333333333,49.769729169366336,81.1,30.766666666666666,31.33027083063366
2000-10-08,45.91666666666667,45.38333549306726,79.2,33.28333333333333,33.816664506932746
2000-10-09,44.9,43.676597123234416,70.9,26.000000000000007,27.22340287676559
2000-10-10,46.708333333333336,45.14062459504989,69.6,22.89166666666666,24.4593754049501
2000-10-11,53.15,52.49887261889335,71.7,18.550000000000004,19.20112738110665
2000-10-12,56.641666666666666,55.80760658286899,73.3,16.65833333333333,17.492393417131005
2000-10-13,60.50833333333333,59.9960088117144,73.9,13.391666666666673,13.903991188285609
2000-10-14,62.766666666666666,62.930167163405464,73.6,10.833333333333329,10.66983283659453
2000-10-15,62.53333333333333,62.410379681223276,72.7,10.166666666666671,10.289620318776727
2000-10-16,57.983333333333334,56.40515744460282,72.2,14.216666666666669,15.794842555397182
2000-10-17,56.36666666666667,54.53323830504082,70.2,13.833333333333336,15.666761694959185
2000-10-18,57.34166666666667,56.15960865621355,70.5,13.158333333333331,14.34039134378645
2000-10-19,57.975,56.77768562913049,74.1,16.124999999999993,17.322314370869506
2000-10-20,58.275,57.11578333549307,74.9,16.625000000000007,17.784216664506936
2000-10-21,59.80833333333334,59.23168329661786,74.7,14.891666666666666,15.468316703382143
2000-10-22,57.375,55.990268238952964,75.3,17.924999999999997,19.309731761047033
2000-10-23,55.891666666666666,54.46148762472463,74.3,18.40833333333333,19.838512375275364
2000-10-24,58.30833333333333,57.13698328365945,74.2,15.891666666666673,17.063016716340556
2000-10-25,60.44166666666666,59.57618245432163,73.9,13.458333333333343,14.323817545678374
2000-10-26,60.525,60.253518206556954,74.1,13.574999999999996,13.84648179344304
2000-10-27,59.43333333333334,59.01409874303486,73.5,14.066666666666663,14.485901256965143
2000-10-28,53.45,52.09525722430996,72.4,18.950000000000003,20.304742775690045
2000-10-29,46.28333333333333,43.65713360114034,72.2,25.91666666666667,28.542866398859665
2000-10-30,47.68333333333333,45.24946222625372,73.5,25.81666666666667,28.25053777374628
2000-10-31,50.583333333333336,49.22639626797978,73.3,22.71666666666666,24.073603732020217
2000-11-01,52.375,51.38946481793443,72.1,19.724999999999994,20.710535182065563
2000-11-02,53.9,53.23483218867435,71.5,17.6,18.265167811325647
2000-11-03,53.50833333333333,52.343410651807694,71.1,17.59166666666666,18.7565893481923
2000-11-04,52.416666666666664,51.43822729039782,71.5,19.083333333333336,20.06177270960218
2000-11-05,48.775,47.421705325903844,71.9,23.125000000000007,24.478294674096162
2000-11-06,47.44166666666667,46.33322534663729,72.3,24.858333333333327,25.966774653362705
2000-11-07,48.641666666666666,48.158636775949205,74.7,26.058333333333337,26.541363224050798
2000-11-08,48.525,47.9979525722431,75.4,26.875000000000007,27.402047427756905
2000-11-09,50.2,49.521083322534665,75,24.799999999999997,25.478916677465335
2000-11-10,48.24166666666667,48.195231307502915,76.1,27.858333333333327,27.90476869249708
2000-11-11,46.45,46.3875599326163,72,25.549999999999997,25.6124400673837
2000-11-12,45.825,45.94579499805624,70.5,24.674999999999997,24.554205001943757
2000-11-13,43.45,43.16761694959181,72.2,28.75,29.032383050408193
2000-11-14,42.016666666666666,42.45656343138525,74.1,32.08333333333333,31.643436568614746
2000-11-15,38.3,38.110237138784505,68,29.700000000000003,29.889762861215495
2000-11-16,40.34166666666667,39.69612543734612,70.1,29.758333333333326,30.403874562653876
2000-11-17,39.80833333333334,39.71509654010626,74.5,34.69166666666666,34.78490345989374
2000-11-18,35.3,34.870221588700275,74.5,39.2,39.629778411299725
2000-11-19,36.11666666666667,35.10927821692368,74.5,38.38333333333333,39.39072178307632
2000-11-20,34.55833333333334,33.20852662951925,70.5,35.94166666666666,37.29147337048075
2000-11-21,31.316666666666666,29.970403006349617,61.7,30.383333333333336,31.729596993650386
2000-11-22,30.308333333333334,28.787637683037453,59.2,28.89166666666667,30.41236231696255
2000-11-23,31.275,29.306375534534144,64.2,32.925000000000004,34.89362446546586
2000-11-24,32.69166666666667,30.562679797848908,70.5,37.80833333333333,39.93732020215109
2000-11-25,36.075,34.152572243099655,74.8,38.724999999999994,40.64742775690034
2000-11-26,43.516666666666666,42.569197874821825,73.3,29.78333333333333,30.730802125178172
2000-11-27,42.708333333333336,41.50851367111572,68.4,25.69166666666667,26.891486328884284
2000-11-28,42.46666666666667,40.85937540495011,64.9,22.433333333333337,24.0406245950499
2000-11-29,40.4,38.9928080860438,69.2,28.800000000000004,30.2071919139562
2000-11-30,38.416666666666664,37.28969806919788,69,30.583333333333336,31.710301930802117
2000-12-01,36.69166666666666,35.10298043281068,68.4,31.708333333333343,33.297019567189324
2000-12-02,31.65,30.43072437475703,69.9,38.25000000000001,39.46927562524297
2000-12-03,30.05,28.543851237527537,67.2,37.150000000000006,38.65614876247247
2000-12-04,33.3,31.86130620707529,63.4,30.1,31.538693792924708
2000-12-05,31.40833333333333,30.125696514189453,65,33.59166666666667,34.87430348581054
2000-12-06,28.183333333333334,26.07127121938577,65,36.81666666666666,38.92872878061423
2000-12-07,30.008333333333333,28.217403135933655,66.9,36.89166666666667,38.682596864066355
2000-12-08,30.175,27.60549436309447,69.5,39.325,41.894505636905535
2000-12-09,29.466666666666665,26.97981080730854,71.2,41.733333333333334,44.220189192691464
2000-12-10,32.43333333333334,30.9567448490346,71.6,39.16666666666666,40.643255150965395
2000-12-11,33.86666666666667,33.06809641052222,73.3,39.43333333333333,40.231903589477774
2000-12-12,28.691666666666666,28.148049760269537,73.8,45.108333333333334,45.65195023973046
2000-12-13,23.425,21.445613580406892,75.1,51.675,53.6543864195931
2000-12-14,30.958333333333332,30.336348321886746,75.9,44.94166666666668,45.56365167811326
2000-12-15,30.25,28.368770247505505,75.2,44.95,46.831229752494494
2000-12-16,37.925,36.846429959828946,74.8,36.875,37.95357004017105
2000-12-17,37.99166666666667,38.098004405857196,70.4,32.40833333333334,32.30199559414281
2000-12-18,25.933333333333334,23.82903978229882,58.9,32.96666666666667,35.07096021770118
2000-12-19,27.441666666666666,26.544291823247377,60.1,32.65833333333333,33.555708176752624
2000-12-20,25.233333333333334,23.600881171439678,54.1,28.866666666666667,30.499118828560324
2000-12-21,24.016666666666666,21.96352209407801,54,29.983333333333334,32.03647790592199
2000-12-22,20.183333333333334,18.638460541661267,62.9,42.71666666666667,44.26153945833873
2000-12-23,19.308333333333334,16.995127640274717,65.6,46.29166666666666,48.60487235972528
2000-12-24,23.075,20.932992095373848,67.6,44.52499999999999,46.667007904626146
2000-12-25,18.008333333333333,15.386847220422444,65.7,47.69166666666667,50.31315277957756
2000-12-26,19.516666666666666,16.934158351691075,67.2,47.68333333333334,50.26584164830893
2000-12-27,22.716666666666665,21.089037190618118,66.1,43.383333333333326,45.01096280938188
2000-12-28,20.641666666666666,18.558131398211742,67.8,47.15833333333333,49.241868601788255
2000-12-29,23.55,21.64935855902553,62,38.45,40.35064144097447
2000-12-30,26.21666666666667,25.82087598807827,57,30.78333333333333,31.17912401192173
2000-12-31,25.025,23.817493844758328,50.1,25.075000000000003,26.282506155241673
2001-01-01,22.141666666666666,20.518452766619152,50.2,28.058333333333337,29.68154723338085
2001-01-02,20,17.302345471037967,55.9,35.9,38.59765452896203
2001-01-03,23.6,21.037838538292082,55,31.4,33.96216146170792
2001-01-04,28.266666666666666,25.290436698198782,53.9,25.633333333333333,28.609563301801217
2001-01-05,31.158333333333335,28.522612414150576,51.3,20.141666666666662,22.77738758584942
2001-01-06,32.68333333333334,30.140313593365295,63.7,31.016666666666666,33.55968640663471
2001-01-07,32.53333333333333,30.127277439419466,57.8,25.266666666666666,27.67272256058053
2001-01-08,29.833333333333332,28.29245820914863,64.8,34.96666666666667,36.50754179085136
2001-01-09,26.575,24.830465206686533,59.6,33.025000000000006,34.76953479331347
2001-01-10,28.558333333333334,25.772891019826357,51.9,23.341666666666665,26.12710898017364
2001-01-11,33.525,31.676791499287287,60.7,27.175000000000004,29.023208500712716
2001-01-12,32,29.941129972787355,62.8,30.799999999999997,32.858870027212646
2001-01-13,31.53333333333333,29.55257224309965,58.7,27.16666666666667,29.147427756900353
2001-01-14,34.925,33.56244654658546,62.4,27.475,28.837553453414536
2001-01-15,36.266666666666666,35.05660230659583,67.4,31.13333333333334,32.34339769340418
2001-01-16,34.449999999999996,33.77019567189322,68.6,34.15,34.829804328106775
2001-01-17,31.416666666666668,30.89873007645458,68.2,36.78333333333333,37.30126992354542
2001-01-18,30.4,29.131294544512116,67.7,37.300000000000004,38.56870545548789
2001-01-19,30.691666666666666,29.968070493715175,71,40.30833333333334,41.031929506284825
2001-01-20,26.658333333333335,25.889762861215498,66,39.34166666666667,40.1102371387845
2001-01-21,24.258333333333333,22.318789685110794,52.7,28.44166666666667,30.38121031488921
2001-01-22,24.583333333333332,21.86667098613451,53.8,29.216666666666665,31.93332901386549
2001-01-23,28.75,26.628236361280287,54.2,25.450000000000003,27.571763638719716
2001-01-24,28.983333333333334,26.94983801995594,54.8,25.816666666666663,27.850161980044057
2001-01-25,27.65,26.008669171958015,56.3,28.65,30.291330828041982
2001-01-26,28.191666666666666,25.936646365167814,56.4,28.208333333333332,30.463353634832185
2001-01-27,30.983333333333334,29.03445639497214,59.9,28.916666666666664,30.86554360502786
2001-01-28,29.841666666666665,27.293883633536346,62.8,32.95833333333333,35.50611636646365
2001-01-29,31.85,30.0824672800311,66,34.15,35.917532719968904
2001-01-30,39.45,37.69026823895296,69.6,30.14999999999999,31.909731761047034
2001-01-31,37.90833333333333,36.956058053647794,70,32.09166666666667,33.043941946352206
2001-02-01,33.766666666666666,32.99555526759104,68.2,34.43333333333334,35.204444732408966
2001-02-02,28.53333333333333,26.872800311001683,67.7,39.16666666666667,40.82719968899832
2001-02-03,27.3,25.505986782428405,69.4,42.10000000000001,43.8940132175716
2001-02-04,33.125,30.861163664636518,68.8,35.675,37.938836335363476
2001-02-05,34.46666666666667,32.61218089931321,63.8,29.33333333333333,31.187819100686788
2001-02-06,36.71666666666667,35.05420500194376,61.9,25.18333333333333,26.845794998056242
2001-02-07,34.85,32.932383050408184,66.7,31.85,33.76761694959182
2001-02-08,37.34166666666667,35.707878709343014,70.3,32.95833333333333,34.59212129065698
2001-02-09,42.3,41.239328754697425,72.1,29.799999999999997,30.86067124530257
2001-02-10,33.375,33.616845924582094,72.5,39.125,38.883154075417906
2001-02-11,24.675,22.696941816768174,71.6,46.925,48.90305818323182
2001-02-12,29.241666666666667,26.410742516521967,73.9,44.65833333333334,47.48925748347804
2001-02-13,37.49166666666667,35.59032007256706,73.3,35.80833333333333,37.70967992743294
2001-02-14,38.475,36.31040559803033,72.9,34.425000000000004,36.58959440196968
2001-02-15,37.4,35.7491382661656,72.6,35.199999999999996,36.85086173383439
2001-02-16,33.71666666666667,32.546170791758456,72.8,39.08333333333333,40.25382920824154
2001-02-17,27.475,26.186549177141377,70.6,43.12499999999999,44.41345082285862
2001-02-18,24.608333333333334,22.424957885188544,70.6,45.99166666666666,48.17504211481145
2001-02-19,33.56666666666667,31.968316703382143,70.6,37.033333333333324,38.63168329661785
2001-02-20,39.708333333333336,38.514889205649865,71.6,31.89166666666666,33.08511079435013
2001-02-21,32.175,30.062926007515873,71.8,39.625,41.73707399248413
2001-02-22,26,23.454982506155243,70.7,44.7,47.245017493844756
2001-02-23,30.53333333333333,28.489438901127382,71.3,40.766666666666666,42.81056109887261
2001-02-24,32.94166666666666,30.817325385512504,74.1,41.15833333333333,43.28267461448749
2001-02-25,41.31666666666666,39.6713360114034,74.8,33.483333333333334,35.1286639885966
2001-02-26,39.050000000000004,38.1546974212777,74.3,35.24999999999999,36.145302578722294
2001-02-27,35.75,33.98679538680834,74,38.25,40.01320461319166
2001-02-28,29.658333333333335,28.130452248283014,73.2,43.54166666666667,45.06954775171699
2001-03-01,31.383333333333333,30.007762083711285,71.3,39.916666666666664,41.29223791628871
2001-03-02,36.45,34.67029933912142,72.6,36.14999999999999,37.929700660878574
2001-03-03,38.025,36.36278346507711,75.8,37.775,39.43721653492289
2001-03-04,33.983333333333334,31.657509394842556,75.7,41.71666666666667,44.04249060515745
2001-03-05,31.308333333333334,29.190138654917714,66.8,35.49166666666666,37.60986134508228
2001-03-06,31.466666666666665,30.051328236361282,63,31.533333333333335,32.948671763638714
2001-03-07,35,33.14391602954516,60.3,25.299999999999997,27.156083970454837
2001-03-08,34.63333333333333,32.346974212776985,61,26.366666666666667,28.653025787223015
2001-03-09,34.80833333333333,33.39004794609304,62.3,27.491666666666667,28.909952053906956
2001-03-10,35.641666666666666,34.6392639626798,68.9,33.25833333333334,34.26073603732021
2001-03-11,37.141666666666666,35.057172476350914,67.9,30.75833333333334,32.84282752364909
2001-03-12,38.05833333333333,35.815407541790854,73.3,35.24166666666667,37.48459245820914
2001-03-13,41.68333333333333,39.540754179085134,75,33.31666666666667,35.459245820914866
2001-03-14,41.86666666666667,40.27320202151095,74.5,32.63333333333333,34.22679797848905
2001-03-15,41.916666666666664,40.37918880393936,76.3,34.38333333333333,35.92081119606064
2001-03-16,39.75,38.3504470649216,76.6,36.849999999999994,38.24955293507839
2001-03-17,38.333333333333336,36.535480108850585,75.6,37.26666666666666,39.06451989114941
2001-03-18,36.891666666666666,35.07059738240249,75,38.108333333333334,39.92940261759751
2001-03-19,39.88333333333333,37.958481275106905,72,32.11666666666667,34.041518724893095
2001-03-20,41.791666666666664,39.76860178825969,69.4,27.60833333333334,29.63139821174032
2001-03-21,42.18333333333334,40.32464688350395,64.3,22.11666666666666,23.975353116496045
2001-03-22,43.09166666666667,41.80663470260464,63.1,20.008333333333333,21.29336529739536
2001-03-23,43.63333333333333,42.32480238434625,64.7,21.06666666666667,22.375197615653754
2001-03-24,39.775,38.68495529350784,67.8,28.025,29.115044706492156
2001-03-25,33.575,32.00213813658157,69.6,36.02499999999999,37.59786186341842
2001-03-26,31.641666666666666,30.189400025916807,67.8,36.15833333333333,37.610599974083186
2001-03-27,33.05,31.46003628352987,69.5,36.45,38.039963716470126
2001-03-28,37.725,36.31676817416094,71,33.275,34.68323182583906
2001-03-29,39.708333333333336,38.200842296229105,74.6,34.89166666666666,36.39915770377089
2001-03-30,41.84166666666667,39.82616301671634,74.1,32.258333333333326,34.27383698328365
2001-03-31,42.9,41.26060645328495,74.6,31.699999999999996,33.339393546715044
2001-04-01,41.24166666666667,39.29236750032396,70.3,29.05833333333333,31.007632499676035
2001-04-02,43.24166666666667,41.259958533108716,69.6,26.358333333333327,28.34004146689128
2001-04-03,44.391666666666666,41.7319683814954,71.4,27.00833333333334,29.668031618504607
2001-04-04,45.65833333333333,43.33903071141635,72.4,26.741666666666674,29.060969288583657
2001-04-05,48.608333333333334,47.25870156796683,73.8,25.191666666666663,26.541298432033166
2001-04-06,51.208333333333336,49.315096540106254,73.9,22.69166666666667,24.584903459893752
2001-04-07,53.6,52.51263444343657,75,21.4,22.487365556563432
2001-04-08,53.016666666666666,50.89245820914863,75.4,22.38333333333334,24.507541790851377
2001-04-09,56.608333333333334,55.25813139821174,75.5,18.891666666666666,20.241868601788262
2001-04-10,53.68333333333334,51.835881819359855,76.1,22.416666666666657,24.26411818064014
2001-04-11,52.541666666666664,51.98673059479072,77,24.458333333333336,25.01326940520928
2001-04-12,55.40833333333333,53.986613969158995,78.1,22.691666666666663,24.113386030841
2001-04-13,56.525,55.40662174420112,78.7,22.175000000000004,23.293378255798885
2001-04-14,53.791666666666664,52.22336400155501,77.3,23.508333333333333,25.076635998444985
2001-04-15,51.725,50.21601658675651,76.3,24.574999999999996,26.083983413243487
2001-04-16,46.75833333333333,45.1092393417131,75.1,28.34166666666666,29.990760658286895
2001-04-17,43.21666666666667,42.06944408448879,74.1,30.883333333333326,32.03055591551121
2001-04-18,43.425,41.995088765064146,69.4,25.97500000000001,27.40491123493586
2001-04-19,46.75,45.38233769599585,68.2,21.450000000000003,22.817662304004152
2001-04-20,52.575,52.05334974731113,72.6,20.02499999999999,20.546650252688863
2001-04-21,58.38333333333333,58.51114422703123,73.9,15.516666666666673,15.388855772968775
2001-04-22,63.15,63.501282881948946,75.5,12.350000000000001,11.998717118051054
2001-04-23,63.141666666666666,63.025061552416744,76,12.858333333333334,12.974938447583256
2001-04-24,60.175,60.231670338214336,76.5,16.325000000000003,16.268329661785664
2001-04-25,51.95,50.59748606971621,75.5,23.549999999999997,24.90251393028379
2001-04-26,54.11666666666667,52.92694052092782,75.1,20.983333333333327,22.173059479072172
2001-04-27,55.75,54.16459764157056,74,18.25,19.83540235842944
2001-04-28,53.88333333333333,52.53738499416872,74.3,20.416666666666664,21.76261500583128
2001-04-29,54.7,53.48317999222496,72.7,18,19.21682000777504
2001-04-30,60.35,59.929558118439815,71.5,11.149999999999999,11.570441881560185
2001-05-01,66.01666666666667,66.35809252300118,73.1,7.083333333333329,6.7419074769988185
2001-05-02,68.29166666666667,69.109977970714,73.4,5.108333333333334,4.290022029286007
2001-05-03,70.14166666666667,71.06514189451859,72.2,2.058333333333337,1.1348581054814133
2001-05-04,69.125,68.64876247246339,72.5,3.375,3.851237527536611
2001-05-05,63.45,62.793378255798885,74.3,10.849999999999994,11.506621744201112
2001-05-06,59.416666666666664,57.90317480886355,74.7,15.283333333333339,16.796825191136456
2001-05-07,58,56.37175068031618,75.1,17.099999999999994,18.728249319683812
2001-05-08,59.40833333333333,57.90041466891279,73.8,14.391666666666666,15.89958533108721
2001-05-09,62.475,61.505546196708565,74.1,11.624999999999993,12.59445380329143
2001-05-10,66.475,66.27670079046261,74.5,8.025000000000006,8.223299209537387
2001-05-11,66.74166666666666,66.03615394583387,75.2,8.458333333333343,9.163846054166129
2001-05-12,63.583333333333336,63.28034210185305,74.5,10.916666666666664,11.219657898146949
2001-05-13,58.641666666666666,57.4732797719321,76,17.358333333333334,18.5267202280679
2001-05-14,59.725,58.27054554878839,78.7,18.975,20.429454451211612
2001-05-15,62.1,61.533432681093686,77.9,15.800000000000004,16.36656731890632
2001-05-16,61.391666666666666,60.515485292212,77.2,15.808333333333337,16.684514707788004
2001-05-17,61.9,60.594350136063234,76.3,14.399999999999999,15.705649863936763
2001-05-18,61.61666666666667,59.86528443695737,77.2,15.583333333333336,17.334715563042636
2001-05-19,64.93333333333334,63.88443695736685,77.3,12.36666666666666,13.415563042633146
2001-05-20,62.333333333333336,60.79090320072567,78.1,15.766666666666659,17.30909679927432
2001-05-21,59.84166666666667,58.72751069068291,80.8,20.95833333333333,22.072489309317085
2001-05-22,58.7,57.039212129065696,79,20.299999999999997,21.960787870934304
2001-05-23,58.68333333333334,56.85818323182584,77.4,18.71666666666667,20.541816768174165
2001-05-24,59.93333333333333,58.28415187248931,78.8,18.866666666666667,20.515848127510687
2001-05-25,58.875,57.034728521446155,76.2,17.325000000000003,19.165271478553848
2001-05-26,58.4,57.22126474018401,76.8,18.4,19.578735259815986
2001-05-27,60.475,59.327407023454704,76,15.524999999999999,16.672592976545296
2001-05-28,62.15833333333333,61.325787223014125,78.7,16.54166666666667,17.37421277698588
2001-05-29,62.391666666666666,60.92944149280809,80,17.608333333333334,19.07055850719191
2001-05-30,59.325,57.08987948684722,80.9,21.575000000000003,23.81012051315279
2001-05-31,58.59166666666667,56.68933523389918,80.9,22.308333333333337,24.210664766100827
2001-06-01,59.041666666666664,57.744641700142544,81,21.958333333333336,23.255358299857456
2001-06-02,61.3,60.1011014642996,80.7,19.400000000000006,20.5988985357004
2001-06-03,61.175,60.44044317740054,80.8,19.625,20.35955682259946
2001-06-04,60.975,59.59748606971621,81.2,20.225,21.60251393028379
2001-06-05,63.15,62.039160295451595,81,17.85,18.960839704548405
2001-06-06,64.40833333333333,63.72962291045743,80.8,16.391666666666666,17.070377089542568
2001-06-07,64.85,64.04935855902553,80.7,15.850000000000009,16.650641440974468
2001-06-08,66.45,65.78813010237138,81.3,14.849999999999994,15.511869897628614
2001-06-09,67.59166666666667,66.90798237657121,82.7,15.108333333333334,15.79201762342879
2001-06-10,69.46666666666667,69.27143967863158,82.7,13.233333333333334,13.428560321368423
2001-06-11,71.1,70.90031100168459,83.7,12.600000000000009,12.799688998315418
2001-06-12,72.19166666666666,71.67992743294026,84.8,12.608333333333334,13.120072567059736
2001-06-13,74.61666666666666,74.4415705585072,84.1,9.483333333333334,9.6584294414928
2001-06-14,75.6,75.43383439160296,83.5,7.900000000000006,8.066165608397043
2001-06-15,74.10833333333333,73.93352338991836,82.9,8.791666666666671,8.966476610081642
2001-06-16,72.70833333333333,72.80119217312428,81.7,8.991666666666674,8.898807826875725
2001-06-17,71.80833333333334,71.51207723208502,81.6,9.791666666666657,10.087922767914975
2001-06-18,73.33333333333333,73.63633536348321,81.1,7.766666666666666,7.463664636516782
2001-06-19,74.3,74.48934819230271,81.6,7.299999999999997,7.1106518076972804
2001-06-20,73.69166666666666,73.56178566800571,81.4,7.708333333333343,7.838214331994294
2001-06-21,69.85,68.44322923415835,80.6,10.75,12.156770765841642
2001-06-22,69.63333333333334,68.65529350783984,80,10.36666666666666,11.344706492160157
2001-06-23,69.5,68.95030452248282,80.3,10.799999999999997,11.349695477517173
2001-06-24,70.175,69.51301023713879,79.5,9.325000000000003,9.986989762861214
2001-06-25,72.58333333333333,72.08312815861086,80.1,7.516666666666666,8.016871841389133
2001-06-26,74.31666666666666,74.28191006867954,81,6.683333333333337,6.718089931320463
2001-06-27,76.76666666666667,76.70152909161592,79.9,3.13333333333334,3.198470908384081
2001-06-28,77.51666666666667,77.44579499805623,77.9,0.38333333333333997,0.45420500194377667
2001-06-29,76.25,75.74843851237527,79.7,3.450000000000003,3.95156148762473
2001-06-30,78.175,78.54750550732149,80.4,2.2250000000000085,1.8524944926785167
2001-07-01,73.44166666666666,73.61990410781392,80.5,7.058333333333337,6.880095892186077
2001-07-02,65.51666666666667,64.35929765452896,81.5,15.983333333333334,17.14070234547104
2001-07-03,69.21666666666667,68.55898665284437,81.8,12.583333333333329,13.24101334715563
2001-07-04,72.775,72.28170273422315,80.7,7.924999999999997,8.418297265776857
2001-07-05,71.75,71.23117791888039,81.5,9.75,10.268822081119609
2001-07-06,69.01666666666667,67.81365815731502,82.9,13.88333333333334,15.086341842684988
2001-07-07,71.9,71.40925230011662,82.4,10.5,10.990747699883386
2001-07-08,73.76666666666667,72.8562135544901,80.2,6.433333333333337,7.343786445509906
2001-07-09,76.29166666666667,75.898172865103,79.1,2.808333333333323,3.2018271348969876
2001-07-10,76.44166666666666,76.48774135026565,79.9,3.458333333333343,3.4122586497343548
2001-07-11,71.61666666666667,70.85350524815343,79.7,8.083333333333329,8.846494751846578
2001-07-12,70.175,69.10413373072437,81.1,10.924999999999997,11.995866269275623
2001-07-13,69.88333333333333,68.58805235195024,81.8,11.916666666666671,13.211947648049758
2001-07-14,71.23333333333333,70.30476869249709,79.7,8.466666666666669,9.395231307502911
2001-07-15,72.88333333333333,72.23825320720486,77.7,4.816666666666677,5.4617467927951395
2001-07-16,74.49166666666666,74.07839834132434,79,4.50833333333334,4.921601658675655
2001-07-17,75.06666666666666,74.34631333419723,80.9,5.833333333333343,6.553686665802772
2001-07-18,73.81666666666666,72.89880782687572,81.2,7.38333333333334,8.301192173124278
2001-07-19,73.63333333333333,72.77460152909161,80.4,6.76666666666668,7.625398470908394
2001-07-20,74.34166666666667,73.73691849164183,80.2,5.858333333333334,6.463081508358172
2001-07-21,75.63333333333334,75.34703900479461,78.8,3.166666666666657,3.4529609952053875
2001-07-22,76.71666666666667,76.4407412206816,76.3,-0.4166666666666714,-0.14074122068160477
2001-07-23,78.25,78.31600362835299,78.2,-0.04999999999999716,-0.11600362835298483
2001-07-24,79.91666666666667,80.63820137359077,79,-0.9166666666666714,-1.6382013735907748
2001-07-25,79,79.72077232085006,80.5,1.5,0.7792276791499404
2001-07-26,72.35,71.19057924063755,80.2,7.8500000000000085,9.009420759362456
2001-07-27,69.45833333333333,68.43934171310094,79.7,10.241666666666674,11.260658286899059
2001-07-28,71,70.08877802254761,81.3,10.299999999999997,11.211221977452382
2001-07-29,71.25833333333334,70.88726188933524,81.4,10.141666666666666,10.51273811066477
2001-07-30,72.54166666666667,72.01885447712841,81.8,9.258333333333326,9.781145522871583
2001-07-31,75.125,74.73410651807697,81.8,6.674999999999997,7.065893481923027
2001-08-01,77.05,77.07105092652584,77.1,0.04999999999999716,0.028949073474151987
2001-08-02,77.84166666666667,78.29922249578851,76.3,-1.5416666666666714,-1.9992224957885156
2001-08-03,77.11666666666667,77.43986004924194,77.6,0.48333333333332007,0.160139950758051
2001-08-04,76.06666666666666,75.3399507580666,78.9,2.833333333333343,3.560049241933399
2001-08-05,77.94166666666666,77.06124141505767,80.2,2.25833333333334,3.1387585849423374
2001-08-06,80.825,80.61858235065439,80.9,0.07500000000000284,0.2814176493456131
2001-08-07,82.375,82.6375275366075,81,-1.375,-1.637527536607493
2001-08-08,83.31666666666666,83.56292600751587,80.9,-2.416666666666657,-2.662926007515864
2001-08-09,83.05,84.02086302967474,80.7,-2.3499999999999943,-3.32086302967474
2001-08-10,79.15833333333333,79.55368666580279,80.2,1.0416666666666714,0.6463133341972167
2001-08-11,75.225,74.47664895684852,80.3,5.075000000000003,5.823351043151476
2001-08-12,73.69166666666666,72.65846831670339,82,8.308333333333337,9.341531683296608
2001-08-13,73.83333333333333,72.94256835557859,81.9,8.066666666666677,8.957431644421419
2001-08-14,73.18333333333334,72.1336918491642,81.7,8.516666666666666,9.566308150835809
2001-08-15,72.7,71.71693663340676,82.3,9.599999999999994,10.583063366593237
2001-08-16,73.075,72.00758066606194,82.9,9.825000000000003,10.892419333938065
2001-08-17,74.69166666666666,74.08529221199947,82.6,7.908333333333331,8.514707788000521
2001-08-18,73.71666666666667,73.1521834909939,81.6,7.883333333333326,8.447816509006088
2001-08-19,73.1,72.30542957107684,82.6,9.5,10.294570428923151
2001-08-20,72.93333333333334,72.25483996371646,82.4,9.466666666666669,10.145160036283542
2001-08-21,72.55,72.1938577167293,80.6,8.049999999999997,8.406142283270697
2001-08-22,73.96666666666667,74.20799533497473,80.7,6.733333333333334,6.492004665025277
2001-08-23,73.275,72.76451989114942,81.5,8.224999999999994,8.735480108850581
2001-08-24,73.04166666666667,72.18797460152909,81.9,8.858333333333334,9.712025398470914
2001-08-25,72.78333333333333,71.49664377348711,82.6,9.816666666666663,11.103356226512886
2001-08-26,73.00833333333333,71.88457949980562,82.9,9.89166666666668,11.01542050019438
2001-08-27,73.99166666666667,73.61101464299598,82.4,8.408333333333331,8.788985357004023
2001-08-28,74.04166666666667,73.80811196060647,83.3,9.258333333333326,9.49188803939353
2001-08-29,72.04166666666667,71.92232732927303,82.6,10.558333333333323,10.677672670726963
2001-08-30,71.16666666666667,71.24908643255151,82.5,11.333333333333329,11.250913567448492
2001-08-31,71.39999999999999,71.85316832966178,83.3,11.900000000000006,11.446831670338213
2001-09-01,68.66666666666667,68.38127510690684,82.6,13.933333333333323,14.218724893093153
2001-09-02,67.08333333333333,65.69085136711158,81.5,14.416666666666671,15.809148632888423
2001-09-03,69.7,68.85324608008294,81.5,11.799999999999997,12.64675391991706
2001-09-04,70.375,69.77572891019827,81,10.625,11.224271089801732
2001-09-05,68.375,67.76678761176623,81.1,12.724999999999994,13.333212388233761
2001-09-06,68.975,68.6976934041726,80.9,11.925000000000011,12.202306595827409
2001-09-07,71.80833333333334,72.05941428016068,80.3,8.49166666666666,8.240585719839316
2001-09-08,72.33333333333333,72.77360373202022,78.5,6.166666666666671,5.72639626797978
2001-09-09,71.2,70.93509135674485,77.6,6.3999999999999915,6.664908643255146
2001-09-10,69.89166666666667,69.95887002721264,76.6,6.708333333333329,6.641129972787354
2001-09-11,68.525,68.43335493067254,77.3,8.774999999999991,8.866645069327461
2001-09-12,67.96666666666667,67.79550343397693,76.2,8.233333333333334,8.40449656602307
2001-09-13,68.15833333333333,68.23305688739147,75,6.841666666666669,6.76694311260853
2001-09-14,60.05,58.398095114681865,78,17.950000000000003,19.601904885318135
2001-09-15,60.583333333333336,59.10116625631722,78.7,18.116666666666667,19.598833743682782
2001-09-16,62.375,61.32024102630556,76.3,13.924999999999997,14.979758973694437
2001-09-17,64.13333333333333,63.26935337566412,77.9,13.76666666666668,14.630646624335888
2001-09-18,65.91666666666667,65.13891408578463,78.6,12.683333333333323,13.46108591421536
2001-09-19,66.14166666666667,65.21224569133084,78.5,12.358333333333334,13.287754308669165
2001-09-20,65.74166666666667,65.15064144097447,78.9,13.158333333333331,13.749358559025538
2001-09-21,66.63333333333333,66.21063884929377,80.3,13.666666666666671,14.089361150706225
2001-09-22,66.96666666666667,66.86350913567449,79.5,12.533333333333331,12.63649086432551
2001-09-23,66.25,65.73172217182844,79.4,13.150000000000006,13.668277828171568
2001-09-24,63.55,63.19035894777763,79.3,15.75,16.109641052222365
2001-09-25,59.525,59.89442788648439,79.5,19.975,19.605572113515613
2001-09-26,57.199999999999996,56.967409615135416,78.7,21.500000000000007,21.732590384864586
2001-09-27,57.63333333333333,56.619567189322275,75.9,18.266666666666673,19.28043281067773
2001-09-28,57.05833333333334,56.11700142542439,74.3,17.24166666666666,18.182998574575606
2001-09-29,57.95,56.72143319942983,73.9,15.950000000000003,17.178566800570174
2001-09-30,57.225,55.57436827782818,75,17.775,19.425631722171822
2001-10-01,58.858333333333334,56.99200466502527,73,14.141666666666666,16.00799533497473
2001-10-02,63.71666666666667,62.64639108461838,72.9,9.183333333333337,10.253608915381626
2001-10-03,65.89166666666667,65.6625761306207,74.8,8.908333333333331,9.13742386937929
2001-10-04,64.95,64.46422184786834,77,12.049999999999997,12.535778152131655
2001-10-05,61.41666666666667,61.22648697680446,78.5,17.08333333333333,17.27351302319554
2001-10-06,54.86666666666667,55.02419333938059,79.6,24.733333333333327,24.575806660619406
2001-10-07,48.766666666666666,47.94107813917325,79.2,30.433333333333337,31.258921860826753
2001-10-08,49.225,48.059725281845274,78.4,29.175000000000004,30.34027471815473
2001-10-09,54.05,52.72719968899831,77.2,23.150000000000006,24.47280031100169
2001-10-10,58.9,57.73018012180899,77.7,18.800000000000004,19.96981987819101
2001-10-11,60.725,59.83783853829208,77.1,16.374999999999993,17.262161461707912
2001-10-12,61.81666666666667,61.12154982506155,77.1,15.283333333333324,15.978450174938445
2001-10-13,62.05,61.61031488920565,78.3,16.25,16.68968511079435
2001-10-14,59.35,58.15852015031748,79.6,20.249999999999993,21.441479849682516
2001-10-15,57.44166666666667,56.76356096928858,77.9,20.458333333333336,21.13643903071143
2001-10-16,52.99166666666667,52.778981469482964,77.5,24.508333333333333,24.721018530517036
2001-10-17,49.6,49.13645198911494,74.8,25.199999999999996,25.66354801088506
2001-10-18,49.84166666666667,48.969819878191004,74.5,24.65833333333333,25.530180121808996
2001-10-19,52.891666666666666,51.68715822210704,77.4,24.50833333333334,25.71284177789297
2001-10-20,56.50833333333333,55.823234417519764,76.7,20.19166666666667,20.87676558248024
2001-10-21,59.225,58.951781780484644,76.1,16.874999999999993,17.14821821951535
2001-10-22,60.61666666666667,60.04339769340417,74.8,14.18333333333333,14.75660230659583
2001-10-23,61.983333333333334,61.108552546326294,76.4,14.416666666666671,15.291447453673712
2001-10-24,64.19166666666666,63.95715951794739,78.6,14.408333333333331,14.642840482052605
2001-10-25,56.833333333333336,56.76922379162887,77.6,20.76666666666666,20.830776208371127
2001-10-26,48.65,48.024595049889854,74.9,26.250000000000007,26.875404950110152
2001-10-27,44.63333333333333,43.388557729687705,65.7,21.06666666666667,22.3114422703123
2001-10-28,44.86666666666667,43.41269923545419,63.7,18.833333333333336,20.28730076454581
2001-10-29,47.74166666666667,46.76177270960218,69,21.258333333333333,22.238227290397823
2001-10-30,50.3,49.41751976156537,70.9,20.60000000000001,21.482480238434633
2001-10-31,52.18333333333333,50.59201762342879,72.7,20.516666666666673,22.107982376571215
2001-11-01,58.325,57.561189581443564,74.7,16.375,17.13881041855644
2001-11-02,61.00833333333333,60.759582739406504,75.8,14.791666666666664,15.040417260593493
2001-11-03,58.041666666666664,57.79363742386938,76.5,18.458333333333336,18.706362576130623
2001-11-04,53.69166666666667,52.534287935726326,74.4,20.708333333333336,21.86571206427368
2001-11-05,48.666666666666664,46.70589607360373,69.9,21.23333333333334,23.194103926396274
2001-11-06,48.708333333333336,47.09208241544642,69.5,20.791666666666664,22.40791758455358
2001-11-07,53.416666666666664,52.48153427497732,69.6,16.18333333333333,17.118465725022673
2001-11-08,51.733333333333334,49.844175197615655,68.6,16.86666666666666,18.75582480238434
2001-11-09,48.325,46.75311649604769,68.8,20.474999999999994,22.04688350395231
2001-11-10,48.80833333333334,47.30993909550343,68.4,19.59166666666667,21.090060904496575
2001-11-11,46.03333333333333,44.22003369184917,68.3,22.266666666666666,24.07996630815083
2001-11-12,43.641666666666666,41.381624983802,69.3,25.65833333333333,27.918375016198
2001-11-13,46.358333333333334,44.42915640793054,68.8,22.441666666666663,24.370843592069455
2001-11-14,51.266666666666666,49.886912012440064,69,17.733333333333334,19.113087987559936
2001-11-15,55.46666666666667,54.970999092911754,69.6,14.133333333333326,14.62900090708824
2001-11-16,56.425,55.91722171828431,70.4,13.975000000000009,14.482778281715696
2001-11-17,50.09166666666667,48.1608915381625,71.6,21.508333333333326,23.439108461837492
2001-11-18,50.5,49.42563172217182,72,21.5,22.574368277828178
2001-11-19,50.166666666666664,49.27548270053129,71.4,21.23333333333334,22.124517299468714
2001-11-20,44.791666666666664,44.20794350136063,68.5,23.708333333333336,24.29205649863937
2001-11-21,41.891666666666666,40.62407671374886,69.3,27.40833333333333,28.675923286251134
2001-11-22,45.458333333333336,44.202811973564856,70.3,24.84166666666666,26.09718802643514
2001-11-23,48.69166666666666,47.535855902552804,71.5,22.808333333333337,23.964144097447196
2001-11-24,52.56666666666667,52.35128936115071,73.2,20.633333333333333,20.84871063884929
2001-11-25,53.525,53.501399507580665,73.5,19.975,19.998600492419335
2001-11-26,50.333333333333336,50.128741739017755,72.5,22.166666666666664,22.371258260982245
2001-11-27,47.15,47.304898276532334,72.3,25.15,24.995101723467663
2001-11-28,46.49166666666667,47.314733704807566,71.9,25.40833333333334,24.58526629519244
2001-11-29,46.99166666666667,47.40846183750162,72.1,25.108333333333327,24.691538162498375
2001-11-30,52.625,53.63884929376701,71.6,18.974999999999994,17.961150706232985
2001-12-01,50.9,52.02753660748996,72.5,21.6,20.472463392510043
2001-12-02,45.80833333333333,45.62114811455229,72.4,26.591666666666676,26.778851885447715
2001-12-03,46.55833333333333,46.17738758584942,72.2,25.641666666666673,26.022612414150586
2001-12-04,50.65,50.61229752494493,72.8,22.15,22.18770247505507
2001-12-05,56.18333333333334,56.45588959440197,73.4,17.21666666666667,16.94411040559804
2001-12-06,53.95,53.77670079046261,73.6,19.64999999999999,19.82329920953738
2001-12-07,49.625,48.90958921860827,73.5,23.875,24.590410781391732
2001-12-08,41.733333333333334,40.83544123364001,73.4,31.66666666666667,32.564558766359994
2001-12-09,38.3,37.02488013476739,73.3,35,36.275119865232604
2001-12-10,37.40833333333333,36.452649993520794,73.1,35.69166666666666,36.6473500064792
2001-12-11,41.333333333333336,40.782817156926264,73.6,32.26666666666666,32.81718284307373
2001-12-12,43.55,42.404924193339376,74.9,31.35000000000001,32.49507580666063
2001-12-13,46.15,46.31711805105611,74.2,28.050000000000004,27.88288194894389
2001-12-14,46.09166666666667,46.305857198393156,75.3,29.20833333333333,28.99414280160684
2001-12-15,42.28333333333333,41.49199170662175,74.8,32.516666666666666,33.30800829337825
2001-12-16,40.19166666666667,38.38548658805235,74.2,34.00833333333333,35.81451341194765
2001-12-17,42.03333333333333,40.89783594661138,72.8,30.766666666666666,31.902164053388617
2001-12-18,42.94166666666666,42.14696125437346,71.7,28.75833333333334,29.553038745626544
2001-12-19,40.275,39.50522223662045,65.8,25.525,26.29477776337955
2001-12-20,37.675,36.95771672929895,67.4,29.72500000000001,30.442283270701054
2001-12-21,35.71666666666667,34.699663081508355,63.9,28.18333333333333,29.200336918491644
2001-12-22,36.86666666666667,35.56673577815213,66.3,29.43333333333333,30.733264221847868
2001-12-23,36.05,34.43142412854736,70,33.95,35.56857587145264
2001-12-24,34.208333333333336,34.123752753660746,71.2,36.99166666666667,37.07624724633926
2001-12-25,29.666666666666668,28.592743294026175,66,36.33333333333333,37.40725670597382
2001-12-26,28.95,27.66635998444992,58.5,29.55,30.83364001555008
2001-12-27,29.05,27.595542309187508,58.6,29.55,31.004457690812494
2001-12-28,31,29.42214591162369,64.2,33.2,34.777854088376316
2001-12-29,28.791666666666668,27.371932097965534,69.3,40.508333333333326,41.928067902034464
2001-12-30,25.6,24.12735518984061,66.8,41.199999999999996,42.67264481015938
2001-12-31,24.6,23.380925230011663,64.7,40.1,41.31907476998834
2002-01-01,25.974999999999998,24.694389011273813,63.2,37.22500000000001,38.50561098872619
2002-01-02,26.908333333333335,26.096008811714395,66.7,39.79166666666667,40.603991188285605
2002-01-03,28.008333333333333,27.27408319295063,63.1,35.09166666666667,35.82591680704937
2002-01-04,30.6,29.51383957496436,49.6,19,20.08616042503564
2002-01-05,35.425,34.16308150835817,54.3,18.875,20.13691849164183
2002-01-06,34.43333333333333,33.667720616820006,66.5,32.06666666666667,32.832279383179994
2002-01-07,31.991666666666667,30.93987300764546,61.7,29.708333333333336,30.760126992354543
2002-01-08,30.608333333333334,28.322430996501232,50.8,20.191666666666663,22.477569003498765
2002-01-09,38,36.303006349617725,51.5,13.5,15.196993650382275
2002-01-10,41.891666666666666,40.20890242322147,56.2,14.308333333333337,15.991097576778536
2002-01-11,39.208333333333336,37.593067254114295,61.1,21.891666666666666,23.506932745885706
2002-01-12,37.84166666666667,36.52914344952701,62.1,24.258333333333333,25.57085655047299
2002-01-13,37.00833333333333,35.76226512893612,67.9,30.891666666666673,32.137734871063884
2002-01-14,36.81666666666666,35.17264481015939,69,32.18333333333334,33.82735518984061
2002-01-15,37.3,36.33262926007515,68.6,31.299999999999997,32.26737073992484
2002-01-16,35.233333333333334,33.96413113904367,65.5,30.266666666666666,31.535868860956327
2002-01-17,34.9,33.354256835557855,68.7,33.800000000000004,35.34574316444215
2002-01-18,29.8,28.347492548917973,66.9,37.10000000000001,38.552507451082036
2002-01-19,29.341666666666665,27.63599844499158,68.3,38.95833333333333,40.66400155500842
2002-01-20,30.46666666666667,29.098315407541794,69.3,38.83333333333333,40.20168459245821
2002-01-21,33.55833333333334,32.07162109628094,70.6,37.04166666666666,38.52837890371905
2002-01-22,38.425,37.00108850589607,71.4,32.97500000000001,34.398911494103935
2002-01-23,43.075,41.86082674614487,72.8,29.724999999999994,30.939173253855124
2002-01-24,41.275,40.84938447583258,72.2,30.925000000000004,31.350615524167424
2002-01-25,39.225,38.36345730206038,70.3,31.074999999999996,31.936542697939615
2002-01-26,40.96666666666667,40.667137488661396,69.3,28.33333333333333,28.6328625113386
2002-01-27,43.108333333333334,42.9062459504989,71.9,28.79166666666667,28.993754049501106
2002-01-28,44.50833333333333,43.854101334715565,72.4,27.891666666666673,28.54589866528444
2002-01-29,47.34166666666667,46.51078139173254,71.8,24.45833333333333,25.289218608267454
2002-01-30,44.858333333333334,43.70015550084229,73.6,28.74166666666666,29.8998444991577
2002-01-31,38.475,36.48193598548659,74.4,35.925000000000004,37.91806401451342
2002-02-01,39.95,39.02647401840093,72.2,32.25,33.17352598159907
2002-02-02,30.966666666666665,29.196540106258908,72.9,41.93333333333334,43.7034598937411
2002-02-03,33.05833333333334,31.392497084359206,71.1,38.04166666666666,39.70750291564079
2002-02-04,29.916666666666668,28.41694959181029,66.4,36.483333333333334,37.98305040818971
2002-02-05,26.833333333333332,24.44916418297266,63.9,37.06666666666666,39.45083581702734
2002-02-06,33.425,31.69063107425165,68.5,35.075,36.809368925748345
2002-02-07,36.5,35.15078398341324,71.4,34.900000000000006,36.249216016586765
2002-02-08,38.95833333333333,37.58579758973694,62.9,23.94166666666667,25.314202410263057
2002-02-09,39.458333333333336,37.70263055591551,67.4,27.94166666666667,29.697369444084494
2002-02-10,41.291666666666664,40.52944149280809,70,28.708333333333336,29.47055850719191
2002-02-11,35.86666666666667,35.09634573020604,67.4,31.53333333333334,32.30365426979397
2002-02-12,35.858333333333334,34.277802254762214,66.9,31.04166666666667,32.62219774523779
2002-02-13,33.6,31.85036931450045,67.3,33.699999999999996,35.44963068549954
2002-02-14,34.416666666666664,32.37889076065829,61.9,27.483333333333334,29.521109239341712
2002-02-15,39.958333333333336,38.48658805235195,66.5,26.541666666666664,28.013411947648052
2002-02-16,41.59166666666667,40.98997019567189,65.1,23.508333333333326,24.110029804328107
2002-02-17,36.875,35.8813139821174,63.8,26.924999999999997,27.9186860178826
2002-02-18,37.34166666666667,35.82770506673578,61.8,24.45833333333333,25.972294933264216
2002-02-19,41.46666666666667,39.987093430089416,64.5,23.03333333333333,24.512906569910584
2002-02-20,45.43333333333334,44.476519372813264,69.5,24.066666666666663,25.023480627186736
2002-02-21,46.35,45.52959699365039,70.6,24.249999999999993,25.070403006349608
2002-02-22,40.13333333333333,38.727977193209796,70,29.866666666666667,31.272022806790204
2002-02-23,38.833333333333336,37.33698328365945,65.6,26.76666666666666,28.263016716340545
2002-02-24,40.275,39.127316314630036,61,20.725,21.872683685369964
2002-02-25,42.550000000000004,41.04501749384476,62.6,20.049999999999997,21.55498250615524
2002-02-26,40.9,40.6371128676947,63.3,22.4,22.6628871323053
2002-02-27,33.24166666666667,33.383737203576516,58.8,25.55833333333333,25.41626279642348
2002-02-28,30.075,29.129545160036287,52.8,22.724999999999998,23.67045483996371
2002-03-01,33.725,32.60553323830504,65.6,31.874999999999993,32.99446676169495
2002-03-02,36.34166666666667,35.83203317351302,72.6,36.258333333333326,36.767966826486976
2002-03-03,37.95,38.31903589477776,73.4,35.45,35.08096410522224
2002-03-04,27.641666666666666,25.984942335104318,62.1,34.458333333333336,36.11505766489569
2002-03-05,29.275,27.02717377219127,57.5,28.225,30.47282622780873
2002-03-06,39.80833333333333,38.28459245820915,65.5,25.69166666666667,27.215407541790853
2002-03-07,43.56666666666667,42.51552416742257,66.6,23.033333333333324,24.084475832577425
2002-03-08,47.525,47.01132564468057,70.2,22.675000000000004,23.188674355319435
2002-03-09,49.25,49.33172217182843,70.6,21.349999999999994,21.268277828171563
2002-03-10,36.358333333333334,36.07838538292083,71.6,35.24166666666666,35.521614617079166
2002-03-11,35.416666666666664,33.819800440585716,72,36.583333333333336,38.180199559414284
2002-03-12,41.608333333333334,40.086613969159004,72.3,30.691666666666663,32.213386030840994
2002-03-13,44.11666666666667,42.47141376182454,72.7,28.583333333333336,30.22858623817546
2002-03-14,48.75,48.23557081767526,70.7,21.950000000000003,22.464429182324743
2002-03-15,50.733333333333334,49.88227290397823,73.6,22.86666666666666,23.71772709602176
2002-03-16,44.225,43.87039004794609,76.5,32.275,32.62960995205391
2002-03-17,38.25833333333333,36.60156796682649,74.9,36.64166666666667,38.29843203317352
2002-03-18,41.15833333333333,38.63028378903719,75.4,34.241666666666674,36.76971621096281
2002-03-19,43.2,41.008850589607356,75.7,32.5,34.69114941039265
2002-03-20,41.108333333333334,39.254490086821306,75.7,34.59166666666667,36.4455099131787
2002-03-21,38.84166666666667,37.450822858623816,75.3,36.45833333333333,37.84917714137618
2002-03-22,28.475,26.779266554360504,74,45.525,47.220733445639496
2002-03-23,35.833333333333336,34.558857068809125,71.7,35.86666666666667,37.14114293119088
2002-03-24,40.49166666666667,38.97556045095244,74.4,33.90833333333334,35.42443954904756
2002-03-25,37.075,35.29987041596475,75.9,38.825,40.60012958403526
2002-03-26,37.916666666666664,36.51904885318129,75.8,37.88333333333333,39.28095114681871
2002-03-27,42.38333333333333,41.81080730853959,73.9,31.516666666666673,32.08919269146042
2002-03-28,42.6,41.223027083063364,72,29.4,30.776972916936636
2002-03-29,47.7,45.650550732149796,75.7,28,30.049449267850207
2002-03-30,51.99166666666667,50.97780225476222,75.7,23.708333333333336,24.722197745237786
2002-03-31,47.733333333333334,46.82397304652067,77.3,29.566666666666663,30.476026953479327
2002-04-01,45.63333333333333,44.488933523389925,77.5,31.866666666666667,33.011066476610075
2002-04-02,47.141666666666666,45.44758325774264,77.3,30.15833333333333,31.852416742257354
2002-04-03,47.075,47.457613062070756,77.5,30.424999999999997,30.042386937929244
2002-04-04,39.65,38.98407412206816,75.7,36.050000000000004,36.715925877931845
2002-04-05,38.1,36.4729169366334,75.4,37.300000000000004,38.9270830633666
2002-04-06,38.483333333333334,36.982143319942985,73.9,35.41666666666667,36.91785668005702
2002-04-07,42.333333333333336,39.96586756511597,72.2,29.866666666666667,32.23413243488403
2002-04-08,49.81666666666666,48.05196319813399,75,25.183333333333337,26.94803680186601
2002-04-09,55.44166666666666,54.65566930154205,76.6,21.15833333333333,21.944330698457946
2002-04-10,53.5,52.75780743812362,76.1,22.599999999999994,23.342192561876374
2002-04-11,53.36666666666667,52.16823895296099,75.6,22.233333333333327,23.431761047039004
2002-04-12,54.675,52.94882726448102,73.7,19.025000000000006,20.751172735518985
2002-04-13,59.358333333333334,58.07979784890502,75,15.641666666666666,16.920202151094983
2002-04-14,61.74166666666667,61.18708047168589,74.1,12.358333333333327,12.912919528314106
2002-04-15,66.09166666666667,66.03020603861604,75.2,9.108333333333334,9.16979396138396
2002-04-16,70.28333333333333,70.51582221070363,76.9,6.616666666666674,6.384177789296373
2002-04-17,71.225,72.54592458209149,76.6,5.375,4.054075417908507
2002-04-18,69.825,70.15176882208111,77.1,7.2749999999999915,6.948231177918885
2002-04-19,65.55,65.16853699624207,77.2,11.650000000000006,12.031463003757935
2002-04-20,57.53333333333333,56.208785797589734,77.4,19.866666666666674,21.191214202410272
2002-04-21,49.525,47.97702475055073,78.3,28.775,30.322975249449264
2002-04-22,47.666666666666664,45.35810548140469,78.4,30.73333333333334,33.04189451859531
2002-04-23,47.75833333333333,45.43928987948685,80.1,32.34166666666666,34.660710120513144
2002-04-24,52.425,50.868342620189196,81.6,29.174999999999997,30.731657379810798
2002-04-25,49.125,47.35489179733057,79.8,30.674999999999997,32.445108202669424
2002-04-26,48.541666666666664,46.53792924711676,79.1,30.55833333333333,32.56207075288324
2002-04-27,49.7,48.052662951924326,79.7,30,31.647337048075677
2002-04-28,53.733333333333334,51.67204872359726,78.8,25.066666666666663,27.12795127640274
2002-04-29,50.583333333333336,48.81872489309317,78.3,27.71666666666666,29.48127510690683
2002-04-30,51.99166666666667,49.88062718673059,78.5,26.508333333333333,28.619372813269408
2002-05-01,54.13333333333333,52.35324608008293,79.7,25.56666666666667,27.34675391991707
2002-05-02,55.15833333333333,52.989723986004925,80.6,25.441666666666663,27.61027601399507
2002-05-03,52.358333333333334,50.83919917066217,80.9,28.54166666666667,30.060800829337836
2002-05-04,53.94166666666667,52.930257872230136,81.7,27.758333333333333,28.769742127769867
2002-05-05,58.416666666666664,57.607606582868996,82.5,24.083333333333336,24.892393417131004
2002-05-06,60.825,60.69660489827653,82.5,21.674999999999997,21.803395101723467
2002-05-07,62.016666666666666,60.93672411558896,81.9,19.88333333333334,20.963275884411047
2002-05-08,60.175,59.268005701697554,82.4,22.22500000000001,23.131994298302452
2002-05-09,57.6,55.72884540624595,81.5,23.9,25.771154593754048
2002-05-10,60.11666666666667,59.349112349358556,81.7,21.583333333333336,22.350887650641447
2002-05-11,56.53333333333333,55.05594142801607,82.4,25.866666666666674,27.344058571983936
2002-05-12,58.925,56.180316185046,81.6,22.674999999999997,25.41968381495399
2002-05-13,56.391666666666666,53.49471297136193,80.6,24.20833333333333,27.105287028638067
2002-05-14,54.266666666666666,53.00208630296748,80,25.733333333333334,26.997913697032523
2002-05-15,56.95,55.61987819100686,79.4,22.450000000000003,23.780121808993144
2002-05-16,61.93333333333334,61.08639367629908,78.7,16.766666666666666,17.61360632370092
2002-05-17,59.391666666666666,58.360412077232084,80.1,20.70833333333333,21.73958792276791
2002-05-18,49.30833333333334,47.21218089931321,81.1,31.791666666666657,33.887819100686784
2002-05-19,48.833333333333336,47.51872489309317,75.1,26.26666666666666,27.581275106906823
2002-05-20,48.483333333333334,46.97661008163794,75.4,26.91666666666667,28.423389918362062
2002-05-21,49.833333333333336,48.3266165608397,76.3,26.46666666666666,27.973383439160294
2002-05-22,55.24166666666667,54.06323700920046,75.3,20.05833333333333,21.236762990799534
2002-05-23,60.43333333333333,59.702721264740184,75.9,15.466666666666676,16.19727873525982
2002-05-24,62.733333333333334,61.659258779318385,77.2,14.466666666666669,15.540741220681618
2002-05-25,59.71666666666667,57.814280160684206,76.5,16.78333333333333,18.685719839315794
2002-05-26,61.34166666666667,59.66904237397953,77.8,16.45833333333333,18.130957626020468
2002-05-27,65.45833333333333,64.59358559025529,78.6,13.141666666666666,14.006414409744707
2002-05-28,66.99166666666667,66.39529609952054,80.3,13.308333333333323,13.904703900479461
2002-05-29,68.375,67.63441751976157,78.4,10.025000000000006,10.765582480238436
2002-05-30,70.125,69.3990540365427,80.1,9.974999999999994,10.7009459634573
2002-05-31,72.11666666666666,71.97250226772063,77.9,5.783333333333346,5.927497732279377
2002-06-01,72.26666666666667,72.29619022936373,79.2,6.933333333333337,6.903809770636272
2002-06-02,67.7,66.90580536477906,81.3,13.599999999999994,14.394194635220941
2002-06-03,62.833333333333336,62.19936503822729,81.6,18.76666666666666,19.400634961772703
2002-06-04,66.475,65.57340935596734,81.3,14.825000000000003,15.726590644032655
2002-06-05,70.98333333333333,69.5156407930543,80.6,9.61666666666666,11.084359206945692
2002-06-06,67.44166666666666,65.76712453025787,81.2,13.75833333333334,15.432875469742129
2002-06-07,64.24166666666667,62.03649086432552,82,17.758333333333326,19.963509135674478
2002-06-08,65.51666666666667,64.04190747699883,79.1,13.583333333333329,15.058092523001164
2002-06-09,69.925,69.1717118051056,79.7,9.775000000000006,10.528288194894401
2002-06-10,72.36666666666667,71.45005831281586,78.8,6.433333333333323,7.349941687184142
2002-06-11,73.725,73.10338214331995,78,4.275000000000006,4.896617856680052
2002-06-12,71.74166666666666,70.37423869379292,78,6.25833333333334,7.625761306207082
2002-06-13,65.65833333333333,63.27788000518336,79.4,13.741666666666674,16.122119994816643
2002-06-14,62.90833333333333,60.65625242970066,78.2,15.291666666666671,17.543747570299345
2002-06-15,62.95,60.91680704937152,78.8,15.849999999999994,17.883192950628477
2002-06-16,65.58333333333333,64.26958662692756,78.6,13.016666666666666,14.330413373072432
2002-06-17,66.55,65.68778022547622,80.5,13.950000000000003,14.812219774523783
2002-06-18,68.30833333333334,67.51775301282882,80.2,11.891666666666666,12.682246987171183
2002-06-19,70.2,69.2827782817157,80.8,10.599999999999994,11.517221718284304
2002-06-20,71.19166666666666,70.65123752753661,77.8,6.608333333333334,7.148762472463389
2002-06-21,72.225,72.20629778411299,76.3,4.075000000000003,4.0937022158870064
2002-06-22,74.75,74.54702604639108,77.4,2.6500000000000057,2.852973953608924
2002-06-23,76.18333333333334,76.03982117403135,77.8,1.61666666666666,1.7601788259686515
2002-06-24,78.06666666666666,77.96087857975897,78.3,0.23333333333333428,0.3391214202410282
2002-06-25,76.83333333333333,76.28818193598549,78.8,1.9666666666666686,2.5118180640145056
2002-06-26,77.40833333333333,77.63996371647013,79.4,1.9916666666666742,1.760036283529871
2002-06-27,76.05833333333334,76.47876117662304,79.2,3.1416666666666657,2.7212388233769644
2002-06-28,73.88333333333333,73.87022158870028,78.9,5.01666666666668,5.029778411299731
2002-06-29,74.93333333333334,74.7951146818712,80,5.066666666666663,5.204885318128802
2002-06-30,76.65833333333333,76.77650641440975,79.2,2.5416666666666714,2.4234935855902506
2002-07-01,78.65833333333333,78.94484903459895,78.1,-0.5583333333333371,-0.8448490345989512
2002-07-02,80.84166666666667,81.6510690682908,79,-1.8416666666666686,-2.651069068290795
2002-07-03,81.71666666666667,82.82834002850849,80.3,-1.4166666666666714,-2.528340028508495
2002-07-04,81.4,82.36100816379422,81.2,-0.20000000000000284,-1.1610081637942216
2002-07-05,75.675,75.87061034080601,80.6,4.924999999999997,4.729389659193984
2002-07-06,73.65833333333333,73.38701567966827,79,5.341666666666669,5.6129843203317336
2002-07-07,76.16666666666667,75.990812491901,78.9,2.7333333333333343,2.9091875080990093
2002-07-08,79.48333333333333,79.52407671374885,79.1,-0.38333333333333997,-0.42407671374886036
2002-07-09,78.675,78.39781002980433,77.4,-1.2749999999999915,-0.9978100298043273
2002-07-10,73.53333333333333,72.98315407541791,76.9,3.3666666666666742,3.9168459245820912
2002-07-11,69.8,68.70047946093041,79.1,9.299999999999997,10.399520539069584
2002-07-12,71.35833333333333,70.37318906310743,80.4,9.041666666666671,10.026810936892574
2002-07-13,73.20833333333333,72.5556952183491,81.7,8.491666666666674,9.144304781650902
2002-07-14,73.8,73.72397304652067,82.1,8.299999999999997,8.376026953479325
2002-07-15,76.375,76.68884281456523,81.7,5.325000000000003,5.011157185434769
2002-07-16,76.65,76.68306336659323,81.9,5.25,5.216936633406775
2002-07-17,78.28333333333333,77.97316314630038,81.9,3.6166666666666742,3.9268368536996263
2002-07-18,79.425,80.16496047686925,81.1,1.6749999999999972,0.9350395231307402
2002-07-19,76.375,76.18450174938448,82.1,5.724999999999994,5.915498250615514
2002-07-20,75.85833333333333,75.47676558248023,82.1,6.24166666666666,6.623234417519768
2002-07-21,77.14166666666667,77.06750032396009,80.2,3.058333333333337,3.132499676039913
2002-07-22,78.625,78.87239860049242,81.6,2.9749999999999943,2.727601399507577
2002-07-23,77.475,77.52644810159389,82,4.525000000000006,4.4735518984061144
2002-07-24,72.25,70.87635091356745,81.4,9.150000000000006,10.523649086432556
2002-07-25,72.14999999999999,70.71040559803032,80.7,8.550000000000011,9.989594401969683
2002-07-26,71.41666666666667,70.20584423998963,82,10.583333333333329,11.79415576001037
2002-07-27,73.05833333333334,72.1362187378515,82.3,9.24166666666666,10.163781262148504
2002-07-28,77.25833333333333,76.78144356615265,81.3,4.041666666666671,4.518556433847351
2002-07-29,79.83333333333334,79.8004146689128,81.3,1.4666666666666544,1.4995853310872036
2002-07-30,80.26666666666667,80.53827912401192,81.1,0.8333333333333286,0.5617208759880725
2002-07-31,80.43333333333334,80.54063755345341,82,1.5666666666666629,1.4593624465465922
2002-08-01,80.64166666666667,80.88536996242063,82.9,2.25833333333334,2.01463003757938
2002-08-02,78.775,78.51478553842166,81.1,2.3249999999999886,2.5852144615783317
2002-08-03,78.2,77.90747699883374,81.4,3.200000000000003,3.492523001166262
2002-08-04,79.80833333333334,79.95149669560709,81.9,2.0916666666666686,1.948503304392915
2002-08-05,79.06666666666666,79.010768433329,81.5,2.433333333333337,2.4892315666709948
2002-08-06,71.65833333333333,70.7888168977582,82.6,10.941666666666663,11.811183102241799
2002-08-07,69.775,68.70697162109629,82.7,12.924999999999997,13.993028378903716
2002-08-08,71.34166666666667,70.48437216534923,80.5,9.158333333333331,10.015627834650772
2002-08-09,73.35833333333333,72.381624983802,80.8,7.441666666666663,8.418375016197999
2002-08-10,75.775,75.24716858882987,81.3,5.5249999999999915,6.052831411170132
2002-08-11,78.46666666666667,78.29781002980434,79.3,0.8333333333333286,1.0021899701956585
2002-08-12,79.26666666666667,79.5568614746663,80.5,1.2333333333333343,0.9431385253336941
2002-08-13,79.9,80.11080730853959,81.3,1.3999999999999915,1.1891926914604056
2002-08-14,79.03333333333333,79.17375923286251,81.8,2.7666666666666657,2.6262407671374888
2002-08-15,77.45,77.97841129972788,82.9,5.450000000000003,4.921588700272125
2002-08-16,78.3,78.83489698069198,81.6,3.299999999999997,2.7651030193080146
2002-08-17,77.975,78.47907217830763,82.4,4.425000000000011,3.9209278216923735
2002-08-18,77.04166666666667,77.38071789555526,80.9,3.8583333333333343,3.5192821044447413
2002-08-19,76.14166666666667,76.45787223014125,80.9,4.75833333333334,4.442127769858757
2002-08-20,73.19166666666666,72.4027212647402,80.5,7.308333333333337,8.097278735259806
2002-08-21,73.65,73.3934948814306,78.9,5.25,5.506505118569407
2002-08-22,75.25,74.89209537384994,80.3,5.049999999999997,5.4079046261500565
2002-08-23,74.175,73.1618375016198,81.5,7.325000000000003,8.3381624983802
2002-08-24,72.30833333333334,70.72239212129065,81.9,9.591666666666669,11.177607878709352
2002-08-25,73.56666666666666,72.3383179992225,81.2,7.63333333333334,8.861682000777506
2002-08-26,74.18333333333334,73.16639885966049,80.7,6.516666666666666,7.533601140339513
2002-08-27,73.93333333333334,73.11674225735389,80.9,6.966666666666669,7.783257742646114
2002-08-28,69.96666666666667,69.23772191266036,80.2,10.233333333333334,10.96227808733964
2002-08-29,66.775,65.22709602177012,79.4,12.625,14.172903978229883
2002-08-30,69.16666666666667,67.80527407023455,79.3,10.133333333333326,11.494725929765451
2002-08-31,70.625,69.07999222495789,80.5,9.875,11.420007775042109
2002-09-01,69.36666666666666,67.32678502008552,80.8,11.433333333333337,13.473214979914474
2002-09-02,71.25,69.6161202539847,81.6,10.349999999999994,11.98387974601529
2002-09-03,73.48333333333333,72.24087080471686,81.1,7.61666666666666,8.859129195283131
2002-09-04,74.30833333333334,73.4783724245173,80.6,6.291666666666657,7.121627575482691
2002-09-05,71.65,70.59304133730724,80.1,8.449999999999989,9.506958662692753
2002-09-06,70.625,69.35678372424518,78.9,8.275000000000006,9.54321627575483
2002-09-07,72.15,71.35022677206167,80,7.849999999999994,8.649773227938326
2002-09-08,73.35,73.20764545807957,79.7,6.3500000000000085,6.4923545419204345
2002-09-09,75.99166666666667,76.16664506932746,79.9,3.9083333333333314,3.7333549306725473
2002-09-10,75.75833333333333,75.74011921731243,79.6,3.8416666666666686,3.8598807826875685
2002-09-11,69.68333333333334,68.84374757029934,77.8,8.11666666666666,8.956252429700655
2002-09-12,66.55,64.94578203965271,77.9,11.350000000000009,12.954217960347293
2002-09-13,69.28333333333333,68.28758584942334,81,11.716666666666669,12.712414150576663
2002-09-14,71.86666666666666,71.1738629000907,82,10.13333333333334,10.826137099909303
2002-09-15,70.55,70.42096669690294,82,11.450000000000003,11.579033303097063
2002-09-16,69.625,69.20484644291824,81.6,11.974999999999994,12.395153557081755
2002-09-17,69.01666666666667,68.2939613839575,81.7,12.683333333333337,13.406038616042508
2002-09-18,69.24166666666666,68.36155241674226,81.7,12.458333333333343,13.338447583257746
2002-09-19,70.65833333333333,69.94657250226771,82.1,11.441666666666663,12.153427497732281
2002-09-20,70.25,69.61853051704031,81.8,11.549999999999997,12.181469482959685
2002-09-21,70.70833333333333,70.6182713489698,80.9,10.191666666666677,10.281728651030207
2002-09-22,68.85,68.42390825450305,79.9,11.050000000000011,11.476091745496959
2002-09-23,65.69166666666666,65.49751198652326,79.3,13.608333333333334,13.802488013476733
2002-09-24,63.34166666666667,62.3814176493456,80.2,16.858333333333334,17.818582350654403
2002-09-25,64.10833333333333,63.064714267202284,82.4,18.29166666666667,19.335285732797722
2002-09-26,62.11666666666667,61.50277309835428,82.2,20.083333333333336,20.69722690164572
2002-09-27,63.69166666666666,63.07483478035506,80.4,16.708333333333343,17.325165219644944
2002-09-28,65.325,65.51263444343657,81,15.674999999999997,15.487365556563432
2002-09-29,63.45,63.05954386419593,80.9,17.450000000000003,17.840456135804075
2002-09-30,66.74166666666666,66.16620448360761,81,14.25833333333334,14.833795516392385
2002-10-01,68.63333333333334,68.74649475184658,80,11.36666666666666,11.253505248153417
2002-10-02,69.5,70.090812491901,81.1,11.599999999999994,11.00918750809899
2002-10-03,67.675,67.28516262796424,80.3,12.625,13.014837372035757
2002-10-04,66.30833333333334,64.933873266813535,79.8,13.49166666666666,14.866126733186462
2002-10-05,66.55,66.3043021899702,80.8,14.25,14.495697810029796
2002-10-06,61.391666666666666,60.15717247635091,79.7,18.308333333333337,19.542827523649095
2002-10-07,60.291666666666664,59.18517558636776,79.3,19.008333333333333,20.114824413632235
2002-10-08,56.666666666666664,55.393300505377745,79.7,23.03333333333334,24.306699494622258
2002-10-09,57.141666666666666,56.3011532979137,80.1,22.95833333333333,23.798846702086294
2002-10-10,59.49166666666667,59.026616560839706,79.6,20.108333333333327,20.57338343916029
2002-10-11,59.925,58.8712323441752,80.2,20.275000000000006,21.328767655824805
2002-10-12,59.525,58.69105870156797,81,21.475,22.308941298432032
2002-10-13,56.15,55.14894389011273,79.6,23.449999999999996,24.45105610988726
2002-10-14,51.575,50.59714915122457,77.6,26.02499999999999,27.002850848775424
2002-10-15,50.358333333333334,49.43331605546197,76.6,26.24166666666666,27.166683944538022
2002-10-16,49.45,48.91339898924453,77.3,27.849999999999994,28.38660101075547
2002-10-17,49.108333333333334,48.651885447712836,72.8,23.691666666666663,24.14811455228716
2002-10-18,50.00833333333333,49.36457172476351,72.9,22.891666666666673,23.535428275236498
2002-10-19,52.325,51.424854217960345,75.7,23.375,24.275145782039658
2002-10-20,49.875,49.19911882856032,77,27.125,27.800881171439677
2002-10-21,48.03333333333333,47.207788000518335,77.2,29.16666666666667,29.99221199948167
2002-10-22,47.5,46.23104833484515,77.8,30.299999999999997,31.56895166515485
2002-10-23,46.641666666666666,45.290449656602306,78,31.358333333333334,32.709550343397694
2002-10-24,44.608333333333334,43.30382272903979,77.9,33.29166666666667,34.59617727096022
2002-10-25,45.775,44.72580018141765,78.6,32.824999999999996,33.87419981858235
2002-10-26,49.958333333333336,49.2030452248283,79,29.041666666666664,29.7969547751717
2002-10-27,49.458333333333336,48.408267461448744,80.1,30.64166666666666,31.69173253855125
2002-10-28,47.53333333333333,46.21031488920565,79.9,32.366666666666674,33.68968511079436
2002-10-29,43.08333333333333,41.62998574575612,78.9,35.81666666666668,37.27001425424388
2002-10-30,41.46666666666667,40.19486847220422,79.5,38.03333333333333,39.30513152779578
2002-10-31,41.55833333333333,40.809083840870805,79.1,37.541666666666664,38.29091615912919
2002-11-01,40.86666666666667,39.55655047298173,78.5,37.63333333333333,38.94344952701827
2002-11-02,38.891666666666666,37.25069327458857,76.3,37.40833333333333,39.04930672541143
2002-11-03,40.31666666666667,38.44966956071013,75.7,35.38333333333333,37.250330439289876
2002-11-04,41.766666666666666,40.67006608785797,76.8,35.03333333333333,36.12993391214203
2002-11-05,42.516666666666666,41.10321368407412,78.2,35.68333333333334,37.09678631592588
2002-11-06,44.43333333333334,43.555967344823124,78.8,34.36666666666666,35.24403265517687
2002-11-07,42.925,41.627277439419466,66.7,23.775000000000006,25.072722560580537
2002-11-08,48.68333333333334,47.878838927044185,71.1,22.416666666666657,23.22116107295581
2002-11-09,53.975,53.332499676039916,75.1,21.124999999999993,21.76750032396008
2002-11-10,58.15833333333333,58.00395231307503,77.2,19.04166666666667,19.19604768692497
2002-11-11,55.81666666666666,55.72984320331735,78,22.183333333333337,22.27015679668265
2002-11-12,47.85,47.33163146300376,77.3,29.449999999999996,29.968368536996238
2002-11-13,45.53333333333333,45.28967215239083,71.9,26.366666666666674,26.610327847609177
2002-11-14,46.875,46.14575612284566,69.3,22.424999999999997,23.154243877154336
2002-11-15,46.38333333333333,46.11960606453285,73.3,26.916666666666664,27.180393935467144
2002-11-16,41.3,40.240611636646364,74.4,33.10000000000001,34.15938836335364
2002-11-17,39.608333333333334,38.58801347673967,67.4,27.79166666666667,28.811986523260337
2002-11-18,40.708333333333336,39.18139173253855,59.2,18.491666666666667,20.018608267461452
2002-11-19,43.075,41.446455876635994,63.6,20.525,22.153544123364007
2002-11-20,46.025,44.98228586238175,69.7,23.675000000000004,24.717714137618252
2002-11-21,45.6,43.89843203317351,70.4,24.800000000000004,26.501567966826492
2002-11-22,43.28333333333333,42.363301801218086,68.3,25.016666666666666,25.93669819878191
2002-11-23,39.625,38.47528832447842,60.6,20.975,22.12471167552158
2002-11-24,40.86666666666667,39.26497343527277,63,22.133333333333333,23.735026564727228
2002-11-25,40.44166666666667,39.189412984320334,66.9,26.458333333333336,27.71058701567967
2002-11-26,37.7,37.02082415446417,68.7,31,31.67917584553583
2002-11-27,33.19166666666667,31.75334974731113,67.4,34.208333333333336,35.64665025268887
2002-11-28,30.708333333333332,28.281767526240767,66.8,36.09166666666667,38.51823247375923
2002-11-29,36.96666666666667,35.14153168329662,59.3,22.33333333333333,24.158468316703377
2002-11-30,38.791666666666664,37.74733704807568,60.3,21.508333333333333,22.55266295192432
2002-12-01,31.8,30.273966567318908,68.7,36.900000000000006,38.426033432681095
2002-12-02,33.583333333333336,32.08923156667099,65.7,32.11666666666667,33.610768433329014
2002-12-03,26.849999999999998,24.26258908902423,67.6,40.75,43.33741091097576
2002-12-04,26.083333333333332,24.145147077880004,72.8,46.71666666666667,48.65485292211999
2002-12-05,27.7,26.342179603472854,73.6,45.89999999999999,47.25782039652714
2002-12-06,28.025,26.23567448490346,69.1,41.074999999999996,42.86432551509654
2002-12-07,29.28333333333333,27.66459764157056,65.8,36.516666666666666,38.13540235842944
2002-12-08,32.46666666666667,30.743151483737208,71.4,38.93333333333334,40.6568485162628
2002-12-09,25.84166666666667,23.391978748218218,72,46.15833333333333,48.60802125178178
2002-12-10,30.55,28.618089931320462,72,41.45,43.38191006867954
2002-12-11,33.86666666666667,32.183542827523645,71,37.13333333333333,38.816457172476355
2002-12-12,37.766666666666666,36.771271219385774,72.1,34.33333333333333,35.32872878061422
2002-12-13,36.583333333333336,35.830050537773744,72.7,36.11666666666667,36.86994946222626
2002-12-14,39.958333333333336,39.36827782817157,66.7,26.741666666666667,27.33172217182843
2002-12-15,39.63333333333333,38.475275366074904,58.2,18.56666666666667,19.7247246339251
2002-12-16,36.21666666666667,34.33487106388493,55.1,18.883333333333333,20.76512893611507
2002-12-17,32.625,30.019942983024492,58.9,26.275,28.880057016975506
2002-12-18,37.21666666666667,35.61574446028249,66.4,29.183333333333337,30.784255539717513
2002-12-19,40.208333333333336,38.659932616301674,69.5,29.291666666666664,30.840067383698326
2002-12-20,43.53333333333333,43.40593494881431,68.3,24.766666666666666,24.894065051185684
2002-12-21,37.416666666666664,36.25018789685111,59,21.583333333333336,22.74981210314889
2002-12-22,37.61666666666667,36.563703511727354,62.4,24.78333333333333,25.836296488272644
2002-12-23,35.9,34.808034210185305,67.3,31.4,32.49196578981469
2002-12-24,32.083333333333336,31.68573279771932,72.3,40.21666666666666,40.61426720228067
2002-12-25,32.05833333333334,31.758844110405597,66.7,34.641666666666666,34.941155889594405
2002-12-26,30.025,28.759660489827656,56.5,26.475,27.740339510172344
2002-12-27,29.3,27.985836464947518,59.6,30.3,31.614163535052484
2002-12-28,31.641666666666666,29.83367889076066,57.6,25.958333333333336,27.766321109239342
2002-12-29,34.96666666666667,33.08454062459505,56.4,21.43333333333333,23.31545937540495
2002-12-30,37.416666666666664,35.883866787611765,62.5,25.083333333333336,26.616133212388235
2002-12-31,40.18333333333333,39.06895166515485,71,30.81666666666667,31.93104833484515
2003-01-01,37.516666666666666,36.56892574834781,70.2,32.68333333333334,33.631074251652194
2003-01-02,32.925,31.41689775819619,68,35.075,36.583102241803815
2003-01-03,32.99166666666667,31.683089283400285,64.3,31.30833333333333,32.61691071659971
2003-01-04,33.56666666666666,31.734495270182713,54.6,21.03333333333334,22.86550472981729
2003-01-05,32.291666666666664,30.269599585331086,54.3,22.008333333333333,24.03040041466891
2003-01-06,32.391666666666666,30.511351561487626,57.4,25.008333333333333,26.888648438512373
2003-01-07,30.78333333333333,28.79945574705196,55.2,24.41666666666667,26.40054425294804
2003-01-08,38.38333333333333,36.47743941946352,54.4,16.016666666666666,17.922560580536476
2003-01-09,40.8,38.82710898017364,60.4,19.6,21.572891019826358
2003-01-10,31.816666666666666,30.200038875210577,64.5,32.68333333333334,34.29996112478942
2003-01-11,24.516666666666666,22.44267202280679,65.9,41.38333333333334,43.457327977193216
2003-01-12,25.891666666666666,24.42594272385642,61.8,35.90833333333333,37.374057276143574
2003-01-13,27.475,26.235959569781002,62.5,35.025,36.264040430219
2003-01-14,23.683333333333334,21.155500842296227,61.9,38.21666666666667,40.74449915770377
2003-01-15,22.416666666666668,19.73185175586368,57.4,34.983333333333334,37.66814824413632
2003-01-16,24.266666666666666,21.974808863548013,59.8,35.53333333333333,37.825191136451984
2003-01-17,22.491666666666667,20.590993909550345,58.3,35.80833333333333,37.70900609044965
2003-01-18,17.175,13.84037838538292,47.7,30.525000000000002,33.85962161461708
2003-01-19,22.025,18.990812491901,51.7,29.675000000000004,32.709187508099006
2003-01-20,25.575,22.531709213424907,53.9,28.325,31.36829078657509
2003-01-21,20.55,16.515394583387327,56.5,35.95,39.98460541661267
2003-01-22,15.674999999999999,12.404807567707657,60.4,44.725,47.99519243229234
2003-01-23,12.433333333333334,9.252313075029157,61.5,49.06666666666666,52.24768692497084
2003-01-24,17.491666666666667,14.322418038097705,44.4,26.90833333333333,30.077581961902293
2003-01-25,22.916666666666668,20.53550602565764,53.5,30.583333333333332,32.96449397434236
2003-01-26,24.866666666666667,22.798289490734742,59.5,34.63333333333333,36.701710509265254
2003-01-27,18,14.702552805494363,57.2,39.2,42.49744719450564
2003-01-28,23.291666666666668,18.864040430218996,58,34.70833333333333,39.13595956978101
2003-01-29,28.625,25.729584035246855,63.4,34.775,37.67041596475315
2003-01-30,28.65833333333333,25.778139173253855,65,36.34166666666667,39.221860826746145
2003-01-31,35.25,33.188998315407545,66,30.75,32.811001684592455
2003-02-01,36.75,34.772981728651025,62.2,25.450000000000003,27.427018271348977
2003-02-02,38.13333333333333,36.272152390825454,57.5,19.366666666666667,21.227847609174546
2003-02-03,38.766666666666666,37.43812362316962,61.6,22.833333333333336,24.161876376830378
2003-02-04,35.2,34.299663081508356,67.5,32.3,33.200336918491644
2003-02-05,27.091666666666665,25.486626927562522,65.5,38.40833333333333,40.013373072437474
2003-02-06,27.125,25.83470260463911,66.4,39.275000000000006,40.5652973953609
2003-02-07,25.833333333333332,24.323610211221975,68.5,42.66666666666667,44.176389788778025
2003-02-08,22,20.228508487754308,67.7,45.7,47.47149151224569
2003-02-09,24.583333333333332,22.31209019048853,69.3,44.71666666666667,46.987909809511464
2003-02-10,28.46666666666667,26.960437994039136,69.2,40.733333333333334,42.23956200596086
2003-02-11,23.716666666666665,21.070623299209537,65.9,42.18333333333334,44.82937670079047
2003-02-12,22.816666666666666,19.489438901127382,63.1,40.28333333333333,43.61056109887262
2003-02-13,22.608333333333334,18.473189063107426,63.5,40.891666666666666,45.02681093689257
2003-02-14,24.675,20.207010496306854,66.1,41.425,45.892989503693144
2003-02-15,24.008333333333333,19.901399507580667,70.6,46.59166666666666,50.69860049241933
2003-02-16,17.708333333333332,13.826966437734871,72.5,54.79166666666667,58.67303356226513
2003-02-17,24.816666666666666,22.08573279771932,67.7,42.88333333333334,45.614267202280686
2003-02-18,30.691666666666666,28.367655824802387,61.4,30.708333333333332,33.03234417519761
2003-02-19,32.84166666666667,30.766023065958272,66,33.15833333333333,35.23397693404173
2003-02-20,36.375,35.31920435402358,70.2,33.825,34.88079564597642
2003-02-21,35.74166666666667,34.663936762990794,73,37.25833333333333,38.336063237009206
2003-02-22,35.625,33.99865232603343,73.8,38.175,39.80134767396657
2003-02-23,33.78333333333333,32.369418167681744,68.1,34.31666666666666,35.73058183231825
2003-02-24,24.466666666666665,23.401153297913698,68.7,44.233333333333334,45.29884670208631
2003-02-25,20.325,19.344019696773355,70.1,49.77499999999999,50.755980303226636
2003-02-26,20.166666666666668,18.16728003110017,70.4,50.233333333333334,52.232719968899836
2003-02-27,25.425,23.163962679797848,71.6,46.175,48.436037320202146
2003-02-28,30.441666666666666,28.8049371517429,73.6,43.15833333333333,44.79506284825709
2003-03-01,33.458333333333336,31.906919787482185,75,41.541666666666664,43.09308021251782
2003-03-02,33.958333333333336,32.66315925877932,75.4,41.44166666666667,42.73684074122069
2003-03-03,22.2,20.02486717636387,73.8,51.599999999999994,53.77513282363613
2003-03-04,28.583333333333332,26.71026305559155,77.2,48.616666666666674,50.48973694440845
2003-03-05,34.516666666666666,33.20362835298691,77.2,42.68333333333334,43.99637164701309
2003-03-06,28.75,26.894531553712582,77.9,49.150000000000006,51.00546844628742
2003-03-07,27.391666666666666,24.56448101593884,77.8,50.40833333333333,53.23551898406116
2003-03-08,34.31666666666666,32.08168977581962,76.7,42.38333333333334,44.618310224180384
2003-03-09,31.875,30.027108980173644,75.7,43.825,45.67289101982636
2003-03-10,23.258333333333333,19.76266683944538,76,52.74166666666667,56.23733316055462
2003-03-11,31.891666666666666,28.904885318128805,75.6,43.70833333333333,46.69511468187119
2003-03-12,41.00833333333333,38.98245432162758,76.7,35.69166666666667,37.717545678372424
2003-03-13,38.46666666666667,35.39628093818842,76.5,38.03333333333333,41.10371906181158
2003-03-14,35.30833333333333,32.12950628482571,76,40.69166666666667,43.87049371517429
2003-03-15,43.24166666666667,40.746391084618374,76.5,33.25833333333333,35.753608915381626
2003-03-16,50.108333333333334,48.40390047946094,76.3,26.191666666666663,27.89609952053906
2003-03-17,52.49166666666667,51.761798626409224,73.2,20.708333333333336,21.43820137359078
2003-03-18,49.725,47.59997408319295,76.7,26.975,29.100025916807056
2003-03-19,43.375,40.51807697291694,78.7,35.325,38.181923027083066
2003-03-20,44.141666666666666,42.87181547233381,78.8,34.65833333333333,35.92818452766619
2003-03-21,50.416666666666664,50.40837112867695,79.4,28.98333333333334,28.99162887132306
2003-03-22,49.28333333333333,48.685979007386294,77.7,28.41666666666667,29.01402099261371
2003-03-23,48.25833333333333,47.433018012180895,74.1,25.84166666666666,26.6669819878191
2003-03-24,50.43333333333334,49.23038745626539,71.3,20.86666666666666,22.069612543734607
2003-03-25,50.983333333333334,49.116275754827,71.1,20.11666666666666,21.983724245172994
2003-03-26,50.483333333333334,49.207619541272514,74.1,23.61666666666666,24.89238045872748
2003-03-27,48.975,48.16003628352987,72.9,23.925000000000004,24.739963716470136
2003-03-28,49.99166666666667,49.25872748477387,73.5,23.508333333333333,24.24127251522613
2003-03-29,49.53333333333333,49.36499935207983,72.5,22.96666666666667,23.135000647920172
2003-03-30,40.416666666666664,39.59486847220422,68.1,27.68333333333333,28.505131527795776
2003-03-31,39.31666666666667,37.41022418038098,58.5,19.18333333333333,21.08977581961902
2003-04-01,45.25833333333333,43.544654658546065,60.3,15.041666666666664,16.755345341453932
2003-04-02,50.358333333333334,47.92915640793054,66.8,16.441666666666663,18.870843592069455
2003-04-03,48.325,45.492859919657896,69.1,20.77499999999999,23.6071400803421
2003-04-04,43.208333333333336,40.05918102889724,72.4,29.19166666666667,32.34081897110276
2003-04-05,41.075,37.77912401192173,73.2,32.125,35.42087598807827
2003-04-06,40.21666666666667,37.43849941687184,75.9,35.68333333333334,38.461500583128164
2003-04-07,38.18333333333333,34.89305429571077,77.8,39.61666666666667,42.90694570428923
2003-04-08,38.30833333333333,35.30256576389788,77.6,39.291666666666664,42.29743423610211
2003-04-09,39.333333333333336,36.73629648827264,74.5,35.166666666666664,37.76370351172736
2003-04-10,43.891666666666666,41.4610470390048,66.3,22.40833333333333,24.8389529609952
2003-04-11,45.291666666666664,43.05224828301154,66.8,21.508333333333333,23.74775171698846
2003-04-12,49.575,47.45782039652715,67.8,18.224999999999994,20.34217960347285
2003-04-13,49.975,48.1165349228975,68.5,18.525,20.3834650771025
2003-04-14,53.791666666666664,52.374057276143574,70.7,16.90833333333334,18.32594272385643
2003-04-15,61.766666666666666,61.86065828689905,72,10.233333333333334,10.139341713100947
2003-04-16,60.58333333333333,60.84293119087728,72.6,12.016666666666666,11.757068809122714
2003-04-17,46.391666666666666,43.630115329791366,73.7,27.308333333333337,30.069884670208637
2003-04-18,45.833333333333336,42.886756511597774,74.9,29.06666666666667,32.01324348840223
2003-04-19,52.93333333333334,51.30642736814825,75.9,22.96666666666667,24.593572631851757
2003-04-20,54.516666666666666,53.29344304781651,76.4,21.88333333333334,23.106556952183496
2003-04-21,52.233333333333334,50.37554749254892,74.6,22.36666666666666,24.224452507451076
2003-04-22,49.25,47.90860437994039,74.6,25.349999999999994,26.691395620059602
2003-04-23,48.06666666666666,45.939341713100944,74.7,26.63333333333334,28.76065828689906
2003-04-24,49.80833333333333,47.54087080471686,75.6,25.791666666666664,28.059129195283134
2003-04-25,52.18333333333333,50.348736555656345,77.9,25.716666666666676,27.55126344434366
2003-04-26,52.025,50.122249578851886,73.9,21.875000000000007,23.77775042114812
2003-04-27,56.475,55.334948814306074,75.3,18.824999999999996,19.965051185693923
2003-04-28,59.975,59.84162239212129,74.2,14.225000000000001,14.358377607878715
2003-04-29,58.86666666666667,58.32581313982117,75.3,16.43333333333333,16.974186860178825
2003-04-30,57.24166666666667,55.827212647401836,72.6,15.358333333333327,16.772787352598158
2003-05-01,59.733333333333334,57.30931709213425,74.7,14.966666666666669,17.390682907865752
2003-05-02,59.483333333333334,58.006634702604636,75.8,16.316666666666663,17.79336529739536
2003-05-03,54.675,52.414176493456004,76.1,21.424999999999997,23.68582350654399
2003-05-04,54.63333333333333,52.827756900349875,77.8,23.166666666666664,24.97224309965012
2003-05-05,54.475,53.78700272126474,79.7,25.225,25.91299727873526
2003-05-06,57.09166666666667,55.204535441233645,80.2,23.108333333333334,24.995464558766358
2003-05-07,60.5,59.34024880134768,80,19.5,20.659751198652323
2003-05-08,58.18333333333334,55.87988855772969,80,21.816666666666663,24.120111442270307
2003-05-09,59.608333333333334,59.1487106388493,80.4,20.79166666666667,21.251289361150704
2003-05-10,61.291666666666664,60.429545160036284,80.7,19.40833333333334,20.27045483996372
2003-05-11,59.79166666666667,57.67951276402748,81.1,21.308333333333323,23.420487235972516
2003-05-12,56.275,55.56694311260853,80.8,24.525,25.23305688739147
2003-05-13,56.575,55.38061422832707,80.2,23.625,24.819385771672934
2003-05-14,56.975,55.21394324219256,79.4,22.425000000000004,24.186056757807442
2003-05-15,57.875,55.70049241933394,80,22.125,24.29950758066606
2003-05-16,56.90833333333333,54.22861215498251,81.4,24.491666666666674,27.1713878450175
2003-05-17,55.69166666666667,53.499922249578844,80.6,24.908333333333324,27.10007775042115
2003-05-18,57.4,56.294803680186604,79.8,22.4,23.505196319813393
2003-05-19,61.925,61.26726707269665,80,18.075000000000003,18.732732927303353
2003-05-20,62.141666666666666,61.36820007775042,79.3,17.15833333333333,17.931799922249574
2003-05-21,56.824999999999996,55.49631981339898,80.1,23.275,24.60368018660101
2003-05-22,56.31666666666666,54.409070882467276,79.4,23.083333333333343,24.99092911753273
2003-05-23,55.725,53.79138266165608,78.1,22.374999999999993,24.308617338343915
2003-05-24,56.358333333333334,54.595490475573406,78.7,22.34166666666667,24.104509524426597
2003-05-25,58.43333333333333,56.805066735778155,78.6,20.166666666666664,21.79493326422184
2003-05-26,57.8,55.651807697291694,79.9,22.10000000000001,24.24819230270831
2003-05-27,60.208333333333336,58.563664636516776,78.2,17.991666666666667,19.636335363483227
2003-05-28,61.41666666666667,60.04001555008423,77,15.583333333333329,16.959984449915773
2003-05-29,63.30833333333333,61.83928987948685,77.2,13.891666666666673,15.360710120513154
2003-05-30,64.625,63.41181806401451,77.5,12.875,14.088181935985489
2003-05-31,61.35,59.62227549565893,78.3,16.949999999999996,18.677724504341064
2003-06-01,58.65833333333333,56.62350654399378,80.6,21.941666666666663,23.976493456006217
2003-06-02,60.891666666666666,59.2012051315278,79.7,18.808333333333337,20.498794868472203
2003-06-03,60.28333333333333,59.05547492548918,80.6,20.316666666666663,21.544525074510815
2003-06-04,58.949999999999996,57.33827912401192,81,22.050000000000004,23.66172087598808
2003-06-05,61.2,60.2315537125826,81.3,20.099999999999994,21.068446287417395
2003-06-06,63.49166666666667,62.789477776337954,81.9,18.40833333333334,19.110522223662052
2003-06-07,62.78333333333333,61.7854606712453,82.5,19.71666666666667,20.714539328754697
2003-06-08,63.11666666666667,61.701749384475825,82.9,19.78333333333334,21.19825061552418
2003-06-09,64.61666666666666,63.38606971621096,81.5,16.88333333333334,18.11393028378904
2003-06-10,67.175,66.86511597771154,80.4,13.225000000000009,13.534884022288466
2003-06-11,67.975,66.72494492678503,80.3,12.325000000000003,13.575055073214969
2003-06-12,68.20833333333333,67.23967863159258,80.4,12.191666666666677,13.160321368407423
2003-06-13,67.15833333333333,65.21977452377867,82,14.841666666666669,16.780225476221332
2003-06-14,69.00833333333334,67.67729687702476,81.3,12.291666666666657,13.622703122975238
2003-06-15,69.275,68.24680575353116,80.5,11.224999999999994,12.253194246468837
2003-06-16,65.925,64.11101464299598,79.4,13.475000000000009,15.288985357004023
2003-06-17,63.858333333333334,62.58838927044188,80.4,16.54166666666667,17.811610729558126
2003-06-18,65.79166666666667,64.59882078527924,79.7,13.908333333333331,15.101179214720759
2003-06-19,66.25833333333333,65.1902423221459,81.3,15.041666666666671,16.10975767785409
2003-06-20,64.15833333333333,63.30392639626798,82.2,18.04166666666667,18.89607360373202
2003-06-21,64.45833333333333,63.152261241415054,80.8,16.34166666666667,17.647738758584943
2003-06-22,66.8,65.33075029156409,78.3,11.5,12.96924970843591
2003-06-23,71.40833333333333,70.85025268886874,77.2,5.791666666666671,6.349747311131267
2003-06-24,75.2,75.28417778929636,76.8,1.5999999999999943,1.5158222107036323
2003-06-25,77.09166666666667,77.5173253855125,79.8,2.7083333333333286,2.2826746144874903
2003-06-26,76.5,76.8355319424647,79.9,3.4000000000000057,3.064468057535308
2003-06-27,74.06666666666666,74.66413113904366,80.5,6.433333333333337,5.835868860956339
2003-06-28,71.45833333333333,71.3504988985357,79.8,8.341666666666669,8.449501101464293
2003-06-29,72.83333333333333,72.46687832059091,82.5,9.666666666666671,10.033121679409092
2003-06-30,73.65833333333333,73.46658027730983,82.5,8.841666666666669,9.03341972269017
2003-07-01,73.53333333333333,72.92421925618763,81.7,8.166666666666671,8.775780743812376
2003-07-02,74.48333333333333,74.16156537514578,81.4,6.916666666666671,7.2384346248542215
2003-07-03,74.55833333333334,74.02999870415965,81.5,6.941666666666663,7.470001295840348
2003-07-04,77.875,77.99494622262537,80.6,2.7249999999999943,2.6050537773746214
2003-07-05,78.36666666666667,78.81136451989116,81.1,2.73333333333332,2.2886354801088373
2003-07-06,77.85833333333333,78.09348192302708,82.2,4.341666666666669,4.106518076972918
2003-07-07,76.8,77.28621225864973,82.6,5.799999999999997,5.313787741350268
2003-07-08,76.55833333333334,76.65309057924064,82.8,6.24166666666666,6.146909420759357
2003-07-09,73.03333333333333,72.30233251263444,83.6,10.566666666666663,11.297667487365558
2003-07-10,70.675,69.65817027342231,83.1,12.424999999999997,13.44182972657768
2003-07-11,71.275,70.09377996630815,82.7,11.424999999999997,12.606220033691855
2003-07-12,72.39166666666667,71.66696902941558,82.1,9.708333333333329,10.433030970584412
2003-07-13,72.90833333333333,72.08644550991318,82.7,9.791666666666671,10.613554490086827
2003-07-14,72.95,71.78121031488921,83,10.049999999999997,11.218789685110792
2003-07-15,73.36666666666666,72.80060904496567,82.4,9.033333333333346,9.599390955034337
2003-07-16,73.86666666666666,73.13756641181806,80.7,6.833333333333343,7.562433588181946
2003-07-17,74.7,74.11153297913697,81.2,6.5,7.088467020863035
2003-07-18,73.84166666666667,72.96323700920045,82.5,8.658333333333331,9.536762990799545
2003-07-19,72.98333333333333,71.98634184268498,82.1,9.11666666666666,10.113658157315015
2003-07-20,74.36666666666666,73.76010107554748,82.4,8.033333333333346,8.639898924452524
2003-07-21,74.775,73.94582091486329,83.6,8.824999999999989,9.654179085136704
2003-07-22,73.55833333333334,72.72416742257354,84.1,10.541666666666657,11.37583257742645
2003-07-23,72.05833333333334,71.50914863288843,83.7,11.641666666666666,12.190851367111577
2003-07-24,72.26666666666667,71.78257094725929,79.9,7.63333333333334,8.117429052740718
2003-07-25,74.00833333333334,73.39384475832578,81.7,7.691666666666663,8.306155241674219
2003-07-26,76.475,75.82885836464948,81.3,4.825000000000003,5.47114163535052
2003-07-27,78,77.73098354282753,82,4,4.269016457172469
2003-07-28,73.975,73.4134896980692,80.9,6.925000000000011,7.486510301930807
2003-07-29,72.84166666666667,71.70901904885318,80.7,7.858333333333334,8.990980951146824
2003-07-30,73.24166666666667,72.36463651678113,81.4,8.158333333333331,9.035363483218873
2003-07-31,73.01666666666667,72.16330180121808,81.9,8.88333333333334,9.736698198781923
2003-08-01,73.50833333333333,72.6444084488791,81.1,7.591666666666669,8.45559155112089
2003-08-02,74.75833333333333,74.39142153686666,80.8,6.041666666666671,6.408578463133338
2003-08-03,74.21666666666667,73.716003628353,80.4,6.183333333333337,6.683996371647012
2003-08-04,73.46666666666667,72.68841518724894,82.1,8.633333333333326,9.411584812751059
2003-08-05,73.35833333333333,72.76142283270701,82,8.641666666666666,9.238577167292988
2003-08-06,73.975,73.18933523389919,81.6,7.625,8.410664766100808
2003-08-07,74.36666666666666,73.2542309187508,81.9,7.533333333333346,8.645769081249199
2003-08-08,74.48333333333333,73.44947518465725,81.7,7.216666666666669,8.250524815342757
2003-08-09,74.075,73.1822599455747,80.2,6.125,7.017740054425303
2003-08-10,74.76666666666667,74.07972009848386,81.8,7.033333333333331,7.720279901516136
2003-08-11,74.13333333333333,73.35557859271738,82.5,8.366666666666674,9.144421407282621
2003-08-12,74.2,73.69599585331088,82.5,8.299999999999997,8.804004146689124
2003-08-13,75.99166666666667,75.56984579499806,82.8,6.808333333333323,7.230154205001938
2003-08-14,77.96666666666667,77.94405857198394,80.4,2.433333333333337,2.455941428016061
2003-08-15,78.525,77.93641311390438,82.6,4.074999999999989,4.663586886095615
2003-08-16,77.75833333333334,77.27263185175586,80.3,2.541666666666657,3.027368148244136
2003-08-17,74.34166666666667,73.33208500712712,80.6,6.258333333333326,7.267914992872875
2003-08-18,73.21666666666667,71.94273681482441,80.5,7.283333333333331,8.557263185175586
2003-08-19,74.45,73.6947518465725,80,5.549999999999997,6.305248153427499
2003-08-20,76.34166666666667,76.04711675521575,79.2,2.8583333333333343,3.152883244784249
2003-08-21,77.925,78.35630426331475,79,1.0750000000000028,0.6436957366852454
2003-08-22,76.95,77.02962291045743,80.7,3.75,3.670377089542569
2003-08-23,73.3,72.70655695218349,81.1,7.799999999999997,8.393443047816504
2003-08-24,71.60833333333333,70.24852922119995,82.5,10.891666666666666,12.251470778800055
2003-08-25,75.2,74.57182843073734,81.9,6.700000000000003,7.328171569262665
2003-08-26,77.125,76.8245691330828,81.3,4.174999999999997,4.475430866917193
2003-08-27,76.51666666666667,76.3949073474148,81.5,4.983333333333334,5.105092652585199
2003-08-28,74.48333333333333,73.85555267591032,80.6,6.11666666666666,6.744447324089677
2003-08-29,74.09166666666667,73.35644680575352,81.2,7.108333333333334,7.843553194246482
2003-08-30,71.94166666666666,71.61624983801995,81.3,9.358333333333334,9.683750161980043
2003-08-31,66.89166666666667,65.87022158870028,81.6,14.708333333333329,15.72977841129972
2003-09-01,67.38333333333333,65.56641181806401,80.5,13.116666666666674,14.933588181935988
2003-09-02,67.78333333333333,65.71694959181029,79.6,11.816666666666663,13.883050408189703
2003-09-03,67.93333333333334,66.64420111442271,80.7,12.766666666666666,14.055798885577289
2003-09-04,69.65833333333333,68.84884022288455,81.3,11.641666666666666,12.45115977711545
2003-09-05,68.26666666666667,67.20270830633666,78.8,10.533333333333331,11.597291693663337
2003-09-06,67.98333333333333,66.75025268886873,80.8,12.816666666666663,14.04974731113127
2003-09-07,69.89166666666667,69.23954904755733,81.7,11.808333333333337,12.46045095244267
2003-09-08,69.71666666666667,68.96983283659452,82.1,12.383333333333326,13.130167163405474
2003-09-09,67.84166666666667,66.8595827394065,81.2,13.358333333333334,14.340417260593497
2003-09-10,67.5,66.66458468316704,81,13.5,14.335415316832965
2003-09-11,69.275,68.63838279124012,81.2,11.924999999999997,12.561617208759884
2003-09-12,66.35,66.01856939225087,80.5,14.150000000000006,14.481430607749132
2003-09-13,67.91666666666667,67.76214850330439,80,12.083333333333329,12.237851496695612
2003-09-14,69.81666666666666,69.67523649086434,80.8,10.983333333333334,11.124763509135661
2003-09-15,68.075,67.96292600751588,81.9,13.825000000000003,13.93707399248413
2003-09-16,68.04166666666667,67.92985616172088,80.5,12.458333333333329,12.570143838279122
2003-09-17,67.90833333333333,67.30213813658158,79.6,11.691666666666663,12.297861863418419
2003-09-18,66.475,66.27663599844499,79.6,13.125,13.323364001555007
2003-09-19,67.34166666666667,67.50820266943113,81,13.658333333333331,13.491797330568872
2003-09-20,67.34166666666667,67.1168459245821,80.2,12.858333333333334,13.083154075417909
2003-09-21,65.59166666666667,65.22784760917455,81.7,16.108333333333334,16.472152390825457
2003-09-22,65.80833333333334,65.17576778540884,81.7,15.891666666666666,16.524232214591166
2003-09-23,64.56666666666666,64.12583905662822,81.1,16.53333333333333,16.97416094337177
2003-09-24,63.125,62.84541920435403,80.5,17.375,17.65458079564597
2003-09-25,63.375,62.52114811455228,78.4,15.025000000000006,15.878851885447723
2003-09-26,63.74166666666667,62.769171958014766,77.3,13.55833333333333,14.530828041985231
2003-09-27,65.04166666666667,64.16928858364649,79.4,14.358333333333334,15.230711416353515
2003-09-28,61.375,60.98338732668135,79.1,17.724999999999994,18.11661267331864
2003-09-29,56.858333333333334,56.3514966956071,76.7,19.84166666666667,20.3485033043929
2003-09-30,54.74166666666667,53.8174808863548,78.1,23.358333333333327,24.282519113645193
2003-10-01,53.025,51.97974601529092,79.5,26.475,27.52025398470908
2003-10-02,50.483333333333334,49.35951794738889,77.5,27.016666666666666,28.140482052611112
2003-10-03,50.233333333333334,48.70476869249708,78.3,28.066666666666663,29.595231307502914
2003-10-04,54.041666666666664,52.915822210703645,79,24.958333333333336,26.084177789296355
2003-10-05,52.825,51.110638849293764,79.5,26.674999999999997,28.389361150706236
2003-10-06,53.34166666666667,51.316210962809386,79.9,26.558333333333337,28.58378903719062
2003-10-07,56.53333333333333,55.0030452248283,79.3,22.766666666666666,24.2969547751717
2003-10-08,63.141666666666666,61.915472333808474,79,15.858333333333334,17.084527666191526
2003-10-09,64.475,63.61799922249578,79.4,14.925000000000011,15.782000777504223
2003-10-10,62.55,61.60980951146819,79.1,16.549999999999997,17.490190488531802
2003-10-11,62.725,62.19262666839445,80.6,17.874999999999993,18.40737333160554
2003-10-12,61.475,60.20999092911753,81,19.525,20.79000907088247
2003-10-13,60.95,59.93032266424776,80.5,19.549999999999997,20.56967733575224
2003-10-14,58.175,57.19041078139173,80.1,21.924999999999997,22.90958921860826
2003-10-15,55.416666666666664,55.263185175586365,79.9,24.48333333333334,24.63681482441364
2003-10-16,53.925,52.79604768692498,76,22.075000000000003,23.20395231307502
2003-10-17,52.59166666666667,50.771776597123235,77.7,25.108333333333334,26.928223402876768
2003-10-18,52.708333333333336,51.16613969158999,77.1,24.39166666666666,25.933860308410004
2003-10-19,53.49166666666667,51.389348192302705,76.5,23.008333333333333,25.110651807697295
2003-10-20,55.833333333333336,53.79554230918751,77.1,21.26666666666666,23.304457690812484
2003-10-21,60.916666666666664,59.76227808733964,76.9,15.983333333333341,17.137721912660368
2003-10-22,52.025,49.491758455358294,75.7,23.675000000000004,26.20824154464171
2003-10-23,47.00833333333333,44.43519502397305,78.2,31.19166666666667,33.76480497602695
2003-10-24,48.291666666666664,45.62960995205391,78.8,30.508333333333333,33.170390047946086
2003-10-25,51.825,49.883076324996765,77.3,25.474999999999994,27.416923675003233
2003-10-26,55.24166666666667,54.493287546974216,79.2,23.958333333333336,24.706712453025787
2003-10-27,54.041666666666664,53.85634313852534,78.4,24.35833333333334,24.543656861474666
2003-10-28,50.333333333333336,49.56930154205002,78.9,28.56666666666667,29.330698457949985
2003-10-29,50.43333333333334,49.64961772709602,75.5,25.066666666666663,25.85038227290398
2003-10-30,52.13333333333333,51.41433199429831,75.6,23.46666666666666,24.185668005701686
2003-10-31,56.84166666666667,56.336128029026824,78.6,21.758333333333326,22.26387197097317
2003-11-01,57.325,56.990294155760004,77.5,20.174999999999997,20.509705844239996
2003-11-02,58.1,57.51482441363224,77.7,19.6,20.185175586367762
2003-11-03,58.18333333333334,58.19217312427109,75.2,17.016666666666666,17.00782687572891
2003-11-04,57.44166666666666,57.03739795257224,76.5,19.058333333333337,19.462602047427758
2003-11-05,55.075,53.29914474536737,76.9,21.825000000000003,23.600855254632634
2003-11-06,50.333333333333336,49.95656343138525,76.2,25.866666666666667,26.243436568614754
2003-11-07,45.31666666666667,45.04795905144486,76.7,31.383333333333333,31.65204094855514
2003-11-08,38.35,37.46418297265777,77.6,39.24999999999999,40.13581702734223
2003-11-09,36.63333333333333,34.72828819489439,78,41.36666666666667,43.27171180510561
2003-11-10,40.825,38.632771802513936,77.2,36.375,38.56722819748607
2003-11-11,47.025,44.9112349358559,76.5,29.475,31.5887650641441
2003-11-12,51.2,49.804768692497085,76.2,25,26.395231307502918
2003-11-13,44.55833333333334,43.58969806919788,75,30.441666666666663,31.41030193080212
2003-11-14,40.35,38.51105351820656,72.2,31.85,33.688946481793444
2003-11-15,42.86666666666667,40.517519761565374,71.6,28.733333333333327,31.08248023843462
2003-11-16,44.725,42.36466243358818,73.7,28.975,31.335337566411823
2003-11-17,48,46.10900609044966,75.4,27.400000000000006,29.290993909550345
2003-11-18,50.68333333333334,49.698082156278346,76.5,25.816666666666663,26.801917843721654
2003-11-19,54.291666666666664,53.39906699494622,74.2,19.90833333333334,20.800933005053786
2003-11-20,49.46666666666667,49.20401710509265,68.7,19.233333333333334,19.49598289490735
2003-11-21,48.63333333333333,47.55612284566541,69.6,20.96666666666666,22.04387715433458
2003-11-22,49.3,48.54484903459893,71.7,22.400000000000006,23.15515096540107
2003-11-23,48.475,48.22107036413114,72.3,23.824999999999996,24.07892963586886
2003-11-24,41.30833333333333,40.818893352338996,72.7,31.391666666666673,31.881106647661007
2003-11-25,37.775,37.619774523778666,72.5,34.725,34.880225476221334
2003-11-26,39.775,38.459116236879616,72.2,32.425000000000004,33.74088376312039
2003-11-27,42.975,42.1032525592847,73.2,30.225,31.096747440715305
2003-11-28,44.99166666666667,44.77524944926785,73.9,28.90833333333334,29.12475055073216
2003-11-29,39.55,39.23707399248413,60,20.450000000000003,20.762926007515873
2003-11-30,42.075,41.28105481404691,64.2,22.125,22.918945185953092
2003-12-01,41.858333333333334,40.704690942075935,68.8,26.941666666666663,28.095309057924062
2003-12-02,34.59166666666667,32.31580925230012,66.9,32.30833333333334,34.584190747699886
2003-12-03,31.958333333333332,29.231657379810805,69.4,37.44166666666668,40.1683426201892
2003-12-04,34.15,32.26016586756512,71.6,37.449999999999996,39.33983413243487
2003-12-05,34.44166666666667,32.68715822210704,70.7,36.25833333333333,38.012841777892966
2003-12-06,32.025,30.879577556045096,60.5,28.475,29.620422443954904
2003-12-07,30.625,29.08089931320461,56,25.375,26.91910068679539
2003-12-08,31.858333333333334,29.901464299598292,64,32.141666666666666,34.09853570040171
2003-12-09,34.225,32.25183361409874,68.9,34.675000000000004,36.64816638590126
2003-12-10,38.49166666666667,38.07337048075677,69.7,31.208333333333336,31.62662951924323
2003-12-11,39.266666666666666,39.354256835557855,64.1,24.83333333333333,24.74574316444214
2003-12-12,30.958333333333332,29.913191654788125,59.6,28.64166666666667,29.686808345211876
2003-12-13,28.975,27.670675132823636,68.6,39.62499999999999,40.92932486717636
2003-12-14,32,30.57518465725023,69.5,37.5,38.92481534274977
2003-12-15,34.75,33.40783983413244,61.4,26.65,27.99216016586756
2003-12-16,35.208333333333336,34.02059090320073,67.7,32.49166666666667,33.679409096799276
2003-12-17,36.88333333333333,36.76994946222626,64.3,27.416666666666664,27.53005053777374
2003-12-18,32.708333333333336,31.08692497084359,54.5,21.791666666666664,23.41307502915641
2003-12-19,31.141666666666666,29.598496825191138,59.2,28.058333333333337,29.601503174808865
2003-12-20,30.9,28.96055461967086,55.6,24.700000000000003,26.639445380329143
2003-12-21,34.483333333333334,32.54089672152391,54.2,19.71666666666667,21.659103278476096
2003-12-22,40.95,39.1319165478813,61.9,20.949999999999996,22.768083452118695
2003-12-23,41.916666666666664,41.16156537514578,65.8,23.883333333333333,24.63843462485422
2003-12-24,41.15833333333333,41.541855643384736,67,25.84166666666667,25.458144356615264
2003-12-25,35.99166666666667,35.39527018271349,61.5,25.508333333333333,26.10472981728651
2003-12-26,35.449999999999996,34.080458727484775,64.8,29.35,30.719541272515222
2003-12-27,39.333333333333336,37.99593106129325,64.7,25.366666666666667,26.704068938706754
2003-12-28,39.34166666666667,39.113826616560836,65.6,26.258333333333326,26.48617338343916
2003-12-29,39.666666666666664,39.32463392510043,68.4,28.73333333333334,29.075366074899577
2003-12-30,39.36666666666667,39.29757677854088,69.2,29.833333333333336,29.902423221459124
2003-12-31,37.56666666666666,37.333951017234675,67.9,30.333333333333343,30.56604898276533
2004-01-01,39.05,37.723739795257224,68.1,29.049999999999997,30.37626020474277
2004-01-02,43.35,42.12097965530646,69.6,26.249999999999993,27.47902034469353
2004-01-03,45.75,44.431631463003754,71.2,25.450000000000003,26.76836853699625
2004-01-04,41.15,40.48472204224439,72,30.85,31.515277957755607
2004-01-05,32.275,31.50733445639497,70.8,38.525,39.292665543605025
2004-01-06,26.025000000000002,24.432370092004664,69,42.974999999999994,44.56762990799534
2004-01-07,22.666666666666668,20.163003757937023,64.6,41.93333333333332,44.436996242062975
2004-01-08,25.675,23.261241415057665,64.4,38.72500000000001,41.13875858494234
2004-01-09,22.725,19.363625761306206,65.6,42.87499999999999,46.236374238693784
2004-01-10,17.85,13.895620059608657,61.1,43.25,47.20437994039135
2004-01-11,25.408333333333335,22.370532590384865,55.8,30.391666666666662,33.42946740961513
2004-01-12,34.825,32.82358429441493,61.5,26.674999999999997,28.67641570558507
2004-01-13,33.75833333333333,31.298535700401708,60.5,26.741666666666667,29.201464299598292
2004-01-14,24.466666666666665,19.640896721523905,59.1,34.63333333333334,39.45910327847609
2004-01-15,19.541666666666668,14.506077491253079,62.5,42.95833333333333,47.99392250874692
2004-01-16,18.375,14.279551639238047,62.3,43.925,48.02044836076195
2004-01-17,28.075,25.523908254503045,64.5,36.425,38.97609174549696
2004-01-18,28.041666666666668,26.4763249967604,67.1,39.05833333333332,40.6236750032396
2004-01-19,20.541666666666668,18.36308150835817,65.3,44.758333333333326,46.936918491641826
2004-01-20,19.675,17.48538292082415,60.5,40.825,43.01461707917585
2004-01-21,21.725,19.57491253077621,58.9,37.175,39.32508746922379
2004-01-22,23.158333333333335,20.310224180380978,59.9,36.74166666666666,39.58977581961902
2004-01-23,17.633333333333333,14.559517947388882,58.7,41.06666666666667,44.14048205261112
2004-01-24,18.458333333333332,15.192328625113385,58,39.54166666666667,42.80767137488662
2004-01-25,16.641666666666666,12.847401840093301,62.4,45.75833333333333,49.552598159906694
2004-01-26,22.008333333333333,18.73672411558896,70.6,48.59166666666666,51.86327588441104
2004-01-27,23.733333333333334,21.271284177789298,69.5,45.766666666666666,48.2287158222107
2004-01-28,21.891666666666666,19.911351561487624,59.4,37.50833333333333,39.48864843851237
2004-01-29,18.133333333333333,15.123778670467798,59.7,41.56666666666667,44.5762213295322
2004-01-30,14.541666666666668,11.141557600103667,63.5,48.95833333333333,52.35844239989633
2004-01-31,16.183333333333334,13.460930413373072,63.4,47.21666666666667,49.93906958662693
2004-02-01,21.916666666666668,19.778527925359594,67.8,45.883333333333326,48.0214720746404
2004-02-02,27.21666666666667,25.529324867176364,63.5,36.28333333333333,37.97067513282364
2004-02-03,30.283333333333335,28.871167552157573,63.3,33.016666666666666,34.428832447842424
2004-02-04,28.958333333333332,27.676597123234416,68.7,39.741666666666674,41.02340287676559
2004-02-05,28,26.464364390307114,71.6,43.599999999999994,45.13563560969288
2004-02-06,33.375,31.801593883633537,72.2,38.825,40.398406116366466
2004-02-07,32.1,31.379473888816896,65.7,33.6,34.320526111183106
2004-02-08,24.175,21.8762213295322,56.8,32.625,34.9237786704678
2004-02-09,32.13333333333333,30.34626150058313,65.9,33.76666666666667,35.55373849941688
2004-02-10,33.233333333333334,32.06279642348063,69.1,35.86666666666666,37.03720357651937
2004-02-11,29.78333333333333,28.332344175197612,69.2,39.41666666666667,40.86765582480239
2004-02-12,29.991666666666667,28.383439160295453,71.3,41.30833333333333,42.916560839704545
2004-02-13,30.53333333333333,29.599844499157705,70.1,39.56666666666666,40.50015550084229
2004-02-14,31.375,30.67641570558507,71.4,40.025000000000006,40.723584294414934
2004-02-15,23.208333333333332,21.486406634702604,68.9,45.69166666666668,47.4135933652974
2004-02-16,22.558333333333334,19.612738110664765,62.7,40.141666666666666,43.08726188933524
2004-02-17,28.84166666666667,26.30133471556304,60.7,31.858333333333334,34.39866528443696
2004-02-18,32.75,30.64653362705715,55.9,23.15,25.25346637294285
2004-02-19,37.56666666666667,35.231074251652196,57.8,20.233333333333327,22.5689257483478
2004-02-20,39.38333333333333,37.23148892056499,65,25.616666666666667,27.768511079435008
2004-02-21,38.608333333333334,37.18859660489828,68.3,29.691666666666663,31.111403395101718
2004-02-22,36.86666666666667,35.520577944797196,66.6,29.733333333333327,31.079422055202798
2004-02-23,37.44166666666667,35.91105351820655,69,31.55833333333333,33.08894648179345
2004-02-24,34.90833333333333,33.19263962679798,72.4,37.491666666666674,39.20736037320203
2004-02-25,32.50833333333333,30.957405727614358,70,37.49166666666667,39.04259427238564
2004-02-26,34.291666666666664,32.91391732538551,68.5,34.208333333333336,35.58608267461449
2004-02-27,35.80833333333333,34.237190618115854,61.5,25.69166666666667,27.262809381884146
2004-02-28,39.81666666666666,38.837514578203965,58,18.183333333333337,19.162485421796035
2004-02-29,44.375,43.629026823895295,66.5,22.125,22.870973176104705
2004-03-01,46.49166666666667,46.277633795516394,69.6,23.108333333333327,23.3223662044836
2004-03-02,49.25833333333333,48.29977970714008,71.1,21.84166666666666,22.800220292859912
2004-03-03,47.708333333333336,46.27456265388104,72.4,24.69166666666667,26.125437346118964
2004-03-04,46.425,44.60360243617986,73.1,26.674999999999997,28.496397563820132
2004-03-05,49.46666666666667,47.5142283270701,74.7,25.233333333333334,27.185771672929903
2004-03-06,49.7,49.18086043799404,73.8,24.099999999999994,24.619139562005955
2004-03-07,44.15,42.35700401710509,71.2,27.050000000000004,28.842995982894912
2004-03-08,38.99166666666667,36.562368796164314,69.3,30.30833333333333,32.73763120383568
2004-03-09,38.083333333333336,35.33024491382662,62.9,24.816666666666663,27.56975508617338
2004-03-10,39.375,37.304392898794866,64.9,25.525000000000006,27.59560710120514
2004-03-11,40.041666666666664,38.4124919009978,63.5,23.458333333333336,25.0875080990022
2004-03-12,36.34166666666667,34.53265517688221,66.6,30.258333333333326,32.067344823117786
2004-03-13,37.11666666666667,35.0771672929895,68.3,31.18333333333333,33.2228327070105
2004-03-14,39.45,37.28161202539847,72.5,33.05,35.21838797460153
2004-03-15,43.11666666666667,41.15108202669431,74.4,31.28333333333334,33.248917973305694
2004-03-16,37.175,34.43441751976157,73.3,36.125,38.86558248023843
2004-03-17,36.025,32.612491900997796,71.4,35.37500000000001,38.78750809900221
2004-03-18,37.45,34.02208111960607,72.4,34.95,38.377918880393935
2004-03-19,40.13333333333333,37.05220940780096,71.8,31.666666666666664,34.74779059219904
2004-03-20,43.44166666666666,40.83630944667617,74.2,30.75833333333334,33.363690553323835
2004-03-21,40.61666666666667,38.32311779188804,72.3,31.68333333333333,33.97688220811196
2004-03-22,33.69166666666666,30.8328625113386,71.3,37.608333333333334,40.46713748866139
2004-03-23,38.53333333333333,36.39297654528962,67.6,29.066666666666663,31.207023454710374
2004-03-24,46.43333333333333,44.91955423091875,68.7,22.266666666666673,23.780445769081254
2004-03-25,52.516666666666666,50.62800311001684,70.2,17.683333333333337,19.57199688998316
2004-03-26,56.166666666666664,55.110107554749256,72.7,16.53333333333334,17.589892445250747
2004-03-27,56.016666666666666,54.55379033303097,72.7,16.683333333333337,18.146209666969035
2004-03-28,53.083333333333336,51.32753660748996,72.5,19.416666666666664,21.17246339251004
2004-03-29,48.3,45.74407153038746,71.6,23.299999999999997,25.855928469612536
2004-03-30,43.825,41.512077232085005,70.4,26.575000000000003,28.887922767915
2004-03-31,43.81666666666666,41.80425035635609,70,26.183333333333337,28.195749643643907
2004-04-01,44.44166666666667,42.89319683814955,67.8,23.358333333333327,24.906803161850448
2004-04-02,44.65,42.85167811325645,65.4,20.750000000000007,22.548321886743558
2004-04-03,46.44166666666666,44.379149928728786,68.3,21.858333333333334,23.92085007127121
2004-04-04,43.5,41.62469871711805,68.8,25.299999999999997,27.175301282881946
2004-04-05,40.56666666666666,38.07457561228457,69.2,28.63333333333334,31.125424387715434
2004-04-06,45.75,44.095360891538164,69.7,23.950000000000003,25.60463910846184
2004-04-07,50.9,48.93558377607878,71,20.1,22.06441622392122
2004-04-08,48,46.57364260723079,74.6,26.599999999999994,28.026357392769206
2004-04-09,48.81666666666666,47.4413632240508,74.9,26.083333333333343,27.45863677594921
2004-04-10,47.8,46.3813139821174,74.3,26.5,27.9186860178826
2004-04-11,44.1,42.65001943760529,75.3,31.199999999999996,32.64998056239471
2004-04-12,43.733333333333334,42.09622910457432,76.6,32.86666666666666,34.503770895425674
2004-04-13,45.5,44.310133471556306,72.9,27.400000000000006,28.5898665284437
2004-04-14,50.59166666666667,51.0474536737074,64.5,13.908333333333331,13.452546326292598
2004-04-15,51.59166666666667,50.852131657379815,65.2,13.608333333333334,14.347868342620188
2004-04-16,53.825,53.08105481404691,67.9,14.075000000000003,14.818945185953098
2004-04-17,58.43333333333333,57.97846313334197,70.6,12.166666666666664,12.621536866658026
2004-04-18,63.13333333333333,62.40431514837372,71.9,8.766666666666673,9.495684851626287
2004-04-19,63.358333333333334,63.30064792017623,72.7,9.341666666666669,9.399352079823771
2004-04-20,58.84166666666667,58.320888946481794,72.2,13.358333333333334,13.879111053518209
2004-04-21,57.11666666666667,55.35956978100298,72,14.883333333333333,16.640430218997018
2004-04-22,59.7,58.3845665414021,74.4,14.700000000000003,16.015433458597904
2004-04-23,56.5,53.6311779188804,76.3,19.799999999999997,22.6688220811196
2004-04-24,55.983333333333334,53.77289101982636,76.7,20.71666666666667,22.927108980173642
2004-04-25,54.2,51.56922379162887,77.1,22.89999999999999,25.530776208371122
2004-04-26,55.43333333333333,53.04799792665544,76.7,21.266666666666673,23.652002073344562
2004-04-27,53.825,52.3938058831152,75.1,21.27499999999999,22.706194116884795
2004-04-28,53.275,52.054541920435405,75.3,22.025,23.245458079564592
2004-04-29,60.00833333333333,59.77764675391992,77.6,17.59166666666666,17.822353246080077
2004-04-30,61.2,60.36056757807438,78.4,17.200000000000003,18.039432421925625
2004-05-01,60.041666666666664,59.00283789037191,79.9,19.85833333333334,20.8971621096281
2004-05-02,58.108333333333334,57.30955034339769,79.7,21.59166666666667,22.390449656602314
2004-05-03,53.358333333333334,52.08069197874822,75.2,21.84166666666667,23.119308021251783
2004-05-04,53.4,51.9309187508099,76.5,23.1,24.5690812491901
2004-05-05,56.583333333333336,54.977983672411554,76.4,19.81666666666667,21.42201632758845
2004-05-06,60.86666666666667,59.95673189063107,75.9,15.033333333333339,15.943268109368937
2004-05-07,62.800000000000004,61.63110016845925,77.1,14.29999999999999,15.468899831540746
2004-05-08,58.516666666666666,57.25052481534275,76.5,17.983333333333334,19.24947518465725
2004-05-09,62.983333333333334,61.336387197097324,77.3,14.316666666666663,15.963612802902674
2004-05-10,66.25,65.17320202151095,77.5,11.25,12.326797978489054
2004-05-11,68.81666666666666,68.71259556822599,78.9,10.083333333333343,10.187404431774013
2004-05-12,70.85833333333333,71.06045095244266,79.4,8.541666666666671,8.339549047557341
2004-05-13,67.80833333333334,67.66102112219774,79.3,11.49166666666666,11.63897887780226
2004-05-14,64.275,62.71425424387716,78.7,14.424999999999997,15.985745756122846
2004-05-15,64.93333333333334,64.89641052222366,78.7,13.766666666666666,13.803589477776342
2004-05-16,63.71666666666667,63.100012958403525,79.2,15.483333333333334,16.099987041596478
2004-05-17,64.77499999999999,64.14065051185693,79.5,14.725000000000009,15.359349488143067
2004-05-18,66.975,65.95257224309965,79.2,12.225000000000009,13.24742775690035
2004-05-19,65.15,64.33456006220034,78.3,13.149999999999991,13.965439937799658
2004-05-20,65.70833333333333,65.31670338214332,79.3,13.591666666666669,13.98329661785668
2004-05-21,66.98333333333333,66.85982894907347,79.3,12.316666666666663,12.440171050926523
2004-05-22,68.775,68.68880393935467,79.2,10.424999999999997,10.511196060645332
2004-05-23,69.15,69.1708695088765,78.8,9.649999999999991,9.62913049112349
2004-05-24,66.63333333333334,65.85441233640016,79.3,12.666666666666657,13.445587663599838
2004-05-25,64.73333333333333,63.567850200855254,79.3,14.566666666666663,15.732149799144743
2004-05-26,62.70833333333333,60.38621225864973,79.5,16.79166666666667,19.113787741350272
2004-05-27,64.71666666666667,63.48977581961903,79.9,15.183333333333337,16.41022418038098
2004-05-28,63.50833333333333,61.88803939354671,80.7,17.19166666666667,18.81196060645329
2004-05-29,60.68333333333334,59.02948036801866,81.6,20.916666666666657,22.570519631981334
2004-05-30,64.29166666666667,62.808669171958016,83.5,19.20833333333333,20.691330828041984
2004-05-31,64.10833333333333,62.230581832318265,84,19.891666666666666,21.769418167681735
2004-06-01,63.63333333333333,61.900116625631725,83.9,20.266666666666673,21.99988337436828
2004-06-02,65.475,64.1375275366075,83.2,17.72500000000001,19.06247246339251
2004-06-03,64.56666666666666,63.24089672152391,82.5,17.933333333333337,19.25910327847609
2004-06-04,64.05833333333334,62.669029415576,82.8,18.74166666666666,20.130970584424
2004-06-05,62.925,61.5145393287547,82,19.075000000000003,20.4854606712453
2004-06-06,63.425000000000004,61.89131786963846,82.2,18.775,20.30868213036154
2004-06-07,69.1,68.32775690034988,81.2,12.100000000000009,12.87224309965012
2004-06-08,72.46666666666667,73.1044188156019,81.1,8.633333333333326,7.995581184398091
2004-06-09,74.50833333333333,75.77509394842556,80.9,6.39166666666668,5.124906051574442
2004-06-10,69.68333333333334,69.70010366722819,80.2,10.516666666666666,10.499896332771812
2004-06-11,64.75833333333334,64.57425165219645,81.4,16.641666666666666,16.825748347803554
2004-06-12,66.33333333333333,65.69162887132305,81.9,15.566666666666677,16.20837112867696
2004-06-13,68.14166666666667,67.57456265388105,81.7,13.558333333333337,14.125437346118957
2004-06-14,70.51666666666667,70.1642477646754,81.5,10.983333333333334,11.335752235324605
2004-06-15,73.58333333333333,73.93978229882079,81.4,7.816666666666677,7.460217701179218
2004-06-16,73.01666666666667,73.80909679927433,82.9,9.88333333333334,9.090903200725677
2004-06-17,73.56666666666666,73.6410003887521,82.4,8.833333333333343,8.758999611247901
2004-06-18,72.18333333333334,71.9381624983802,82.6,10.416666666666657,10.6618375016198
2004-06-19,68.5,68.0856680057017,82.9,14.400000000000006,14.8143319942983
2004-06-20,64.35,63.5009459634573,83.5,19.150000000000006,19.999054036542702
2004-06-21,67,66.27575482700531,83.9,16.900000000000006,17.62424517299469
2004-06-22,68.83333333333333,68.22557988855773,84.8,15.966666666666669,16.574420111442265
2004-06-23,69.75833333333334,70.2986393676299,85.4,15.641666666666666,15.101360632370103
2004-06-24,68.95833333333333,68.64066347026046,85.3,16.34166666666667,16.659336529739534
2004-06-25,67.71666666666667,67.17548270053129,84.6,16.883333333333326,17.424517299468704
2004-06-26,67.63333333333334,67.56213554490087,83.9,16.266666666666666,16.337864455099137
2004-06-27,66.69166666666666,66.57828171569263,84.6,17.90833333333333,18.02171828430737
2004-06-28,67.3,67.11396915899961,84.3,17,17.186030841000388
2004-06-29,67.85,67.49199170662175,81.8,13.950000000000003,14.30800829337825
2004-06-30,70.66666666666667,70.75249449267851,81.4,10.733333333333334,10.647505507321497
2004-07-01,72.375,72.31577037708955,81.5,9.125,9.18422962291045
2004-07-02,74.00833333333334,74.13208500712713,81.9,7.891666666666666,7.767914992872875
2004-07-03,73.19166666666666,73.039367629908,80.7,7.50833333333334,7.660632370092003
2004-07-04,73.29166666666666,73.01508358170274,81.4,8.108333333333348,8.384916418297266
2004-07-05,73.50833333333333,73.0913437864455,82,8.491666666666674,8.908656213554494
2004-07-06,72.74166666666667,72.63164442140729,82.7,9.958333333333329,10.068355578592715
2004-07-07,71.73333333333333,71.2430996501231,82.1,10.36666666666666,10.856900349876895
2004-07-08,71.58333333333333,71.5890242322146,83.8,12.216666666666669,12.2109757677854
2004-07-09,71.20833333333333,70.97282622780874,85,13.791666666666671,14.027173772191261
2004-07-10,73.25833333333334,72.89319683814955,84.8,11.541666666666657,11.906803161850448
2004-07-11,74.91666666666667,74.4382143319943,82.9,7.983333333333334,8.461785668005703
2004-07-12,73.03333333333333,72.18527925359597,80.2,7.166666666666671,8.014720746404038
2004-07-13,71.75,69.97619541272516,81.9,10.150000000000006,11.923804587274844
2004-07-14,71.475,69.9802125178178,83.2,11.725000000000009,13.219787482182198
2004-07-15,72.2,71.19648827264481,83.9,11.700000000000003,12.703511727355192
2004-07-16,72.39166666666667,71.39297654528961,81.9,9.50833333333334,10.507023454710392
2004-07-17,73.05833333333334,72.3435143190359,82.7,9.641666666666666,10.356485680964099
2004-07-18,71.71666666666667,70.8821044447324,82.5,10.783333333333331,11.617895555267594
2004-07-19,72.48333333333333,71.46131916547881,80.5,8.016666666666666,9.038680834521188
2004-07-20,75.39166666666667,74.89209537384994,79.6,4.208333333333329,4.707904626150054
2004-07-21,76.78333333333333,76.40344693533757,80.9,4.116666666666674,4.496553064662436
2004-07-22,76.31666666666666,76.2122327329273,83.2,6.88333333333334,6.987767267072698
2004-07-23,72.65,72.19060515744461,83.3,10.649999999999991,11.109394842555389
2004-07-24,69.975,68.98224698717118,84.3,14.325000000000003,15.317753012828817
2004-07-25,69.125,67.79993520798237,80.9,11.775000000000006,13.100064792017633
2004-07-26,69.71666666666667,68.74344952701827,80.6,10.883333333333326,11.856550472981723
2004-07-27,69.34166666666667,68.402475055073225,80.4,11.058333333333337,11.99752494492678
2004-07-28,69.99166666666666,69.11437086950887,79,9.00833333333334,9.885629130491125
2004-07-29,72.13333333333333,71.76137099909292,78.9,6.76666666666668,7.138629000907088
2004-07-30,73.275,73.2857716729299,79.8,6.5249999999999915,6.5142283270701
2004-07-31,75.08333333333333,75.30861733834391,79.8,4.716666666666669,4.49138266165609
2004-08-01,75.06666666666666,74.83782557988856,80.1,5.033333333333331,5.262174420111435
2004-08-02,75.825,75.84963068549955,78.8,2.9749999999999943,2.950369314500449
2004-08-03,76.05833333333334,76.20673836983283,79.1,3.041666666666657,2.89326163016716
2004-08-04,74.325,73.73388622521706,80.7,6.375,6.96611377478294
2004-08-05,69.55833333333334,68.30990022029286,79.9,10.341666666666669,11.590099779707145
2004-08-06,66.75833333333333,65.43423610211222,80.7,13.941666666666677,15.26576389788778
2004-08-07,66.45,65.0997926655436,80.1,13.649999999999991,15.000207334456391
2004-08-08,69.28333333333333,68.11135156148764,81.5,12.216666666666669,13.388648438512362
2004-08-09,71.83333333333333,71.3624724633925,82.9,11.066666666666677,11.537527536607499
2004-08-10,71.95,71.08123623169625,82.2,10.25,11.11876376830375
2004-08-11,70.375,69.6701827134897,83.2,12.825000000000003,13.529817286510308
2004-08-12,68.34166666666667,67.84994168718414,82.4,14.058333333333337,14.550058312815864
2004-08-13,68.73333333333333,68.32429700660879,79.4,10.666666666666671,11.075702993391218
2004-08-14,68.36666666666667,68.05250745108202,82.1,13.73333333333332,14.047492548917972
2004-08-15,68.33333333333333,67.58099002202928,81.8,13.466666666666669,14.219009977970714
2004-08-16,68.36666666666666,67.27670079046261,80.8,12.433333333333337,13.523299209537385
2004-08-17,69.28333333333333,68.41816768174161,81.1,11.816666666666663,12.681832318258387
2004-08-18,70.65833333333333,69.99216016586756,81.5,10.841666666666669,11.50783983413244
2004-08-19,71.58333333333333,71.31198652326033,81.7,10.116666666666674,10.388013476739673
2004-08-20,71.925,72.01951535570818,81.4,9.475000000000009,9.380484644291826
2004-08-21,68.73333333333333,68.96045095244267,80.8,12.066666666666663,11.839549047557327
2004-08-22,67.26666666666667,66.38463133341972,81.4,14.13333333333334,15.015368666580287
2004-08-23,69.925,69.74790721783076,81.3,11.375,11.55209278216924
2004-08-24,71.16666666666667,70.28347803550602,80.9,9.733333333333334,10.616521964493984
2004-08-25,71.29166666666667,70.17374627445898,80.3,9.008333333333326,10.12625372554102
2004-08-26,71.475,70.69617727096022,81.5,10.025000000000006,10.80382272903978
2004-08-27,73.725,73.38411299727873,80.9,7.175000000000011,7.515887002721271
2004-08-28,74.54166666666667,74.50226772061681,81,6.458333333333329,6.497732279383186
2004-08-29,73.04166666666667,72.88132694052092,82.2,9.158333333333331,9.318673059479082
2004-08-30,72.33333333333333,72.01153297913697,82.4,10.066666666666677,10.388467020863033
2004-08-31,72.10833333333333,71.8869768044577,80.9,8.791666666666671,9.013023195542303
2004-09-01,71.54166666666667,70.83555785927173,81.1,9.558333333333323,10.264442140728264
2004-09-02,71.26666666666667,70.25976415705584,82.6,11.333333333333329,12.340235842944153
2004-09-03,71.13333333333334,70.54618375016199,82.6,11.466666666666654,12.053816249838007
2004-09-04,73.19166666666666,72.59087728391863,82.3,9.108333333333334,9.709122716081367
2004-09-05,71.73333333333333,70.20098483866788,80.2,8.466666666666669,9.999015161332125
2004-09-06,69.81666666666666,68.61636646365167,81,11.183333333333337,12.383633536348327
2004-09-07,70.48333333333333,69.630452248283,81,10.516666666666666,11.369547751716993
2004-09-08,68.96666666666667,68.23047816509006,80.9,11.933333333333337,12.669521834909943
2004-09-09,70.65,70.14893093170922,81.7,11.049999999999997,11.551069068290786
2004-09-10,70.425,69.21491512245692,81.8,11.375,12.585084877543082
2004-09-11,69.475,67.94438253207205,80.7,11.225000000000009,12.755617467927948
2004-09-12,70.36666666666666,69.061150706233,81.5,11.13333333333334,12.438849293767007
2004-09-13,71.84166666666667,70.90360243617987,81.8,9.958333333333329,10.89639756382013
2004-09-14,69.11666666666666,68.24389011273811,81.9,12.783333333333346,13.656109887261891
2004-09-15,68.45,67.99098095114682,83.5,15.049999999999997,15.509019048853176
2004-09-16,69.49166666666666,68.56024361798627,83.2,13.708333333333343,14.63975638201373
2004-09-17,68.94166666666666,68.23564856809641,81.8,12.858333333333334,13.564351431903589
2004-09-18,64.84166666666667,63.55297395360891,81.2,16.358333333333334,17.64702604639109
2004-09-19,61.983333333333334,60.34157055850719,80.8,18.816666666666663,20.458429441492804
2004-09-20,62.516666666666666,61.17880005183361,78.1,15.583333333333329,16.921199948166382
2004-09-21,66.39166666666667,65.61886743553194,77.4,11.00833333333334,11.781132564468066
2004-09-22,69.41666666666667,68.38617338343916,78.8,9.383333333333326,10.41382661656084
2004-09-23,70.55833333333334,69.89593106129325,79.3,8.74166666666666,9.404068938706743
2004-09-24,68.16666666666667,67.28853181288065,78.7,10.533333333333331,11.411468187119354
2004-09-25,66.80833333333334,65.88901127381106,77.8,10.99166666666666,11.910988726188933
2004-09-26,67.38333333333334,66.5614098743035,78.9,11.516666666666666,12.338590125696513
2004-09-27,66.35,65.3152261241415,79.8,13.450000000000003,14.484773875858494
2004-09-28,63.983333333333334,63.15916807049371,80,16.016666666666666,16.840831929506287
2004-09-29,61.108333333333334,60.10349876895167,79.2,18.09166666666667,19.096501231048336
2004-09-30,61.24166666666667,59.91834909939096,78.9,17.65833333333334,18.981650900609047
2004-10-01,61.775,60.89709731761047,80.3,18.525,19.402902682389524
2004-10-02,60.35,59.025774264610604,80.7,20.35,21.6742257353894
2004-10-03,58.675,57.40738629000907,80.8,22.125,23.392613709990925
2004-10-04,57.833333333333336,56.84368277828172,80.1,22.26666666666666,23.256317221718277
2004-10-05,54.458333333333336,52.844188156019186,80.1,25.64166666666666,27.25581184398081
2004-10-06,56.766666666666666,54.93602436179862,79.8,23.03333333333333,24.863975638201374
2004-10-07,61.416666666666664,60.2888687313723,79,17.583333333333336,18.711131268627703
2004-10-08,63.40833333333333,62.6064014513412,79.5,16.09166666666667,16.8935985486588
2004-10-09,61.69166666666666,60.98934819230271,79,17.308333333333337,18.010651807697293
2004-10-10,58.40833333333333,57.564753142412854,79.1,20.691666666666663,21.53524685758714
2004-10-11,55.233333333333334,54.262809381884146,76.9,21.66666666666667,22.63719061811586
2004-10-12,54.35,53.34001555008423,77.8,23.449999999999996,24.459984449915765
2004-10-13,56.05,55.487974601529096,78,21.950000000000003,22.512025398470904
2004-10-14,55.65,55.28308928340028,77.4,21.750000000000007,22.116910716599726
2004-10-15,55.675,55.077115459375406,77.3,21.625,22.22288454062459
2004-10-16,51.708333333333336,50.97015679668265,71,19.291666666666664,20.02984320331735
2004-10-17,49.25,47.58880393935467,73.3,24.049999999999997,25.711196060645328
2004-10-18,50.916666666666664,49.09424646883504,77.7,26.78333333333334,28.605753531164964
2004-10-19,52.19166666666667,50.049941687184145,78.7,26.508333333333333,28.650058312815858
2004-10-20,53.5,51.802254762213295,78.3,24.799999999999997,26.497745237786702
2004-10-21,52.68333333333334,51.10272126474018,78,25.316666666666663,26.897278735259817
2004-10-22,53.05833333333334,51.55666709861345,77.6,24.541666666666657,26.043332901386542
2004-10-23,53.2,52.207554749254896,76.1,22.89999999999999,23.892445250745098
2004-10-24,53,51.60838408708047,76.4,23.400000000000006,24.791615912919532
2004-10-25,53.916666666666664,52.54560062200337,76.4,22.48333333333334,23.854399377996636
2004-10-26,54.44166666666667,53.72940261759751,77,22.55833333333333,23.270597382402492
2004-10-27,54.5,53.643928987948684,76.4,21.900000000000006,22.756071012051322
2004-10-28,53.34166666666667,51.72326033432682,75,21.65833333333333,23.276739665673183
2004-10-29,57.28333333333333,56.07416094337177,75.9,18.616666666666674,19.825839056628233
2004-10-30,59.475,58.1155371258261,76.5,17.025,18.3844628741739
2004-10-31,58.925000000000004,58.473098354282754,76.9,17.975,18.42690164571725
2004-11-01,53.11666666666667,52.19011273811066,78.4,25.28333333333334,26.209887261889342
2004-11-02,52.4,50.86678761176623,78.9,26.500000000000007,28.03321238823378
2004-11-03,50.233333333333334,49.79156407930543,78.4,28.16666666666667,28.608435920694575
2004-11-04,46.016666666666666,45.14909939095503,77.3,31.28333333333333,32.15090060904497
2004-11-05,47.50833333333333,47.05910327847609,73.8,26.291666666666664,26.74089672152391
2004-11-06,49.71666666666667,49.03791628871323,71.2,21.483333333333334,22.162083711286776
2004-11-07,52.416666666666664,52.12948036801866,73.2,20.78333333333334,21.07051963198134
2004-11-08,45.358333333333334,44.30804716858883,71.2,25.84166666666667,26.891952831411174
2004-11-09,40.891666666666666,39.07863159258779,72,31.108333333333334,32.92136840741221
2004-11-10,43.38333333333333,41.142011144227034,74.5,31.116666666666667,33.357988855772966
2004-11-11,45.525,44.52822340287676,75.1,29.574999999999996,30.571776597123232
2004-11-12,41.11666666666667,39.965478813010236,74.6,33.48333333333333,34.63452118698976
2004-11-13,39.3,37.74102630555915,74.2,34.900000000000006,36.45897369444085
2004-11-14,39.38333333333333,37.7,73.9,34.51666666666667,36.2
2004-11-15,44.083333333333336,42.581417649345596,73.5,29.416666666666664,30.918582350654404
2004-11-16,47.46666666666667,46.06765582480239,72.6,25.133333333333326,26.532344175197608
2004-11-17,48.63333333333333,47.633678890760656,70.8,22.166666666666664,23.16632110923934
2004-11-18,51.175,50.33672411558896,71.3,20.125,20.96327588441104
2004-11-19,52.358333333333334,52.0535959569781,71.5,19.141666666666666,19.4464040430219
2004-11-20,49.71666666666667,48.1318647142672,73,23.28333333333333,24.868135285732798
2004-11-21,48.03333333333333,46.71089801736426,74.2,26.16666666666667,27.489101982635745
2004-11-22,46.94166666666667,45.907697291693665,73.8,26.858333333333327,27.89230270830633
2004-11-23,46.96666666666667,46.091551120901904,73.4,26.433333333333337,27.3084488790981
2004-11-24,47.40833333333333,46.98206556952183,75.7,28.29166666666667,28.717934430478174
2004-11-25,45.31666666666667,45.48334845147078,73.8,28.483333333333327,28.316651548529215
2004-11-26,38.65,37.00469094207594,64.7,26.050000000000004,27.695309057924064
2004-11-27,43.266666666666666,42.26976804457691,68.9,25.63333333333334,26.6302319554231
2004-11-28,45.4,45.459064403265515,74,28.6,28.540935596734485
2004-11-29,40.475,40.017480886354804,70.2,29.725,30.1825191136452
2004-11-30,39.19166666666667,39.11071659971492,71.9,32.708333333333336,32.789283400285086
2004-12-01,41.275,41.1098743034858,72,30.725,30.890125696514197
2004-12-02,38.2,37.67815213165738,71.3,33.099999999999994,33.62184786834262
2004-12-03,36.45,35.696190229363744,69.9,33.45,34.20380977063626
2004-12-04,37.375,36.137695995853306,69.2,31.825000000000003,33.0623040041467
2004-12-05,41.44166666666667,40.59529609952054,71.3,29.858333333333327,30.70470390047946
2004-12-06,40.45,38.869366334067635,74,33.55,35.130633665932365
2004-12-07,44.858333333333334,43.70804716858883,74.7,29.84166666666667,30.991952831411176
2004-12-08,45.88333333333333,45.19677335752235,75.2,29.31666666666667,30.00322664247765
2004-12-09,42.875,41.65281845276662,75.6,32.724999999999994,33.94718154723338
2004-12-10,44.59166666666667,43.56411818064014,74.7,30.108333333333334,31.13588181935986
2004-12-11,42.90833333333333,42.318595309057926,70.8,27.891666666666666,28.48140469094207
2004-12-12,40.59166666666667,39.40730853958792,60.8,20.20833333333333,21.392691460412074
2004-12-13,37.30833333333334,36.51242710898018,62.3,24.99166666666666,25.78757289101982
2004-12-14,31.066666666666666,29.599831540754177,63.7,32.63333333333334,34.10016845924582
2004-12-15,29.866666666666667,27.82316962550214,52.8,22.93333333333333,24.976830374497858
2004-12-16,34.041666666666664,32.507645458079566,60.5,26.458333333333336,27.992354541920434
2004-12-17,34.49166666666667,33.52837890371906,65.3,30.80833333333333,31.77162109628094
2004-12-18,34.30833333333333,32.95680964105222,65.6,31.291666666666664,32.64319035894778
2004-12-19,28.841666666666665,27.52170532590385,63.5,34.65833333333333,35.97829467409615
2004-12-20,20.95,18.34942335104315,58.4,37.45,40.05057664895685
2004-12-21,28.96666666666667,25.98564208889465,59.2,30.233333333333334,33.21435791110535
2004-12-22,30.841666666666665,29.43871970973176,68.6,37.758333333333326,39.16128029026824
2004-12-23,34.34166666666667,35.30076454580796,71.7,37.358333333333334,36.399235454192045
2004-12-24,23.725,23.64595049889854,69.9,46.175000000000004,46.25404950110146
2004-12-25,22.21666666666667,22.153634832188676,66.4,44.18333333333334,44.246365167811334
2004-12-26,25.991666666666667,25.216509006090448,63.9,37.90833333333333,38.68349099390955
2004-12-27,24.641666666666666,22.51672929895037,55.6,30.958333333333336,33.08327070104963
2004-12-28,28.25,25.67120642736815,62.1,33.85,36.42879357263185
2004-12-29,37.208333333333336,35.36524556174679,63.9,26.691666666666663,28.53475443825321
2004-12-30,40.09166666666667,38.07624724633926,67.5,27.40833333333333,29.423752753660743
2004-12-31,44.94166666666667,43.87475702993391,68.7,23.758333333333333,24.825242970066093
2005-01-01,42.641666666666666,41.2123364001555,70.6,27.95833333333333,29.387663599844494
2005-01-02,40.358333333333334,38.959116236879616,69.7,29.34166666666667,30.740883763120387
2005-01-03,44.11666666666667,42.97361669042374,69.1,24.983333333333327,26.126383309576255
2005-01-04,41.791666666666664,40.379098095114685,69.8,28.008333333333333,29.420901904885312
2005-01-05,34.416666666666664,33.23321238823377,70,35.583333333333336,36.76678761176623
2005-01-06,31.75,31.091110535182068,70,38.25,38.90888946481793
2005-01-07,31.766666666666666,30.22223662044836,71.6,39.83333333333333,41.37776337955164
2005-01-08,32.7,30.876869249708438,71.3,38.599999999999994,40.42313075029156
2005-01-09,34.291666666666664,31.90526111183102,71.7,37.40833333333334,39.79473888816898
2005-01-10,38.083333333333336,36.01512245691331,70.4,32.31666666666667,34.384877543086695
2005-01-11,36.56666666666667,34.29147337048075,70.3,33.73333333333333,36.008526629519245
2005-01-12,42.75833333333333,40.86007515874044,71.5,28.741666666666667,30.639924841259557
2005-01-13,44.30833333333333,43.19843203317351,74.5,30.19166666666667,31.30156796682649
2005-01-14,35.075,34.977620837112866,71.4,36.325,36.42237916288714
2005-01-15,25.991666666666667,24.452779577556047,66.6,40.60833333333333,42.14722042244395
2005-01-16,24.275,22.97602695347933,62.4,38.125,39.42397304652067
2005-01-17,20.541666666666668,18.86922379162887,55.6,35.05833333333334,36.73077620837113
2005-01-18,17.666666666666668,14.308669171958014,54.7,37.03333333333333,40.39133082804199
2005-01-19,25.583333333333332,22.673629648827262,57.4,31.816666666666666,34.72637035117273
2005-01-20,27.983333333333334,25.473344563949723,57.5,29.516666666666666,32.02665543605028
2005-01-21,20.658333333333335,16.35713360114034,63.7,43.04166666666667,47.34286639885966
2005-01-22,21.025,17.472748477387587,63.1,42.075,45.62725152261241
2005-01-23,17.875,15.727718025139303,62.5,44.625,46.7722819748607
2005-01-24,20.025,16.76700790462615,50.7,30.675000000000004,33.93299209537385
2005-01-25,28.816666666666666,25.1495529350784,55.1,26.283333333333335,29.9504470649216
2005-01-26,31.191666666666666,28.399429830244912,60.8,29.60833333333333,32.400570169755085
2005-01-27,17.141666666666666,13.760502786056758,65.8,48.65833333333333,52.039497213943235
2005-01-28,16.566666666666666,12.580640145134119,67.8,51.233333333333334,55.21935985486588
2005-01-29,24.583333333333332,20.933782557988856,67.8,43.21666666666667,46.86621744201114
2005-01-30,30.083333333333336,28.367344823117794,67.5,37.416666666666664,39.13265517688221
2005-01-31,27.883333333333333,25.388570688091228,64.8,36.916666666666664,39.41142931190877
2005-02-01,27.683333333333334,24.78954256835558,64.9,37.21666666666667,40.11045743164443
2005-02-02,28.666666666666668,25.752313075029157,66.3,37.633333333333326,40.54768692497084
2005-02-03,32,29.834365686147468,66.7,34.7,36.86563431385254
2005-02-04,36.525,35.42717377219127,63.3,26.775,27.87282622780873
2005-02-05,39.175,38.371012051315276,60.4,21.225,22.028987948684723
2005-02-06,39.4,38.199054036542705,66,26.6,27.800945963457295
2005-02-07,38.108333333333334,37.19122716081379,68,29.891666666666666,30.80877283918621
2005-02-08,37.575,35.60132175715951,67.7,30.125,32.09867824284049
2005-02-09,38.225,36.759168070493715,66.8,28.574999999999996,30.040831929506282
2005-02-10,34.05,32.91396915899961,66.2,32.150000000000006,33.28603084100039
2005-02-11,33.30833333333333,31.54591162368796,56.1,22.79166666666667,24.55408837631204
2005-02-12,37.45,35.42705714655954,56,18.549999999999997,20.57294285344046
2005-02-13,37.733333333333334,35.2991058701568,61.3,23.566666666666663,26.000894129843196
2005-02-14,40.31666666666666,38.23684074122068,67.5,27.183333333333337,29.263159258779318
2005-02-15,44.5,43.25691330828042,68.4,23.900000000000006,25.14308669171959
2005-02-16,40.15,38.91159777115459,67.5,27.35,28.58840222884541
2005-02-17,32.59166666666667,31.157924063755345,67.2,34.608333333333334,36.04207593624466
2005-02-18,27.766666666666666,25.87968122327329,69,41.233333333333334,43.120318776726705
2005-02-19,28.391666666666666,26.046935337566413,66.4,38.00833333333334,40.353064662433596
2005-02-20,34.49166666666667,31.722223662044836,68.3,33.80833333333333,36.57777633795516
2005-02-21,37.38333333333333,34.54374757029934,69.8,32.416666666666664,35.25625242970066
2005-02-22,36.108333333333334,33.86056757807438,69.4,33.29166666666667,35.539432421925625
2005-02-23,33.375,31.19975379033303,69.6,36.224999999999994,38.40024620966696
2005-02-24,29.725,27.595257224309965,71.4,41.675000000000004,43.804742775690045
2005-02-25,29.71666666666667,28.0793702215887,69.7,39.983333333333334,41.6206297784113
2005-02-26,28.675,26.139238045872748,70.6,41.925,44.46076195412725
2005-02-27,30.383333333333333,28.501256965141895,72.4,42.01666666666667,43.898743034858114
2005-02-28,32.44166666666667,30.70102371387845,72.4,39.958333333333336,41.69897628612156
2005-03-01,31.441666666666666,29.543099650123107,65.2,33.75833333333334,35.65690034987689
2005-03-02,27.766666666666666,26.17759492030582,61.9,34.13333333333333,35.722405079694184
2005-03-03,25.883333333333333,23.747881301023714,57.7,31.81666666666667,33.95211869897629
2005-03-04,29.758333333333333,27.17751716988467,61.4,31.641666666666666,34.222482830115325
2005-03-05,32.81666666666666,30.273331605546197,62.1,29.28333333333334,31.826668394453804
2005-03-06,39.56666666666667,37.617519761565376,64.4,24.833333333333336,26.78248023843463
2005-03-07,44.38333333333333,42.67558636775949,65.6,21.21666666666666,22.9244136322405
2005-03-08,32.833333333333336,31.007943501360632,68.1,35.26666666666666,37.092056498639366
2005-03-09,25.875,22.41545937540495,57,31.125,34.58454062459505
2005-03-10,29.608333333333334,25.988518854477128,58.5,28.891666666666666,32.51148114552287
2005-03-11,35.208333333333336,32.23619282104445,63.2,27.991666666666667,30.963807178955555
2005-03-12,35.00833333333333,32.650045354412335,65.6,30.59166666666666,32.94995464558766
2005-03-13,33.775,31.122508746922378,65.1,31.324999999999996,33.977491253077616
2005-03-14,33.458333333333336,31.34891797330569,70.6,37.14166666666666,39.251082026694306
2005-03-15,34.858333333333334,33.074394194635225,70.6,35.74166666666666,37.52560580536477
2005-03-16,36.141666666666666,34.839147337048075,73,36.858333333333334,38.160852662951925
2005-03-17,36.1,34.318504600233254,71.3,35.199999999999996,36.98149539976674
2005-03-18,38.6,36.7379551639238,65.4,26.800000000000004,28.662044836076205
2005-03-19,40.2,38.450822858623816,61.2,21,22.749177141376187
2005-03-20,40.05833333333334,37.625942723856426,64.9,24.84166666666667,27.27405727614358
2005-03-21,40.50833333333333,38.2400544252948,70.6,30.09166666666666,32.35994557470519
2005-03-22,41.458333333333336,39.72301412465984,75.7,34.24166666666667,35.97698587534016
2005-03-23,38.9,36.92598159906699,75.4,36.50000000000001,38.47401840093301
2005-03-24,40.1,37.900945963457296,75.3,35.199999999999996,37.3990540365427
2005-03-25,41.13333333333333,38.70825450304523,76.7,35.56666666666667,37.99174549695477
2005-03-26,40.35,37.995023973046514,77.2,36.85,39.20497602695349
2005-03-27,42.141666666666666,40.253310872100556,77.8,35.65833333333333,37.54668912789944
2005-03-28,44.958333333333336,42.912388233769605,72.2,27.241666666666667,29.2876117662304
2005-03-29,49.575,48.1622521705326,68.8,19.224999999999994,20.6377478294674
2005-03-30,51.93333333333333,50.90386160425035,69.8,17.866666666666667,18.896138395749645
2005-03-31,49.2,46.94206297784113,76.3,27.099999999999994,29.357937022158865
2005-04-01,48.13333333333333,46.40597382402488,76.3,28.166666666666664,29.894026175975114
2005-04-02,46.28333333333333,45.06870545548789,70.1,23.816666666666663,25.031294544512107
2005-04-03,45.85,44.854386419593105,64.6,18.749999999999993,19.74561358040689
2005-04-04,49.266666666666666,47.57978489050149,65.9,16.63333333333334,18.320215109498513
2005-04-05,54.88333333333333,53.81199948166386,69.5,14.616666666666667,15.688000518336139
2005-04-06,58.791666666666664,58.13725541013347,73.9,15.108333333333341,15.762744589866536
2005-04-07,56.75833333333333,55.492911753272,75.4,18.641666666666673,19.90708824672801
2005-04-08,53.475,52.10909679927433,71.7,18.225,19.59090320072567
2005-04-09,53.03333333333333,51.195697810029806,69.8,16.766666666666666,18.60430218997019
2005-04-10,56.69166666666666,55.47584553582998,72.3,15.608333333333334,16.824154464170014
2005-04-11,53.925,52.335259815990675,73.4,19.47500000000001,21.06474018400933
2005-04-12,48.05,45.94908643255152,73.7,25.650000000000006,27.750913567448485
2005-04-13,48.625,46.09468705455488,73.4,24.775000000000006,27.305312945445124
2005-04-14,50.55833333333333,48.54948814306078,71.1,20.541666666666664,22.550511856939217
2005-04-15,50.166666666666664,47.69848386678761,67.9,17.73333333333334,20.201516133212394
2005-04-16,51.96666666666667,50.17877413502657,68.2,16.233333333333334,18.02122586497343
2005-04-17,56.916666666666664,55.94976026953479,66.7,9.783333333333339,10.75023973046521
2005-04-18,60.93333333333333,60.3400025916807,71.2,10.266666666666673,10.859997408319302
2005-04-19,62.8,62.506297784112995,71.9,9.100000000000009,9.39370221588701
2005-04-20,64.2,63.959064403265515,72.4,8.200000000000003,8.44093559673449
2005-04-21,55.891666666666666,54.177815213165736,73.1,17.20833333333333,18.922184786834258
2005-04-22,50.358333333333334,48.31845276661915,73.5,23.141666666666666,25.181547233380847
2005-04-23,49.8,48.7228327070105,72,22.200000000000003,23.277167292989503
2005-04-24,47.016666666666666,47.12218478683427,68.6,21.58333333333333,21.477815213165727
2005-04-25,48.266666666666666,47.66752624076714,66.6,18.33333333333333,18.932473759232856
2005-04-26,52.75833333333333,52.06367759492031,73.3,20.541666666666664,21.23632240507969
2005-04-27,52.40833333333333,51.34071530387456,74,21.59166666666667,22.65928469612544
2005-04-28,51.766666666666666,50.44907347414799,73.2,21.433333333333337,22.750926525852016
2005-04-29,51.725,50.164532849552934,74.6,22.874999999999993,24.43546715044706
2005-04-30,51.7,50.98106777245043,76.4,24.700000000000003,25.418932227549575
2005-05-01,51.725,51.23227938317999,76,24.275,24.767720616820007
2005-05-02,49.2,48.218595309057925,74.7,25.5,26.481404690942078
2005-05-03,48.266666666666666,47.07657120642737,75.3,27.03333333333333,28.22342879357263
2005-05-04,50.46666666666667,49.296229104574316,74.8,24.33333333333333,25.50377089542568
2005-05-05,53.483333333333334,52.18516262796424,74.5,21.016666666666666,22.31483737203576
2005-05-06,54.083333333333336,52.92016327588441,74,19.916666666666664,21.079836724115587
2005-05-07,54.99166666666667,52.762731631463005,72.1,17.108333333333327,19.33726836853699
2005-05-08,57.699999999999996,56.37154334585979,74.2,16.500000000000007,17.82845665414021
2005-05-09,60.74166666666667,59.44904755734093,74.2,13.458333333333336,14.75095244265907
2005-05-10,62.016666666666666,60.91163664636517,74.3,12.283333333333331,13.38836335363483
2005-05-11,62.03333333333333,60.395373849941684,75.3,13.266666666666666,14.904626150058313
2005-05-12,57.666666666666664,56.465349228974986,75.3,17.633333333333333,18.83465077102501
2005-05-13,56.86666666666667,55.38781910068679,76.2,19.333333333333336,20.812180899313212
2005-05-14,61.15,59.805468446287414,76.2,15.050000000000004,16.39453155371259
2005-05-15,60.38333333333333,59.07996630815083,75.9,15.516666666666673,16.820033691849176
2005-05-16,57.05833333333334,55.888220811196064,76.6,19.541666666666657,20.71177918880393
2005-05-17,58.44166666666666,57.408487754308666,79.6,21.15833333333333,22.191512245691328
2005-05-18,60.21666666666667,58.9,80.3,20.08333333333333,21.4
2005-05-19,60.766666666666666,59.28626409226383,80.3,19.53333333333333,21.01373590773617
2005-05-20,58.28333333333333,56.02550213813658,78.4,20.116666666666674,22.374497861863425
2005-05-21,61.31666666666667,58.90037579370222,79.1,17.783333333333324,20.199624206297777
2005-05-22,61.233333333333334,58.659388363353635,78.5,17.266666666666666,19.840611636646365
2005-05-23,59.666666666666664,57.327536607489954,78.9,19.23333333333334,21.572463392510052
2005-05-24,56.86666666666667,54.45706880912271,79.2,22.333333333333336,24.742931190877293
2005-05-25,56.45,53.64252948036802,81,24.549999999999997,27.35747051963198
2005-05-26,60.041666666666664,57.794052092782174,79.2,19.15833333333334,21.40594790721783
2005-05-27,63.13333333333333,62.02998574575613,79.2,16.06666666666667,17.170014254243874
2005-05-28,62.31666666666667,61.9011532979137,80.5,18.18333333333333,18.5988467020863
2005-05-29,61.775,61.290073862900094,80.9,19.125000000000007,19.60992613709991
2005-05-30,62.85,62.370260463910846,82.6,19.749999999999993,20.22973953608915
2005-05-31,63.65,62.25207982376571,83,19.35,20.747920176234288
2005-06-01,64.06666666666666,62.68248023843463,80.6,16.53333333333333,17.917519761565366
2005-06-02,64.2,63.04896980691979,78.7,14.5,15.65103019308021
2005-06-03,64.10833333333333,63.029545160036285,77.4,13.291666666666671,14.37045483996372
2005-06-04,69.11666666666666,69.259841907477,77.5,8.38333333333334,8.240158092523004
2005-06-05,73.21666666666667,73.9911753271997,80.2,6.983333333333334,6.208824672800304
2005-06-06,73.51666666666667,73.47850200855255,80.8,7.283333333333331,7.321497991447444
2005-06-07,75.625,75.96943112608527,80.7,5.075000000000003,4.730568873914734
2005-06-08,76.825,77.41503174808864,79.9,3.075000000000003,2.4849682519113685
2005-06-09,75.91666666666667,76.50198263573928,78.7,2.7833333333333314,2.1980173642607213
2005-06-10,74.93333333333334,75.09297654528962,76.2,1.2666666666666657,1.1070234547103865
2005-06-11,75.63333333333333,76.12192561876377,80,4.366666666666674,3.8780743812362317
2005-06-12,76.075,76.40553323830504,80.6,4.5249999999999915,4.1944667616949545
2005-06-13,77.16666666666667,77.98934819230271,81.1,3.933333333333323,3.1106518076972804
2005-06-14,77.16666666666667,77.29245820914863,80.2,3.0333333333333314,2.9075417908513685
2005-06-15,71.66666666666667,70.61698846702087,81,9.333333333333329,10.383011532979125
2005-06-16,68.33333333333333,67.08927044188155,81.9,13.566666666666677,14.810729558118453
2005-06-17,66.075,64.60190488531812,81.8,15.724999999999994,17.198095114681877
2005-06-18,66.5,64.756952183491,81.8,15.299999999999997,17.043047816509002
2005-06-19,66.86666666666667,65.26436439030712,81.9,15.033333333333331,16.635635609692883
2005-06-20,68.85833333333333,67.609187508099,77,8.141666666666666,9.390812491901002
2005-06-21,72.56666666666666,71.95660230659583,78.7,6.13333333333334,6.743397693404177
2005-06-22,72.66666666666667,71.60505377737462,78.8,6.133333333333326,7.194946222625376
2005-06-23,72.09166666666667,71.30895425683555,77,4.908333333333331,5.691045743164452
2005-06-24,75.975,76.08297265776856,76.9,0.9250000000000114,0.8170273422314409
2005-06-25,77.70833333333333,78.22349358559025,79.1,1.3916666666666657,0.8765064144097465
2005-06-26,78.81666666666666,79.77869638460542,80.7,1.88333333333334,0.921303615394578
2005-06-27,76.65,76.97062329920955,80.6,3.9499999999999886,3.629376700790445
2005-06-28,76.38333333333334,76.51451341194765,80.3,3.916666666666657,3.7854865880523505
2005-06-29,76.50833333333334,76.45298691201243,80.5,3.99166666666666,4.047013087987565
2005-06-30,75.85,75.67552157574187,81.9,6.050000000000011,6.2244784242581375
2005-07-01,74.36666666666667,73.30655695218348,81.6,7.23333333333332,8.29344304781651
2005-07-02,73.05,71.99546455876636,81.8,8.75,9.80453544123364
2005-07-03,72.94166666666666,71.84754438253208,82.2,9.25833333333334,10.352455617467925
2005-07-04,74.20833333333333,72.74814046909421,84.2,9.991666666666674,11.451859530905793
2005-07-05,73.83333333333333,73.13507839834132,84.3,10.466666666666669,11.164921601658676
2005-07-06,72.725,71.77746533627057,84.3,11.575000000000003,12.52253466372943
2005-07-07,71.025,69.5500323960088,84.8,13.774999999999991,15.249967603991195
2005-07-08,68.76666666666667,67.18336140987431,82.3,13.533333333333331,15.116638590125689
2005-07-09,72.025,70.97309835428275,78.7,6.674999999999997,7.726901645717248
2005-07-10,76.16666666666667,75.98658805235195,81,4.833333333333329,5.013411947648052
2005-07-11,78.23333333333333,78.15784631333419,82.3,4.066666666666663,4.142153686665807
2005-07-12,76.7,75.10666061941168,81.6,4.8999999999999915,6.49333938058831
2005-07-13,76.14166666666667,74.55839056628223,80.4,4.25833333333334,5.841609433717778
2005-07-14,76.89166666666667,76.28741739017752,81.1,4.208333333333329,4.812582609822471
2005-07-15,76.825,76.40150317480887,82.1,5.2749999999999915,5.698496825191128
2005-07-16,76.375,76.14614487495142,81.9,5.525000000000006,5.753855125048588
2005-07-17,77.49166666666667,77.3114422703123,83.2,5.708333333333329,5.8885577296877045
2005-07-18,78.4,78.63458597900738,83.8,5.3999999999999915,5.165414020992614
2005-07-19,79.50833333333334,79.84938447583257,82,2.49166666666666,2.150615524167435
2005-07-20,79.725,79.81186989762863,83.2,3.4750000000000085,3.3881301023713775
2005-07-21,79.75833333333333,79.48692497084359,83.8,4.041666666666671,4.313075029156408
2005-07-22,79.36666666666667,78.99013865491771,83.8,4.433333333333323,4.8098613450822825
2005-07-23,78.01666666666667,77.57171180510561,83.9,5.88333333333334,6.328288194894398
2005-07-24,78.55833333333334,78.54575612284566,83.4,4.841666666666669,4.854243877154346
2005-07-25,79.5,79.23759232862511,82.4,2.9000000000000057,3.1624076713748934
2005-07-26,80.35,80.54079305429572,83.6,3.25,3.0592069457042754
2005-07-27,78.25,78.44487495140598,84,5.75,5.555125048594022
2005-07-28,73.31666666666666,72.27629907995335,83.4,10.083333333333343,11.123700920046659
2005-07-29,74.3,73.76935337566411,84.4,10.100000000000009,10.630646624335895
2005-07-30,75.64166666666667,74.75897369444084,82.4,6.75833333333334,7.641026305559166
2005-07-31,75.65,74.6613580406894,82.1,6.449999999999989,7.438641959310601
2005-08-01,77.75833333333333,77.14968251911364,82.7,4.941666666666677,5.550317480886363
2005-08-02,80.74166666666666,80.57434236102111,82.3,1.5583333333333371,1.7256576389788876
2005-08-03,81.7,81.73457302060388,82.7,1,0.9654269793961276
2005-08-04,80.725,80.9813658157315,83.6,2.875,2.618634184268501
2005-08-05,79.88333333333334,80.3073474147985,82.3,2.416666666666657,1.9926525852014976
2005-08-06,77.15,76.84985097835947,82.4,5.25,5.550149021640536
2005-08-07,77.29166666666666,76.7226772061682,82.1,4.808333333333337,5.3773227938317945
2005-08-08,77.98333333333333,77.6443047816509,82,4.016666666666666,4.355695218349098
2005-08-09,76.58333333333333,76.78113256446805,83.2,6.616666666666674,6.418867435531951
2005-08-10,76.98333333333333,77.52810677724504,83.9,6.916666666666671,6.371893222754963
2005-08-11,78.49166666666667,79.01479849682518,83.9,5.408333333333331,4.885201503174827
2005-08-12,79.08333333333333,79.21056109887262,83.1,4.016666666666666,3.8894389011273773
2005-08-13,79.66666666666667,80.4190488531813,82.5,2.8333333333333286,2.0809511468187054
2005-08-14,77.86666666666667,78.38168977581962,81.9,4.033333333333331,3.5183102241803823
2005-08-15,73.975,73.31334715563042,83.3,9.325000000000003,9.986652844369573
2005-08-16,72.29166666666667,71.64044317740056,85.2,12.908333333333331,13.559556822599447
2005-08-17,74.73333333333333,74.60022029285992,85,10.266666666666666,10.399779707140084
2005-08-18,73.69166666666666,73.39661785668005,85.2,11.50833333333334,11.80338214331995
2005-08-19,73.63333333333333,73.43888816897758,85.3,11.666666666666671,11.861111831022413
2005-08-20,75.525,74.9841518724893,85.6,10.074999999999989,10.615848127510688
2005-08-21,77.11666666666666,77.00401710509266,85.8,8.683333333333337,8.79598289490734
2005-08-22,73.76666666666667,73.62736814824414,84.4,10.63333333333334,10.772631851755861
2005-08-23,71.2,70.349863936763,82.6,11.399999999999991,12.250136063236994
2005-08-24,71.35833333333333,70.37563820137358,84.6,13.24166666666666,14.224361798626418
2005-08-25,73.21666666666667,71.75839056628223,83.5,10.283333333333331,11.74160943371777
2005-08-26,74.48333333333333,73.47695995853312,81.2,6.716666666666669,7.723040041466888
2005-08-27,74.28333333333333,73.63741091097577,82.2,7.916666666666671,8.562589089024229
2005-08-28,74.375,73.75066735778152,83.6,9.224999999999994,9.84933264221847
2005-08-29,75.33333333333333,74.85410133471557,83.4,8.066666666666677,8.54589866528444
2005-08-30,73.75833333333333,73.2268238952961,83.1,9.341666666666669,9.873176104703887
2005-08-31,74.85833333333333,74.74202410263055,83,8.141666666666666,8.257975897369448
2005-09-01,73.47500000000001,73.32678502008554,82.9,9.424999999999997,9.573214979914468
2005-09-02,73.72500000000001,73.47934430478165,82.5,8.774999999999991,9.020655695218352
2005-09-03,71.43333333333334,71.03069845794998,82.3,10.86666666666666,11.269301542050016
2005-09-04,71.63333333333334,70.81793443047816,82.5,10.86666666666666,11.68206556952184
2005-09-05,71.86666666666666,71.16205779447972,80.8,8.933333333333337,9.637942205520275
2005-09-06,71.43333333333334,70.7866658027731,81.7,10.266666666666666,10.913334197226902
2005-09-07,71.25833333333333,71.2237268368537,81.3,10.041666666666671,10.076273163146297
2005-09-08,71.65833333333333,71.82998574575612,82.3,10.641666666666666,10.470014254243878
2005-09-09,71.56666666666666,71.43058183231827,82.7,11.13333333333334,11.269418167681735
2005-09-10,71.63333333333334,71.40224180380977,83,11.36666666666666,11.597758196190227
2005-09-11,71.28333333333333,71.21310094596346,83,11.716666666666669,11.786899054036539
2005-09-12,74.625,75.6351172735519,83.2,8.575000000000003,7.564882726448104
2005-09-13,75.40833333333333,76.63261630167163,82.2,6.791666666666671,5.567383698328371
2005-09-14,72.88333333333334,72.84827005312945,81.4,8.516666666666666,8.551729946870552
2005-09-15,72.44166666666666,71.97914992872877,82.2,9.75833333333334,10.22085007127123
2005-09-16,70.725,69.9901256965142,83.4,12.675000000000011,13.409874303485807
2005-09-17,70.83333333333333,70.18130102371387,84.6,13.766666666666666,14.418698976286123
2005-09-18,70.88333333333334,70.40843592069457,85.6,14.716666666666654,15.191564079305422
2005-09-19,72.08333333333333,71.71746792795128,85.1,13.016666666666666,13.382532072048718
2005-09-20,72.975,72.4504470649216,80.3,7.325000000000003,7.849552935078393
2005-09-21,72.41666666666667,71.77335752235325,80.9,8.483333333333334,9.126642477646755
2005-09-22,72.45833333333333,72.0605805364779,80.9,8.441666666666677,8.839419463522106
2005-09-23,71.29166666666667,70.79966308150836,82.4,11.108333333333334,11.60033691849165
2005-09-24,66.31666666666666,65.31457820396528,83.6,17.28333333333333,18.28542179603471
2005-09-25,68.4,67.13432681093688,82.2,13.799999999999997,15.06567318906312
2005-09-26,69.95,68.8620966696903,80.5,10.549999999999997,11.637903330309697
2005-09-27,67.45,66.20802125178177,80.1,12.649999999999991,13.891978748218222
2005-09-28,65.96666666666667,64.24479720098485,80.4,14.433333333333337,16.155202799015157
2005-09-29,63.108333333333334,61.99009977970714,79.9,16.79166666666667,17.90990022029287
2005-09-30,60.31666666666666,58.54579499805624,80.9,20.583333333333343,22.354205001943768
2005-10-01,64.38333333333333,62.792613709990924,80.4,16.01666666666668,17.60738629000908
2005-10-02,67.25,66.32085007127122,81.3,14.049999999999997,14.979149928728773
2005-10-03,68.75,67.79884670208631,81.8,13.049999999999997,14.001153297913689
2005-10-04,69.23333333333333,68.66163016716341,79.1,9.86666666666666,10.438369832836585
2005-10-05,69.9,69.52206816120253,79.9,10,10.37793183879748
2005-10-06,66.16666666666667,65.44688350395231,78.3,12.133333333333326,12.85311649604769
2005-10-07,62.45,62.98305040818971,79.6,17.14999999999999,16.616949591810283
2005-10-08,60.74166666666667,61.79029415576001,81.1,20.358333333333327,19.309705844239986
2005-10-09,57.03333333333333,56.55096540106259,80.2,23.16666666666667,23.649034598937412
2005-10-10,58.13333333333333,57.56674873655565,81,22.866666666666667,23.433251263444348
2005-10-11,59.516666666666666,58.59860049241934,81.7,22.183333333333337,23.101399507580666
2005-10-12,58.2,56.771659971491516,81.8,23.599999999999994,25.02834002850848
2005-10-13,60.025,59.15434754438254,81.8,21.775,22.64565245561746
2005-10-14,62.041666666666664,60.82753660748996,80.9,18.85833333333334,20.072463392510045
2005-10-15,60.916666666666664,60.242179603472856,79,18.083333333333336,18.757820396527144
2005-10-16,56.61666666666667,55.61698846702086,79.7,23.083333333333336,24.083011532979143
2005-10-17,56.525,55.642348062718675,77.7,21.175000000000004,22.057651937281328
2005-10-18,59.19166666666666,58.20868213036154,78.6,19.40833333333333,20.391317869638456
2005-10-19,58.3,57.50838408708047,80.1,21.799999999999997,22.591615912919522
2005-10-20,54.475,53.166217442011146,80,25.525,26.833782557988854
2005-10-21,52.46666666666667,51.49764157055851,78.5,26.03333333333333,27.002358429441493
2005-10-22,50.625,49.40046650252689,78.9,28.275000000000006,29.499533497473116
2005-10-23,48.916666666666664,47.66915899961125,80.1,31.18333333333333,32.430841000388746
2005-10-24,47.35,46.50523519502397,74.1,26.749999999999993,27.594764804976023
2005-10-25,45.93333333333333,45.38470908384087,66.2,20.266666666666673,20.815290916159135
2005-10-26,45.99166666666667,44.801464299598294,63,17.008333333333333,18.198535700401706
2005-10-27,46.075,44.71634054684463,65.2,19.125,20.483659453155376
2005-10-28,45.825,44.317545678372426,69.9,24.075000000000003,25.58245432162758
2005-10-29,46.175,44.51066476610082,69,22.825000000000003,24.489335233899183
2005-10-30,52.291666666666664,51.238058831151996,69.6,17.30833333333333,18.361941168848
2005-10-31,54.53333333333333,53.81288065310354,72,17.46666666666667,18.18711934689646
2005-11-01,53.775,53.16074899572373,73.9,20.125000000000007,20.739251004276277
2005-11-02,51.8,51.220850071271215,72.6,20.799999999999997,21.37914992872878
2005-11-03,54.175,53.84978618634184,72.6,18.424999999999997,18.750213813658156
2005-11-04,56.391666666666666,56.423532460800836,73.7,17.308333333333337,17.276467539199167
2005-11-05,57.725,57.21245302578722,75.1,17.374999999999993,17.887546974212775
2005-11-06,57.28333333333333,56.132162757548265,74.9,17.616666666666674,18.76783724245174
2005-11-07,54.541666666666664,53.43062070752883,75.4,20.85833333333334,21.969379292471174
2005-11-08,54.458333333333336,53.26459764157055,75,20.541666666666664,21.735402358429447
2005-11-09,54.475,52.70625890890243,74.3,19.824999999999996,21.59374109109757
2005-11-10,49.825,48.47685629130491,72.1,22.27499999999999,23.623143708695082
2005-11-11,45.53333333333333,43.63586886095633,72.4,26.866666666666674,28.764131139043677
2005-11-12,49.675,47.740650511856934,73.4,23.72500000000001,25.65934948814307
2005-11-13,53.18333333333333,51.64151872489309,73.9,20.716666666666676,22.258481275106917
2005-11-14,52.40833333333333,51.15463262926007,74.3,21.891666666666666,23.145367370739926
2005-11-15,53.49166666666667,51.867241155889594,75.4,21.90833333333334,23.53275884411041
2005-11-16,50.81666666666667,51.15998444991577,75.2,24.383333333333333,24.040015550084235
2005-11-17,37.49166666666667,36.62721264740184,74.6,37.10833333333333,37.972787352598154
2005-11-18,36.141666666666666,34.585188544771285,71.5,35.358333333333334,36.914811455228715
2005-11-19,39.93333333333333,38.418323182583904,74,34.06666666666667,35.581676817416096
2005-11-20,43.95,42.50642736814824,74.8,30.849999999999994,32.29357263185176
2005-11-21,44.8,44.017649345600624,73.4,28.60000000000001,29.38235065439938
2005-11-22,41.475,40.096630815083586,67.1,25.624999999999993,27.00336918491641
2005-11-23,37.2,35.05117273551899,62.7,25.5,27.648827264481014
2005-11-24,35.391666666666666,33.391939873007644,68,32.608333333333334,34.608060126992356
2005-11-25,29.96666666666667,27.146650252688872,70.8,40.83333333333333,43.653349747311125
2005-11-26,34.791666666666664,32.830802125178174,70.6,35.80833333333333,37.76919787482182
2005-11-27,43.05,41.63908254503045,71,27.950000000000003,29.360917454969552
2005-11-28,50.858333333333334,50.43807178955552,74.3,23.441666666666663,23.861928210444475
2005-11-29,49.63333333333333,49.408915381624986,73.4,23.766666666666673,23.99108461837502
2005-11-30,43.88333333333333,44.48906310742516,69.5,25.616666666666667,25.01093689257484
2005-12-01,37.46666666666667,36.73456006220034,62.7,25.233333333333334,25.965439937799665
2005-12-02,33.56666666666667,32.32116107295581,61.8,28.233333333333327,29.478838927044187
2005-12-03,32.766666666666666,30.638590125696513,62.4,29.633333333333333,31.761409874303485
2005-12-04,31.208333333333336,29.43344563949721,66.2,34.99166666666667,36.766554360502795
2005-12-05,28.183333333333334,26.214098743034857,69.8,41.61666666666666,43.585901256965144
2005-12-06,27.041666666666664,25.842672022806788,70.7,43.65833333333334,44.857327977193215
2005-12-07,25.041666666666668,23.1342231437087,71.5,46.45833333333333,48.365776856291305
2005-12-08,24.741666666666667,23.49815990669949,73.1,48.35833333333333,49.6018400933005
2005-12-09,28.133333333333333,26.802332512634443,72.7,44.56666666666667,45.89766748736556
2005-12-10,28.78333333333333,26.498846702086304,71.1,42.31666666666666,44.60115329791369
2005-12-11,31.191666666666666,29.338784501749384,67.6,36.40833333333333,38.26121549825061
2005-12-12,28.866666666666667,26.591577037708955,62.2,33.333333333333336,35.608422962291044
2005-12-13,24.8,21.139976674873658,61.5,36.7,40.36002332512634
2005-12-14,25.225,21.74052092782169,62.7,37.475,40.95947907217831
2005-12-15,28.633333333333333,25.970351172735516,68.9,40.26666666666667,42.92964882726449
2005-12-16,34.25833333333333,33.58013476739666,70.2,35.94166666666667,36.619865232603345
2005-12-17,28.458333333333332,27.0298691201244,72.4,43.94166666666668,45.3701308798756
2005-12-18,27.716666666666665,25.511325644680575,72.8,45.08333333333333,47.28867435531942
2005-12-19,24.791666666666668,22.24186860178826,68.2,43.40833333333333,45.95813139821175
2005-12-20,25.441666666666666,22.966321109239342,66.1,40.65833333333333,43.13367889076065
2005-12-21,26.558333333333334,23.90185305170403,61.8,35.24166666666666,37.89814694829597
2005-12-22,31.541666666666668,29.335272774394195,56.7,25.158333333333335,27.364727225605808
2005-12-23,38.96666666666667,37.49576260204743,58.8,19.83333333333333,21.30423739795257
2005-12-24,41.108333333333334,39.437164701308795,63.5,22.391666666666666,24.062835298691205
2005-12-25,39.75,38.481897110276016,68.9,29.150000000000006,30.41810288972399
2005-12-26,40.425,39.42639626797978,64.3,23.875,24.873603732020214
2005-12-27,38.375,36.291110535182064,58.3,19.924999999999997,22.008889464817933
2005-12-28,39.975,37.882985616172085,58.8,18.824999999999996,20.91701438382791
2005-12-29,42.333333333333336,41.220059608656214,67.6,25.26666666666666,26.37994039134378
2005-12-30,39.34166666666667,37.74379940391344,65.1,25.758333333333326,27.356200596086552
2005-12-31,36.71666666666667,34.504872359725276,66.1,29.383333333333326,31.59512764027472
2006-01-01,38.233333333333334,35.78622521705326,70.5,32.266666666666666,34.71377478294674
2006-01-02,40.35,38.41578333549307,71.8,31.449999999999996,33.38421666450693
2006-01-03,40.166666666666664,38.19467409615135,71.6,31.43333333333333,33.40532590384864
2006-01-04,39.391666666666666,36.795633018012175,65.3,25.90833333333333,28.504366981987822
2006-01-05,39.6,37.77510690682908,63.2,23.6,25.424893093170922
2006-01-06,35.21666666666667,33.5206297784113,62.3,27.08333333333333,28.7793702215887
2006-01-07,33.46666666666667,30.98639367629908,53.4,19.93333333333333,22.413606323700918
2006-01-08,37.141666666666666,34.71177918880394,55,17.858333333333334,20.288220811196062
2006-01-09,42.75833333333333,40.95993261630168,62,19.241666666666667,21.04006738369832
2006-01-10,38.416666666666664,37.24513411947648,68.6,30.18333333333333,31.354865880523512
2006-01-11,42.641666666666666,41.553582998574576,68.7,26.058333333333337,27.146417001425426
2006-01-12,45.78333333333333,45.189374109109764,70.1,24.316666666666663,24.91062589089023
2006-01-13,44.40833333333333,43.16056757807438,70.6,26.191666666666663,27.439432421925616
2006-01-14,42.7,42.87908513671116,63.3,20.599999999999994,20.420914863288836
2006-01-15,31.375,28.564636516781132,57.4,26.025,28.835363483218867
2006-01-16,30.858333333333334,27.471504470649215,59.1,28.241666666666667,31.628495529350786
2006-01-17,34.55,32.36042503563561,68.1,33.55,35.73957496436439
2006-01-18,40.18333333333334,39.67062329920954,64.8,24.61666666666666,25.12937670079046
2006-01-19,38.88333333333333,37.88693792924712,62.9,24.016666666666666,25.01306207075288
2006-01-20,44.266666666666666,42.67272256058053,72,27.733333333333334,29.32727743941947
2006-01-21,41.8,40.757237268368534,73.2,31.400000000000006,32.44276273163147
2006-01-22,34.7,32.89933912142024,73.6,38.89999999999999,40.700660878579754
2006-01-23,35.516666666666666,33.536957366852405,73.8,38.28333333333333,40.26304263314759
2006-01-24,37.38333333333333,35.519243229234156,70.1,32.71666666666666,34.58075677076584
2006-01-25,35.68333333333334,34.52659064403266,68.7,33.016666666666666,34.173409355967344
2006-01-26,33.18333333333334,31.214526370351173,63.7,30.516666666666666,32.48547362964883
2006-01-27,35.69166666666666,33.478216923675,64.6,28.90833333333333,31.121783076324995
2006-01-28,42.30833333333333,41.185344045613576,66.2,23.891666666666673,25.014655954386427
2006-01-29,44.03333333333333,42.88083452118699,69,24.96666666666667,26.11916547881301
2006-01-30,44.425000000000004,43.13404172605935,70.3,25.874999999999993,27.165958273940646
2006-01-31,39.30833333333333,37.7805753531165,69,29.69166666666667,31.219424646883503
2006-02-01,39.825,38.56436439030711,64.6,24.77499999999999,26.035635609692882
2006-02-02,41,39.09251004276273,70.1,29.099999999999994,31.00748995723726
2006-02-03,44.825,44.3061422832707,70.5,25.674999999999997,26.193857716729298
2006-02-04,40.625,39.69539976674874,67,26.375,27.304600233251257
2006-02-05,39.075,38.75253336788907,60.8,21.724999999999994,22.047466632110925
2006-02-06,34.38333333333333,33.052403783853826,58.5,24.116666666666667,25.447596216146174
2006-02-07,33.56666666666666,32.29997408319295,61.7,28.13333333333334,29.400025916807053
2006-02-08,31.59166666666667,29.88924452507451,58.8,27.20833333333333,28.910755474925487
2006-02-09,30.058333333333334,28.276169495918104,57.6,27.541666666666668,29.323830504081897
2006-02-10,32.475,30.419204354023584,57.9,25.424999999999997,27.480795645976414
2006-02-11,32.225,30.609472592976545,64.2,31.975,33.59052740702346
2006-02-12,28.7,26.778942594272387,56.8,28.099999999999998,30.02105740572761
2006-02-13,27.825,25.454943630944666,52.1,24.275000000000002,26.645056369055336
2006-02-14,34.34166666666667,32.5184786834262,50.8,16.45833333333333,18.281521316573794
2006-02-15,38.55,36.8793183879746,61.8,23.25,24.920681612025398
2006-02-16,41.63333333333333,39.3867694700013,66,24.366666666666667,26.613230529998702
2006-02-17,36.583333333333336,36.45954386419593,68.2,31.616666666666667,31.740456135804074
2006-02-18,22.683333333333334,20.883179992224957,68.2,45.516666666666666,47.31682000777505
2006-02-19,20.958333333333332,19.313593365297397,67.9,46.94166666666668,48.58640663470261
2006-02-20,27.316666666666666,26.084475832577425,69.8,42.483333333333334,43.71552416742257
2006-02-21,32.208333333333336,31.091304911234936,69.3,37.09166666666666,38.20869508876506
2006-02-22,36.25833333333333,34.816742257353894,70.3,34.041666666666664,35.4832577426461
2006-02-23,37.09166666666667,35.7000518336141,70.8,33.70833333333333,35.0999481663859
2006-02-24,34.50833333333333,33.19906699494622,72.1,37.59166666666666,38.90093300505377
2006-02-25,34.80833333333334,32.85167811325645,72.7,37.891666666666666,39.848321886743555
2006-02-26,28.641666666666666,25.923299209537387,69.5,40.858333333333334,43.57670079046261
2006-02-27,29.116666666666667,26.037540495011015,63.6,34.483333333333334,37.562459504988986
2006-02-28,32.041666666666664,28.71551120901905,66.3,34.25833333333333,37.58448879098095
2006-03-01,35.916666666666664,32.691382661656085,67.8,31.883333333333333,35.10861733834391
2006-03-02,35.975,33.110392639626795,68.4,32.425000000000004,35.28960736037321
2006-03-03,31.766666666666666,28.38573279771932,69,37.233333333333334,40.61426720228068
2006-03-04,33.25833333333333,30.44022288454062,70.3,37.041666666666664,39.85977711545938
2006-03-05,37.2,34.45100427627317,69.2,32,34.748995723726836
2006-03-06,37.50833333333333,34.502565763897884,66.2,28.69166666666667,31.69743423610212
2006-03-07,37.666666666666664,34.705986782428404,68.4,30.73333333333334,33.6940132175716
2006-03-08,40.725,38.80746404043022,64.3,23.574999999999996,25.49253595956978
2006-03-09,47.375,45.67585849423351,68,20.625,22.32414150576649
2006-03-10,52.333333333333336,51.455461967085654,72.7,20.366666666666667,21.24453803291435
2006-03-11,49.93333333333334,49.12289749902812,74.1,24.166666666666657,24.977102500971874
2006-03-12,50.31666666666666,48.56591939873008,74.3,23.983333333333334,25.734080601269916
2006-03-13,52.833333333333336,52.30992613709991,74.2,21.366666666666667,21.890073862900095
2006-03-14,45.016666666666666,45.12314370869509,73.4,28.38333333333334,28.276856291304917
2006-03-15,38.03333333333333,36.809628093818844,73.6,35.56666666666666,36.79037190618115
2006-03-16,39.666666666666664,37.45875340158093,71.2,31.53333333333334,33.741246598419075
2006-03-17,37.03333333333333,35.02127769858753,70.6,33.56666666666666,35.57872230141246
2006-03-18,34.833333333333336,32.99283400285085,70.6,35.76666666666666,37.607165997149146
2006-03-19,36.291666666666664,34.0527018271349,70.6,34.30833333333333,36.5472981728651
2006-03-20,35.775,33.272865103019306,72.5,36.725,39.227134896980694
2006-03-21,33.416666666666664,32.08102889723986,75.2,41.78333333333334,43.11897110276014
2006-03-22,36.38333333333333,35.570001295840356,75.1,38.71666666666666,39.52999870415964
2006-03-23,39.31666666666666,38.5517040300635,72.9,33.58333333333334,34.34829596993651
2006-03-24,39.458333333333336,38.51097576778541,67.4,27.94166666666667,28.889024232214595
2006-03-25,39.625,38.43923804587275,60.1,20.475,21.660761954127253
2006-03-26,41.791666666666664,40.346818711934695,60.6,18.808333333333337,20.253181288065306
2006-03-27,44.43333333333334,42.922236620448366,62.8,18.36666666666666,19.87776337955163
2006-03-28,45.05,43.45792406375534,68.3,23.25,24.842075936244655
2006-03-29,48,46.51297136192821,70.4,22.400000000000006,23.887028638071797
2006-03-30,52.6,51.63698328365946,71.8,19.199999999999996,20.163016716340536
2006-03-31,56.275,55.866450693274594,73.7,17.425000000000004,17.83354930672541
2006-04-01,55.325,54.23952313075029,72.2,16.875,17.96047686924971
2006-04-02,52.541666666666664,51.55303874562654,71.4,18.85833333333334,19.84696125437347
2006-04-03,50.45,48.36794090967992,72,21.549999999999997,23.632059090320077
2006-04-04,47.175,45.86654140209926,73,25.825000000000003,27.13345859790074
2006-04-05,44.800000000000004,42.72989503693145,72.3,27.499999999999993,29.570104963068545
2006-04-06,48.25833333333333,45.96550472981728,71.4,23.141666666666673,25.434495270182722
2006-04-07,51.03333333333333,48.983892704418814,72.4,21.366666666666674,23.41610729558119
2006-04-08,44.083333333333336,42.29941687184139,76.3,32.21666666666666,34.00058312815861
2006-04-09,45.125,43.42316962550214,73.5,28.375,30.07683037449786
2006-04-10,50.666666666666664,49.41945056369055,71.8,21.133333333333333,22.380549436309444
2006-04-11,55.891666666666666,54.85406245950499,71.9,16.00833333333334,17.045937540495018
2006-04-12,58.225,57.628651030193076,71.9,13.675000000000004,14.27134896980693
2006-04-13,61.75833333333333,61.08566800570169,72.6,10.841666666666661,11.514331994298303
2006-04-14,60.766666666666666,60.00382272903978,72.7,11.933333333333337,12.69617727096022
2006-04-15,61.46666666666667,60.192678502008555,72.4,10.933333333333337,12.207321497991451
2006-04-16,56.35,54.65395879227679,73,16.65,18.34604120772321
2006-04-17,53.93333333333334,51.59559414280161,72.8,18.86666666666666,21.204405857198388
2006-04-18,56.58333333333333,54.535609692885835,75.3,18.71666666666667,20.764390307114162
2006-04-19,59.983333333333334,58.789063107425164,77.1,17.11666666666666,18.31093689257483
2006-04-20,62.00833333333333,61.5484514707788,78.5,16.491666666666667,16.9515485292212
2006-04-21,56.35,54.53078916677465,78.9,22.550000000000004,24.369210833225353
2006-04-22,52.50833333333333,49.82012440067384,79.3,26.791666666666664,29.479875599326157
2006-04-23,54.75,52.85092652585201,77.8,23.049999999999997,24.949073474147987
2006-04-24,55.375,53.89976674873655,78.5,23.125,24.600233251263447
2006-04-25,53.641666666666666,52.07089542568355,79.5,25.858333333333334,27.429104574316447
2006-04-26,50.00833333333333,48.9896073603732,79.6,29.59166666666666,30.610392639626795
2006-04-27,54.7,53.634598937410914,79,24.299999999999997,25.365401062589086
2006-04-28,53.65833333333333,52.15485292211999,77.2,23.54166666666667,25.04514707788001
2006-04-29,53.80833333333333,52.25446417001426,75.7,21.891666666666673,23.445535829985744
2006-04-30,55.88333333333333,54.35933652973954,75.2,19.31666666666667,20.840663470260466
2006-05-01,57.458333333333336,55.81442270312298,75.2,17.741666666666667,19.385577296877024
2006-05-02,57.083333333333336,55.16418297265777,74.9,17.81666666666667,19.735817027342236
2006-05-03,59.025,57.395464558766356,76.6,17.574999999999996,19.204535441233638
2006-05-04,62.38333333333333,61.77684333290138,76.4,14.016666666666673,14.623156667098627
2006-05-05,62.03333333333333,61.596578981469484,76.2,14.166666666666671,14.603421018530518
2006-05-06,58.975,58.05806660619412,77.1,18.124999999999993,19.041933393805877
2006-05-07,56.61666666666667,55.306816120253984,78.8,22.18333333333333,23.493183879746013
2006-05-08,57.891666666666666,56.8773746274459,80.2,22.308333333333337,23.3226253725541
2006-05-09,59.675,57.918660101075545,80,20.325000000000003,22.081339898924455
2006-05-10,61.34166666666667,59.637307243747564,80.2,18.858333333333334,20.56269275625244
2006-05-11,57.016666666666666,55.1134378644551,81,23.983333333333334,25.8865621355449
2006-05-12,54.975,53.7986393676299,78.7,23.725,24.9013606323701
2006-05-13,56.7,54.984074122068165,75.1,18.39999999999999,20.11592587793183
2006-05-14,56.016666666666666,53.85131527795775,77.4,21.38333333333334,23.548684722042253
2006-05-15,55.93333333333333,54.442270312297524,78,22.06666666666667,23.557729687702476
2006-05-16,57.25833333333333,55.90943371776597,73.4,16.141666666666673,17.490566282234035
2006-05-17,60.05833333333333,59.13939354671505,72.9,12.841666666666676,13.760606453284957
2006-05-18,59.59166666666667,58.82153686665803,74.4,14.808333333333337,15.578463133341977
2006-05-19,57.3,55.77204872359725,76,18.700000000000003,20.22795127640275
2006-05-20,59.05833333333334,57.67191913956201,77.6,18.541666666666657,19.928080860437987
2006-05-21,56.81666666666667,55.398198781910075,79.1,22.283333333333324,23.70180121808992
2006-05-22,55.03333333333333,53.31899701956719,79.9,24.866666666666674,26.581002980432814
2006-05-23,57.55833333333334,55.62602047427757,81.4,23.84166666666667,25.77397952572244
2006-05-24,63.108333333333334,61.38249319683815,81.5,18.391666666666666,20.117506803161852
2006-05-25,66.23333333333333,65.20997797071401,78.6,12.36666666666666,13.390022029285987
2006-05-26,67.96666666666667,67.04052092782169,78.3,10.333333333333329,11.259479072178308
2006-05-27,69.925,69.46461059997408,80.8,10.875,11.335389400025917
2006-05-28,72.69166666666666,72.418375016198,81.6,8.908333333333331,9.181624983801996
2006-05-29,74.975,75.0240896721524,81.8,6.825000000000003,6.775910327847598
2006-05-30,74.75833333333334,73.98365945315537,81.1,6.341666666666654,7.116340546844626
2006-05-31,72.34166666666667,70.92459504988985,80.1,7.758333333333326,9.17540495011015
2006-06-01,73.16666666666667,72.51806401451341,78.9,5.733333333333334,6.381935985486592
2006-06-02,70.59166666666667,69.58505896073603,79.6,9.008333333333326,10.01494103926396
2006-06-03,66.8,64.6274588570688,80.1,13.299999999999997,15.472541142931192
2006-06-04,65.01666666666667,62.643721653492285,80.1,15.083333333333329,17.45627834650771
2006-06-05,67.24166666666667,65.54142801606842,79.8,12.558333333333323,14.258571983931574
2006-06-06,68.475,66.80982246987172,81.3,12.825000000000003,14.490177530128278
2006-06-07,66.625,63.953453414539325,82.7,16.075000000000003,18.746546585460678
2006-06-08,67.31666666666666,64.91316573798107,82.2,14.88333333333334,17.286834262018928
2006-06-09,65.85833333333333,63.883827912401195,80.4,14.541666666666671,16.51617208759881
2006-06-10,61.63333333333333,59.227264481015936,81.2,19.56666666666667,21.972735518984067
2006-06-11,61.791666666666664,60.10699753790333,78.5,16.708333333333336,18.393002462096668
2006-06-12,64.55,63.264830892834006,78.2,13.650000000000006,14.935169107165997
2006-06-13,68.31666666666666,67.04383827912402,79.7,11.38333333333334,12.656161720875986
2006-06-14,69.175,67.98660101075548,80.7,11.525000000000006,12.713398989244524
2006-06-15,70.10833333333333,69.14192043540235,81,10.891666666666666,11.858079564597645
2006-06-16,73.7,73.14057276143579,83,9.299999999999997,9.859427238564209
2006-06-17,75.35833333333333,74.9188544771284,82.4,7.041666666666671,7.4811455228716
2006-06-18,76.58333333333333,76.25591551120903,80.2,3.6166666666666742,3.9440844887909776
2006-06-19,75.34166666666667,75.74917714137618,81.9,6.558333333333337,6.150822858623826
2006-06-20,72.59166666666667,72.52517817804846,81.1,8.508333333333326,8.57482182195153
2006-06-21,73.75833333333333,73.63419722690165,82.7,8.941666666666677,9.065802773098355
2006-06-22,75.98333333333333,75.54192043540236,83.6,7.61666666666666,8.058079564597634
2006-06-23,74.125,73.5215239082545,83,8.875,9.478476091745506
2006-06-24,71.65833333333333,70.52954516003628,80.7,9.041666666666671,10.170454839963725
2006-06-25,71.10833333333333,69.86258908902423,77.4,6.291666666666671,7.53741091097578
2006-06-26,72,70.92424517299469,79.3,7.299999999999997,8.37575482700531
2006-06-27,72.69166666666666,72.2033562265129,82,9.308333333333337,9.796643773487105
2006-06-28,73.525,72.73540235842944,81.4,7.875,8.664597641570566
2006-06-29,73.05,72.5334845147078,81.1,8.049999999999997,8.5665154852922
2006-06-30,72.71666666666667,71.76578981469483,81.6,8.883333333333326,9.834210185305167
2006-07-01,75.23333333333333,74.61715692626669,82.8,7.566666666666663,8.18284307373331
2006-07-02,77.925,77.68375016198004,81,3.075000000000003,3.3162498380199565
2006-07-03,77.14166666666667,76.57419981858234,81.1,3.9583333333333286,4.525800181417651
2006-07-04,75.95833333333333,75.53996371647014,81.8,5.841666666666669,6.260036283529857
2006-07-05,71.84166666666667,71.43824024880135,81,9.158333333333331,9.56175975119865
2006-07-06,70.10000000000001,69.25902552805495,79.2,9.099999999999994,9.940974471945054
2006-07-07,71.65,70.84259427238565,78.8,7.1499999999999915,7.9574057276143435
2006-07-08,73.56666666666666,72.89073474147986,79.4,5.833333333333343,6.509265258520145
2006-07-09,74.55,74.31808993132046,80.3,5.75,5.9819100686795394
2006-07-10,74.10833333333333,73.39473888816897,80.2,6.091666666666669,6.8052611118310296
2006-07-11,76.31666666666666,75.8163794220552,78.6,2.2833333333333314,2.783620577944788
2006-07-12,76.575,75.64412336400154,79.1,2.5249999999999915,3.4558766359984503
2006-07-13,76.6,75.69849682519114,79.2,2.6000000000000085,3.5015031748088603
2006-07-14,77.86666666666666,77.00209926137099,81.7,3.833333333333343,4.697900738629016
2006-07-15,79.39166666666667,78.53686665802773,82.3,2.9083333333333314,3.7631333419722637
2006-07-16,81.675,80.90064792017624,82.3,0.625,1.3993520798237569
2006-07-17,83.425,83.36117662304004,82.1,-1.3250000000000028,-1.2611766230400434
2006-07-18,81.45,81.09414280160684,80.9,-0.5499999999999972,-0.19414280160683006
2006-07-19,78.35833333333333,77.72261241415057,79.6,1.24166666666666,1.8773875858494193
2006-07-20,77.30833333333334,76.08048464429181,79.2,1.8916666666666657,3.119515355708188
2006-07-21,78.11666666666666,76.8904496566023,78.4,0.28333333333334565,1.5095503433977058
2006-07-22,76.43333333333334,74.66761694959182,77.8,1.36666666666666,3.1323830504081798
2006-07-23,74.5,73.0011532979137,80.8,6.299999999999997,7.798846702086294
2006-07-24,75.90833333333333,75.025981599067,81.9,5.991666666666674,6.874018400933011
2006-07-25,76.99166666666667,76.59835428275237,83.4,6.408333333333331,6.801645717247638
2006-07-26,77.3,76.88398341324348,83.2,5.900000000000006,6.316016586756518
2006-07-27,78.675,78.20769729169366,82.2,3.5250000000000057,3.9923027083063403
2006-07-28,79.5,79.1428923156667,80.7,1.2000000000000028,1.5571076843333032
2006-07-29,80.58333333333333,80.51339898924452,80.7,0.11666666666667425,0.1866010107554814
2006-07-30,80.78333333333333,80.46128029026823,82.5,1.7166666666666686,2.0387197097317653
2006-07-31,81.50833333333334,81.36652844369574,83.7,2.191666666666663,2.3334715563042607
2006-08-01,83.73333333333333,84.59771932097965,84.3,0.5666666666666629,-0.2977193209796525
2006-08-02,84.475,85.77298172865103,83.4,-1.0749999999999886,-2.372981728651027
2006-08-03,82,82.0894518595309,82.3,0.29999999999999716,0.21054814046910053
2006-08-04,78.49166666666667,78.00842296229105,81.7,3.2083333333333286,3.691577037708953
2006-08-05,77.925,77.58857068809122,82.5,4.575000000000003,4.911429311908776
2006-08-06,76.76666666666667,76.0857198393158,82.4,5.63333333333334,6.314280160684206
2006-08-07,77.78333333333333,77.82234028767655,82.3,4.516666666666666,4.477659712323444
2006-08-08,76.825,76.22481534274978,82.9,6.075000000000003,6.675184657250227
2006-08-09,75.18333333333334,74.49214720746404,82.2,7.016666666666666,7.7078527925359595
2006-08-10,76.24166666666667,75.69663081508358,82.3,6.058333333333323,6.603369184916417
2006-08-11,73.40833333333333,72.40631074251652,83.2,9.791666666666671,10.793689257483479
2006-08-12,71.35833333333333,70.22630555915512,83.7,12.341666666666669,13.47369444084488
2006-08-13,72.18333333333334,71.28273940650512,83.6,11.416666666666657,12.31726059349488
2006-08-14,74.44166666666666,74.0287158222107,82.1,7.658333333333331,8.071284177789295
2006-08-15,75.3,74.64185564338473,81.7,6.400000000000006,7.058144356615273
2006-08-16,74.975,73.90837112867695,80.3,5.325000000000003,6.39162887132305
2006-08-17,74.93333333333334,73.94129843203318,82.5,7.566666666666663,8.558701567966821
2006-08-18,74.93333333333334,73.90353764416224,83.3,8.36666666666666,9.396462355837755
2006-08-19,74.9,73.96584164830894,82.2,7.299999999999997,8.234158351691065
2006-08-20,75.4,74.59253595956977,80.5,5.099999999999994,5.907464040430227
2006-08-21,73.63333333333333,72.38483866787611,81.5,7.866666666666674,9.11516133212389
2006-08-22,75.46666666666667,74.54807567707658,81.7,6.233333333333334,7.151924322923421
2006-08-23,75.025,74.11032784760918,82.3,7.2749999999999915,8.189672152390813
2006-08-24,73.975,73.12726448101594,81.9,7.925000000000011,8.772735518984064
2006-08-25,73.9,72.28408708047169,82.2,8.299999999999997,9.91591291952831
2006-08-26,72.45,70.41913956200597,81.3,8.849999999999994,10.88086043799403
2006-08-27,71.74166666666666,69.42401192173124,81.2,9.458333333333343,11.775988078268767
2006-08-28,72.61666666666667,70.96029545160036,82.7,10.083333333333329,11.739704548399644
2006-08-29,70.75833333333333,68.47151742905274,81.4,10.64166666666668,12.928482570947267
2006-08-30,69.49166666666666,67.91945056369056,77.8,8.308333333333337,9.880549436309437
2006-08-31,68.64166666666667,66.81556304263314,81.1,12.458333333333329,14.28443695736685
2006-09-01,67.16666666666667,65.67101205131527,81.4,14.233333333333334,15.728987948684733
2006-09-02,66.34166666666667,64.55329791369704,80.2,13.858333333333334,15.646702086302966
2006-09-03,68.225,67.37515874044318,80.2,11.975000000000009,12.82484125955682
2006-09-04,68.45833333333333,67.04960476869249,78.5,10.041666666666671,11.45039523130751
2006-09-05,67.05833333333334,65.77278735259816,78.1,11.041666666666657,12.327212647401836
2006-09-06,68.29166666666667,67.20421148114552,80.7,12.408333333333331,13.495788518854482
2006-09-07,69.25833333333333,68.42091486328884,81.5,12.241666666666674,13.079085136711157
2006-09-08,69.90833333333333,69.62456913308282,80.5,10.591666666666669,10.875430866917185
2006-09-09,68.96666666666667,68.9610988726189,81.5,12.533333333333331,12.538901127381095
2006-09-10,65.95833333333333,64.74203706103408,81.3,15.341666666666669,16.557962938965915
2006-09-11,64.48333333333333,62.68294674096151,81.2,16.71666666666667,18.51705325903849
2006-09-12,64.30833333333334,62.583724245172995,81.6,17.291666666666657,19.016275754827
2006-09-13,63.99166666666667,62.48521446157834,79.9,15.908333333333339,17.41478553842167
2006-09-14,64.95833333333333,64.2092393417131,80,15.041666666666671,15.7907606582869
2006-09-15,66.16666666666667,65.50462615005831,81.6,15.433333333333323,16.09537384994168
2006-09-16,68.175,67.36804457690813,80.2,12.025000000000006,12.83195542309187
2006-09-17,69.63333333333334,69.24658546067126,80.4,10.766666666666666,11.15341453932875
2006-09-18,67.74166666666667,67.40265647272257,79.9,12.158333333333331,12.497343527277437
2006-09-19,64.26666666666667,63.75342749773228,79.9,15.63333333333334,16.146572502267723
2006-09-20,60.166666666666664,59.782234028767654,80.4,20.23333333333334,20.617765971232352
2006-09-21,58.516666666666666,57.610055721135154,80.2,21.683333333333337,22.58994427886485
2006-09-22,61.358333333333334,60.45297395360891,81.2,19.84166666666667,20.747026046391092
2006-09-23,66.46666666666667,65.68569392250873,80.8,14.333333333333329,15.114306077491264
2006-09-24,67.53333333333333,67.33273292730335,80.7,13.166666666666671,13.367267072696649
2006-09-25,62.666666666666664,62.203978229882075,81.3,18.633333333333333,19.096021770117922
2006-09-26,62.09166666666667,61.4455099131787,82.3,20.20833333333333,20.8544900868213
2006-09-27,62.541666666666664,61.53614098743035,80.9,18.35833333333334,19.363859012569655
2006-09-28,61.00833333333333,60.05451600362836,79.3,18.291666666666664,19.24548399637164
2006-09-29,58.05833333333333,57.2421018530517,78.5,20.44166666666667,21.2578981469483
2006-09-30,58.425,56.9372165349229,79.6,21.174999999999997,22.662783465077098
2006-10-01,61.3,60.053945833873264,80.3,19,20.246054166126733
2006-10-02,63.03333333333333,62.08884281456524,81.3,18.266666666666666,19.211157185434757
2006-10-03,66.35,65.71707917584554,81.7,15.350000000000009,15.982920824154462
2006-10-04,67.04166666666667,66.91430607749126,81,13.958333333333329,14.085693922508739
2006-10-05,59.391666666666666,58.15136711157186,79.9,20.50833333333334,21.748632888428148
2006-10-06,54.975,53.409200466502526,81,26.025,27.590799533497474
2006-10-07,56.95833333333333,55.39985745756123,80.7,23.741666666666674,25.30014254243877
2006-10-08,59.53333333333333,58.39107165997149,79.1,19.566666666666663,20.708928340028507
2006-10-09,61.45,60.93914733704808,77.8,16.349999999999994,16.86085266295192
2006-10-10,60.68333333333334,60.07093430089412,78.4,17.71666666666667,18.329065699105882
2006-10-11,58.11666666666667,57.07720616820008,76.9,18.78333333333334,19.822793831799927
2006-10-12,54.016666666666666,53.62955811843981,79.3,25.28333333333333,25.670441881560187
2006-10-13,47.49166666666667,46.49668264869768,80.3,32.80833333333333,33.80331735130232
2006-10-14,48.55,47.35312945445121,80.5,31.950000000000003,33.14687054554879
2006-10-15,49.15833333333333,47.448814306077495,79.3,30.141666666666666,31.851185693922503
2006-10-16,52.275,50.8195283141117,79.5,27.225,28.6804716858883
2006-10-17,55.15,53.66253725541013,79.7,24.550000000000004,26.037462744589874
2006-10-18,60.075,59.88154723338085,81.3,21.224999999999994,21.418452766619147
2006-10-19,55.958333333333336,55.184670208630294,81.5,25.541666666666664,26.315329791369706
2006-10-20,53.68333333333333,53.22684981210315,81,27.31666666666667,27.773150187896853
2006-10-21,50.575,49.584009330050534,82.7,32.125,33.11599066994947
2006-10-22,49.025,47.71089801736426,80.8,31.775,33.08910198263574
2006-10-23,46.766666666666666,45.88384087080471,80.2,33.43333333333334,34.31615912919529
2006-10-24,44.766666666666666,43.40699753790333,68.8,24.03333333333333,25.393002462096668
2006-10-25,46.44166666666666,44.866489568485164,69.5,23.058333333333337,24.633510431514836
2006-10-26,47.05,44.94201114422703,74.7,27.650000000000006,29.75798885577297
2006-10-27,46.5,44.592432292341584,78,31.5,33.407567707658416
2006-10-28,50.94166666666666,50.15555267591033,75.8,24.858333333333334,25.64444732408967
2006-10-29,47.641666666666666,46.365141894518594,70.7,23.058333333333337,24.33485810548141
2006-10-30,51.66666666666667,50.767914992872875,74.8,23.133333333333326,24.032085007127122
2006-10-31,53.74166666666667,52.67476998833744,77.6,23.858333333333327,24.925230011662556
2006-11-01,50.43333333333333,50.30016845924582,77.8,27.366666666666667,27.49983154075418
2006-11-02,43.550000000000004,42.455332383050404,75.7,32.15,33.2446676169496
2006-11-03,39.11666666666667,37.93259038486458,74.6,35.48333333333333,36.66740961513541
2006-11-04,41.25,39.63659453155371,73.8,32.55,34.163405468446285
2006-11-05,45.125,43.01164960476869,74.3,29.174999999999997,31.288350395231305
2006-11-06,49.13333333333333,47.07470519631981,74.5,25.366666666666667,27.42529480368019
2006-11-07,51.40833333333333,50.06528443695736,74.7,23.29166666666667,24.63471556304264
2006-11-08,55.96666666666667,54.735881819359854,73.5,17.53333333333333,18.764118180640146
2006-11-09,56.65,56.19576260204743,70.8,14.149999999999999,14.604237397952566
2006-11-10,52.94166666666667,51.57330568873915,69.3,16.358333333333327,17.72669431126085
2006-11-11,50.233333333333334,49.589879486847224,72.4,22.16666666666667,22.810120513152782
2006-11-12,48.541666666666664,49.069871711805106,72.9,24.35833333333334,23.8301282881949
2006-11-13,49.225,49.07195801477258,71.6,22.374999999999993,22.528041985227418
2006-11-14,51.016666666666666,50.321860826746146,68.8,17.78333333333333,18.47813917325385
2006-11-15,51.90833333333333,52.06489568485163,72.4,20.491666666666674,20.335104315148378
2006-11-16,54.233333333333334,54.60751587404432,74.1,19.86666666666666,19.492484125955677
2006-11-17,50.24166666666667,50.599805623947134,69.8,19.55833333333333,19.200194376052863
2006-11-18,45.333333333333336,44.47303356226513,64.3,18.96666666666666,19.826966437734868
2006-11-19,43.65,42.61272515226124,61.9,18.25,19.287274847738757
2006-11-20,40.99166666666667,39.5081378774135,60.8,19.80833333333333,21.291862122586494
2006-11-21,40.05,38.444123364001555,55.8,15.75,17.355876635998442
2006-11-22,42.13333333333333,40.735881819359854,58.7,16.56666666666667,17.96411818064015
2006-11-23,44.025,42.42907865750939,62.2,18.175000000000004,19.77092134249061
2006-11-24,46.858333333333334,45.79834132434884,64.7,17.84166666666667,18.901658675651163
2006-11-25,45.725,44.87505507321498,69.1,23.374999999999993,24.224944926785014
2006-11-26,48.50833333333333,48.09670856550473,70.3,21.791666666666664,22.20329143449527
2006-11-27,50.108333333333334,49.97813917325385,72.4,22.29166666666667,22.421860826746155
2006-11-28,51.266666666666666,50.699209537384995,73.3,22.03333333333333,22.600790462615002
2006-11-29,51.458333333333336,51.531126085266294,74.3,22.84166666666666,22.768873914733703
2006-11-30,49.30833333333333,49.94786834262019,76.2,26.891666666666673,26.252131657379813
2006-12-01,49.28333333333333,50.4741739017753,75.6,26.316666666666663,25.125826098224692
2006-12-02,38.083333333333336,37.049345600622004,74.8,36.71666666666666,37.75065439937799
2006-12-03,33.45,31.608150835817028,73.7,40.25,42.091849164182975
2006-12-04,31.258333333333333,29.87834650771025,73.1,41.84166666666666,43.22165349228975
2006-12-05,30.85,28.529130491123492,70,39.15,41.470869508876504
2006-12-06,36.68333333333333,35.03676299079954,71.7,35.01666666666667,36.663237009200465
2006-12-07,34.925,33.50305818323183,72.2,37.275000000000006,38.696941816768174
2006-12-08,26.475,23.60726966437735,65.1,38.62499999999999,41.492730335622646
2006-12-09,32.125,30.178994427886483,66.8,34.675,36.62100557211352
2006-12-10,39.325,38.216625631722174,69.4,30.075000000000003,31.183374368277832
2006-12-11,43.00833333333333,41.75526759103279,71.8,28.791666666666664,30.044732408967207
2006-12-12,43.833333333333336,43.193430089412985,72.4,28.56666666666667,29.20656991058702
2006-12-13,46.108333333333334,45.27053259038487,73.2,27.09166666666667,27.929467409615135
2006-12-14,47.525,46.79666969029415,72,24.475,25.203330309705848
2006-12-15,46.275,44.996099520539076,70.7,24.425000000000004,25.703900479460927
2006-12-16,44.25,43.27758196190229,70.5,26.25,27.222418038097707
2006-12-17,46.7,45.55456783724245,73.6,26.89999999999999,28.045432162757542
2006-12-18,46.516666666666666,45.654827005312946,73,26.483333333333334,27.345172994687054
2006-12-19,39.475,37.703356226512895,72.5,33.025,34.796643773487105
2006-12-20,38.00833333333333,36.14252948036802,71.6,33.59166666666666,35.457470519631975
2006-12-21,41.1,40.64907347414799,73.8,32.699999999999996,33.15092652585201
2006-12-22,42.78333333333333,41.9490864325515,75.2,32.41666666666667,33.2509135674485
2006-12-23,45.75,45.94741479849683,74.3,28.549999999999997,28.352585201503167
2006-12-24,41.63333333333333,41.16253725541013,74.1,32.46666666666666,32.937462744589865
2006-12-25,39.38333333333333,38.57063625761306,74.2,34.81666666666667,35.62936374238694
2006-12-26,41.416666666666664,41.2103926396268,67.5,26.083333333333336,26.289607360373203
2006-12-27,38.49166666666667,37.55092652585201,59.7,21.208333333333336,22.14907347414799
2006-12-28,40.108333333333334,38.79357263185175,62.6,22.491666666666667,23.80642736814825
2006-12-29,40.56666666666666,38.97813917325385,70.5,29.933333333333337,31.52186082674615
2006-12-30,40.88333333333333,39.77672670726967,73.4,32.51666666666667,33.62327329273034
2006-12-31,39.858333333333334,39.02554101334715,74.1,34.24166666666666,35.07445898665284
2007-01-01,43.325,43.20406893870675,72.6,29.27499999999999,29.395931061293247
2007-01-02,39.00833333333333,38.47777633795516,73,33.99166666666667,34.52222366204484
2007-01-03,40.325,39.44291823247376,73.8,33.474999999999994,34.35708176752624
2007-01-04,44.49166666666667,43.929013865491775,74.2,29.708333333333336,30.270986134508227
2007-01-05,51.225,51.49740831929506,74.7,23.475,23.20259168070494
2007-01-06,51.833333333333336,52.40444473240897,74.5,22.666666666666664,22.09555526759103
2007-01-07,43.15,42.5670856550473,74.3,31.15,31.732914344952697
2007-01-08,42.4,42.32085007127122,73.8,31.4,31.47914992872878
2007-01-09,36.6,35.496540106258905,64.9,28.300000000000004,29.4034598937411
2007-01-10,33.09166666666667,31.541078139173255,61.7,28.608333333333334,30.158921860826748
2007-01-11,35.56666666666667,33.85792406375535,68.1,32.533333333333324,34.242075936244646
2007-01-12,41.075,40.51941168847998,70.7,29.625,30.180588311520026
2007-01-13,40.733333333333334,41.00380977063626,71.8,31.066666666666663,30.796190229363738
2007-01-14,38.59166666666667,38.57759492030581,72.3,33.70833333333333,33.722405079694184
2007-01-15,38.96666666666667,38.98270053129455,71.7,32.733333333333334,32.717299468705455
2007-01-16,31.474999999999998,31.533860308410002,71.4,39.92500000000001,39.86613969159001
2007-01-17,23.275,21.23686665802773,72.5,49.225,51.26313334197227
2007-01-18,29.95,28.91761047039005,71.4,41.45,42.48238952960996
2007-01-19,32.46666666666667,31.782065569521837,71.5,39.03333333333333,39.71793443047817
2007-01-20,27.391666666666666,25.860710120513154,71.7,44.30833333333334,45.83928987948685
2007-01-21,27.608333333333334,25.5072437475703,72,44.391666666666666,46.4927562524297
2007-01-22,30.083333333333332,28.68271348969807,73.5,43.41666666666667,44.817286510301926
2007-01-23,31.008333333333333,29.482143319942985,72.6,41.59166666666666,43.11785668005701
2007-01-24,31.683333333333334,30.338305040818973,71.9,40.21666666666667,41.56169495918103
2007-01-25,27.741666666666667,25.62416742257354,63.8,36.05833333333333,38.17583257742646
2007-01-26,23.833333333333332,20.988078268757288,59.3,35.46666666666667,38.311921731242705
2007-01-27,31.95,29.333899183620577,66,34.05,36.666100816379426
2007-01-28,29.566666666666666,28.399611247894256,68.6,39.03333333333333,40.20038875210574
2007-01-29,25.183333333333334,23.51209019048853,60.4,35.21666666666667,36.88790980951147
2007-01-30,26.108333333333334,24.02326033432681,57.7,31.59166666666667,33.676739665673196
2007-01-31,25.025,23.37917584553583,63.2,38.175000000000004,39.82082415446418
2007-02-01,27.983333333333334,26.697252818452768,70.2,42.21666666666667,43.502747181547235
2007-02-02,28.466666666666665,27.184981210314888,75.6,47.133333333333326,48.41501878968511
2007-02-03,22.708333333333332,21.296915899961125,69.7,46.991666666666674,48.40308410003888
2007-02-04,18.78333333333333,15.740572761435791,63.9,45.11666666666667,48.159427238564206
2007-02-05,14.525,10.702565763897887,60.5,45.975,49.79743423610211
2007-02-06,17.525,14.008047168588831,62.2,44.675000000000004,48.19195283141117
2007-02-07,20.1,16.314928080860437,65.9,45.800000000000004,49.585071919139565
2007-02-08,20.383333333333333,17.201749384475832,65.9,45.51666666666667,48.698250615524174
2007-02-09,21.741666666666667,19.38043281067772,65.4,43.65833333333334,46.01956718932229
2007-02-10,23.125,20.66966437734871,65.6,42.474999999999994,44.930335622651285
2007-02-11,25.266666666666666,22.988920564986394,65.3,40.03333333333333,42.3110794350136
2007-02-12,30.733333333333334,29.02428404820526,65.8,35.06666666666666,36.77571595179474
2007-02-13,25.883333333333333,23.649786186341842,69.4,43.51666666666667,45.75021381365816
2007-02-14,21.808333333333334,20.490229363742387,70.5,48.69166666666666,50.00977063625761
2007-02-15,15.166666666666666,12.861396915899961,64.1,48.93333333333333,51.238603084100035
2007-02-16,18.066666666666666,15.093132046131917,57.3,39.233333333333334,42.206867953868084
2007-02-17,26.266666666666666,23.765439937799663,53,26.733333333333334,29.234560062200337
2007-02-18,25.575,23.40073862900091,57.5,31.925,34.09926137099909
2007-02-19,25.083333333333332,21.637099909291177,53.5,28.416666666666668,31.862900090708823
2007-02-20,38.59166666666667,36.19269146041208,59.6,21.008333333333333,23.407308539587923
2007-02-21,39.28333333333333,36.87278735259816,63.9,24.616666666666667,27.02721264740184
2007-02-22,37.19166666666666,35.33875858494233,65.6,28.40833333333333,30.26124141505766
2007-02-23,31.208333333333332,29.064830892834003,66.7,35.491666666666674,37.635169107166
2007-02-24,29.55,26.862291045743163,68.5,38.95,41.63770895425684
2007-02-25,34.05,32.528119735648566,71,36.95,38.471880264351434
2007-02-26,35.958333333333336,33.54921601658676,72.7,36.74166666666667,39.15078398341324
2007-02-27,36.333333333333336,34.37881301023714,73.2,36.86666666666667,38.821186989762865
2007-02-28,36.88333333333333,34.85353116496048,72.9,36.01666666666667,38.046468835039526
2007-03-01,38.24166666666667,36.45824802384346,75.1,36.85833333333333,38.641751976156534
2007-03-02,41.675,40.40025916807049,76.1,34.425,35.6997408319295
2007-03-03,37.458333333333336,36.30410781391733,75.5,38.041666666666664,39.19589218608267
2007-03-04,33.24166666666667,31.942296229104574,68.6,35.35833333333333,36.657703770895424
2007-03-05,32.425,30.527005312945445,64.1,31.674999999999997,33.572994687054546
2007-03-06,22.258333333333333,18.18873914733705,64.7,42.44166666666667,46.51126085266296
2007-03-07,26.483333333333334,22.64208889464818,67.4,40.91666666666667,44.75791110535182
2007-03-08,29.508333333333333,26.125955682259946,68.2,38.69166666666667,42.07404431774006
2007-03-09,34.90833333333333,31.525320720487237,69.9,34.991666666666674,38.37467927951277
2007-03-10,44.541666666666664,42.247686924970836,72,27.458333333333336,29.752313075029164
2007-03-11,44.50833333333333,42.45945315537126,73.2,28.69166666666667,30.740546844628746
2007-03-12,46.05,44.34145393287547,73.1,27.049999999999997,28.758546067124527
2007-03-13,51.575,50.20290268238953,73.2,21.625,22.997097317610475
2007-03-14,54.541666666666664,53.794311260852666,73.3,18.758333333333333,19.50568873914733
2007-03-15,45.925,44.01347673966567,74.1,28.174999999999997,30.086523260334324
2007-03-16,35.625,32.74282752364908,71.3,35.675,38.557172476350914
2007-03-17,34.80833333333333,32.27975897369444,65.6,30.791666666666664,33.32024102630555
2007-03-18,34.69166666666666,31.88492937670079,63.4,28.708333333333336,31.51507062329921
2007-03-19,38.63333333333333,36.2111312686277,66.9,28.266666666666673,30.688868731372303
2007-03-20,41.50833333333333,38.73011532979137,70.3,28.791666666666664,31.56988467020863
2007-03-21,40.575,37.96102112219775,71.7,31.125,33.73897887780225
2007-03-22,52.79166666666667,51.31746792795128,71.7,18.90833333333333,20.382532072048726
2007-03-23,52.825,51.13678890760658,74.6,21.77499999999999,23.463211092393415
2007-03-24,51.333333333333336,49.19953349747311,74.9,23.56666666666667,25.700466502526893
2007-03-25,52.35,50.59919657898147,74.8,22.449999999999996,24.200803421018527
2007-03-26,53.74166666666667,52.18439808215628,75.2,21.458333333333336,23.015601917843725
2007-03-27,58.99166666666667,57.5918621225865,74.9,15.908333333333339,17.308137877413508
2007-03-28,53.175,51.3940132175716,73,19.825000000000003,21.605986782428403
2007-03-29,48.55833333333333,46.42928599196579,73.9,25.341666666666676,27.470714008034214
2007-03-30,50.125,48.4987430348581,75.7,25.575000000000003,27.2012569651419
2007-03-31,49.291666666666664,47.81006867953868,75.1,25.80833333333333,27.289931320461314
2007-04-01,50.208333333333336,48.07873525981599,74.2,23.991666666666667,26.12126474018401
2007-04-02,52.93333333333333,50.45956978100298,74.7,21.766666666666673,24.24043021899702
2007-04-03,53.3,51.42215887002721,74.9,21.60000000000001,23.477841129972795
2007-04-04,42.55,39.667007904626146,74.7,32.150000000000006,35.03299209537386
2007-04-05,37.93333333333334,36.63654269793962,74,36.06666666666666,37.36345730206038
2007-04-06,35.94166666666666,34.30218997019567,69.4,33.45833333333334,35.097810029804336
2007-04-07,33.88333333333333,32.93693145004535,65.5,31.616666666666667,32.56306854995465
2007-04-08,35.28333333333333,34.4496566023066,63.2,27.91666666666667,28.750343397693406
2007-04-09,38.916666666666664,37.75465854606713,69.7,30.78333333333334,31.945341453932876
2007-04-10,41.71666666666667,39.79051444861993,74.4,32.68333333333334,34.609485551380075
2007-04-11,42.74166666666667,40.70815083581702,75.5,32.75833333333333,34.79184916418298
2007-04-12,43.80833333333334,41.102358429441495,75.9,32.09166666666667,34.79764157055851
2007-04-13,45.766666666666666,43.656705973824025,77.7,31.933333333333337,34.04329402617598
2007-04-14,44.49166666666667,43.376908124919005,79,34.50833333333333,35.623091875080995
2007-04-15,43.93333333333333,42.93331605546197,74.1,30.166666666666664,31.166683944538022
2007-04-16,45.86666666666667,44.705235195023974,63.7,17.833333333333336,18.99476480497603
2007-04-17,46.50833333333333,44.580121808993134,68.2,21.69166666666667,23.61987819100687
2007-04-18,46.225,44.22640922638331,69.1,22.874999999999993,24.873590773616684
2007-04-19,48.93333333333333,46.94170014254244,72.5,23.56666666666667,25.558299857457563
2007-04-20,52.78333333333333,51.18375016198004,72.6,19.816666666666663,21.41624983801995
2007-04-21,57.61666666666667,56.84505636905533,73.4,15.783333333333339,16.554943630944678
2007-04-22,60.583333333333336,60.272398600492416,74.7,14.116666666666667,14.427601399507587
2007-04-23,63.06666666666666,62.92297524944927,73.6,10.533333333333331,10.677024750550721
2007-04-24,61.24166666666667,60.62751069068291,74.4,13.158333333333339,13.772489309317095
2007-04-25,54.291666666666664,52.288233769599586,75.8,21.508333333333333,23.51176623040041
2007-04-26,52.59166666666667,50.91269923545419,77.2,24.608333333333334,26.28730076454581
2007-04-27,54.34166666666667,51.73511727355189,77.6,23.258333333333326,25.8648827264481
2007-04-28,58.3,56.81295840352468,76.3,18,19.487041596475315
2007-04-29,59.99166666666667,58.38657509394843,76.9,16.90833333333334,18.513424906051576
2007-04-30,61.075,59.280653103537645,77.9,16.825000000000003,18.61934689646236
2007-05-01,58.958333333333336,58.09022936374239,77.3,18.34166666666666,19.20977063625761
2007-05-02,57.36666666666667,55.23222754956589,77.2,19.833333333333336,21.96777245043411
2007-05-03,57.208333333333336,56.03759232862512,77.8,20.59166666666666,21.76240767137488
2007-05-04,57.84166666666667,56.62743294026176,79.8,21.95833333333333,23.172567059738235
2007-05-05,59,57.74662433588182,79.8,20.799999999999997,22.053375664118178
2007-05-06,55.96666666666667,53.73993779966308,79.6,23.633333333333326,25.860062200336912
2007-05-07,58.075,56.328715822210704,76,17.924999999999997,19.671284177789296
2007-05-08,62.541666666666664,61.346144874951406,71.4,8.858333333333341,10.0538551250486
2007-05-09,66.7,65.97701179214721,74.5,7.799999999999997,8.52298820785279
2007-05-10,67.6,67.16582868990541,76,8.400000000000006,8.83417131009459
2007-05-11,66.15833333333333,65.12578722301411,77.4,11.241666666666674,12.274212776985891
2007-05-12,61.775,60.191680704937156,78.4,16.625000000000007,18.20831929506285
2007-05-13,58.84166666666667,57.34780355060256,78,19.15833333333333,20.652196449397437
2007-05-14,62.36666666666667,61.60049241933394,77.9,15.533333333333339,16.299507580666067
2007-05-15,67.025,66.72577426461059,77.1,10.074999999999989,10.374225735389402
2007-05-16,63.516666666666666,63.26262796423481,76.4,12.88333333333334,13.137372035765196
2007-05-17,56.55833333333334,54.95242970066088,77.4,20.84166666666667,22.447570299339127
2007-05-18,55.208333333333336,53.220966696902934,77.8,22.59166666666666,24.579033303097063
2007-05-19,58.375,56.72560580536478,77.9,19.525000000000006,21.174394194635227
2007-05-20,59.84166666666667,58.352468575871455,78,18.15833333333333,19.647531424128545
2007-05-21,60.483333333333334,59.77350006479202,78.4,17.91666666666667,18.62649993520799
2007-05-22,63.81666666666666,63.14606712453026,78.4,14.583333333333343,15.253932875469744
2007-05-23,66.61666666666666,66.05140598678243,79.4,12.783333333333346,13.348594013217578
2007-05-24,68.68333333333334,69.33366593235714,78.5,9.816666666666663,9.166334067642865
2007-05-25,69.81666666666666,70.00368018660102,77.7,7.88333333333334,7.696319813398986
2007-05-26,69.625,69.89165478813011,78.1,8.474999999999994,8.208345211869883
2007-05-27,68.70833333333333,68.94725929765453,78.3,9.591666666666669,9.352740702345471
2007-05-28,69.8,70.15623947129713,79.3,9.5,9.14376052870287
2007-05-29,69.53333333333333,69.45827394065051,79.2,9.666666666666671,9.741726059349489
2007-05-30,71.33333333333333,71.42994687054555,78.6,7.266666666666666,7.170053129454445
2007-05-31,71.98333333333333,71.74812751069068,78.3,6.316666666666663,6.551872489309318
2007-06-01,73.08333333333333,73.28605675780744,73.7,0.6166666666666742,0.41394324219255907
2007-06-02,73.85833333333333,74.21947648049759,77.8,3.941666666666663,3.5805235195024068
2007-06-03,68.43333333333334,68.18858364649476,77.9,9.466666666666669,9.711416353505243
2007-06-04,65.8,64.34366981987819,77.7,11.900000000000006,13.356330180121816
2007-06-05,66.275,66.03741091097577,78.5,12.224999999999994,12.462589089024235
2007-06-06,63.275,62.44988985357004,77,13.725000000000001,14.550110146429958
2007-06-07,69.71666666666667,68.87769858753401,78.1,8.383333333333326,9.222301412465981
2007-06-08,72.45833333333333,71.60899313204612,77.6,5.141666666666666,5.991006867953871
2007-06-09,69.6,68.74316444214072,78.8,9.200000000000003,10.056835557859273
2007-06-10,68.175,67.01084618375016,79.7,11.525000000000006,12.689153816249842
2007-06-11,71.075,70.57676558248023,81.2,10.125,10.623234417519768
2007-06-12,72.18333333333334,71.3394842555397,80.7,8.516666666666666,9.3605157444603
2007-06-13,69.66666666666667,67.73199429830245,80.5,10.833333333333329,12.768005701697547
2007-06-14,67.825,66.22795127640275,78.8,10.974999999999994,12.572048723597248
2007-06-15,68.54166666666667,67.59957237268368,78.8,10.258333333333326,11.200427627316316
2007-06-16,71.01666666666667,71.08517558636777,79.9,8.88333333333334,8.814824413632238
2007-06-17,75.125,75.64413632240509,79.6,4.474999999999994,3.9558636775949054
2007-06-18,76.45,76.04062459504989,80.8,4.349999999999994,4.759375404950106
2007-06-19,74.575,74.05874044317741,80.9,6.325000000000003,6.8412595568225925
2007-06-20,72.40833333333333,71.7828430737333,81.8,9.391666666666666,10.017156926266694
2007-06-21,71.975,71.36160425035635,81.9,9.925000000000011,10.538395749643655
2007-06-22,69.04166666666667,68.00651807697291,82.8,13.758333333333326,14.793481923027088
2007-06-23,67.55,66.10733445639498,82.6,15.049999999999997,16.492665543605014
2007-06-24,69.99166666666667,69.27798367241157,84.2,14.208333333333329,14.922016327588437
2007-06-25,74.06666666666666,73.82673318647143,84.8,10.733333333333334,10.973266813528568
2007-06-26,78.65833333333333,79.11812880653103,84.3,5.641666666666666,5.1818711934689645
2007-06-27,78.90833333333333,79.66502526888688,81.5,2.5916666666666686,1.834974731113121
2007-06-28,75.05833333333334,75.36435143190359,79.8,4.74166666666666,4.435648568096411
2007-06-29,70.99166666666667,70.43814953997666,80,9.008333333333326,9.561850460023336
2007-06-30,71.58333333333333,70.92430996501231,81.9,10.316666666666677,10.975690034987693
2007-07-01,69.43333333333334,68.31998185823507,82.4,12.966666666666669,14.080018141764938
2007-07-02,68.10833333333333,67.0939095503434,81.5,13.391666666666666,14.406090449656602
2007-07-03,70.98333333333333,70.32799015161332,81.5,10.516666666666666,11.17200984838668
2007-07-04,71.175,70.2148632888428,81.6,10.424999999999997,11.385136711157188
2007-07-05,72.83333333333333,72.87712841777893,80.1,7.266666666666666,7.22287158222106
2007-07-06,74.15833333333333,73.96006220033692,81.7,7.541666666666671,7.739937799663082
2007-07-07,75.725,75.4109757677854,82,6.275000000000006,6.589024232214598
2007-07-08,78.6,79.00575353116497,82.3,3.700000000000003,3.294246468835027
2007-07-09,79.60833333333333,80.00343397693405,84.4,4.791666666666671,4.396566023065958
2007-07-10,78.875,79.275301282881955,85.5,6.625,6.224698717118045
2007-07-11,74.825,74.84817934430478,85.9,11.075000000000003,11.051820655695224
2007-07-12,72.55833333333334,72.3448360761954,85.4,12.841666666666669,13.0551639238046
2007-07-13,72.65,72.10412077232085,85.5,12.849999999999994,13.395879227679146
2007-07-14,73.25,73.14974731113126,84.5,11.25,11.350252688868736
2007-07-15,75.44166666666666,75.67746533627057,82.9,7.458333333333343,7.222534663729434
2007-07-16,74.65,74.55539717506804,82.2,7.549999999999997,7.644602824931965
2007-07-17,75.25,75.1599455747052,82.4,7.150000000000006,7.240054425294801
2007-07-18,74.65,73.9798885577297,83.8,9.149999999999991,9.820111442270303
2007-07-19,74.19166666666666,73.61105351820656,84.3,10.108333333333334,10.688946481793437
2007-07-20,71.46666666666667,71.30988726188934,83.5,12.033333333333331,12.190112738110656
2007-07-21,70.225,69.48573279771932,83.3,13.075000000000003,13.814267202280675
2007-07-22,72.11666666666667,71.22714785538422,79.9,7.783333333333331,8.672852144615788
2007-07-23,70.33333333333333,68.78172865103019,80.5,10.166666666666671,11.718271348969807
2007-07-24,72.4,71.5675132823636,82,9.599999999999994,10.432486717636394
2007-07-25,74.175,73.9048853181288,82.3,8.125,8.395114681871192
2007-07-26,75.20833333333334,74.85033043928988,82.8,7.591666666666654,7.94966956071012
2007-07-27,75.55,75.19771932097966,82.2,6.650000000000006,7.002280679020345
2007-07-28,75.49166666666666,75.1616301671634,80.7,5.208333333333343,5.538369832836608
2007-07-29,75.08333333333333,74.71906181158481,81.7,6.616666666666674,6.980938188415195
2007-07-30,75.625,75.15537125826098,82.2,6.575000000000003,7.044628741739018
2007-07-31,77.29166666666667,76.83610211221978,81.6,4.308333333333323,4.763897887780217
2007-08-01,78.89166666666667,78.48001814176494,79.9,1.00833333333334,1.4199818582350616
2007-08-02,80.10833333333333,80.3650382272904,83.3,3.191666666666663,2.934961772709599
2007-08-03,80.20833333333333,80.5045095244266,82.1,1.8916666666666657,1.5954904755733992
2007-08-04,78.46666666666667,78.66107295581185,84.5,6.033333333333331,5.838927044188154
2007-08-05,75.15833333333333,75.17024750550733,85.1,9.941666666666663,9.92975249449266
2007-08-06,76.74166666666667,76.43030970584424,84.9,8.158333333333331,8.469690294155768
2007-08-07,79.38333333333334,79.65066735778151,84.5,5.11666666666666,4.849332642218485
2007-08-08,80.45,80.21218089931321,84.7,4.25,4.487819100686792
2007-08-09,76.83333333333333,75.9340676428664,84.3,7.466666666666669,8.365932357133602
2007-08-10,72.98333333333333,70.81206427368147,84.6,11.61666666666666,13.787935726318523
2007-08-11,73.51666666666667,72.24856809641052,83.7,10.183333333333337,11.45143190358948
2007-08-12,76.75,76.24591162368796,83.1,6.349999999999994,6.854088376312035
2007-08-13,77.05833333333334,75.98476091745498,83.3,6.24166666666666,7.31523908254502
2007-08-14,74.83333333333333,73.39096799274328,82.1,7.266666666666666,8.70903200725671
2007-08-15,76.26666666666667,75.37461448749514,81.8,5.533333333333331,6.42538551250486
2007-08-16,77.44166666666666,76.65892186082675,83.1,5.658333333333331,6.441078139173243
2007-08-17,75.29166666666667,74.63367889076065,83.9,8.608333333333334,9.266321109239357
2007-08-18,68.58333333333333,67.16419593106129,83.7,15.116666666666674,16.535804068938717
2007-08-19,67.69166666666666,66.55171698846702,85.6,17.90833333333333,19.048283011532973
2007-08-20,67.54166666666667,66.62309187508099,86.8,19.258333333333326,20.17690812491901
2007-08-21,67.58333333333333,66.0088246728003,86.6,19.016666666666666,20.591175327199693
2007-08-22,69.31666666666666,68.15975119865233,85.1,15.783333333333331,16.940248801347664
2007-08-23,72.20833333333333,71.19756382013736,83.2,10.991666666666674,12.002436179862642
2007-08-24,75.58333333333333,74.79353375664118,83.7,8.116666666666674,8.906466243358821
2007-08-25,76.54166666666667,76.4658286899054,81.2,4.658333333333331,4.7341713100946095
2007-08-26,75.10833333333333,74.84700012958405,81.4,6.291666666666671,6.5529998704159595
2007-08-27,73.80833333333334,72.77574186860178,83.7,9.891666666666666,10.924258131398219
2007-08-28,74.575,74.03712582609822,84.8,10.224999999999994,10.762874173901778
2007-08-29,75.31666666666666,74.65487883892705,85.2,9.88333333333334,10.545121161072956
2007-08-30,74.225,73.52389529609952,85.7,11.475000000000009,12.176104703900478
2007-08-31,72.83333333333333,71.62709602177013,85,12.166666666666671,13.372903978229871
2007-09-01,71.98333333333333,70.75776856291304,84,12.016666666666666,13.242231437086957
2007-09-02,71.54166666666667,70.09292471167552,83.9,12.358333333333334,13.807075288324484
2007-09-03,74.56666666666666,73.5643643903071,82.2,7.63333333333334,8.635635609692898
2007-09-04,75.50833333333334,74.82648697680446,83.2,7.691666666666663,8.373513023195542
2007-09-05,74,72.97596216146171,84.4,10.400000000000006,11.424037838538297
2007-09-06,74.40833333333333,73.33956200596087,85.6,11.191666666666663,12.260437994039123
2007-09-07,76.08333333333333,75.99114941039264,83.7,7.616666666666674,7.708850589607366
2007-09-08,75.43333333333334,75.70720487235972,82.3,6.86666666666666,6.592795127640272
2007-09-09,73.01666666666667,73.0672411558896,80.7,7.683333333333337,7.632758844110398
2007-09-10,71.75833333333333,70.81605546196708,80.4,8.64166666666668,9.583944538032924
2007-09-11,67.98333333333333,66.99997408319295,82.6,14.61666666666666,15.600025916807041
2007-09-12,65.15,64.21440974471945,82.1,16.94999999999999,17.885590255280547
2007-09-13,66.125,65.10303226642478,81.4,15.275000000000006,16.29696773357523
2007-09-14,65.94166666666666,64.86146170791758,81.7,15.75833333333334,16.83853829208242
2007-09-15,61.53333333333333,60.26739665673189,81.8,20.266666666666666,21.532603343268107
2007-09-16,60.016666666666666,58.458131398211734,81.9,21.88333333333334,23.441868601788272
2007-09-17,62.63333333333333,61.487041596475315,81.6,18.96666666666666,20.11295840352468
2007-09-18,64.925,64.29512764027471,79.6,14.674999999999997,15.30487235972528
2007-09-19,66.28333333333333,65.75702993391214,78.4,12.116666666666674,12.64297006608787
2007-09-20,68.35,68.05697810029805,79.6,11.25,11.543021899701941
2007-09-21,70.70833333333333,70.92460800829338,80.3,9.591666666666669,9.375391991706621
2007-09-22,69.525,68.88056239471298,79.5,9.974999999999994,10.619437605287018
2007-09-23,69.66666666666667,69.42929895036931,80,10.333333333333329,10.570701049630685
2007-09-24,70.89166666666667,71.05062848257094,78.7,7.808333333333337,7.64937151742906
2007-09-25,72.525,72.86663211092393,78,5.474999999999994,5.1333678890760694
2007-09-26,72.28333333333333,72.23235713360114,78.3,6.016666666666666,6.067642866398856
2007-09-27,70.9,70.60124400673836,79.2,8.299999999999997,8.598755993261648
2007-09-28,66.95,66.84118180640145,81.8,14.849999999999994,14.958818193598546
2007-09-29,65.53333333333333,65.14825709472592,81,15.466666666666669,15.85174290527408
2007-09-30,65.68333333333334,65.00040171050927,79.4,13.716666666666669,14.39959828949074
2007-10-01,64.86666666666666,63.694725929765454,78.9,14.033333333333346,15.205274070234552
2007-10-02,66.61666666666666,65.58863548010885,79.3,12.683333333333337,13.711364519891148
2007-10-03,68.84166666666667,67.96179862640922,80.7,11.858333333333334,12.738201373590783
2007-10-04,70.925,70.81278994427888,82,11.075000000000003,11.187210055721124
2007-10-05,71.95833333333333,72.27685629130491,80.5,8.541666666666671,8.22314370869509
2007-10-06,72.93333333333334,73.34759621614617,82.1,9.166666666666657,8.752403783853822
2007-10-07,72.98333333333333,72.46623040041467,81.8,8.816666666666663,9.333769599585324
2007-10-08,72.25833333333333,71.90681612025399,81.3,9.041666666666671,9.393183879746005
2007-10-09,67.83333333333333,66.48859660489828,80,12.166666666666671,13.511403395101723
2007-10-10,60.94166666666666,59.7184786834262,80.2,19.25833333333334,20.481521316573804
2007-10-11,57.824999999999996,57.62421925618764,80.9,23.07500000000001,23.27578074381237
2007-10-12,55.15,54.16737073992485,81.3,26.15,27.13262926007515
2007-10-13,54.550000000000004,52.83446935337567,80.7,26.15,27.865530646624336
2007-10-14,55.75,54.84900868213036,79.8,24.049999999999997,24.950991317869637
2007-10-15,58.5,57.9441492808086,80.8,22.299999999999997,22.855850719191395
2007-10-16,59.55,59.08823376959959,81.5,21.950000000000003,22.41176623040041
2007-10-17,62.625,61.51527795775561,80.4,17.775000000000006,18.884722042244398
2007-10-18,66.34166666666667,66.25227419981859,82.7,16.358333333333334,16.447725800181416
2007-10-19,65.30833333333334,65.09901516133212,80.1,14.791666666666657,15.000984838667875
2007-10-20,62.94166666666667,62.91645717247635,77.8,14.858333333333327,14.883542827523648
2007-10-21,63.71666666666667,63.69085136711158,79.5,15.783333333333331,15.809148632888423
2007-10-22,62.5,62.608306336659325,80.9,18.400000000000006,18.29169366334068
2007-10-23,62.74166666666667,62.663159258779324,80.6,17.858333333333327,17.93684074122067
2007-10-24,58.233333333333334,57.3628871323053,78.2,19.96666666666667,20.8371128676947
2007-10-25,53.69166666666666,52.74558766359985,72.8,19.108333333333334,20.054412336400148
2007-10-26,54.94166666666667,54.61176623040041,72.8,17.858333333333327,18.188233769599584
2007-10-27,58.31666666666667,58.3425683555786,77.9,19.583333333333336,19.557431644421406
2007-10-28,52.15,51.17570299339122,78.5,26.35,27.32429700660878
2007-10-29,49.25,47.56560839704548,78.6,29.349999999999994,31.034391602954514
2007-10-30,52.49166666666667,51.5434624854218,77.7,25.208333333333336,26.156537514578204
2007-10-31,54.575,53.79880782687572,78.4,23.825000000000003,24.601192173124282
2007-11-01,53.71666666666667,52.98258390566282,78.7,24.983333333333334,25.71741609433718
2007-11-02,49.333333333333336,47.84116884799793,77.7,28.366666666666667,29.858831152002075
2007-11-03,49.31666666666666,47.6525463262926,72.4,23.083333333333343,24.747453673707405
2007-11-04,49.78333333333333,48.25009718802644,70.2,20.41666666666667,21.949902811973566
2007-11-05,49.575,48.16253725541013,70.5,20.924999999999997,22.33746274458987
2007-11-06,46.875,45.88527925359596,70.9,24.025000000000006,25.014720746404045
2007-11-07,43.31666666666666,41.87697291693663,70,26.683333333333337,28.12302708306337
2007-11-08,42.125,40.73209796553065,67.5,25.375,26.76790203446935
2007-11-09,43.625,41.643682778281715,69,25.375,27.356317221718285
2007-11-10,43.983333333333334,41.886341842684985,69,25.016666666666666,27.113658157315015
2007-11-11,44.075,41.97234676687832,70.5,26.424999999999997,28.527653233121683
2007-11-12,48.833333333333336,46.6175327199689,73.1,24.26666666666666,26.482467280031095
2007-11-13,52.5,50.46757807438124,73.2,20.700000000000003,22.732421925618766
2007-11-14,52.84166666666667,50.53378255798886,72.3,19.45833333333333,21.76621744201114
2007-11-15,48.15,47.246131916547874,71.4,23.250000000000007,24.15386808345213
2007-11-16,41.791666666666664,40.233497473111306,63.9,22.108333333333334,23.666502526888692
2007-11-17,41.54166666666667,39.71867305947907,65.5,23.95833333333333,25.781326940520927
2007-11-18,42.358333333333334,40.11339898924452,71,28.641666666666666,30.886601010755477
2007-11-19,43.7,42.153155371258265,72.4,28.700000000000003,30.24684462874174
2007-11-20,47.708333333333336,45.353582998574574,74,26.291666666666664,28.646417001425426
2007-11-21,49.425,47.06074899572373,73.8,24.375,26.73925100427627
2007-11-22,47.24166666666667,47.44264610599974,73.8,26.55833333333333,26.357353894000255
2007-11-23,35.641666666666666,34.26011403395101,74,38.358333333333334,39.73988596604899
2007-11-24,34.016666666666666,32.313437864455096,73.5,39.483333333333334,41.186562135544904
2007-11-25,38,36.61772709602177,74.4,36.400000000000006,37.78227290397824
2007-11-26,42.55,41.373020603861605,75.7,33.150000000000006,34.3269793961384
2007-11-27,43.458333333333336,43.70063496177271,76.7,33.24166666666667,32.999365038227296
2007-11-28,38.94166666666667,38.07896851107944,76,37.05833333333333,37.92103148892056
2007-11-29,39.84166666666667,38.587365556563434,75.1,35.258333333333326,36.51263444343656
2007-11-30,36.625,35.27986264092264,75.1,38.474999999999994,39.82013735907736
2007-12-01,33.725,31.427018271348967,75.7,41.975,44.27298172865103
2007-12-02,36.50833333333333,33.86953479331346,74.9,38.39166666666667,41.03046520668654
2007-12-03,35.983333333333334,34.67536607489957,73.8,37.81666666666666,39.124633925100426
2007-12-04,31.958333333333332,30.141972269016456,70.2,38.241666666666674,40.05802773098355
2007-12-05,30.441666666666666,28.26160425035636,67.1,36.65833333333333,38.83839574964364
2007-12-06,27.266666666666666,24.631463003757936,72.5,45.233333333333334,47.868536996242064
2007-12-07,31.775000000000002,29.711584812751067,73,41.224999999999994,43.28841518724893
2007-12-08,33.916666666666664,31.77410910975768,75.8,41.88333333333333,44.025890890242316
2007-12-09,34.275,32.64149280808604,75.8,41.525,43.158507191913955
2007-12-10,34.791666666666664,33.649047557340936,75.5,40.708333333333336,41.850952442659064
2007-12-11,38.325,35.70860437994039,75.5,37.175,39.79139562005961
2007-12-12,38.583333333333336,38.43971750680316,75.1,36.51666666666666,36.66028249319683
2007-12-13,32.9,31.618426849812106,74.6,41.699999999999996,42.981573150187884
2007-12-14,33.43333333333334,32.10838408708047,75.2,41.766666666666666,43.09161591291953
2007-12-15,29.366666666666667,27.867526240767134,75.9,46.53333333333334,48.03247375923287
2007-12-16,32.041666666666664,31.04396786315926,72,39.958333333333336,40.95603213684074
2007-12-17,27.925,25.531761047039005,57.4,29.474999999999998,31.868238952960994
2007-12-18,30.90833333333333,28.587845017493844,60.8,29.891666666666666,32.21215498250615
2007-12-19,34.68333333333333,32.40796941816768,66.2,31.516666666666673,33.79203058183232
2007-12-20,36.391666666666666,34.48736555656343,67.9,31.50833333333334,33.41263444343657
2007-12-21,36.675,35.03542827523649,71.1,34.425,36.0645717247635
2007-12-22,39.09166666666667,38.33817545678372,65.6,26.508333333333326,27.26182454321627
2007-12-23,40.175,40.06954775171699,68.1,27.924999999999997,28.030452248283005
2007-12-24,35.233333333333334,34.531514837372036,70.4,35.16666666666667,35.86848516262797
2007-12-25,35.36666666666667,34.50405598030323,69.8,34.43333333333333,35.29594401969677
2007-12-26,34.46666666666667,33.65023973046521,69,34.53333333333333,35.34976026953479
2007-12-27,35.59166666666667,34.98915381624984,70.6,35.008333333333326,35.610846183750155
2007-12-28,37.19166666666666,36.80400414668913,72.7,35.50833333333334,35.89599585331087
2007-12-29,38.766666666666666,38.302591680704936,73.2,34.43333333333334,34.89740831929507
2007-12-30,34.7,33.866904237397954,74,39.3,40.133095762602046
2007-12-31,36.11666666666667,35.03462485421796,74.4,38.28333333333334,39.365375145782046
2008-01-01,33.75,32.44294414928081,70.8,37.05,38.357055850719185
2008-01-02,25.941666666666666,23.88595309057924,52.9,26.958333333333332,29.01404690942076
2008-01-03,19.95,16.318245432162758,47.3,27.349999999999998,30.98175456783724
2008-01-04,28.891666666666666,26.560684203706103,57.9,29.008333333333333,31.339315796293896
2008-01-05,37.291666666666664,35.671478553842164,63.9,26.608333333333334,28.228521446157835
2008-01-06,44.00833333333333,43.08101593883634,68.2,24.19166666666667,25.118984061163665
2008-01-07,50.05,49.49748606971621,69.9,19.85000000000001,20.402513930283796
2008-01-08,51.225,51.054671504470654,71.7,20.475,20.64532849552935
2008-01-09,46.43333333333333,46.65485292211999,68.7,22.266666666666673,22.04514707788001
2008-01-10,41.2,40.39539976674874,70.4,29.200000000000003,30.004600233251267
2008-01-11,43.46666666666667,42.88787093430089,71.1,27.633333333333326,28.212129065699102
2008-01-12,39.80833333333334,39.08174160943371,71.8,31.99166666666666,32.718258390566284
2008-01-13,37.025,36.10296747440716,71.2,34.175000000000004,35.097032525592844
2008-01-14,33.641666666666666,32.39423351043151,68.8,35.15833333333333,36.405766489568485
2008-01-15,30.466666666666665,29.1257742646106,63.1,32.63333333333334,33.974225735389396
2008-01-16,31.633333333333333,30.193481923027083,67,35.36666666666667,36.80651807697292
2008-01-17,30.21666666666667,29.64278864843851,72.4,42.18333333333334,42.757211351561494
2008-01-18,30.966666666666665,31.130413373072436,71.3,40.33333333333333,40.16958662692756
2008-01-19,25.1,23.703641311390438,73.1,47.99999999999999,49.39635868860955
2008-01-20,19.675,18.41593883633536,62,42.325,43.58406116366464
2008-01-21,21.091666666666665,19.473409355967345,65.8,44.70833333333333,46.32659064403265
2008-01-22,28.333333333333336,26.521420241026306,70.6,42.26666666666666,44.07857975897369
2008-01-23,26.241666666666667,25.178216923675002,69.9,43.65833333333334,44.721783076325
2008-01-24,23.433333333333334,21.39212129065699,67.4,43.96666666666667,46.00787870934302
2008-01-25,22.675,20.550187896851106,67.2,44.525000000000006,46.649812103148896
2008-01-26,28.083333333333332,26.20760658286899,66.1,38.016666666666666,39.892393417131004
2008-01-27,31.291666666666668,29.027083063366593,68.1,36.80833333333332,39.072916936633405
2008-01-28,35.18333333333333,33.3938058831152,60,24.81666666666667,26.6061941168848
2008-01-29,36.958333333333336,35.62649993520798,61.5,24.541666666666664,25.87350006479202
2008-01-30,29.233333333333334,28.108721005572114,69.5,40.266666666666666,41.391278994427886
2008-01-31,28.558333333333334,27.408487754308666,69.7,41.141666666666666,42.29151224569134
2008-02-01,33.575,32.85582480238435,71.6,38.02499999999999,38.74417519761565
2008-02-02,36.775,35.602397304652065,71.2,34.425000000000004,35.59760269534794
2008-02-03,36.975,34.73835687443307,72.3,35.324999999999996,37.561643125566924
2008-02-04,39.09166666666667,36.94994168718414,72.1,33.008333333333326,35.15005831281585
2008-02-05,44.75,42.83121679409097,73.5,28.75,30.66878320590903
2008-02-06,43.275,42.68619930024621,74.1,30.824999999999996,31.413800699753786
2008-02-07,36.916666666666664,35.72092782169237,74.3,37.38333333333333,38.57907217830763
2008-02-08,36.56666666666666,34.89744719450563,73.3,36.733333333333334,38.402552805494366
2008-02-09,36.86666666666667,34.84331994298303,72.5,35.63333333333333,37.65668005701697
2008-02-10,27.925,25.321692367500322,72.3,44.375,46.97830763249968
2008-02-11,19.191666666666666,15.225761306207074,68.8,49.608333333333334,53.57423869379292
2008-02-12,25.758333333333333,22.85871452637035,69.6,43.84166666666666,46.741285473629645
2008-02-13,31.916666666666668,30.800647920176235,69.9,37.983333333333334,39.099352079823774
2008-02-14,31.408333333333335,30.163755345341457,62.8,31.391666666666662,32.63624465465854
2008-02-15,33.208333333333336,31.61494103926396,66.3,33.09166666666666,34.685058960736036
2008-02-16,29.408333333333335,26.41206427368148,69.3,39.891666666666666,42.88793572631852
2008-02-17,37.93333333333334,36.36922379162887,72,34.06666666666666,35.63077620837113
2008-02-18,41.30833333333333,40.9050408189711,74.4,33.091666666666676,33.494959181028904
2008-02-19,29.40833333333333,27.561733834391603,71,41.59166666666667,43.4382661656084
2008-02-20,25.96666666666667,23.67054554878839,68.9,42.93333333333334,45.229454451211616
2008-02-21,25.55,23.357431644421407,72.6,47.05,49.242568355578584
2008-02-22,29.233333333333334,27.807464040430215,75,45.766666666666666,47.19253595956978
2008-02-23,31.008333333333333,29.41324348840223,75.4,44.39166666666667,45.986756511597775
2008-02-24,31.4,28.755734093559674,73.8,42.4,45.04426590644032
2008-02-25,35.975,33.35796293896592,73.9,37.925000000000004,40.54203706103409
2008-02-26,35.925,33.93120383568744,74.6,38.675,40.66879616431255
2008-02-27,31.266666666666666,29.818802643514317,64.1,32.83333333333333,34.28119735648568
2008-02-28,25.475,22.370390047946092,56.3,30.824999999999996,33.92960995205391
2008-02-29,30.9,27.56235583776079,64.1,33.199999999999996,36.537644162239204
2008-03-01,36.11666666666667,34.1156407930543,69,32.88333333333333,34.8843592069457
2008-03-02,37.583333333333336,35.90229363742387,71,33.416666666666664,35.09770636257613
2008-03-03,41.75,40.057094725929765,72.4,30.650000000000006,32.34290527407024
2008-03-04,42.43333333333334,41.70174938447584,74.4,31.96666666666667,32.69825061552417
2008-03-05,41.94166666666667,41.23582998574576,72.2,30.258333333333333,30.964170014254243
2008-03-06,35.983333333333334,35.4203187767267,72.3,36.31666666666666,36.879681223273295
2008-03-07,33.88333333333333,33.21571854347544,76.1,42.21666666666666,42.884281456524555
2008-03-08,35.59166666666667,35.36340546844629,65.3,29.70833333333333,29.93659453155371
2008-03-09,33.041666666666664,31.964208889464818,60.1,27.058333333333337,28.135791110535184
2008-03-10,35.94166666666667,33.74675391991707,69,33.05833333333333,35.25324608008293
2008-03-11,38.891666666666666,37.16039911882856,69.6,30.70833333333333,32.43960088117144
2008-03-12,41.225,39.37857975897369,70.5,29.275,31.121420241026307
2008-03-13,42.275,40.23259038486458,65.4,23.125000000000007,25.167409615135426
2008-03-14,45.36666666666667,43.28818193598549,68.2,22.833333333333336,24.91181806401451
2008-03-15,42.858333333333334,40.69952053906959,74.1,31.24166666666666,33.400479460930406
2008-03-16,39.68333333333334,37.42818452766619,75.3,35.61666666666666,37.87181547233381
2008-03-17,39.725,37.25131527795775,76.3,36.574999999999996,39.048684722042246
2008-03-18,41.925,39.50695866269276,75.2,33.275000000000006,35.69304133730724
2008-03-19,44.3,42.43751457820397,75.9,31.60000000000001,33.46248542179604
2008-03-20,43.5,42.5980562394713,74.6,31.099999999999994,32.0019437605287
2008-03-21,38.55,36.06499935207982,72.9,34.35000000000001,36.83500064792018
2008-03-22,38.61666666666667,36.054839963716475,71,32.38333333333333,34.945160036283525
2008-03-23,37.983333333333334,35.105507321497996,71,33.016666666666666,35.894492678502004
2008-03-24,37.63333333333333,35.63838279124011,69,31.366666666666667,33.36161720875989
2008-03-25,41.108333333333334,39.28070493715175,61.5,20.391666666666666,22.219295062848254
2008-03-26,47.166666666666664,45.56103408060127,66.9,19.73333333333334,21.33896591939874
2008-03-27,43.875,41.48522741998186,69.8,25.924999999999997,28.314772580018136
2008-03-28,43.016666666666666,40.127096021770114,71.8,28.78333333333333,31.672903978229883
2008-03-29,39.55833333333333,36.957392769210834,73.5,33.94166666666667,36.542607230789166
2008-03-30,40.84166666666667,37.948930931709214,74.7,33.858333333333334,36.75106906829079
2008-03-31,46.61666666666667,44.86392380458728,75.5,28.883333333333333,30.63607619541272
2008-04-01,52.78333333333333,52.240158092523,75.3,22.516666666666666,23.059841907477
2008-04-02,43.45,42.026150058312815,75.1,31.64999999999999,33.07384994168718
2008-04-03,44.075,41.75962161461708,76.3,32.224999999999994,34.540378385382915
2008-04-04,46.68333333333334,44.8001036672282,77.1,30.416666666666657,32.299896332771795
2008-04-05,50.29166666666667,49.367072696643774,78.2,27.90833333333333,28.83292730335623
2008-04-06,48.516666666666666,47.21777892963586,75.9,27.38333333333334,28.682221070364143
2008-04-07,48.06666666666667,46.063418426849815,74.5,26.43333333333333,28.436581573150185
2008-04-08,48.833333333333336,46.16661915252041,73.7,24.866666666666667,27.53338084747959
2008-04-09,50.175,47.68491641829726,74.7,24.525000000000006,27.01508358170274
2008-04-10,53.625,52.47486069716211,74.6,20.974999999999994,22.125139302837887
2008-04-11,54.825,53.16641181806401,74.9,20.075000000000003,21.733588181935993
2008-04-12,54.59166666666667,53.59809511468187,75.4,20.808333333333337,21.801904885318137
2008-04-13,47.25833333333333,45.79477776337955,73.8,26.541666666666664,28.005222236620448
2008-04-14,45,43.48921860826746,68.6,23.599999999999994,25.110781391732537
2008-04-15,47.86666666666667,46.43371776597123,61.7,13.833333333333336,15.266282234028772
2008-04-16,53.1,51.94300894129843,63.8,10.699999999999996,11.856991058701567
2008-04-17,56.875,55.849617727096025,67.5,10.625,11.650382272903975
2008-04-18,59.925,59.7762213295322,72,12.075000000000003,12.223778670467802
2008-04-19,58.50833333333333,57.96967733575224,72.6,14.091666666666661,14.630322664247757
2008-04-20,56.2,54.883568744330695,73,16.799999999999997,18.116431255669305
2008-04-21,57.38333333333333,55.65634313852534,72.6,15.216666666666661,16.943656861474658
2008-04-22,58.85,57.98890760658287,73.1,14.249999999999993,15.111092393417124
2008-04-23,61.6,60.89828949073474,73.6,11.999999999999993,12.701710509265254
2008-04-24,62.541666666666664,62.276208371128675,75.5,12.958333333333336,13.223791628871325
2008-04-25,61.78333333333333,61.36637294285344,75.7,13.916666666666671,14.333627057146565
2008-04-26,57.233333333333334,54.475340158092514,75.1,17.86666666666666,20.62465984190748
2008-04-27,52.80833333333333,50.56087857975897,75,22.19166666666667,24.43912142024103
2008-04-28,50.825,48.868329661785666,76.4,25.575000000000003,27.53167033821434
2008-04-29,50.425,48.90980951146819,74.8,24.375,25.890190488531807
2008-04-30,49.34166666666667,47.547129713619285,76.3,26.95833333333333,28.752870286380713
2008-05-01,54.88333333333333,53.55998444991577,75.1,20.21666666666666,21.540015550084227
2008-05-02,58.725,56.86599714915123,76.2,17.475,19.334002850848776
2008-05-03,56.08333333333333,53.474005442529474,76.1,20.016666666666666,22.62599455747052
2008-05-04,56.225,54.81980044058572,76.2,19.975,21.38019955941428
2008-05-05,57.65,57.17558636775949,77.1,19.449999999999996,19.9244136322405
2008-05-06,60.8,60.46847220422444,75.4,14.600000000000009,14.931527795775565
2008-05-07,62.18333333333334,61.63737203576519,76.4,14.216666666666669,14.762627964234817
2008-05-08,60.36666666666667,59.4762213295322,78.8,18.43333333333333,19.323778670467796
2008-05-09,55.00833333333333,52.67313722949332,81,25.991666666666667,28.32686277050668
2008-05-10,55.71666666666667,53.82355837760788,80.4,24.683333333333337,26.576441622392124
2008-05-11,53.99166666666667,52.66555656343138,80.2,26.208333333333336,27.534443436568623
2008-05-12,50.30833333333334,48.936464947518466,79.7,29.391666666666666,30.763535052481537
2008-05-13,57.891666666666666,56.933782557988856,77.2,19.308333333333337,20.266217442011147
2008-05-14,59.35,57.90733445639498,79,19.65,21.092665543605023
2008-05-15,59.86666666666667,57.87646753919917,78.1,18.233333333333327,20.223532460800826
2008-05-16,58.46666666666667,56.47221718284308,79.3,20.83333333333333,22.827782817156915
2008-05-17,61.08333333333333,59.905973824024876,79.3,18.21666666666667,19.39402617597512
2008-05-18,58.94166666666667,57.18432033173514,79.8,20.858333333333327,22.61567966826486
2008-05-19,55.775,53.6349617727096,80.2,24.425000000000004,26.5650382272904
2008-05-20,54.833333333333336,52.85850719191396,80.9,26.06666666666667,28.041492808086048
2008-05-21,56.375,54.80799533497473,81.9,25.525000000000006,27.09200466502528
2008-05-22,55.43333333333334,53.52796423480627,81.9,26.46666666666667,28.372035765193736
2008-05-23,57.666666666666664,56.00044058571984,82.4,24.73333333333334,26.399559414280162
2008-05-24,59.61666666666667,58.36809641052222,82.3,22.68333333333333,23.931903589477777
2008-05-25,62.75833333333333,62.14132434884022,82.5,19.741666666666667,20.35867565115978
2008-05-26,66.65833333333333,66.80396527147856,79,12.341666666666669,12.19603472852144
2008-05-27,64.18333333333334,63.42725152261241,79.2,15.016666666666666,15.772748477387594
2008-05-28,58.6,57.20491123493586,81.1,22.499999999999993,23.895088765064138
2008-05-29,61.59166666666667,60.50507969418168,82.9,21.308333333333337,22.394920305818324
2008-05-30,66.88333333333334,66.3421018530517,81.3,14.416666666666657,14.957898146948295
2008-05-31,68.98333333333333,68.48828560321368,82.4,13.416666666666671,13.911714396786323
2008-06-01,68.86666666666666,68.40437994039134,82.6,13.733333333333334,14.195620059608657
2008-06-02,68.06666666666666,67.74591162368796,81.2,13.13333333333334,13.454088376312043
2008-06-03,68.475,68.55079694181677,80.1,11.625,11.549203058183224
2008-06-04,66.61666666666667,65.57536607489958,81.9,15.283333333333331,16.32463392510043
2008-06-05,69.68333333333334,68.70641440974472,83.6,13.916666666666657,14.89358559025527
2008-06-06,71.64166666666667,70.39095503433977,83.5,11.858333333333334,13.109044965660232
2008-06-07,76.36666666666667,76.238058831152,83.1,6.73333333333332,6.861941168847991
2008-06-08,78.65833333333333,79.2394194635221,80.7,2.0416666666666714,1.4605805364779059
2008-06-09,78.58333333333333,78.63524685758713,80,1.4166666666666714,1.3647531424128658
2008-06-10,76.36666666666666,77.03032266424776,80.8,4.433333333333337,3.7696773357522346
2008-06-11,74.00833333333334,74.57303356226512,81.6,7.591666666666654,7.02696643773487
2008-06-12,74.49166666666667,74.6100816379422,80,5.508333333333326,5.389918362057799
2008-06-13,73.5,72.92541142931191,79.2,5.700000000000003,6.2745885706880955
2008-06-14,74.03333333333333,73.69171958014772,79.2,5.166666666666671,5.508280419852284
2008-06-15,72.35833333333333,71.56875728910198,79.7,7.341666666666669,8.131242710898022
2008-06-16,70.875,69.90848775430868,79.8,8.924999999999997,9.891512245691317
2008-06-17,68.025,67.22099261371,80.5,12.474999999999994,13.279007386290004
2008-06-18,66.425,65.20316185046002,79.7,13.275000000000006,14.496838149539983
2008-06-19,67.525,66.23218867435531,79,11.474999999999994,12.767811325644686
2008-06-20,70.70833333333333,69.7389011273811,81,10.291666666666671,11.261098872618902
2008-06-21,72.70833333333333,71.9700272126474,81.1,8.391666666666666,9.1299727873526
2008-06-22,71.75833333333333,71.01183102241805,80.2,8.441666666666677,9.188168977581952
2008-06-23,71.15,70.20453544123365,80.7,9.549999999999997,10.495464558766358
2008-06-24,70.95,70.40031100168459,80.1,9.149999999999991,9.699688998315409
2008-06-25,72.15833333333333,71.43421018530518,79.8,7.641666666666666,8.365789814694821
2008-06-26,74.05,73.59209537384993,78.7,4.650000000000006,5.107904626150074
2008-06-27,75.16666666666666,75.08586238175457,81.3,6.13333333333334,6.214137618245431
2008-06-28,74.725,74.38508487754308,82.2,7.4750000000000085,7.814915122456924
2008-06-29,73.925,73.24334585979008,81.6,7.674999999999997,8.356654140209912
2008-06-30,72.925,72.90511856939224,81.2,8.275000000000006,8.29488143060776
2008-07-01,73.09166666666667,72.93220163275885,80,6.908333333333331,7.067798367241153
2008-07-02,74.18333333333334,73.89581443566152,79.5,5.316666666666663,5.604185564338479
2008-07-03,73.63333333333333,73.10904496566023,80.1,6.466666666666669,6.990955034339763
2008-07-04,71.34166666666667,70.179525722431,80.4,9.058333333333337,10.22047427756901
2008-07-05,71.79166666666667,70.68862252170533,79.2,7.408333333333331,8.511377478294676
2008-07-06,73.575,72.96497343527278,79.2,5.625,6.235026564727221
2008-07-07,75.75,75.39983154075418,81.4,5.650000000000006,6.0001684592458275
2008-07-08,77.21666666666667,77.51928210444473,80.8,3.5833333333333286,3.28071789555527
2008-07-09,75.5,75.8066087857976,82.6,7.099999999999994,6.793391214202401
2008-07-10,75.24166666666666,75.22690164571725,83,7.75833333333334,7.773098354282752
2008-07-11,75.8,75.33934171310094,82.8,7,7.460658286899061
2008-07-12,76.39166666666667,76.01596475314241,80.7,4.308333333333337,4.68403524685759
2008-07-13,75,74.2762213295322,78.9,3.9000000000000057,4.6237786704678
2008-07-14,73.7,73.13502656472723,78.1,4.3999999999999915,4.964973435272768
2008-07-15,75.94166666666666,75.85021381365816,77.9,1.9583333333333428,2.049786186341848
2008-07-16,77.55,77.63121679409096,77.3,-0.25,-0.33121679409096316
2008-07-17,78.93333333333334,79.07413502656472,80.4,1.4666666666666686,1.3258649734352872
2008-07-18,79.80833333333334,80.15522871582222,81.8,1.99166666666666,1.6447712841777786
2008-07-19,79.3,79.84039134378645,82.2,2.9000000000000057,2.3596086562135525
2008-07-20,78.94166666666666,79.41869897628612,82.5,3.558333333333337,3.081301023713877
2008-07-21,77.99166666666667,77.86542697939613,83.1,5.10833333333332,5.234573020603861
2008-07-22,75.84166666666667,74.90368018660101,82.3,6.458333333333329,7.396319813398989
2008-07-23,72.51666666666667,71.91483737203578,80.4,7.88333333333334,8.485162627964229
2008-07-24,72.15833333333333,71.7588959440197,80.3,8.141666666666666,8.541104055980298
2008-07-25,74.29166666666667,73.665621355449,80.8,6.508333333333326,7.134378644550992
2008-07-26,75.63333333333334,75.28299857457561,81.3,5.666666666666657,6.017001425424382
2008-07-27,74.275,73.66418297265777,81.3,7.0249999999999915,7.6358170273422274
2008-07-28,75,74.48617338343917,81,6,6.513826616560834
2008-07-29,76.75833333333334,76.54574316444214,81.6,4.841666666666654,5.054256835557851
2008-07-30,77.14166666666667,76.91951535570819,82.5,5.358333333333334,5.580484644291815
2008-07-31,77.51666666666667,77.3810548140469,82.6,5.083333333333329,5.218945185953089
2008-08-01,77.29166666666667,76.87837242451731,83.4,6.108333333333334,6.521627575482697
2008-08-02,75.29166666666666,74.49971491512245,82.8,7.50833333333334,8.300285084877544
2008-08-03,74.05,73.23179992224958,82.2,8.150000000000006,8.968200077750424
2008-08-04,76.01666666666667,75.33190358947778,82.5,6.483333333333334,7.1680964105222245
2008-08-05,75.525,74.93813658157315,82.5,6.974999999999994,7.561863418426853
2008-08-06,75.21666666666667,74.40092004665026,84.2,8.983333333333334,9.799079953349747
2008-08-07,73.79166666666667,72.96991058701569,84.9,11.108333333333334,11.930089412984316
2008-08-08,71.16666666666667,70.07970714008034,83.5,12.333333333333329,13.420292859919655
2008-08-09,70.975,69.8588441104056,81.7,10.725000000000009,11.841155889594404
2008-08-10,70,68.99069586626929,81.5,11.5,12.509304133730708
2008-08-11,68.41666666666666,67.02708306336659,81.4,12.983333333333348,14.372916936633416
2008-08-12,69.69166666666666,68.57877413502656,82.4,12.708333333333343,13.821225864973442
2008-08-13,71.69166666666666,70.69109757677855,83.3,11.608333333333334,12.608902423221451
2008-08-14,71.48333333333333,70.7262407671375,84.3,12.816666666666663,13.5737592328625
2008-08-15,70.68333333333334,69.81478553842166,84,13.316666666666663,14.18521446157834
2008-08-16,71.21666666666667,70.48245432162757,84,12.783333333333331,13.517545678372429
2008-08-17,73,72.426772061682,83.3,10.299999999999997,10.873227938317996
2008-08-18,74.78333333333333,74.71097576778543,78.5,3.7166666666666686,3.7890242322145724
2008-08-19,72.75,72.59676039911882,79.7,6.950000000000003,7.103239600881182
2008-08-20,69.35833333333333,68.71785668005701,81.3,11.941666666666663,12.582143319942986
2008-08-21,71.74166666666666,70.97835946611377,81.6,9.858333333333334,10.621640533886222
2008-08-22,73.78333333333333,73.13699624206298,80,6.216666666666669,6.8630037579370224
2008-08-23,73.175,72.69498509783595,81.5,8.325000000000003,8.805014902164046
2008-08-24,73.34166666666667,72.25534534145393,81.5,8.158333333333331,9.244654658546068
2008-08-25,72.90833333333333,72.09676039911882,82.1,9.191666666666663,10.003239600881173
2008-08-26,70.05833333333334,68.91316573798109,81.9,11.841666666666669,12.986834262018917
2008-08-27,70.21666666666667,69.08249319683814,82.2,11.983333333333334,13.11750680316186
2008-08-28,70.2,69.80150317480886,82.6,12.399999999999991,12.798496825191137
2008-08-29,71.23333333333333,70.76385901256964,82.9,11.666666666666671,12.136140987430366
2008-08-30,73.39166666666667,72.61552416742258,80.2,6.808333333333337,7.584475832577425
2008-08-31,74.56666666666666,74.17258001814177,80.6,6.033333333333331,6.427419981858222
2008-09-01,74.43333333333334,74.07267072696645,83.4,8.966666666666669,9.327329273033556
2008-09-02,75.28333333333333,75.07626020474278,83.2,7.916666666666671,8.123739795257222
2008-09-03,73.78333333333333,72.85861085914216,82.6,8.816666666666663,9.741389140857834
2008-09-04,74.46666666666667,73.80212517817804,81.4,6.933333333333337,7.597874821821961
2008-09-05,73.70833333333333,73.23818841518725,79.6,5.891666666666666,6.361811584812742
2008-09-06,70.99166666666666,70.5310224180381,81.1,10.108333333333334,10.568977581961889
2008-09-07,69.43333333333334,69.03868083452119,82.4,12.966666666666669,13.361319165478818
2008-09-08,68.36666666666666,67.41193468964623,83.2,14.833333333333343,15.788065310353772
2008-09-09,67.04166666666667,66.07311131268628,80.4,13.358333333333334,14.326888687313726
2008-09-10,64.95833333333333,63.700505377737464,81,16.04166666666667,17.299494622262536
2008-09-11,66.31666666666666,65.04343656861475,82.9,16.583333333333343,17.856563431385254
2008-09-12,67.525,66.29146041207723,82.6,15.074999999999989,16.308539587922766
2008-09-13,70.43333333333334,70.1805235195024,82.4,11.966666666666669,12.219476480497605
2008-09-14,72.85,72.28882985616173,82.5,9.650000000000006,10.211170143838274
2008-09-15,69.45833333333333,69.6103408060127,82.4,12.941666666666677,12.789659193987305
2008-09-16,64.50833333333333,63.63704807567707,83.4,18.89166666666668,19.762951924322934
2008-09-17,65.29166666666667,64.8931190877284,84,18.70833333333333,19.106880912271606
2008-09-18,65.05,64.24065051185694,82.7,17.650000000000006,18.45934948814306
2008-09-19,63.11666666666667,61.43313463781262,81.9,18.78333333333334,20.466865362187384
2008-09-20,63.891666666666666,62.817506803161855,82,18.108333333333334,19.182493196838145
2008-09-21,66.4,65.75960865621356,82.7,16.299999999999997,16.940391343786445
2008-09-22,65.8,64.98099002202929,82,16.200000000000003,17.01900997797071
2008-09-23,65.425,64.06795386808345,79.7,14.275000000000006,15.632046131916553
2008-09-24,64.99166666666666,63.71075547492549,79.7,14.708333333333343,15.989244525074511
2008-09-25,64.55833333333334,63.39022936374239,79.3,14.74166666666666,15.909770636257605
2008-09-26,65.20833333333333,63.765945315537124,80,14.791666666666671,16.234054684462876
2008-09-27,66.85,65.99453155371258,78.2,11.350000000000009,12.205468446287426
2008-09-28,67.24166666666667,66.55587663599844,77,9.758333333333326,10.444123364001555
2008-09-29,65.51666666666667,64.53045224828301,79,13.483333333333334,14.469547751716988
2008-09-30,63.225,61.80151613321239,75.5,12.274999999999999,13.698483866787612
2008-10-01,61.11666666666667,60.11179214720747,77.3,16.18333333333333,17.18820785279253
2008-10-02,57.766666666666666,56.394674096151356,77.5,19.733333333333334,21.105325903848644
2008-10-03,56.68333333333334,55.26115070623299,76.9,20.21666666666667,21.638849293767016
2008-10-04,55.96666666666667,54.356446805753535,76.8,20.83333333333333,22.443553194246462
2008-10-05,57.583333333333336,56.01461707917584,78.1,20.51666666666666,22.085382920824152
2008-10-06,58.483333333333334,56.81124789425943,79.8,21.316666666666663,22.988752105740566
2008-10-07,57.041666666666664,55.522379162887134,79.6,22.55833333333333,24.07762083711286
2008-10-08,58.516666666666666,57.089257483478036,79.5,20.983333333333334,22.410742516521964
2008-10-09,62.4,61.62848257094726,78.8,16.4,17.171517429052734
2008-10-10,61.19166666666667,60.66222625372554,79.2,18.008333333333333,18.53777374627446
2008-10-11,61.34166666666667,60.64061163664636,78.9,17.558333333333337,18.259388363353644
2008-10-12,62.8,62.09823765712064,77.5,14.700000000000003,15.401762342879358
2008-10-13,64.18333333333334,63.85219644939743,77.9,13.716666666666669,14.047803550602573
2008-10-14,63.24166666666667,62.14620966696903,78.7,15.458333333333336,16.553790333030975
2008-10-15,62.69166666666667,61.22809381884152,77.4,14.708333333333336,16.171906181158484
2008-10-16,60.775,60.058727484773875,77.5,16.725,17.441272515226125
2008-10-17,54.84166666666667,53.57224309965012,78,23.15833333333333,24.427756900349877
2008-10-18,51.96666666666667,50.43190358947778,76.8,24.83333333333333,26.36809641052222
2008-10-19,50.75833333333333,49.26520668653622,75.9,25.141666666666673,26.63479331346379
2008-10-20,51.86666666666667,50.439225087469225,75.3,23.43333333333333,24.860774912530772
2008-10-21,50.983333333333334,49.58571983931579,76.3,25.316666666666663,26.714280160684204
2008-10-22,48.766666666666666,46.894790721783075,75,26.233333333333334,28.105209278216925
2008-10-23,48.016666666666666,46.32994687054555,73.9,25.88333333333334,27.570053129454458
2008-10-24,49.775,48.1823636128029,75.9,26.125000000000007,27.717636387197103
2008-10-25,55.483333333333334,54.467863159258776,77.4,21.91666666666667,22.93213684074123
2008-10-26,54.11666666666667,53.231333419722695,73.7,19.583333333333336,20.468666580277308
2008-10-27,48.93333333333333,48.33138525333679,70.7,21.766666666666673,22.368614746663212
2008-10-28,44.49166666666667,42.82523001166256,61.9,17.40833333333333,19.074769988337437
2008-10-29,44.516666666666666,42.571789555526756,59,14.483333333333334,16.428210444473244
2008-10-30,45.90833333333333,43.54487495140599,62.9,16.991666666666667,19.35512504859401
2008-10-31,51.88333333333333,50.20467798367241,67.9,16.016666666666673,17.695322016327594
2008-11-01,54.125,52.590333030970584,69.3,15.174999999999997,16.709666969029414
2008-11-02,50.06666666666667,47.95976415705585,70.1,20.033333333333324,22.140235842944143
2008-11-03,54.125,52.87841129972787,71.9,17.775000000000006,19.021588700272133
2008-11-04,56.3,55.32841777892964,70.8,14.5,15.471582221070356
2008-11-05,57.74166666666667,56.83357522353246,67.3,9.55833333333333,10.466424776467534
2008-11-06,57.93333333333334,57.34409744719451,67.6,9.666666666666657,10.255902552805487
2008-11-07,55.475,54.436879616431256,70.3,14.824999999999996,15.863120383568742
2008-11-08,51.79166666666667,51.17470519631981,70.8,19.008333333333326,19.625294803680184
2008-11-09,46.9,46.3930154205002,70,23.1,23.6069845794998
2008-11-10,42.425,41.290281197356485,68.8,26.375,27.509718802643512
2008-11-11,41.583333333333336,39.92179603472852,72.1,30.51666666666666,32.17820396527147
2008-11-12,44.925,43.39366334067643,76.4,31.47500000000001,33.00633665932357
2008-11-13,49.225,48.27452377867047,77.3,28.074999999999996,29.025476221329527
2008-11-14,54.31666666666667,53.962459504988985,76.9,22.583333333333336,22.93754049501102
2008-11-15,52.61666666666667,52.892704418815605,76,23.383333333333333,23.107295581184395
2008-11-16,44.708333333333336,44.47106388492938,65.1,20.39166666666666,20.628936115070616
2008-11-17,39.916666666666664,38.32760139950758,60.6,20.683333333333337,22.272398600492423
2008-11-18,35.916666666666664,34.00912271608137,62.4,26.483333333333334,28.390877283918627
2008-11-19,34.94166666666667,32.66120253984709,58.5,23.55833333333333,25.83879746015291
2008-11-20,35.74166666666667,33.051937281326936,60.1,24.358333333333334,27.048062718673066
2008-11-21,31.858333333333334,29.676234287935728,64.4,32.54166666666667,34.72376571206428
2008-11-22,31.125,28.369651418945185,63.3,32.175,34.930348581054815
2008-11-23,34.125,31.256822599455745,64.8,30.674999999999997,33.54317740054425
2008-11-24,38.641666666666666,36.57591032784761,66.4,27.75833333333334,29.824089672152397
2008-11-25,39.958333333333336,38.994985097835944,67.1,27.14166666666666,28.10501490216405
2008-11-26,38.06666666666667,36.35530646624336,65.3,27.233333333333327,28.944693533756634
2008-11-27,38.275,36.33551898406117,61.9,23.625,25.56448101593883
2008-11-28,39.71666666666667,37.90964105222237,61.6,21.883333333333333,23.690358947777632
2008-11-29,37.825,36.277543086691715,67.4,29.575000000000003,31.12245691330829
2008-11-30,38.025,36.554528962031874,70.5,32.475,33.945471037968126
2008-12-01,41.18333333333334,40.72926007515874,68,26.816666666666663,27.27073992484126
2008-12-02,36.80833333333333,35.36852403783854,62.3,25.491666666666667,26.931475962161457
2008-12-03,37.4,35.49464817934431,58.9,21.5,23.40535182065569
2008-12-04,36.24166666666667,34.61083322534664,66.4,30.15833333333334,31.789166774653367
2008-12-05,30.666666666666668,28.835881819359855,67.5,36.83333333333333,38.664118180640145
2008-12-06,30.416666666666668,29.182622780873395,65.9,35.483333333333334,36.71737721912661
2008-12-07,28.691666666666666,26.694233510431513,66.7,38.00833333333334,40.00576648956849
2008-12-08,28.391666666666666,25.59856161720876,64.8,36.40833333333333,39.20143838279124
2008-12-09,38.475,37.046961254373464,71.3,32.824999999999996,34.25303874562653
2008-12-10,41.7,42.23110016845925,74.2,32.5,31.968899831540753
2008-12-11,34.166666666666664,32.86972916936634,70.2,36.03333333333334,37.330270830633665
2008-12-12,33.19166666666666,31.991745496954774,65.7,32.50833333333334,33.708254503045225
2008-12-13,32.36666666666667,30.39845794998056,60.4,28.03333333333333,30.001542050019438
2008-12-14,38.291666666666664,36.790073862900094,67.9,29.60833333333334,31.10992613709991
2008-12-15,39.55,39.7525463262926,71.5,31.950000000000003,31.747453673707398
2008-12-16,29.85,30.47610470390048,70.3,40.449999999999996,39.82389529609952
2008-12-17,30.958333333333332,29.886315925877934,70.4,39.44166666666668,40.51368407412207
2008-12-18,31.45,29.035765193728132,69.9,38.45,40.864234806271874
2008-12-19,33.8,31.496864066347026,68.6,34.8,37.103135933652965
2008-12-20,29.016666666666666,25.98410003887521,66.2,37.18333333333334,40.21589996112479
2008-12-21,24.866666666666667,22.884942335104316,66,41.13333333333333,43.11505766489569
2008-12-22,16.71666666666667,14.064740184009331,64.2,47.483333333333334,50.13525981599067
2008-12-23,23.191666666666666,20.847777633795516,67.1,43.90833333333333,46.25222236620448
2008-12-24,37.825,36.564001555008424,72.8,34.974999999999994,36.23599844499157
2008-12-25,33.608333333333334,31.560152909161594,73.3,39.69166666666666,41.7398470908384
2008-12-26,36.13333333333333,34.12926007515874,73.7,37.56666666666667,39.57073992484126
2008-12-27,45.833333333333336,45.898859660489826,73,27.166666666666664,27.101140339510174
2008-12-28,45.225,45.49838019955941,72.3,27.074999999999996,26.801619800440584
2008-12-29,37.58333333333333,36.84859401321757,69.4,31.816666666666677,32.551405986782434
2008-12-30,35.475,34.478955552675906,68.7,33.225,34.2210444473241
2008-12-31,27.808333333333334,25.864662433588183,67,39.19166666666666,41.13533756641182
2009-01-01,24.6,21.443151483737207,67.7,43.1,46.25684851626279
2009-01-02,30.125,27.67754308669172,68.3,38.175,40.62245691330828
2009-01-03,32.80833333333333,30.452235324608008,68.5,35.69166666666667,38.04776467539199
2009-01-04,31.783333333333335,30.583413243488405,69,37.21666666666667,38.41658675651159
2009-01-05,31.733333333333334,31.324478424258132,70.3,38.56666666666666,38.975521575741865
2009-01-06,31.183333333333334,29.70400414668913,70.5,39.31666666666666,40.79599585331087
2009-01-07,33.233333333333334,32.15859790073863,71.6,38.36666666666666,39.44140209926137
2009-01-08,31.316666666666666,29.768161202539847,64.5,33.18333333333334,34.731838797460156
2009-01-09,29.616666666666667,27.00316185046002,65.4,35.78333333333334,38.39683814953999
2009-01-10,28.35,26.36961254373461,67,38.65,40.63038745626539
2009-01-11,27.666666666666668,25.24466761694959,67.2,39.53333333333333,41.95533238305041
2009-01-12,26.108333333333334,23.177530128288193,68.7,42.59166666666667,45.522469871711806
2009-01-13,26.783333333333335,24.62119994816639,67.3,40.516666666666666,42.678800051833605
2009-01-14,19.9,17.381728651030194,60.5,40.6,43.118271348969806
2009-01-15,14.816666666666666,11.08824672800311,58.9,44.08333333333333,47.81175327199689
2009-01-16,10.075,6.116431255669301,61.2,51.125,55.083568744330705
2009-01-17,18.2,14.522884540624595,57.8,39.599999999999994,43.2771154593754
2009-01-18,28.15,24.669534793313463,60.7,32.550000000000004,36.03046520668654
2009-01-19,27.058333333333334,24.145069327458856,65.9,38.84166666666667,41.75493067254115
2009-01-20,23.400000000000002,20.498794868472206,63.3,39.89999999999999,42.801205131527794
2009-01-21,22.641666666666666,19.069094207593626,51.7,29.058333333333337,32.63090579240638
2009-01-22,29.066666666666666,25.539536089153817,50.9,21.833333333333332,25.360463910846182
2009-01-23,34.575,31.996773357522354,57.6,23.025,25.603226642477647
2009-01-24,24.9,22.836892574834778,60,35.1,37.16310742516522
2009-01-25,18.675,15.232953220163276,62.4,43.724999999999994,47.167046779836724
2009-01-26,20.625,17.395931061293247,65.1,44.474999999999994,47.70406893870675
2009-01-27,23.541666666666668,21.104004146689128,70.1,46.55833333333332,48.995995853310866
2009-01-28,27.833333333333332,26.854904755734093,70.7,42.866666666666674,43.845095244265906
2009-01-29,27.183333333333334,25.915563042633146,70.5,43.31666666666666,44.584436957366854
2009-01-30,25.4,23.054295710768432,64.4,39.00000000000001,41.34570428923158
2009-01-31,25.45,22.737216534922897,55.3,29.849999999999998,32.5627834650771
2009-02-01,36.05,33.609524426590646,58.8,22.75,25.19047557340935
2009-02-02,34.38333333333333,32.71517429052741,65.2,30.81666666666667,32.484825709472595
2009-02-03,28.608333333333334,26.078411299727875,62.1,33.49166666666667,36.021588700272126
2009-02-04,21.508333333333333,18.006181158481276,56.2,34.69166666666667,38.19381884151873
2009-02-05,19.05,14.949462226253726,46.6,27.55,31.650537773746276
2009-02-06,27.241666666666667,23.255500842296225,54.2,26.958333333333336,30.944499157703778
2009-02-07,39.375,37.235583776078784,61.7,22.325000000000003,24.46441622392122
2009-02-08,42.2,40.85232603343268,64.1,21.89999999999999,23.247673966567312
2009-02-09,37.949999999999996,36.11925618763768,65,27.050000000000004,28.88074381236232
2009-02-10,43.675,41.98768951665155,68.5,24.825000000000003,26.51231048334845
2009-02-11,47.375,46.17276143579111,70.2,22.825000000000003,24.027238564208893
2009-02-12,43.75,43.06153945833873,70.2,26.450000000000003,27.138460541661274
2009-02-13,37.2,35.27982376571207,68.8,31.599999999999994,33.52017623428793
2009-02-14,33.65,32.36642477646754,68.5,34.85,36.13357522353246
2009-02-15,32.59166666666667,30.98565504729817,68,35.40833333333333,37.01434495270183
2009-02-16,32.625,30.971530387456262,68.5,35.875,37.52846961254374
2009-02-17,34.78333333333333,32.938810418556436,64.2,29.41666666666667,31.261189581443567
2009-02-18,36.9,34.842373979525725,65.6,28.699999999999996,30.75762602047427
2009-02-19,33.80833333333333,32.74211481145523,68.5,34.69166666666667,35.75788518854477
2009-02-20,28.975,26.860969288583647,63.7,34.725,36.839030711416356
2009-02-21,32.19166666666666,30.237657120642737,61.8,29.608333333333334,31.56234287935726
2009-02-22,32.766666666666666,31.40721783076325,64.9,32.13333333333334,33.492782169236754
2009-02-23,28.641666666666666,26.385331087210055,66.9,38.25833333333334,40.51466891278995
2009-02-24,31.025,28.301088505896075,65.8,34.775,37.49891149410392
2009-02-25,37.38333333333333,35.1050926525852,67.5,30.116666666666667,32.3949073474148
2009-02-26,41.06666666666667,39.2595309057924,67.4,26.333333333333336,28.140469094207603
2009-02-27,43.46666666666667,41.46943112608526,68.2,24.733333333333334,26.73056887391474
2009-02-28,33.6,32.00318776726707,68.2,34.6,36.19681223273293
2009-03-01,29.316666666666666,27.347855384216665,64.7,35.38333333333334,37.35214461578334
2009-03-02,23.5,20.686277050667357,56.7,33.2,36.013722949332646
2009-03-03,23.075,19.444045613580407,56.3,33.224999999999994,36.85595438641959
2009-03-04,29.208333333333332,26.04151872489309,60.4,31.191666666666666,34.35848127510691
2009-03-05,38.475,36.299209537384996,66.1,27.624999999999993,29.800790462614998
2009-03-06,47.575,45.75544900868213,67.5,19.924999999999997,21.744550991317873
2009-03-07,49.71666666666667,47.78495529350784,68.5,18.78333333333333,20.715044706492158
2009-03-08,50.95,49.2598937410911,69.7,18.75,20.440106258908905
2009-03-09,44.69166666666667,41.82757548270053,68.9,24.208333333333336,27.072424517299474
2009-03-10,43.575,42.1156407930543,69.4,25.825000000000003,27.28435920694571
2009-03-11,41.458333333333336,40.44032655176882,69.2,27.741666666666667,28.759673448231183
2009-03-12,32.275,30.966269275625244,70.5,38.225,39.533730724374756
2009-03-13,33.291666666666664,31.774523778670467,71,37.708333333333336,39.22547622132953
2009-03-14,38.75,37.75809252300117,72,33.25,34.24190747699883
2009-03-15,43.266666666666666,42.34719450563691,73.6,30.33333333333333,31.252805494363088
2009-03-16,45.30833333333333,43.70754179085137,73.6,28.291666666666664,29.89245820914862
2009-03-17,47.44166666666666,46.048295969936504,73.2,25.75833333333334,27.1517040300635
2009-03-18,49.641666666666666,47.98108073085396,69.6,19.95833333333333,21.618919269146033
2009-03-19,44.641666666666666,42.60935596734482,70.2,25.558333333333337,27.590644032655185
2009-03-20,39.791666666666664,37.217558636775955,70.5,30.708333333333336,33.282441363224045
2009-03-21,41.583333333333336,39.611520020733444,69.7,28.116666666666667,30.08847997926656
2009-03-22,44.75,42.90024620966697,69.2,24.450000000000003,26.299753790333035
2009-03-23,40.925,38.388570688091235,68.8,27.875,30.411429311908762
2009-03-24,43.483333333333334,41.70891538162498,69.2,25.71666666666667,27.49108461837502
2009-03-25,44.41666666666667,42.774251652196455,70.2,25.78333333333333,27.425748347803548
2009-03-26,43.925,42.67816509006091,71.4,27.47500000000001,28.721834909939098
2009-03-27,47.44166666666666,45.85828689905403,73.3,25.858333333333334,27.441713100945968
2009-03-28,46.11666666666667,44.82611118310224,76.1,29.983333333333327,31.273888816897752
2009-03-29,45.96666666666667,44.26118958144356,74.3,28.33333333333333,30.038810418556437
2009-03-30,44.333333333333336,42.38062718673059,71.5,27.166666666666664,29.119372813269408
2009-03-31,45.90833333333333,44.88969806919788,76.2,30.29166666666667,31.310301930802126
2009-04-01,46.25,44.5886613969159,77,30.75,32.4113386030841
2009-04-02,50.25833333333333,49.14303485810548,77.3,27.041666666666664,28.156965141894517
2009-04-03,50.141666666666666,49.24670208630297,77.8,27.65833333333333,28.55329791369703
2009-04-04,47.525,46.205144486199295,77.3,29.775,31.094855513800702
2009-04-05,47.85,46.159219904107815,76.5,28.65,30.340780095892185
2009-04-06,45.56666666666666,44.161474666321105,76.7,31.13333333333334,32.5385253336789
2009-04-07,41.525,41.04874951405987,65.5,23.975,24.45125048594013
2009-04-08,43.16666666666667,41.48163794220552,63.5,20.33333333333333,22.018362057794477
2009-04-09,47.5,46.156705973824025,66.6,19.099999999999994,20.44329402617597
2009-04-10,48.166666666666664,46.60628482570947,73.2,25.03333333333334,26.59371517429053
2009-04-11,45.225,43.428871323052995,76.5,31.275,33.071128676947005
2009-04-12,43.7,41.36717636387197,75.7,32,34.33282363612803
2009-04-13,44.708333333333336,42.65819619022936,77.5,32.791666666666664,34.84180380977064
2009-04-14,46.016666666666666,44.05616172087599,77.8,31.78333333333333,33.743838279124006
2009-04-15,47.3,45.928663988596604,75.3,28,29.371336011403393
2009-04-16,49.56666666666666,47.70375793702216,73.1,23.53333333333333,25.396242062977834
2009-04-17,53.608333333333334,52.26912012440067,74.7,21.09166666666667,22.43087987559933
2009-04-18,58.625,57.65722430996501,74,15.375,16.34277569003499
2009-04-19,54.68333333333333,52.727588441104054,74,19.31666666666667,21.272411558895946
2009-04-20,50.016666666666666,47.33226642477647,75.1,25.08333333333333,27.767733575223524
2009-04-21,52.983333333333334,50.53983413243489,72.3,19.316666666666663,21.760165867565107
2009-04-22,51.233333333333334,49.68867435531943,72.1,20.86666666666666,22.411325644680566
2009-04-23,51.61666666666667,49.912427108980175,73.8,22.18333333333333,23.887572891019822
2009-04-24,58.71666666666667,58.01080730853958,75.5,16.78333333333333,17.489192691460417
2009-04-25,64.78333333333333,64.7186341842685,76.3,11.516666666666666,11.581365815731502
2009-04-26,67.525,68.03913437864455,77.1,9.574999999999989,9.060865621355447
2009-04-27,66.15,66.49472592976545,77.3,11.149999999999991,10.805274070234546
2009-04-28,64.34166666666667,64.35504729817286,77.1,12.758333333333326,12.744952701827131
2009-04-29,56.333333333333336,55.227005312945444,76.6,20.26666666666666,21.37299468705455
2009-04-30,57.516666666666666,55.82602047427757,77,19.483333333333334,21.17397952572243
2009-05-01,60.708333333333336,59.40574057276144,76.6,15.891666666666659,17.194259427238556
2009-05-02,59.199999999999996,58.27347414798496,76.4,17.20000000000001,18.126525852015043
2009-05-03,56.733333333333334,55.74188156019178,78.1,21.36666666666666,22.358118439808216
2009-05-04,56.166666666666664,55.0195283141117,77.8,21.633333333333333,22.780471685888294
2009-05-05,57.333333333333336,55.36601010755475,77.7,20.366666666666667,22.333989892445253
2009-05-06,59.65833333333333,57.71105351820656,77.7,18.04166666666667,19.98894648179344
2009-05-07,63.675000000000004,62.43575223532461,77.3,13.624999999999993,14.86424776467539
2009-05-08,64.45833333333333,63.52554101334715,79.4,14.941666666666677,15.874458986652854
2009-05-09,63.983333333333334,62.8966956071012,80,16.016666666666666,17.1033043928988
2009-05-10,58.61666666666667,57.559193987300766,80.6,21.983333333333327,23.04080601269923
2009-05-11,56.35,54.63624465465854,80.7,24.35,26.063755345341463
2009-05-12,57.625,56.2090320072567,80.2,22.575000000000003,23.9909679927433
2009-05-13,59.74166666666667,58.329298950369314,79.6,19.858333333333327,21.27070104963068
2009-05-14,62.11666666666667,60.73620577944797,79.7,17.583333333333336,18.963794220552032
2009-05-15,64.04166666666667,62.6398989244525,79.8,15.758333333333326,17.160101075547495
2009-05-16,62.63333333333333,61.72355837760788,80.8,18.166666666666664,19.076441622392117
2009-05-17,57.25833333333333,56.181923027083066,78.7,21.44166666666667,22.518076972916937
2009-05-18,55.31666666666667,53.51026305559155,74.2,18.883333333333333,20.689736944408452
2009-05-19,59.78333333333333,58.55949203058183,72.5,12.716666666666669,13.94050796941817
2009-05-20,65.79166666666667,65.34046909420759,74.1,8.308333333333323,8.759530905792403
2009-05-21,67.66666666666667,68.09884670208629,76.2,8.533333333333331,8.101153297913712
2009-05-22,67.49166666666667,67.23615394583388,78,10.508333333333326,10.763846054166123
2009-05-23,66.59166666666667,65.68897239860048,78.4,11.808333333333337,12.711027601399522
2009-05-24,67.18333333333334,66.55323312167941,78.4,11.216666666666669,11.846766878320594
2009-05-25,66.81666666666666,66.21933393805882,78.4,11.583333333333343,12.180666061941182
2009-05-26,61.36666666666667,59.770973176104704,79.3,17.93333333333333,19.529026823895293
2009-05-27,61.916666666666664,60.54961772709603,78.4,16.48333333333334,17.85038227290398
2009-05-28,62.75,60.236179862640924,78.7,15.950000000000003,18.46382013735908
2009-05-29,63.733333333333334,62.14731113126862,77.7,13.966666666666669,15.55268886873138
2009-05-30,64.86666666666666,64.45568225994558,77.5,12.63333333333334,13.044317740054424
2009-05-31,64.425,63.82618893352339,78,13.575000000000003,14.17381106647661
2009-06-01,62.90833333333333,61.929052740702346,78.4,15.491666666666674,16.47094725929766
2009-06-02,65.825,64.60841000388751,78.4,12.575000000000003,13.791589996112492
2009-06-03,62.53333333333333,60.98281715692627,78.9,16.366666666666674,17.91718284307374
2009-06-04,61.3,60.35820914863289,78.7,17.400000000000006,18.341790851367115
2009-06-05,60.69166666666666,59.629273033562264,77.6,16.90833333333333,17.97072696643773
2009-06-06,63.416666666666664,62.85862381754568,77.7,14.283333333333339,14.841376182454326
2009-06-07,67.66666666666667,68.02701827134896,78,10.333333333333329,9.972981728651035
2009-06-08,68.24166666666666,68.01740313593366,78.6,10.358333333333334,10.582596864066332
2009-06-09,66.325,64.86137099909291,79.5,13.174999999999997,14.638629000907088
2009-06-10,65.61666666666667,64.00248801347674,81.4,15.783333333333331,17.39751198652327
2009-06-11,64.95,62.87492548917973,82.1,17.14999999999999,19.225074510820264
2009-06-12,68.175,67.23960088117144,81.4,13.225000000000009,14.160399118828565
2009-06-13,67.64166666666667,66.29393546715045,82.3,14.658333333333331,16.00606453284955
2009-06-14,67.25,65.62962291045743,82.3,15.049999999999997,16.67037708954257
2009-06-15,67.08333333333333,65.09988337436828,83.2,16.116666666666674,18.100116625631728
2009-06-16,66.15,64.21218089931321,83.6,17.44999999999999,19.387819100686784
2009-06-17,65.54166666666667,63.893339380588316,83.2,17.65833333333333,19.306660619411687
2009-06-18,67.85833333333333,65.94679279512765,83.4,15.541666666666671,17.453207204872356
2009-06-19,71.66666666666667,70.84532849552936,81,9.333333333333329,10.154671504470642
2009-06-20,71.52499999999999,70.14103926396268,82.4,10.875000000000014,12.258960736037324
2009-06-21,70.25833333333334,69.16139691589996,83.2,12.941666666666663,14.038603084100046
2009-06-22,71.675,70.2603732020215,84.7,13.025000000000006,14.439626797978505
2009-06-23,72.98333333333333,71.86205779447972,84.7,11.716666666666669,12.837942205520278
2009-06-24,73.425,72.22722560580536,80,6.575000000000003,7.7727743941946414
2009-06-25,75.21666666666667,73.96577685629131,80.5,5.283333333333331,6.534223143708687
2009-06-26,75.20833333333333,74.27867046779836,79.6,4.391666666666666,5.321329532201631
2009-06-27,73.55833333333334,72.48455358299857,82.2,8.641666666666666,9.71544641700143
2009-06-28,72.275,70.83890112738109,80.8,8.524999999999991,9.961098872618905
2009-06-29,71.575,70.42844369573669,79.8,8.224999999999994,9.371556304263308
2009-06-30,69.66666666666667,68.8433069845795,80.5,10.833333333333329,11.656693015420501
2009-07-01,68.675,67.42834002850849,80,11.325000000000003,12.571659971491513
2009-07-02,69.40833333333333,68.27298172865103,81.6,12.191666666666663,13.327018271348962
2009-07-03,70.05,69.11237527536606,81.2,11.150000000000006,12.08762472463394
2009-07-04,70.625,69.26266683944539,80.8,10.174999999999997,11.53733316055461
2009-07-05,70.75833333333334,69.5002591680705,82.3,11.541666666666657,12.799740831929498
2009-07-06,71.56666666666666,70.90352468575871,82.2,10.63333333333334,11.296475314241292
2009-07-07,70.86666666666666,69.60934300894131,83.5,12.63333333333334,13.890656991058691
2009-07-08,68.74166666666666,66.87760787870934,83.6,14.858333333333334,16.722392121290653
2009-07-09,69.08333333333333,67.15736685240378,83.5,14.416666666666671,16.342633147596217
2009-07-10,71.675,69.80838408708048,82.8,11.125,12.991615912919514
2009-07-11,73.1,71.60009070882468,81,7.900000000000006,9.39990929117532
2009-07-12,73.175,71.90794350136063,82.5,9.325000000000003,10.592056498639366
2009-07-13,71.63333333333333,70.07076584164831,82.1,10.466666666666669,12.029234158351684
2009-07-14,71.21666666666667,69.81272515226125,83.6,12.383333333333326,13.787274847738743
2009-07-15,73.38333333333334,72.37830763249968,83.8,10.416666666666657,11.421692367500313
2009-07-16,75.16666666666667,74.20861733834391,83.6,8.433333333333323,9.391382661656081
2009-07-17,72.78333333333333,72.07679149928728,85,12.216666666666669,12.923208500712718
2009-07-18,71.02499999999999,70.54605416612674,85.1,14.075000000000003,14.553945833873257
2009-07-19,70.7,69.74033951017235,85.1,14.399999999999991,15.359660489827647
2009-07-20,72.10833333333333,70.83413243488403,82.5,10.391666666666666,11.665867565115974
2009-07-21,70.60833333333333,68.94579499805623,83.9,13.291666666666671,14.954205001943777
2009-07-22,72.28333333333333,71.116781132564455,84.1,11.816666666666663,12.98321886743554
2009-07-23,71.275,69.91551120901904,84.1,12.824999999999989,14.18448879098095
2009-07-24,71.69166666666666,70.54696125437347,84.3,12.608333333333334,13.753038745626526
2009-07-25,73.51666666666667,72.6134896980692,83.7,10.183333333333337,11.086510301930801
2009-07-26,74.9,74.22450434106518,82.1,7.199999999999989,7.87549565893481
2009-07-27,75.56666666666666,75.20066087857975,81.9,6.333333333333343,6.699339121420252
2009-07-28,75.875,75.61066476610081,81.9,6.025000000000006,6.289335233899195
2009-07-29,74.08333333333333,73.87015679668265,82,7.916666666666671,8.12984320331735
2009-07-30,74.03333333333333,74.01912660360243,82,7.966666666666669,7.98087339639757
2009-07-31,72.975,72.62095373849942,81.9,8.925000000000011,9.279046261500582
2009-08-01,72.45,71.64106518076973,82.4,9.950000000000003,10.758934819230277
2009-08-02,72.25833333333334,71.311805105611,83.4,11.141666666666666,12.088194894389005
2009-08-03,74.50833333333333,74.04359206945705,84.1,9.591666666666669,10.056407930542946
2009-08-04,75.7,75.13151483737204,84.2,8.5,9.068485162627965
2009-08-05,75.15,74.72340287676558,83.5,8.349999999999994,8.776597123234424
2009-08-06,71.675,70.89247116755215,82,10.325000000000003,11.107528832447855
2009-08-07,71.075,70.19262666839445,83.1,12.024999999999991,12.907373331605541
2009-08-08,72.60833333333333,71.91298432033173,83,10.391666666666666,11.08701567966827
2009-08-09,76.1,75.26979396138395,84,7.900000000000006,8.730206038616046
2009-08-10,78.39166666666667,78.21564079305429,82.4,4.00833333333334,4.1843592069457145
2009-08-11,76.9,76.42983024491383,81.9,5,5.470169755086175
2009-08-12,73.91666666666667,72.89121420241027,81,7.083333333333329,8.108785797589732
2009-08-13,72.61666666666666,71.38663988596605,81.8,9.183333333333337,10.41336011403395
2009-08-14,75.01666666666667,74.43229234158352,83,7.983333333333334,8.56770765841648
2009-08-15,76.40833333333333,76.41266036024362,80,3.5916666666666686,3.5873396397563795
2009-08-16,77.325,77.50526111183102,82.4,5.075000000000003,4.8947388881689875
2009-08-17,77.73333333333333,77.94758325774265,83.6,5.86666666666666,5.652416742257344
2009-08-18,77.11666666666667,77.43694440844888,82.3,5.183333333333323,4.863055591551117
2009-08-19,76.10833333333333,76.13529869120124,80.8,4.691666666666663,4.6647013087987546
2009-08-20,76.44166666666666,76.38824672800311,83,6.558333333333337,6.611753271996889
2009-08-21,75.86666666666667,75.51320461319166,81.9,6.033333333333331,6.386795386808345
2009-08-22,72.73333333333333,72.10666061941168,81.8,9.066666666666663,9.693339380588313
2009-08-23,72.71666666666667,71.82122586497344,83.2,10.483333333333334,11.37877413502656
2009-08-24,73.28333333333333,72.35723726836852,81.9,8.616666666666674,9.542762731631484
2009-08-25,74.175,73.24925489179734,81.4,7.2250000000000085,8.15074510820267
2009-08-26,75.01666666666667,74.18540883763121,81.2,6.183333333333337,7.014591162368788
2009-08-27,71.875,70.13056887391473,82.3,10.424999999999997,12.169431126085271
2009-08-28,69.11666666666666,67.43225346637294,81.2,12.083333333333343,13.767746533627061
2009-08-29,69.36666666666666,67.37961643125567,81.6,12.233333333333334,14.220383568744325
2009-08-30,68.44166666666666,67.18500712712193,82.5,14.058333333333337,15.314992872878065
2009-08-31,65.9,64.33643903071142,82,16.099999999999994,17.663560969288582
2009-09-01,65.61666666666667,63.972631851755864,80.7,15.083333333333329,16.72736814824414
2009-09-02,67.325,65.63572631851756,80.4,13.075000000000003,14.76427368148245
2009-09-03,68.725,67.05839056628224,79.8,11.075000000000003,12.741609433717755
2009-09-04,69.94166666666666,68.73466372942853,80.1,10.158333333333331,11.365336270571461
2009-09-05,71.13333333333333,70.37887780225476,77.5,6.366666666666674,7.121122197745237
2009-09-06,69.31666666666666,67.89420759362447,78.5,9.183333333333337,10.605792406375528
2009-09-07,68.4,66.94928080860439,80.1,11.699999999999989,13.15071919139561
2009-09-08,69.04166666666667,67.9083452118699,81.1,12.058333333333323,13.191654788130094
2009-09-09,69.16666666666667,67.98314111701438,80.5,11.333333333333329,12.516858882985616
2009-09-10,67.51666666666667,65.95726318517558,79.8,12.283333333333331,13.84273681482442
2009-09-11,65.03333333333333,64.20641440974472,79.7,14.666666666666671,15.493585590255279
2009-09-12,65.81666666666666,65.5824672800311,81.1,15.283333333333331,15.517532719968898
2009-09-13,68.4,68.3521186989763,80.9,12.5,12.547881301023708
2009-09-14,68.49166666666667,68.13159258779318,81.2,12.708333333333329,13.068407412206824
2009-09-15,69.38333333333333,68.6434624854218,81.4,12.01666666666668,12.756537514578213
2009-09-16,65.35,64.0873007645458,80.3,14.950000000000003,16.212699235454195
2009-09-17,62.858333333333334,61.00662174420111,80.4,17.54166666666667,19.393378255798893
2009-09-18,65.9,64.05951794738888,81.8,15.899999999999991,17.740482052611114
2009-09-19,64.225,62.718724893093174,80.8,16.575000000000003,18.081275106906823
2009-09-20,64.675,63.26451989114941,80.7,16.025000000000006,17.43548010885059
2009-09-21,66.70833333333333,65.23645198911494,80.5,13.791666666666671,15.26354801088506
2009-09-22,68.15833333333333,67.17419981858235,81,12.841666666666669,13.825800181417648
2009-09-23,70.51666666666667,70.06742257353895,80.6,10.083333333333329,10.532577426461046
2009-09-24,70.43333333333334,70.37159517947389,80.6,10.166666666666657,10.228404820526109
2009-09-25,65.27499999999999,64.0969029415576,81.3,16.025000000000006,17.203097058442395
2009-09-26,62.13333333333333,60.305857198393156,81,18.866666666666667,20.694142801606844
2009-09-27,64.41666666666667,62.80012958403525,81.5,17.08333333333333,18.699870415964753
2009-09-28,63.125,62.201010755474925,81.6,18.474999999999994,19.39898924452507
2009-09-29,58.958333333333336,58.12906569910587,81.8,22.84166666666666,23.670934300894125
2009-09-30,56.75833333333333,55.67263185175587,79.6,22.84166666666666,23.927368148244128
2009-10-01,55.108333333333334,52.990358947777636,78,22.891666666666666,25.009641052222364
2009-10-02,56.36666666666667,54.59962420629778,77.8,21.43333333333333,23.200375793702214
2009-10-03,59.9,59.16376830374498,78.3,18.4,19.136231696255017
2009-10-04,58.641666666666666,58.31365815731502,80.5,21.858333333333334,22.186341842684982
2009-10-05,56.28333333333333,55.69751198652326,81.9,25.616666666666674,26.202488013476746
2009-10-06,57.166666666666664,56.15471037968123,82.5,25.333333333333336,26.345289620318773
2009-10-07,58.25833333333333,57.42865103019307,83.6,25.34166666666666,26.17134896980692
2009-10-08,56.78333333333333,55.43890112738111,83.8,27.016666666666666,28.36109887261889
2009-10-09,57.05,55.87000129584035,83.4,26.35000000000001,27.529998704159652
2009-10-10,54.09166666666667,53.530711416353505,83,28.90833333333333,29.469288583646495
2009-10-11,49.55833333333334,48.6239341713101,83.7,34.141666666666666,35.076065828689906
2009-10-12,48.575,47.59928728780614,82.9,34.325,35.300712712193864
2009-10-13,51.05,49.57556045095244,83.6,32.55,34.02443954904756
2009-10-14,48.25,46.39781002980433,82.3,34.05,35.902189970195664
2009-10-15,45.53333333333333,43.028067902034465,82.3,36.766666666666666,39.27193209796553
2009-10-16,44.61666666666667,42.85092652585201,82.3,37.68333333333333,39.44907347414799
2009-10-17,46.03333333333333,44.698911494103925,76.5,30.46666666666667,31.801088505896075
2009-10-18,46.016666666666666,44.016521964493975,65.3,19.28333333333333,21.283478035506022
2009-10-19,48.88333333333333,47.56861474666321,67,18.116666666666667,19.431385253336792
2009-10-20,53.65833333333333,52.72525592846961,73.3,19.641666666666666,20.57474407153039
2009-10-21,57.11666666666667,56.658844110405596,77.1,19.983333333333327,20.4411558895944
2009-10-22,57.291666666666664,57.06501231048335,77.9,20.60833333333334,20.83498768951666
2009-10-23,52.95,52.181288065310355,78.6,25.64999999999999,26.41871193468964
2009-10-24,56.59166666666667,56.02310483348451,77.9,21.308333333333337,21.876895166515496
2009-10-25,54.541666666666664,54.012880653103544,77.6,23.05833333333333,23.58711934689645
2009-10-26,52.43333333333334,51.480627186730594,79.1,26.666666666666657,27.6193728132694
2009-10-27,51.75,50.74413632240508,80.9,29.150000000000006,30.155863677594922
2009-10-28,53.4,52.39972787352598,81.2,27.800000000000004,28.80027212647402
2009-10-29,53.71666666666667,52.45461967085655,81.9,28.183333333333337,29.445380329143454
2009-10-30,54.791666666666664,54.284968251911366,81.4,26.60833333333334,27.11503174808864
2009-10-31,55.85,55.779953349747316,79.9,24.050000000000004,24.12004665025269
2009-11-01,50.38333333333333,49.49572372683685,79.6,29.21666666666666,30.104276273163144
2009-11-02,49.483333333333334,48.35176882208113,78.7,29.21666666666667,30.348231177918876
2009-11-03,48.275,46.94049501101464,78.9,30.625000000000007,31.959504988985366
2009-11-04,45.733333333333334,44.70269534793314,78.9,33.16666666666667,34.19730465206687
2009-11-05,46.016666666666666,44.63246080082934,77.5,31.483333333333334,32.86753919917066
2009-11-06,45.541666666666664,43.99473888816898,74.3,28.758333333333333,30.305261111831015
2009-11-07,48.391666666666666,47.05214461578334,76.5,28.108333333333334,29.44785538421666
2009-11-08,54.016666666666666,53.375988078268755,77.6,23.58333333333333,24.22401192173124
2009-11-09,55.375,54.789581443566156,79.3,23.924999999999997,24.51041855643384
2009-11-10,54.858333333333334,54.029402617597505,78.4,23.54166666666667,24.3705973824025
2009-11-11,49.975,48.959479072178304,75.2,25.225,26.2405209278217
2009-11-12,47.00833333333333,45.72542438771543,69.6,22.59166666666666,23.874575612284566
2009-11-13,49.86666666666667,48.708539587922765,65.9,16.03333333333334,17.19146041207724
2009-11-14,53.733333333333334,53.440443177400546,68.7,14.966666666666669,15.259556822599457
2009-11-15,54.775,54.34070234547104,68.8,14.024999999999999,14.45929765452896
2009-11-16,50.2,49.7945963457302,69.7,19.5,19.905403654269804
2009-11-17,46.108333333333334,45.52604639108462,72.6,26.49166666666666,27.073953608915375
2009-11-18,46.5,45.567435531942465,71.9,25.400000000000006,26.33256446805754
2009-11-19,49.84166666666667,48.32964882726448,72.7,22.858333333333334,24.370351172735525
2009-11-20,50.90833333333333,50.77505507321498,73.2,22.29166666666667,22.424944926785024
2009-11-21,48.016666666666666,47.365401062589086,74.9,26.88333333333334,27.53459893741092
2009-11-22,47.45,46.46805753531165,74.8,27.349999999999994,28.331942464688346
2009-11-23,47.675,46.51923027083064,76.1,28.424999999999997,29.580769729169354
2009-11-24,48.458333333333336,47.754477128417776,76.7,28.241666666666667,28.945522871582227
2009-11-25,48.21666666666667,47.57800958921861,72.6,24.383333333333326,25.021990410781385
2009-11-26,46.15833333333333,45.907528832447845,70.1,23.941666666666663,24.19247116755215
2009-11-27,42.458333333333336,41.85867565115978,61.8,19.34166666666666,19.94132434884022
2009-11-28,43.45,42.72436179862641,60.3,16.849999999999994,17.575638201373586
2009-11-29,45.666666666666664,44.08636775949203,64.1,18.43333333333333,20.013632240507967
2009-11-30,44.28333333333333,43.70463910846184,67.7,23.41666666666667,23.995360891538162
2009-12-01,41.03333333333333,40.241207723208504,71.5,30.46666666666667,31.258792276791496
2009-12-02,42.516666666666666,42.23678890760658,75.3,32.78333333333333,33.063211092393416
2009-12-03,47.11666666666667,47.93531164960477,75.1,27.983333333333327,27.164688350395224
2009-12-04,38.675,38.875988078268755,72.1,33.425,33.22401192173124
2009-12-05,34.65,34.49996112478943,69.9,35.25000000000001,35.400038875210576
2009-12-06,32.49166666666667,31.820150317480888,62,29.508333333333333,30.179849682519112
2009-12-07,33.208333333333336,32.072126474018404,70.4,37.19166666666667,38.3278735259816
2009-12-08,34.141666666666666,33.280147725800184,71.5,37.358333333333334,38.219852274199816
2009-12-09,37.15833333333333,37.481728651030195,75.8,38.641666666666666,38.3182713489698
2009-12-10,28.216666666666665,27.19955941428016,75.8,47.58333333333333,48.60044058571984
2009-12-11,24.791666666666668,22.601373590773616,73.3,48.508333333333326,50.69862640922638
2009-12-12,30.183333333333334,28.205053777374626,74.7,44.516666666666666,46.49494622262537
2009-12-13,35.93333333333333,34.94058571983932,75.5,39.56666666666667,40.55941428016068
2009-12-14,38.3,37.361254373461186,75.2,36.900000000000006,37.83874562653882
2009-12-15,36.09166666666667,35.38924452507451,75.3,39.20833333333333,39.91075547492549
2009-12-16,28.741666666666667,27.301308798755993,74.5,45.75833333333333,47.198691201244
2009-12-17,27.95,26.121964493974343,73,45.05,46.878035506025654
2009-12-18,29.625,27.43982117403136,71,41.375,43.56017882596864
2009-12-19,30.191666666666666,28.73899183620578,66.4,36.20833333333334,37.66100816379422
2009-12-20,28.566666666666666,26.789983154075415,61.7,33.13333333333334,34.91001684592459
2009-12-21,30.025,27.693624465465856,56.1,26.075000000000003,28.406375534534146
2009-12-22,30.475,27.902215887002722,61.9,31.424999999999997,33.99778411299728
2009-12-23,28.133333333333333,25.14576908124919,66.1,37.96666666666666,40.95423091875081
2009-12-24,30.666666666666668,29.57369444084489,70.3,39.633333333333326,40.72630555915511
2009-12-25,35.725,35.0649863936763,71.7,35.975,36.6350136063237
2009-12-26,36.983333333333334,36.11356744849035,64,27.016666666666666,27.88643255150965
2009-12-27,36.5,36.48936115070624,63,26.5,26.510638849293763
2009-12-28,31.174999999999997,30.582208111960604,64,32.825,33.417791888039396
2009-12-29,23.5,21.804937151742905,56.2,32.7,34.3950628482571
2009-12-30,26.6,24.71145522871582,61.7,35.1,36.98854477128418
2009-12-31,31.55,30.0032007256706,67.8,36.25,37.7967992743294
2010-01-01,28.666666666666668,27.25303874562654,65.5,36.83333333333333,38.24696125437346
2010-01-02,21.900000000000002,20.666178566800568,55.1,33.2,34.433821433199434
2010-01-03,18.75,16.837514578203965,50.6,31.85,33.762485421796036
2010-01-04,22.766666666666666,21.25242970066088,50.1,27.333333333333336,28.84757029933912
2010-01-05,23.45,22.151976156537515,51.2,27.750000000000004,29.048023843462488
2010-01-06,27.21666666666667,25.27810029804328,48.9,21.68333333333333,23.621899701956718
2010-01-07,27.958333333333332,26.585473629648828,49.6,21.64166666666667,23.014526370351174
2010-01-08,25.375,25.06310742516522,58.7,33.325,33.63689257483478
2010-01-09,19.708333333333336,18.205053777374626,46,26.291666666666664,27.794946222625374
2010-01-10,19.475,16.56239471297136,41.7,22.225,25.13760528702864
2010-01-11,25.483333333333334,23.695749643643904,43.7,18.21666666666667,20.0042503563561
2010-01-12,27.641666666666666,26.088570688091227,50.2,22.558333333333337,24.111429311908775
2010-01-13,28.95,26.313010237138784,52.6,23.650000000000002,26.286989762861218
2010-01-14,33.81666666666667,31.973992484125954,59.1,25.28333333333333,27.126007515874047
2010-01-15,36.733333333333334,35.24652066865362,66.1,29.36666666666666,30.85347933134637
2010-01-16,37.00833333333333,35.05215757418686,70.7,33.69166666666667,35.647842425813145
2010-01-17,35.791666666666664,33.641972269016456,69.7,33.90833333333334,36.05802773098355
2010-01-18,37.55,36.101231048334846,64.3,26.75,28.19876895166515
2010-01-19,36.766666666666666,34.75522871582221,60.9,24.133333333333333,26.144771284177786
2010-01-20,35.06666666666666,33.096319813398985,63.9,28.833333333333336,30.803680186601014
2010-01-21,34.3,32.497835946611374,70.8,36.5,38.30216405338862
2010-01-22,35.93333333333333,34.1166904237398,71.7,35.76666666666667,37.583309576260206
2010-01-23,36.25833333333333,34.34088376312038,71.6,35.34166666666666,37.25911623687961
2010-01-24,39.40833333333333,37.90527407023455,73.3,33.891666666666666,35.39472592976545
2010-01-25,43.875,43.6545419204354,69.1,25.224999999999994,25.445458079564595
2010-01-26,33.96666666666667,33.051937281326936,60.6,26.633333333333333,27.548062718673066
2010-01-27,31.025,29.346196708565504,60.9,29.875,31.553803291434495
2010-01-28,29.258333333333333,27.04526370351173,63.9,34.641666666666666,36.85473629648827
2010-01-29,20.35,17.979720098483867,67.2,46.85,49.220279901516136
2010-01-30,20.125,18.586238175456785,70.6,50.474999999999994,52.01376182454321
2010-01-31,23.125,22.12429700660879,66,42.875,43.875702993391215
2010-02-01,26.95,26.040132175715954,65.3,38.349999999999994,39.259867824284044
2010-02-02,30.541666666666668,29.264338473500064,69.4,38.858333333333334,40.135661526499945
2010-02-03,31.59166666666667,30.510185305170403,65.5,33.90833333333333,34.9898146948296
2010-02-04,31.675,30.005338862252174,68.2,36.525000000000006,38.19466113774783
2010-02-05,33.325,31.789179733056887,70.5,37.175,38.71082026694312
2010-02-06,28.1,26.22140728262278,65.6,37.49999999999999,39.37859271737722
2010-02-07,24.475,23.024698717118053,59,34.525,35.975301282881944
2010-02-08,26.708333333333332,25.09394842555397,57.6,30.89166666666667,32.50605157444603
2010-02-09,28.341666666666665,27.799883374368275,65.9,37.55833333333334,38.10011662563173
2010-02-10,27.991666666666667,27.855941428016067,59.7,31.708333333333336,31.844058571983936
2010-02-11,26.983333333333334,25.97353894000259,53.4,26.416666666666664,27.426461059997408
2010-02-12,25.491666666666667,23.82109628093819,61.6,36.108333333333334,37.778903719061816
2010-02-13,25.108333333333334,22.923610211221977,55.7,30.59166666666667,32.776389788778026
2010-02-14,28.583333333333332,26.515148373720358,51,22.416666666666668,24.484851626279642
2010-02-15,29.475,27.850421148114552,56.7,27.225,28.84957885188545
2010-02-16,31.283333333333335,30.169197874821823,58.1,26.816666666666666,27.93080212517818
2010-02-17,30.383333333333333,28.95949203058183,56,25.616666666666667,27.04050796941817
2010-02-18,33.916666666666664,32.9018919269146,55.8,21.883333333333333,22.898108073085396
2010-02-19,33.75,32.452494492678504,55.2,21.450000000000003,22.7475055073215
2010-02-20,35.041666666666664,34.20173642607231,60.6,25.558333333333337,26.398263573927693
2010-02-21,35.55833333333334,33.8516003628353,64.6,29.041666666666657,30.748399637164695
2010-02-22,34.38333333333333,33.235518984061166,67.5,33.11666666666667,34.264481015938834
2010-02-23,32.858333333333334,32.541674225735385,68.2,35.34166666666667,35.65832577426462
2010-02-24,32.641666666666666,32.576065828689906,66.1,33.45833333333333,33.52393417131009
2010-02-25,31.916666666666668,31.059867824284048,55.9,23.98333333333333,24.84013217571595
2010-02-26,29.725,28.789037190618117,53.1,23.375,24.310962809381884
2010-02-27,32.45,31.14128547362965,57.2,24.75,26.058714526370352
2010-02-28,34.53333333333333,33.02202928599196,56.2,21.66666666666667,23.17797071400804
2010-03-01,36.21666666666667,35.12852144615783,56.6,20.383333333333333,21.471478553842168
2010-03-02,34.8,33.56218737851496,65.3,30.5,31.737812621485034
2010-03-03,35.025,33.571284177789295,57.2,22.175000000000004,23.628715822210708
2010-03-04,34.9,33.56775949203058,55.3,20.4,21.732240507969415
2010-03-05,35.25,33.402617597511984,52.9,17.65,19.497382402488014
2010-03-06,36.7,35.30374497861863,55.6,18.9,20.29625502138137
2010-03-07,39.30833333333333,37.993119087728395,57.7,18.391666666666673,19.706880912271608
2010-03-08,42.24166666666667,41.139665673189064,59.1,16.858333333333334,17.960334326810937
2010-03-09,44.141666666666666,42.72875469742127,61.8,17.65833333333333,19.071245302578724
2010-03-10,45.541666666666664,44.40574057276143,68.7,23.15833333333334,24.294259427238572
2010-03-11,46.891666666666666,45.7968511079435,71.2,24.308333333333337,25.4031488920565
2010-03-12,46.4,44.603278476091745,69.7,23.300000000000004,25.096721523908258
2010-03-13,44.766666666666666,43.119683814954,66.1,21.33333333333333,22.980316185045993
2010-03-14,45.65833333333333,44.29722690164572,65.8,20.141666666666666,21.502773098354275
2010-03-15,44.43333333333334,42.45530646624336,64.8,20.36666666666666,22.34469353375664
2010-03-16,47.725,46.337177659712324,61.4,13.674999999999997,15.062822340287674
2010-03-17,48.65,47.17804846442918,59.9,11.25,12.721951535570817
2010-03-18,50.75,50.31766230400415,60.3,9.549999999999997,9.982337695995845
2010-03-19,51.96666666666667,51.75465854606713,60,8.033333333333331,8.245341453932873
2010-03-20,49.56666666666667,49.04785538421666,61.9,12.333333333333329,12.852144615783338
2010-03-21,48.09166666666667,47.21995594142802,68.2,20.108333333333334,20.980044058571984
2010-03-22,48.50833333333333,47.46265388104185,63.9,15.391666666666666,16.437346118958146
2010-03-23,48.075,47.1267202280679,63,14.924999999999997,15.873279771932097
2010-03-24,48.05833333333334,46.583685369962424,64.5,16.441666666666663,17.916314630037576
2010-03-25,47.25833333333333,46.38008293378256,69,21.741666666666667,22.61991706621744
2010-03-26,40.858333333333334,39.097382402488016,69.5,28.641666666666666,30.402617597511984
2010-03-27,40.49166666666667,37.786678761176624,66.8,26.30833333333333,29.013321238823373
2010-03-28,44.05,41.688739147337046,72.2,28.150000000000006,30.511260852662957
2010-03-29,48.31666666666666,46.78710638849294,67.3,18.983333333333334,20.51289361150706
2010-03-30,47.31666666666667,45.67803550602566,64.1,16.783333333333324,18.421964493974336
2010-03-31,52.8,51.770014254243875,62.6,9.800000000000004,10.829985745756126
2010-04-01,57.59166666666667,56.93550602565764,65,7.408333333333331,8.064493974342362
2010-04-02,58.93333333333334,58.20904496566023,67.5,8.566666666666663,9.290955034339767
2010-04-03,55.59166666666667,54.63914733704807,69.9,14.308333333333337,15.260852662951933
2010-04-04,58.34166666666667,57.94221847868343,70.9,12.558333333333337,12.957781521316576
2010-04-05,59.891666666666666,59.32814565245562,71.5,11.608333333333334,12.171854347544382
2010-04-06,62.49166666666667,62.16463651678114,71.8,9.30833333333333,9.63536348321886
2010-04-07,64.61666666666666,63.541013347155634,72.8,8.183333333333337,9.258986652844364
2010-04-08,58.175,57.436996242062975,74.2,16.025000000000006,16.763003757937028
2010-04-09,50.4,50.47011792147208,74.1,23.699999999999996,23.629882078527913
2010-04-10,50.35,49.77045483996371,75.3,24.949999999999996,25.529545160036285
2010-04-11,55.95,55.37383698328365,73,17.049999999999997,17.626163016716347
2010-04-12,54.825,54.01604250356356,71.2,16.375,17.18395749643644
2010-04-13,51.833333333333336,51.00733445639498,73.4,21.56666666666667,22.392665543605027
2010-04-14,54.90833333333333,54.51925618763768,73.9,18.991666666666674,19.380743812362326
2010-04-15,59.85,59.306997537903335,73.5,13.649999999999999,14.193002462096665
2010-04-16,56.80833333333334,54.49419463522094,72.1,15.291666666666657,17.60580536477905
2010-04-17,50.09166666666667,47.99639756382014,71.2,21.108333333333334,23.203602436179864
2010-04-18,48.56666666666667,46.62532072048723,69.9,21.333333333333336,23.274679279512775
2010-04-19,51.333333333333336,49.61838797460153,70.8,19.46666666666666,21.181612025398465
2010-04-20,54.49166666666667,53.50080342101853,70.9,16.40833333333334,17.399196578981474
2010-04-21,53.88333333333333,53.35092652585201,70.9,17.016666666666673,17.549073474147995
2010-04-22,54.28333333333333,53.5351172735519,71.8,17.516666666666666,18.2648827264481
2010-04-23,54.925,53.531929506284825,73.4,18.47500000000001,19.86807049371518
2010-04-24,56.06666666666667,55.52051315277958,75.8,19.733333333333327,20.27948684722042
2010-04-25,54.233333333333334,52.44987689516652,77,22.766666666666666,24.55012310483348
2010-04-26,53.275,51.35621355449009,75.8,22.525,24.443786445509907
2010-04-27,50.34166666666667,48.65831281586109,73.1,22.758333333333326,24.441687184138907
2010-04-28,49.325,47.75852015031748,73,23.674999999999997,25.24147984968252
2010-04-29,55.5,54.76931450045354,72,16.5,17.23068549954646
2010-04-30,62.81666666666666,62.50920046650253,77.3,14.483333333333334,14.79079953349747
2010-05-01,66.45833333333333,66.61985227419981,80.6,14.141666666666666,13.98014772580018
2010-05-02,68.23333333333333,68.5819359854866,81,12.766666666666666,12.418064014513405
2010-05-03,66.975,67.29980562394712,80.3,13.325000000000003,13.000194376052875
2010-05-04,65.46666666666667,65.58196190229364,79.8,14.333333333333329,14.218038097706355
2010-05-05,64.81666666666666,64.50532590384864,80.5,15.683333333333337,15.994674096151357
2010-05-06,63.25833333333333,62.59240637553453,80.9,17.641666666666673,18.307593624465476
2010-05-07,60,58.78509783594661,81,21,22.21490216405339
2010-05-08,57.93333333333333,57.07816509006091,80.3,22.366666666666667,23.22183490993909
2010-05-09,50.13333333333333,48.65158740443177,80,29.866666666666667,31.348412595568227
2010-05-10,51.75833333333333,50.08502008552546,81.5,29.741666666666667,31.414979914474543
2010-05-11,51.575,50.12748477387586,81.3,29.724999999999994,31.17251522612414
2010-05-12,53.00833333333333,50.02284566541402,81.1,28.09166666666666,31.077154334585977
2010-05-13,57.61666666666667,56.801205131527794,81,23.383333333333333,24.198794868472206
2010-05-14,64.03333333333333,62.95671893222755,81.4,17.366666666666674,18.443281067772453
2010-05-15,62.4,61.31285473629649,81,18.6,19.687145263703513
2010-05-16,60.91666666666667,59.698457949980565,79.6,18.683333333333323,19.90154205001943
2010-05-17,60.25833333333333,59.50357651937281,78.9,18.641666666666673,19.3964234806272
2010-05-18,56.55,55.08051056109887,79.2,22.650000000000006,24.119489438901134
2010-05-19,59.53333333333333,57.916910716599716,78.2,18.66666666666667,20.283089283400287
2010-05-20,66.7,65.61698846702087,78.6,11.899999999999991,12.98301153297912
2010-05-21,67.30833333333334,66.52690164571725,81.5,14.191666666666663,14.973098354282754
2010-05-22,65.65833333333333,64.53419722690164,82,16.34166666666667,17.46580277309836
2010-05-23,67.38333333333334,66.92826227808735,82.1,14.716666666666654,15.171737721912649
2010-05-24,69.25,69.03557081767526,81.5,12.25,12.464429182324736
2010-05-25,71.25833333333334,71.52180899313205,80,8.74166666666666,8.478191006867945
2010-05-26,74.50833333333334,75.20864325515096,78.9,4.391666666666666,3.6913567448490454
2010-05-27,71.20833333333333,70.03246080082934,79.9,8.691666666666677,9.867539199170665
2010-05-28,67.76666666666667,66.09814694829598,80.6,12.833333333333329,14.501853051704018
2010-05-29,70.80833333333334,69.52738110664767,80.4,9.591666666666669,10.872618893352339
2010-05-30,74.025,73.7237268368537,81.3,7.2749999999999915,7.576273163146297
2010-05-31,73.11666666666667,72.6852533367889,82,8.883333333333326,9.314746663211096
2010-06-01,72.775,72.55241674225735,82.3,9.524999999999991,9.747583257742647
2010-06-02,71.80833333333334,71.55658934819229,81.9,10.091666666666669,10.343410651807716
2010-06-03,71.725,71.61751976156538,82.4,10.675000000000011,10.78248023843463
2010-06-04,73.525,73.2517040300635,83.4,9.875,10.148295969936513
2010-06-05,74.60833333333333,74.81649604768693,85,10.391666666666666,10.183503952313075
2010-06-06,72.55,72.1781132564468,85.4,12.850000000000009,13.221886743553199
2010-06-07,65.79166666666667,64.54653362705714,85.5,19.70833333333333,20.953466372942856
2010-06-08,64.68333333333334,63.552066865362185,85,20.316666666666663,21.447933134637815
2010-06-09,64.425,64.00430218997019,85.2,20.775000000000006,21.195697810029813
2010-06-10,67.24166666666666,65.92780873396397,84.8,17.558333333333337,18.872191266036026
2010-06-11,68.675,68.05192432292343,85.9,17.22500000000001,17.84807567707658
2010-06-12,71.25833333333334,70.52827523649086,85,13.74166666666666,14.471724763509144
2010-06-13,71.04166666666667,69.81842684981211,82.9,11.858333333333334,13.081573150187893
2010-06-14,71.26666666666667,69.97930542957108,84.3,13.033333333333331,14.320694570428913
2010-06-15,71.13333333333334,70.64135026564728,85.4,14.266666666666666,14.75864973435273
2010-06-16,70.49166666666667,69.76703382143319,84.8,14.308333333333323,15.03296617856681
2010-06-17,71.18333333333334,70.64580795645976,83.5,12.316666666666663,12.854192043540237
2010-06-18,73.20833333333333,73.15515096540105,83,9.791666666666671,9.844849034598951
2010-06-19,74.29166666666667,74.2082933782558,82.5,8.208333333333329,8.291706621744197
2010-06-20,75.89166666666667,75.83550602565764,82.4,6.50833333333334,6.564493974342369
2010-06-21,75.95833333333333,76.21229752494492,83.2,7.241666666666674,6.987702475055087
2010-06-22,76.64166666666667,76.1324478424258,84.6,7.958333333333329,8.46755215757419
2010-06-23,77.94166666666666,77.8869249708436,84.9,6.958333333333343,7.013075029156411
2010-06-24,77.85,77.86043799403913,85.3,7.450000000000003,7.439562005960866
2010-06-25,75.50833333333334,75.27505507321497,85.4,9.891666666666666,10.124944926785034
2010-06-26,76.20833333333333,76.0997408319295,84.6,8.391666666666666,8.5002591680705
2010-06-27,78.48333333333333,78.5002591680705,84,5.516666666666666,5.4997408319295005
2010-06-28,78.55,79.07909809511469,84.7,6.150000000000006,5.620901904885315
2010-06-29,73.99166666666666,74.46740961513541,84.5,10.50833333333334,10.03259038486459
2010-06-30,69.25833333333334,68.90450952442659,82.6,13.341666666666654,13.695490475573408
2010-07-01,68.65,67.9199429830245,81.2,12.549999999999997,13.280057016975505
2010-07-02,70.14166666666667,69.72171828430737,79.9,9.75833333333334,10.178281715692634
2010-07-03,74.43333333333334,74.472437475703,78.9,4.466666666666669,4.427562524297002
2010-07-04,78.79166666666667,79.62499676039913,79.7,0.9083333333333314,0.07500323960087485
2010-07-05,80.99166666666666,81.89562005960866,78.4,-2.5916666666666544,-3.4956200596086546
2010-07-06,83,84.0194764804976,80.6,-2.4000000000000057,-3.4194764804976074
2010-07-07,82.38333333333333,83.228871323053,82.8,0.4166666666666714,-0.42887132305300213
2010-07-08,78.31666666666666,78.4759103278476,82.1,3.7833333333333314,3.624089672152394
2010-07-09,77.08333333333333,77.50526111183102,83.1,6.016666666666666,5.594738888168976
2010-07-10,75.175,75.18275236490865,84,8.825000000000003,8.817247635091348
2010-07-11,76.15833333333333,75.98209148632887,83.3,7.141666666666666,7.317908513671128
2010-07-12,75.94166666666666,76.34736296488272,83.2,7.25833333333334,6.852637035117283
2010-07-13,75.75833333333333,75.44611895814435,84.1,8.341666666666669,8.6538810418556409
2010-07-14,76.575,75.79466113774784,83.7,7.125,7.905338862252165
2010-07-15,78.03333333333333,77.1812621485033,83.2,5.166666666666671,6.018737851496709
2010-07-16,80.15833333333333,79.36746144874951,83.6,3.441666666666663,4.232538551250485
2010-07-17,80.95833333333333,80.69205649863936,85.4,4.441666666666677,4.707943501360646
2010-07-18,80.28333333333333,80.3582091486329,84.1,3.816666666666663,3.7417908513670994
2010-07-19,77.98333333333333,77.8760139950758,84,6.016666666666666,6.123986004924205
2010-07-20,76.46666666666667,76.24608008293379,85.3,8.833333333333329,9.05391991706621
2010-07-21,78.23333333333333,78.48411299727874,86.3,8.066666666666663,7.815887002721254
2010-07-22,77.175,77.3128547362965,85.4,8.225000000000009,8.087145263703505
2010-07-23,79.225,79.12392121290658,81,1.7750000000000057,1.8760787870934195
2010-07-24,80.93333333333334,80.72009848386679,83.7,2.7666666666666657,2.9799015161332107
2010-07-25,77.425,77.15594142801608,82.1,4.674999999999997,4.944058571983916
2010-07-26,74.675,74.46553064662433,84.4,9.725000000000009,9.934469353375675
2010-07-27,76.33333333333333,76.57098613450823,85.1,8.766666666666666,8.529013865491763
2010-07-28,77.375,77.79508876506414,84.9,7.525000000000006,7.104911234935869
2010-07-29,76.86666666666667,77.15375145782039,83.9,7.033333333333331,6.746248542179615
2010-07-30,73.43333333333334,73.033069845795,84.2,10.766666666666666,11.166930154205005
2010-07-31,73.00833333333333,72.19975379033303,84.4,11.39166666666668,12.200246209666972
2010-08-01,73.65833333333333,72.81176623040042,85.9,12.241666666666674,13.088233769599583
2010-08-02,75.875,74.88901127381106,84.3,8.424999999999997,9.410988726188933
2010-08-03,77.74166666666666,76.95042114811456,81.9,4.158333333333346,4.949578851885448
2010-08-04,79.71666666666667,79.44128547362965,81.4,1.6833333333333371,1.9587145263703576
2010-08-05,78.98333333333333,78.95424387715434,82.9,3.9166666666666714,3.9457561228456655
2010-08-06,76.39166666666667,76.18285603213684,83.2,6.808333333333337,7.017143967863163
2010-08-07,74.01666666666667,73.53014124659842,82.9,8.88333333333334,9.369858753401587
2010-08-08,76.775,76.49911882856031,82.5,5.724999999999994,6.000881171439687
2010-08-09,79.46666666666667,79.5226772061682,79.3,-0.1666666666666714,-0.22267720616819986
2010-08-10,79.95833333333333,79.58749514059868,78.1,-1.8583333333333343,-1.487495140598682
2010-08-11,79.9,79.58354282752364,82.6,2.6999999999999886,3.0164571724763505
2010-08-12,76.28333333333333,75.51113126862771,83.4,7.116666666666674,7.888868731372298
2010-08-13,75.2,74.70028508487754,84.3,9.099999999999994,9.599714915122462
2010-08-14,74.58333333333333,73.77807438123624,84.5,9.916666666666671,10.721925618763763
2010-08-15,74.175,73.3567966826487,83.8,9.625,10.44320331735129
2010-08-16,75.74166666666667,74.9128158610859,82.6,6.85833333333332,7.687184138914091
2010-08-17,76.60833333333333,76.14199818582351,82.6,5.99166666666666,6.458001814176484
2010-08-18,74.83333333333333,74.15920694570428,83.8,8.966666666666669,9.640793054295713
2010-08-19,76.68333333333334,76.45445121161073,83.9,7.216666666666669,7.445548788389274
2010-08-20,78.03333333333333,77.81179214720746,82.5,4.466666666666669,4.688207852792544
2010-08-21,75.84166666666667,74.87198393157962,82,6.158333333333331,7.128016068420379
2010-08-22,75,73.44469353375665,80.7,5.700000000000003,7.255306466243354
2010-08-23,72.84166666666667,70.59021640533885,80.6,7.758333333333326,10.009783594661144
2010-08-24,70.675,68.88030322664248,81.3,10.625,12.419696773357515
2010-08-25,70.93333333333334,69.08159906699494,81,10.066666666666663,11.91840093300506
2010-08-26,71.85833333333333,70.66466243358818,81.3,9.441666666666663,10.63533756641182
2010-08-27,70.40833333333333,69.13226642477646,81.5,11.091666666666669,12.36773357522354
2010-08-28,71.86666666666667,71.02044836076196,81.8,9.933333333333323,10.779551639238036
2010-08-29,76.425,76.36686536218737,81.7,5.275000000000006,5.333134637812634
2010-08-30,78.2,78.0130620707529,80.4,2.200000000000003,2.386937929247111
2010-08-31,79.775,80.12806790203447,81.2,1.4249999999999972,1.0719320979655294
2010-09-01,79.44166666666666,79.43706103408061,82.1,2.6583333333333314,2.6629389659193805
2010-09-02,78.44166666666666,78.818375016198,80.8,2.3583333333333343,1.9816249838019928
2010-09-03,74.21666666666667,73.72784760917455,82.1,7.883333333333326,8.372152390825448
2010-09-04,69.69166666666666,69.2312815861086,83.2,13.50833333333334,13.96871841389141
2010-09-05,66.85,66.09122716081379,81.5,14.650000000000006,15.408772839186213
2010-09-06,69.20833333333333,68.92463392510044,79.3,10.091666666666669,10.37536607489956
2010-09-07,72.23333333333333,72.53724245172995,79.9,7.666666666666671,7.362757548270054
2010-09-08,70.625,70.82813269405209,80.4,9.775000000000006,9.571867305947919
2010-09-09,64.95833333333333,64.3991577037709,81.3,16.34166666666667,16.9008422962291
2010-09-10,65.325,64.73605027860567,81.5,16.174999999999997,16.763949721394326
2010-09-11,66.71666666666667,65.95088765064143,82.2,15.483333333333334,16.24911234935857
2010-09-12,66.00833333333333,65.07518465725023,82.2,16.191666666666677,17.12481534274977
2010-09-13,68.06666666666666,67.20895425683555,82.7,14.63333333333334,15.491045743164449
2010-09-14,67.2,66.39873007645458,81.6,14.399999999999991,15.20126992354541
2010-09-15,65.56666666666666,64.5678242840482,81.7,16.13333333333334,17.132175715951803
2010-09-16,65.85833333333333,64.96118958144356,80.9,15.041666666666671,15.938810418556443
2010-09-17,65.125,64.51634054684463,80.9,15.775000000000006,16.383659453155374
2010-09-18,64.15,63.42801606842037,81.6,17.44999999999999,18.171983931579625
2010-09-19,66.325,65.5093430089413,81.1,14.774999999999991,15.590656991058694
2010-09-20,65.71666666666667,65.3094466761695,81.1,15.383333333333326,15.790553323830494
2010-09-21,66.53333333333333,66.33252559284696,80.8,14.266666666666666,14.467474407153034
2010-09-22,70.425,70.57965530646624,81.2,10.775000000000006,10.620344693533767
2010-09-23,72.05833333333334,71.6707010496307,79.8,7.74166666666666,8.129298950369304
2010-09-24,73.55,72.7570558507192,79.8,6.25,7.0429441492808
2010-09-25,70.85833333333333,70.70958921860827,80.5,9.641666666666666,9.790410781391728
2010-09-26,64.45,63.4536477905922,81.3,16.849999999999994,17.846352209407797
2010-09-27,64.11666666666667,62.77861863418428,81.8,17.683333333333323,19.02138136581572
2010-09-28,66.53333333333333,66.24040430218997,79.2,12.666666666666671,12.95959569781003
2010-09-29,66.31666666666666,66.47839834132435,78.7,12.38333333333334,12.221601658675652
2010-09-30,68.18333333333334,68.09765452896202,79.7,11.516666666666666,11.602345471037978
2010-10-01,63.983333333333334,63.62954516003629,78,14.016666666666666,14.370454839963713
2010-10-02,58.15833333333333,57.08163794220552,78,19.84166666666667,20.918362057794482
2010-10-03,55.5,54.39003498768951,78,22.5,23.60996501231049
2010-10-04,53.391666666666666,52.71291952831411,77.4,24.00833333333334,24.687080471685896
2010-10-05,55.166666666666664,54.84505636905533,76.6,21.43333333333333,21.754943630944666
2010-10-06,57.15833333333333,57.18113256446806,75.5,18.34166666666667,18.318867435531942
2010-10-07,58.983333333333334,58.64265906440327,73.6,14.61666666666666,14.957340935596726
2010-10-08,61.59166666666667,61.05705585071919,75,13.408333333333331,13.942944149280812
2010-10-09,63.36666666666667,62.64994168718414,75,11.633333333333333,12.350058312815861
2010-10-10,62.68333333333333,61.29079953349747,76.1,13.416666666666664,14.809200466502524
2010-10-11,65.58333333333333,64.30883763120383,76.7,11.116666666666674,12.391162368796174
2010-10-12,62.4,61.34045613580407,75.7,13.300000000000004,14.359543864195935
2010-10-13,57.541666666666664,56.18549954645588,73.8,16.258333333333333,17.614500453544117
2010-10-14,55.55833333333334,54.53627057146559,73.8,18.24166666666666,19.263729428534404
2010-10-15,53.69166666666667,52.58951665154853,74.3,20.608333333333327,21.71048334845147
2010-10-16,54.46666666666667,53.25205390695866,71.7,17.233333333333334,18.447946093041345
2010-10-17,56.25833333333333,55.25200207334456,72.3,16.041666666666664,17.047997926655434
2010-10-18,54.34166666666667,53.02857327977193,74,19.65833333333333,20.971426720228067
2010-10-19,53.25833333333333,51.6792147207464,74.8,21.541666666666664,23.120785279253596
2010-10-20,54.78333333333333,53.60822858623818,75.9,21.116666666666674,22.29177141376183
2010-10-21,52.858333333333334,51.42039652714786,75.7,22.84166666666667,24.279603472852145
2010-10-22,50.275,48.379966308150834,76.7,26.425000000000004,28.32003369184917
2010-10-23,54.93333333333333,53.59289879486847,78,23.06666666666667,24.407101205131532
2010-10-24,59.21666666666667,57.85605805364779,78.4,19.183333333333337,20.543941946352213
2010-10-25,62.266666666666666,61.371919139562,79,16.733333333333334,17.628080860437997
2010-10-26,62.725,63.01989114941039,79.7,16.975,16.680108850589612
2010-10-27,62.00833333333333,62.450071271219386,80.6,18.59166666666666,18.14992872878061
2010-10-28,57.44166666666666,57.30383568744331,79,21.558333333333337,21.69616431255669
2010-10-29,49.05,48.28514966956071,79.5,30.450000000000003,31.21485033043929
2010-10-30,49.25833333333333,48.62979136970325,78.4,29.141666666666673,29.770208630296757
2010-10-31,49.1,47.91117014383828,77.5,28.4,29.588829856161723
2010-11-01,45.55,43.41496695607101,76.2,30.650000000000006,32.78503304392899
2010-11-02,44.666666666666664,42.93262926007515,76,31.333333333333336,33.06737073992485
2010-11-03,46.08333333333333,44.17979784890502,75.1,29.016666666666666,30.920202151094976
2010-11-04,47.71666666666667,46.229065699105874,74.2,26.483333333333334,27.97093430089413
2010-11-05,45.825,44.91351561487625,66.8,20.974999999999994,21.886484385123744
2010-11-06,43.35,42.2535959569781,60,16.65,17.746404043021897
2010-11-07,44.00833333333333,42.89643643903071,60.7,16.69166666666667,17.803563560969295
2010-11-08,46.516666666666666,44.855099131786965,64.7,18.183333333333337,19.84490086821304
2010-11-09,49.70833333333333,48.76643773487106,64.7,14.991666666666674,15.933562265128941
2010-11-10,51.43333333333334,50.4,65.4,13.966666666666669,15.000000000000007
2010-11-11,49.25,48.41080730853959,69.5,20.25,21.08919269146041
2010-11-12,49.458333333333336,48.567591032784755,71.4,21.94166666666667,22.83240896721525
2010-11-13,49.24166666666667,49.10647920176235,69.9,20.65833333333334,20.793520798237658
2010-11-14,46.75833333333333,45.9588959440197,69,22.241666666666667,23.0411040559803
2010-11-15,47.15,46.90191784372165,68.1,20.949999999999996,21.198082156278346
2010-11-16,47.53333333333333,47.427912401192174,72.3,24.766666666666666,24.872087598807823
2010-11-17,50.725,50.45261111831022,73.2,22.475,22.74738888168978
2010-11-18,44.541666666666664,44.21565375145782,73.5,28.958333333333336,29.284346248542178
2010-11-19,41.358333333333334,40.552688868731366,70.9,29.54166666666667,30.34731113126864
2010-11-20,43.31666666666667,42.3123882337696,72,28.68333333333333,29.687611766230397
2010-11-21,44.475,43.14684462874174,72.9,28.425000000000004,29.753155371258266
2010-11-22,51.55,51.54217960347285,73.8,22.25,22.257820396527144
2010-11-23,48.50833333333333,47.518530517040304,73.3,24.791666666666664,25.781469482959693
2010-11-24,41.65,40.11741609433717,73.5,31.85,33.38258390566283
2010-11-25,39.59166666666667,37.950485940132175,74.8,35.20833333333333,36.84951405986782
2010-11-26,38.7,38.39541272515226,75.8,37.099999999999994,37.404587274847735
2010-11-27,34.55,33.91990410781391,73.7,39.150000000000006,39.78009589218609
2010-11-28,37.266666666666666,35.932110923934175,73.8,36.53333333333333,37.86788907606582
2010-11-29,40.34166666666667,39.060139950758064,75.7,35.358333333333334,36.63986004924194
2010-11-30,44.03333333333333,43.389179733056885,75.6,31.566666666666663,32.21082026694311
2010-12-01,41.775,42.10668653621874,70.5,28.725,28.39331346378126
2010-12-02,35.083333333333336,34.21636646365168,59.6,24.516666666666666,25.38363353634832
2010-12-03,34.891666666666666,33.40553323830504,59.6,24.708333333333336,26.19446676169496
2010-12-04,35.03333333333333,33.432901386549176,61.1,26.06666666666667,27.667098613450825
2010-12-05,31.25,29.64881430607749,66.8,35.55,37.15118569392251
2010-12-06,29.716666666666665,27.568368536996243,56,26.283333333333335,28.431631463003757
2010-12-07,28.71666666666667,26.7825709472593,52.6,23.883333333333333,25.817429052740703
2010-12-08,27.741666666666667,25.68534404561358,52.5,24.758333333333333,26.81465595438642
2010-12-09,28.058333333333334,25.296501231048335,53.1,25.041666666666668,27.803498768951666
2010-12-10,32.19166666666667,29.297952572243098,58.7,26.508333333333333,29.402047427756905
2010-12-11,36.45,34.68306336659324,61.4,24.949999999999996,26.71693663340676
2010-12-12,37.65,37.46203187767267,63.4,25.75,25.937968122327327
2010-12-13,28.875,29.272774394194634,56.7,27.825000000000003,27.42722560580537
2010-12-14,22.575,20.648943890112736,47.4,24.825,26.751056109887262
2010-12-15,24.783333333333335,21.52326033432681,48.5,23.716666666666665,26.97673966567319
2010-12-16,26.916666666666668,25.157224309965013,57.7,30.783333333333335,32.542775690034986
2010-12-17,26.95,24.96422184786834,64.1,37.14999999999999,39.13577815213165
2010-12-18,27.8,26.07351302319554,65.7,37.900000000000006,39.62648697680446
2010-12-19,28.3,26.129674744071533,63.6,35.3,37.47032525592847
2010-12-20,29.633333333333333,27.13938058831152,57.9,28.266666666666666,30.760619411688477
2010-12-21,33.516666666666666,31.343928987948686,60.4,26.883333333333333,29.056071012051312
2010-12-22,34.11666666666667,31.933756641181805,61.8,27.68333333333333,29.866243358818192
2010-12-23,32.625,30.711494103926398,65.2,32.575,34.488505896073605
2010-12-24,31.975,30.444317740054426,59.8,27.824999999999996,29.35568225994557
2010-12-25,30.191666666666666,29.299766748736555,62.7,32.50833333333334,33.400233251263444
2010-12-26,27.858333333333334,27.27436827782817,60.4,32.541666666666664,33.12563172217183
2010-12-27,24.916666666666668,23.041959310612935,51.2,26.283333333333335,28.158040689387068
2010-12-28,28.858333333333334,25.95881819359855,48,19.141666666666666,22.04118180640145
2010-12-29,32.75833333333333,29.947466632110924,53.1,20.34166666666667,23.152533367889077
2010-12-30,35.391666666666666,32.71977452377867,63.4,28.008333333333333,30.68022547622133
2010-12-31,39.266666666666666,38.61145522871582,68.7,29.433333333333337,30.088544771284184
2011-01-01,37.458333333333336,36.39814694829597,69,31.541666666666664,32.60185305170403
2011-01-02,34.391666666666666,34.55896073603732,68.2,33.80833333333334,33.64103926396268
2011-01-03,30.05,29.389387067513283,67.3,37.25,37.910612932486714
2011-01-04,31.075,29.671413761824542,67.8,36.724999999999994,38.12858623817546
2011-01-05,30.65833333333333,29.108500712712193,66.2,35.54166666666667,37.09149928728781
2011-01-06,29.066666666666666,27.555461967085655,67.3,38.233333333333334,39.74453803291434
2011-01-07,28.291666666666668,26.670882467280034,61.7,33.40833333333333,35.029117532719965
2011-01-08,26.15833333333333,24.697188026435146,65.1,38.94166666666666,40.40281197356485
2011-01-09,24.733333333333334,23.85920694570429,62.3,37.56666666666666,38.44079305429571
2011-01-10,26.46666666666667,25.5123364001555,67.8,41.33333333333333,42.28766359984449
2011-01-11,26.858333333333334,26.049410392639626,68.8,41.94166666666666,42.75058960736037
2011-01-12,26.725,25.869534793313463,58.1,31.375,32.23046520668654
2011-01-13,23.258333333333333,21.75368666580277,51.3,28.041666666666664,29.546313334197226
2011-01-14,23.28333333333333,20.663262926007516,57.2,33.91666666666667,36.536737073992484
2011-01-15,28.066666666666666,25.4537514578204,62.8,34.733333333333334,37.346248542179595
2011-01-16,26.733333333333334,24.971711805105613,63.9,37.166666666666664,38.928288194894385
2011-01-17,25.275,22.35918102889724,65.2,39.925000000000004,42.84081897110276
2011-01-18,33.88333333333333,32.308280419852274,68.5,34.61666666666667,36.191719580147726
2011-01-19,32.36666666666667,31.214202410263056,68.8,36.43333333333333,37.58579758973694
2011-01-20,26.991666666666667,25.170999092911753,67.5,40.50833333333333,42.32900090708824
2011-01-21,21.25,19.866943112608528,69.4,48.150000000000006,49.53305688739148
2011-01-22,17.3,14.97712841777893,61.2,43.900000000000006,46.222871582221075
2011-01-23,16.75,13.518426849812103,53.1,36.35,39.5815731501879
2011-01-24,18.183333333333334,14.586341842684982,62.4,44.21666666666667,47.81365815731502
2011-01-25,29.2,26.51415057664896,69.8,40.599999999999994,43.28584942335104
2011-01-26,29.125,26.774212776985877,65,35.875,38.22578722301412
2011-01-27,31.141666666666666,29.123545419204355,56.5,25.358333333333334,27.376454580795645
2011-01-28,30.366666666666667,28.12511338603084,57,26.633333333333333,28.87488661396916
2011-01-29,31.108333333333334,28.99153816249838,59.5,28.391666666666666,30.50846183750162
2011-01-30,28.991666666666667,26.429648827264483,59.7,30.708333333333336,33.270351172735516
2011-01-31,24.633333333333333,21.617442011144224,62.8,38.166666666666664,41.18255798885578
2011-02-01,25.6,23.832266424776467,69.1,43.49999999999999,45.26773357522353
2011-02-02,27.075,26.8835687443307,70.9,43.825,44.0164312556693
2011-02-03,20.675,18.935907736166904,70.6,49.925,51.66409226383309
2011-02-04,22.958333333333332,20.407425165219646,71.4,48.44166666666668,50.992574834780356
2011-02-05,29.908333333333335,27.53839574964364,71,41.09166666666667,43.46160425035636
2011-02-06,34.916666666666664,33.07020863029675,70.9,35.98333333333334,37.82979136970326
2011-02-07,32.55833333333333,30.86163016716341,70.4,37.841666666666676,39.538369832836594
2011-02-08,26.375,25.044861993002463,63.1,36.725,38.05513800699754
2011-02-09,18.941666666666666,16.206116366463654,63,44.05833333333334,46.793883633536346
2011-02-10,18.05,16.282622780873396,70.5,52.45,54.217377219126604
2011-02-11,23.141666666666666,20.66681352857328,63.9,40.75833333333333,43.23318647142672
2011-02-12,31.808333333333334,29.862213295322018,58.5,26.691666666666666,28.637786704677982
2011-02-13,37.09166666666667,34.69746015290916,58.5,21.40833333333333,23.80253984709084
2011-02-14,42.78333333333333,41.44291823247376,59.7,16.91666666666667,18.257081767526245
2011-02-15,32.44166666666667,29.147583257742646,59.8,27.358333333333327,30.65241674225735
2011-02-16,38.19166666666667,35.4533886225217,61.9,23.70833333333333,26.4466113774783
2011-02-17,47.983333333333334,46.957742646106006,65.1,17.11666666666666,18.14225735389399
2011-02-18,48.43333333333333,47.68229882078528,68.5,20.06666666666667,20.817701179214723
2011-02-19,35.675,33.39335233899184,67.2,31.525000000000006,33.806647661008164
2011-02-20,32.016666666666666,29.110872100557213,68.1,36.08333333333333,38.98912789944278
2011-02-21,33.041666666666664,30.376156537514575,69.2,36.15833333333334,38.82384346248543
2011-02-22,26.05,23.972748477387587,70.8,44.75,46.827251522612414
2011-02-23,30.258333333333333,27.963081508358172,69.8,39.541666666666664,41.836918491641825
2011-02-24,35.925,34.023934171310096,71.9,35.97500000000001,37.87606582868991
2011-02-25,35.3,34.37386290009071,71.8,36.5,37.42613709990929
2011-02-26,31.366666666666667,30.50526111183102,70.1,38.73333333333333,39.594738888168976
2011-02-27,38.233333333333334,36.49050149021641,70.9,32.66666666666667,34.409498509783596
2011-02-28,41.175,39.793417131009456,73.1,31.924999999999997,33.30658286899054
2011-03-01,35.05,33.61812880653103,72,36.95,38.38187119346897
2011-03-02,34.891666666666666,33.616638590125696,72.6,37.70833333333333,38.9833614098743
2011-03-03,30.65,28.161630167163406,70.4,39.75000000000001,42.2383698328366
2011-03-04,37.875,35.674212776985875,70.9,33.025000000000006,35.22578722301413
2011-03-05,42.858333333333334,41.45439937799663,70.8,27.941666666666663,29.345600622003367
2011-03-06,41.18333333333333,41.398950369314505,70.7,29.516666666666673,29.301049630685498
2011-03-07,36.983333333333334,36.11264740184009,66.8,29.816666666666663,30.687352598159904
2011-03-08,39.05833333333334,36.804522482830116,71.2,32.141666666666666,34.39547751716989
2011-03-09,39.9,37.79552935078398,74,34.1,36.20447064921602
2011-03-10,43.21666666666667,41.289270441881555,70.1,26.883333333333326,28.81072955811844
2011-03-11,44.05833333333334,43.94821821951536,60.8,16.74166666666666,16.851781780484636
2011-03-12,43.40833333333333,42.307088246728,61.8,18.391666666666666,19.492911753271997
2011-03-13,42.00833333333333,40.45903848645847,64.6,22.59166666666666,24.140961513541527
2011-03-14,39.5,37.37552157574187,66.2,26.700000000000003,28.824478424258132
2011-03-15,40.208333333333336,38.06462355837761,67.8,27.59166666666666,29.735376441622385
2011-03-16,45.425,43.55242970066087,68.8,23.375,25.247570299339124
2011-03-17,51.891666666666666,51.01888039393547,71.6,19.70833333333333,20.581119606064526
2011-03-18,54.833333333333336,53.97245043410652,71.6,16.76666666666666,17.627549565893474
2011-03-19,45.7,43.35014902164054,70.8,25.099999999999994,27.449850978359457
2011-03-20,43.09166666666667,41.33384735000648,71.6,28.508333333333326,30.266152649993515
2011-03-21,46.78333333333333,44.25673189063107,74,27.21666666666667,29.743268109368927
2011-03-22,45.233333333333334,43.12414150576649,71.2,25.96666666666667,28.075858494233515
2011-03-23,40.09166666666667,37.540158092523,70.2,30.108333333333334,32.659841907477
2011-03-24,35.94166666666667,33.885629130491125,71.6,35.658333333333324,37.71437086950887
2011-03-25,35.30833333333333,32.816146170791754,73.4,38.091666666666676,40.58385382920825
2011-03-26,33.99166666666667,31.096501231048332,73.6,39.60833333333333,42.50349876895166
2011-03-27,34.291666666666664,32.187015679668264,77,42.708333333333336,44.812984320331736
2011-03-28,34.791666666666664,32.68038097706363,77.8,43.00833333333333,45.11961902293637
2011-03-29,38.3,36.262096669690294,75.6,37.3,39.3379033303097
2011-03-30,40.19166666666666,38.74385123752754,76.9,36.70833333333334,38.15614876247247
2011-03-31,40.483333333333334,38.146546585460676,77.7,37.21666666666667,39.55345341453933
2011-04-01,42.858333333333334,39.65416612673319,74.8,31.941666666666663,35.14583387326681
2011-04-02,45.041666666666664,42.930348581054815,74,28.958333333333336,31.069651418945185
2011-04-03,47.75,46.593481923027085,76.5,28.75,29.906518076972915
2011-04-04,53.391666666666666,51.55594142801607,78.4,25.00833333333334,26.844058571983936
2011-04-05,49.1,48.48798755993261,76.9,27.800000000000004,28.412012440067393
2011-04-06,46.94166666666666,45.16192821044447,73.5,26.558333333333337,28.338071789555528
2011-04-07,47.575,44.762148503304395,76.9,29.325000000000003,32.13785149669561
2011-04-08,46.641666666666666,44.159971491512245,77.7,31.058333333333337,33.54002850848776
2011-04-09,49.791666666666664,48.26882208111961,79.2,29.40833333333334,30.931177918880394
2011-04-10,57.016666666666666,56.016703382143326,78.8,21.78333333333333,22.78329661785667
2011-04-11,61.475,60.43246080082934,78.6,17.124999999999993,18.167539199170655
2011-04-12,53.68333333333334,52.54830892834003,77.9,24.21666666666667,25.351691071659978
2011-04-13,50.56666666666666,49.05417908513671,76.3,25.733333333333334,27.245820914863287
2011-04-14,53.208333333333336,51.57014383827912,75.3,22.09166666666666,23.729856161720875
2011-04-15,50.45,47.872903978229886,76.3,25.849999999999994,28.42709602177011
2011-04-16,49.083333333333336,46.495710768433334,78.4,29.31666666666667,31.904289231566672
2011-04-17,51.78333333333333,50.67929247116756,77.2,25.41666666666667,26.520707528832446
2011-04-18,51.025,48.547207464040426,75.5,24.475,26.952792535959574
2011-04-19,50.025,46.96681352857328,77.9,27.875000000000007,30.933186471426723
2011-04-20,54.71666666666667,52.023765712064275,79.6,24.883333333333326,27.57623428793572
2011-04-21,50.55,48.716418297265776,78.9,28.35000000000001,30.18358170273423
2011-04-22,47.03333333333333,44.753440456135806,78.5,31.46666666666667,33.746559543864194
2011-04-23,54.708333333333336,52.604198522742,78.7,23.991666666666667,26.095801477258
2011-04-24,60.975,59.9402617597512,78,17.025,18.059738240248798
2011-04-25,59.733333333333334,57.34103926396268,78.7,18.96666666666667,21.358960736037325
2011-04-26,63.45833333333333,62.66607489957237,79.2,15.741666666666674,16.53392510042763
2011-04-27,63.125,62.44991577037709,81.8,18.674999999999997,19.350084229622908
2011-04-28,60.05833333333334,59.543605027860565,81.9,21.84166666666667,22.35639497213944
2011-04-29,56.80833333333334,56.286613969159,80,23.191666666666663,23.713386030841
2011-04-30,56.125,55.39470001295841,77.5,21.375,22.10529998704159
2011-05-01,56.56666666666666,55.532629260075154,80.1,23.53333333333333,24.56737073992484
2011-05-02,54.54166666666667,54.141298432033174,80,25.45833333333333,25.858701567966826
2011-05-03,57.00833333333333,55.98404820526111,80,22.991666666666667,24.01595179473889
2011-05-04,53.275,52.1320202151095,79.5,26.225,27.3679797848905
2011-05-05,54.225,52.44929376700791,77.1,22.874999999999993,24.650706232992086
2011-05-06,57.358333333333334,56.29532201632759,76.3,18.941666666666663,20.00467798367241
2011-05-07,58.74166666666667,57.46076195412725,78,19.258333333333333,20.53923804587275
2011-05-08,58.56666666666666,56.78067902034469,78.7,20.13333333333334,21.91932097965531
2011-05-09,59.63333333333333,58.6339639756382,77.6,17.96666666666666,18.96603602436179
2011-05-10,61.86666666666667,61.038447583257735,79.8,17.93333333333333,18.761552416742262
2011-05-11,62.925,61.70338214331994,80.5,17.575000000000003,18.796617856680058
2011-05-12,63.38333333333333,62.575936244654656,82.6,19.21666666666666,20.024063755345338
2011-05-13,61.5,59.81903589477776,79.4,17.900000000000006,19.580964105222243
2011-05-14,57.575,56.10546844628742,78.7,21.125,22.594531553712585
2011-05-15,57.68333333333333,56.608811714396786,75.9,18.216666666666676,19.29118828560322
2011-05-16,55.65833333333333,54.11529091615913,75.6,19.941666666666663,21.484709083840862
2011-05-17,56.06666666666667,54.387430348581056,75.7,19.633333333333333,21.312569651418947
2011-05-18,59.725,58.21886743553194,75.9,16.175000000000004,17.681132564468065
2011-05-19,61.86666666666667,61.16832966178567,76.7,14.833333333333336,15.531670338214333
2011-05-20,61.86666666666667,60.645574705196324,80.1,18.233333333333327,19.45442529480367
2011-05-21,64.35833333333333,63.268083452118695,81.2,16.84166666666667,17.931916547881308
2011-05-22,64.45,62.64832188674355,84.1,19.64999999999999,21.451678113256442
2011-05-23,65.675,64.40704937151743,82.7,17.025000000000006,18.292950628482572
2011-05-24,67.68333333333334,66.65686147466631,81.8,14.11666666666666,15.143138525333683
2011-05-25,67.00833333333334,65.8499157703771,81.2,14.191666666666663,15.350084229622908
2011-05-26,66.05,64.41313982117403,81.2,15.150000000000006,16.786860178825975
2011-05-27,67.21666666666667,66.49891149410392,81.5,14.283333333333331,15.001088505896078
2011-05-28,68.20833333333333,67.63830504081896,80.2,11.991666666666674,12.56169495918104
2011-05-29,70.34166666666667,69.69567189322275,80.1,9.758333333333326,10.404328106777243
2011-05-30,75.68333333333334,75.67765971232345,81.3,5.61666666666666,5.6223402876765505
2011-05-31,75.58333333333333,74.8767396656732,81.8,6.216666666666669,6.923260334326798
2011-06-01,73.45,73.05277957755605,81.1,7.6499999999999915,8.047220422443942
2011-06-02,68.11666666666666,66.81600362835299,82,13.88333333333334,15.183996371647012
2011-06-03,66.80833333333334,65.71380069975379,82.9,16.09166666666667,17.186199300246216
2011-06-04,68.03333333333333,67.0192173124271,84,15.966666666666669,16.980782687572898
2011-06-05,68.00833333333333,66.16728003110016,82.6,14.591666666666669,16.432719968899832
2011-06-06,71.38333333333334,70.43590773616691,83.2,11.816666666666663,12.764092263833092
2011-06-07,75.75833333333333,75.45635609692886,83.6,7.841666666666669,8.143643903071137
2011-06-08,78.14166666666667,78.78947777633796,83.6,5.458333333333329,4.8105222236620335
2011-06-09,75.44166666666666,75.38249319683814,83.5,8.058333333333337,8.11750680316186
2011-06-10,71.44166666666666,71.05319424646883,84.1,12.658333333333331,13.04680575353116
2011-06-11,68.3,66.25951794738889,83.9,15.600000000000009,17.64048205261112
2011-06-12,66.025,63.887508099002204,82.9,16.875,19.0124919009978
2011-06-13,66.05833333333334,64.30955034339769,82.8,16.74166666666666,18.49044965660231
2011-06-14,65.125,63.3533886225217,83.5,18.375,20.1466113774783
2011-06-15,67.10833333333333,65.84333290138655,84.2,17.09166666666667,18.356667098613457
2011-06-16,69.29166666666667,69.02022806790202,84.3,15.008333333333326,15.279771932097972
2011-06-17,70.08333333333333,69.12415446417,84.9,14.816666666666677,15.775845535830001
2011-06-18,72.1,71.65766489568485,83.4,11.300000000000011,11.74233510431516
2011-06-19,72.025,71.58421666450694,82.9,10.875,11.315783335493066
2011-06-20,71.2,70.66957366852404,83.5,12.299999999999997,12.830426331475962
2011-06-21,73.05833333333334,72.66901645717249,83.4,10.341666666666669,10.730983542827516
2011-06-22,72.19166666666666,71.496591939873,83.9,11.708333333333343,12.403408060127006
2011-06-23,69.15,68.23628352986913,82.9,13.75,14.663716470130879
2011-06-24,68.34166666666667,66.97699883374368,82.1,13.758333333333326,15.123001166256316
2011-06-25,69.50833333333333,68.80125696514189,82.4,12.89166666666668,13.598743034858117
2011-06-26,70.875,70.35912919528315,82.1,11.224999999999994,11.740870804716849
2011-06-27,72.125,71.50575353116497,82.5,10.375,10.99424646883503
2011-06-28,73.05833333333334,72.56794090967993,79.9,6.841666666666669,7.332059090320072
2011-06-29,72.2,71.65051185693922,80.1,7.8999999999999915,8.449488143060776
2011-06-30,73.14166666666667,72.15016198004406,79.2,6.058333333333337,7.049838019955942
2011-07-01,74.8,73.33873266813528,80.5,5.700000000000003,7.161267331864721
2011-07-02,76.45,75.60522223662045,79.5,3.049999999999997,3.894777763379551
2011-07-03,75.15,73.77453673707399,79.9,4.75,6.125463262926019
2011-07-04,76.63333333333334,75.82002073344563,81.8,5.166666666666657,5.979979266554366
2011-07-05,77.51666666666667,76.91483737203578,83.2,5.683333333333337,6.285162627964226
2011-07-06,78.33333333333333,77.77673966567319,80.3,1.9666666666666686,2.5232603343268067
2011-07-07,77.86666666666666,77.12397304652066,77.6,-0.2666666666666657,0.47602695347933377
2011-07-08,75.7,74.68078268757289,78.5,2.799999999999997,3.8192173124271136
2011-07-09,76.73333333333333,76.16820007775043,81.9,5.166666666666671,5.731799922249579
2011-07-10,77.46666666666667,76.89718802643515,82,4.533333333333331,5.1028119735648545
2011-07-11,79.48333333333333,79.44458986652845,81.7,2.2166666666666686,2.255410133471557
2011-07-12,80.1,80.41198652326032,82.4,2.3000000000000114,1.988013476739681
2011-07-13,75.48333333333333,75.12970066087858,81.5,6.016666666666666,6.370299339121416
2011-07-14,72.20833333333333,71.26207075288325,81.5,9.291666666666671,10.237929247116753
2011-07-15,74.74166666666667,74.11479849682519,82.1,7.35833333333332,7.985201503174807
2011-07-16,76.54166666666667,76.47788000518337,81.8,5.258333333333326,5.322119994816632
2011-07-17,79.8,79.73378255798885,81.2,1.4000000000000057,1.466217442011157
2011-07-18,81.63333333333333,81.59965012310484,81.1,-0.5333333333333314,-0.4996501231048427
2011-07-19,80.98333333333333,80.57984968251911,81,0.01666666666666572,0.42015031748088916
2011-07-20,81.28333333333333,81.38438512375275,82.3,1.0166666666666657,0.9156148762472469
2011-07-21,83.925,84.72278087339639,82.8,-1.125,-1.9227808733963911
2011-07-22,85.29166666666667,86.67689516651548,82.3,-2.9916666666666742,-4.376895166515482
2011-07-23,84.29166666666667,85.1032007256706,82.2,-2.0916666666666686,-2.903200725670601
2011-07-24,80.91666666666667,81.00515744460283,82.6,1.683333333333323,1.5948425553971646
2011-07-25,76.75833333333334,75.626772061682,83.4,6.641666666666666,7.773227938318001
2011-07-26,77.50833333333333,76.57628612154981,83.5,5.991666666666674,6.923713878450187
2011-07-27,76.89166666666667,76.4190488531813,83.6,6.708333333333329,7.1809511468187
2011-07-28,78.6,78.11273811066476,84.1,5.5,5.98726188933523
2011-07-29,79.38333333333333,78.4993261630167,84.5,5.116666666666674,6.000673836983296
2011-07-30,80.25,80.0173772191266,84.7,4.450000000000003,4.682622780873402
2011-07-31,80.16666666666666,79.48686017882596,84.9,4.7333333333333485,5.413139821174042
2011-08-01,81.19166666666666,80.52653881041856,83.4,2.208333333333343,2.873461189581448
2011-08-02,81.375,80.92127769858753,83.2,1.8250000000000028,2.278722301412472
2011-08-03,77.45,76.05030452248282,83.2,5.75,7.149695477517184
2011-08-04,75.55833333333334,74.05526759103279,83.5,7.941666666666663,9.444732408967212
2011-08-05,76.375,75.33011532979137,85.2,8.825000000000003,9.869884670208634
2011-08-06,76.93333333333334,76.21390436698198,84.7,7.766666666666666,8.486095633018024
2011-08-07,76.95833333333333,76.14373461189582,83.8,6.841666666666669,7.656265388104174
2011-08-08,77.19166666666666,76.46576389788778,82.4,5.208333333333343,5.934236102112223
2011-08-09,74.73333333333333,73.7771672929895,82.7,7.966666666666669,8.9228327070105
2011-08-10,73.58333333333333,72.67602695347934,81.7,8.116666666666674,9.023973046520666
2011-08-11,72.30833333333334,71.61337307243748,81.6,9.291666666666657,9.986626927562511
2011-08-12,72.75,71.81478553842166,82.1,9.349999999999994,10.285214461578335
2011-08-13,73.625,72.93625761306207,82.8,9.174999999999997,9.863742386937929
2011-08-14,71.31666666666666,69.8703900479461,83,11.683333333333337,13.129609952053897
2011-08-15,71.75833333333333,70.31301023713878,82.5,10.741666666666674,12.186989762861216
2011-08-16,71.875,70.14359206945704,82,10.125,11.856407930542957
2011-08-17,74.44166666666666,73.45368666580276,82.4,7.958333333333343,8.946313334197242
2011-08-18,75.43333333333334,74.36243358818194,81.1,5.666666666666657,6.737566411818051
2011-08-19,75.125,74.24093559673449,79.6,4.474999999999994,5.359064403265506
2011-08-20,74.20833333333333,73.41015938836335,80.9,6.691666666666677,7.489840611636652
2011-08-21,74.31666666666666,73.68066606194117,82.7,8.38333333333334,9.019333938058836
2011-08-22,72.05833333333334,70.98324478424257,82.5,10.441666666666663,11.516755215757428
2011-08-23,72.29166666666667,70.62967474407152,80.9,8.608333333333334,10.270325255928483
2011-08-24,74.625,73.49766748736556,82.6,7.974999999999994,9.102332512634433
2011-08-25,75.29166666666667,74.3961124789426,81.8,6.508333333333326,7.403887521057399
2011-08-26,75.45,74.3598937410911,84.1,8.649999999999991,9.740106258908895
2011-08-27,74.4,73.22227549565892,83.3,8.899999999999991,10.077724504341077
2011-08-28,72.3,70.7367889076066,82.9,10.600000000000009,12.16321109239341
2011-08-29,70.31666666666666,68.7357392769211,80.4,10.083333333333343,11.664260723078911
2011-08-30,70.73333333333333,69.57964234806272,80.1,9.36666666666666,10.520357651937275
2011-08-31,72.275,71.49073474147986,80.1,7.824999999999989,8.60926525852014
2011-09-01,74.58333333333334,73.91584812751069,80.8,6.216666666666654,6.884151872489312
2011-09-02,74.35833333333333,73.3511856939225,80,5.641666666666666,6.648814306077497
2011-09-03,75.24166666666667,74.48110664766101,80.4,5.158333333333331,5.918893352338998
2011-09-04,73.83333333333333,73.3064532849553,80.8,6.966666666666669,7.493546715044701
2011-09-05,69.71666666666667,69.4253077620837,82.3,12.583333333333329,12.874692237916292
2011-09-06,64.14166666666667,62.77050667357781,80.7,16.558333333333337,17.92949332642219
2011-09-07,66.775,65.0478165090061,81.1,14.324999999999989,16.052183490993897
2011-09-08,69.00833333333333,67.65552675910328,79.7,10.691666666666677,12.044473240896721
2011-09-09,70.8,70.03649086432551,80.8,10,10.763509135674482
2011-09-10,70.075,69.34260723078917,82.1,12.024999999999991,12.757392769210824
2011-09-11,69.21666666666667,67.98365945315537,81.2,11.983333333333334,13.216340546844634
2011-09-12,71.625,70.82070752883246,81.1,9.474999999999994,10.279292471167537
2011-09-13,71.79166666666667,70.99959828949073,81.7,9.908333333333331,10.700401710509269
2011-09-14,69.18333333333334,68.41592587793183,81.5,12.316666666666663,13.084074122068174
2011-09-15,62.958333333333336,62.007632499676035,80.6,17.64166666666666,18.59236750032396
2011-09-16,57.975,56.4544900868213,81.8,23.824999999999996,25.345509913178695
2011-09-17,59.425000000000004,58.10507969418168,80.6,21.17499999999999,22.49492030581831
2011-09-18,61.09166666666667,59.54608008293378,80.9,19.808333333333337,21.35391991706623
2011-09-19,62.275,60.91308798755993,81.1,18.824999999999996,20.18691201244006
2011-09-20,64.225,62.852870286380714,80.6,16.375,17.74712971361928
2011-09-21,66.15833333333333,65.39673448231179,81.5,15.341666666666669,16.103265517688214
2011-09-22,67.28333333333333,66.39042373979527,79.7,12.416666666666671,13.309576260204736
2011-09-23,64.70833333333333,64.15202799015161,80,15.291666666666671,15.847972009848391
2011-09-24,66.025,65.90990022029285,81.1,15.074999999999989,15.19009977970714
2011-09-25,67.81666666666666,67.10047946093042,79.7,11.88333333333334,12.599520539069587
2011-09-26,68.80833333333334,67.67505507321498,77.3,8.49166666666666,9.62494492678502
2011-09-27,67.79166666666667,66.39637164701308,78.4,10.608333333333334,12.003628352986922
2011-09-28,66.86666666666666,65.43424906051574,79.2,12.333333333333343,13.765750939484263
2011-09-29,65.775,64.83707399248412,78.4,12.625,13.562926007515884
2011-09-30,62.233333333333334,61.42903978229882,79.5,17.266666666666666,18.070960217701177
2011-10-01,57.71666666666667,57.35829985745756,79.5,21.78333333333333,22.14170014254244
2011-10-02,56.416666666666664,55.87983672411559,76.4,19.98333333333334,20.520163275884414
2011-10-03,56.55833333333334,55.61754567837242,77.4,20.84166666666667,21.782454321627583
2011-10-04,58.6,57.3154334585979,77.8,19.199999999999996,20.484566541402096
2011-10-05,61.84166666666667,60.943903071141634,76.7,14.858333333333334,15.75609692885837
2011-10-06,59.825,58.65368666580277,77.2,17.375,18.54631333419723
2011-10-07,61.275,59.90421148114552,77,15.725000000000001,17.095788518854476
2011-10-08,64.65,63.93481923027083,75.1,10.449999999999989,11.165180769729162
2011-10-09,66.5,66.47035117273552,75.6,9.099999999999994,9.129648827264475
2011-10-10,66.45833333333333,66.64203706103407,76.8,10.341666666666669,10.157962938965923
2011-10-11,65.125,64.66690423739796,79,13.875,14.333095762602042
2011-10-12,62.233333333333334,61.267292989503694,78.3,16.066666666666663,17.032707010496303
2011-10-13,62.266666666666666,61.15912919528314,78.8,16.53333333333333,17.640870804716855
2011-10-14,61.59166666666667,61.093702215887006,78.5,16.90833333333333,17.406297784112994
2011-10-15,57.85,56.98482570947259,78,20.15,21.015174290527412
2011-10-16,58.43333333333333,57.32261241415058,76.3,17.866666666666667,18.977387585849414
2011-10-17,58.41666666666667,57.04670208630297,74,15.583333333333329,16.95329791369703
2011-10-18,55.8,54.90649216016587,76.4,20.60000000000001,21.493507839834137
2011-10-19,55.916666666666664,55.23433976934042,77.1,21.18333333333333,21.86566023065957
2011-10-20,55.233333333333334,55.33103537644162,71.1,15.86666666666666,15.768964623558375
2011-10-21,52.80833333333334,51.749889853570046,68.5,15.691666666666663,16.750110146429954
2011-10-22,53.666666666666664,52.17300764545808,67.3,13.633333333333333,15.126992354541919
2011-10-23,54.65,53.11205131527796,71.3,16.65,18.187948684722038
2011-10-24,55.141666666666666,53.72375275366075,71.6,16.45833333333333,17.876247246339247
2011-10-25,54.94166666666666,54.2553323830504,71.2,16.25833333333334,16.9446676169496
2011-10-26,54.78333333333333,52.95862381754568,73.5,18.71666666666667,20.54137618245432
2011-10-27,49.35,47.726344434365686,75.5,26.15,27.773655565634314
2011-10-28,44.6,43.279305429571075,76.2,31.6,32.92069457042893
2011-10-29,42.733333333333334,41.53143708695089,75.2,32.46666666666667,33.668562913049115
2011-10-30,43.05,41.16971621096281,71.8,28.75,30.630283789037186
2011-10-31,44.8,42.40641440974472,72.1,27.299999999999997,29.693585590255275
2011-11-01,48.416666666666664,46.8425165219645,71.3,22.883333333333333,24.4574834780355
2011-11-02,50.858333333333334,49.24208889464818,72.6,21.74166666666666,23.357911105351818
2011-11-03,48.925,48.28995723726837,71.9,22.97500000000001,23.610042762731638
2011-11-04,46.2,45.69458338732668,68.6,22.39999999999999,22.905416612673314
2011-11-05,43.916666666666664,42.69922249578852,64.9,20.98333333333334,22.200777504211487
2011-11-06,47.25,46.00104963068551,70.8,23.549999999999997,24.79895036931449
2011-11-07,50.69166666666666,49.70562394712971,71.7,21.00833333333334,21.994376052870294
2011-11-08,53.575,53.004755734093564,71.3,17.724999999999994,18.295244265906433
2011-11-09,51.175,51.154619670856555,70.5,19.325000000000003,19.345380329143445
2011-11-10,48.625,48.98093818841518,69.6,20.974999999999994,20.619061811584814
2011-11-11,43.21666666666667,42.338732668135286,64.9,21.683333333333337,22.56126733186472
2011-11-12,47.016666666666666,45.78912789944279,65.5,18.483333333333334,19.71087210055721
2011-11-13,53.266666666666666,52.50690682907866,70,16.733333333333334,17.49309317092134
2011-11-14,55.78333333333333,54.57416094337177,73.3,17.516666666666666,18.725839056628224
2011-11-15,55.916666666666664,55.73652973953609,75.4,19.48333333333334,19.663470260463917
2011-11-16,50.65833333333333,49.6720228067902,75.1,24.441666666666663,25.42797719320979
2011-11-17,41.96666666666667,41.2595309057924,74,32.03333333333333,32.7404690942076
2011-11-18,40.225,39.18460541661267,73.4,33.175000000000004,34.21539458338734
2011-11-19,44.59166666666667,43.72034469353376,74.8,30.20833333333333,31.079655306466236
2011-11-20,50.44166666666667,49.85152261241415,74.3,23.858333333333327,24.448477387585847
2011-11-21,47.266666666666666,46.43647790592199,74.8,27.53333333333333,28.363522094078007
2011-11-22,45.06666666666666,43.909731761047034,74.2,29.13333333333334,30.29026823895297
2011-11-23,46.141666666666666,44.93873266813529,72.7,26.558333333333337,27.761267331864715
2011-11-24,44.541666666666664,43.31751976156537,72.6,28.05833333333333,29.282480238434623
2011-11-25,48.95,48.13548010885059,70.5,21.549999999999997,22.364519891149413
2011-11-26,51.09166666666667,50.86297784112997,72,20.90833333333333,21.137022158870032
2011-11-27,48.65,47.97550861733834,72.6,23.949999999999996,24.624491382661652
2011-11-28,49.483333333333334,49.88229882078528,71.4,21.91666666666667,21.517701179214725
2011-11-29,50.3,50.93643903071142,68.3,18,17.363560969288578
2011-11-30,43.108333333333334,43.33707399248413,66.2,23.09166666666667,22.862926007515874
2011-12-01,40.30833333333334,39.72453025787223,61.4,21.09166666666666,21.675469742127767
2011-12-02,40.09166666666667,39.40387456265388,67,26.90833333333333,27.596125437346117
2011-12-03,40.708333333333336,40.011273811066474,69.9,29.19166666666667,29.888726188933532
2011-12-04,42.81666666666667,42.947181547233384,71.9,29.083333333333336,28.95281845276662
2011-12-05,43.13333333333333,43.8812103148892,72.8,29.666666666666664,28.918789685110795
2011-12-06,44.69166666666666,46.51749384475833,71,26.308333333333337,24.482506155241673
2011-12-07,42.15833333333333,43.19124011921731,70.7,28.54166666666667,27.50875988078269
2011-12-08,35.875,35.7928080860438,62.3,26.424999999999997,26.5071919139562
2011-12-09,36.2,35.69353375664118,69.9,33.7,34.206466243358825
2011-12-10,34.56666666666667,33.414098743034856,70.6,36.033333333333324,37.18590125696514
2011-12-11,33.49166666666667,32.31374886613969,71.5,38.00833333333333,39.18625113386031
2011-12-12,36.18333333333333,35.041674225735385,71.6,35.416666666666664,36.55832577426461
2011-12-13,38.05833333333334,36.86931450045354,71.4,33.34166666666667,34.530685499546465
2011-12-14,42.55,41.49283400285085,70.1,27.549999999999997,28.607165997149146
2011-12-15,46.958333333333336,46.532927303356225,70.6,23.64166666666666,24.06707269664377
2011-12-16,40.516666666666666,40.32928599196579,71.3,30.78333333333333,30.970714008034207
2011-12-17,35.71666666666667,34.85360891538162,70.8,35.08333333333333,35.94639108461838
2011-12-18,33.483333333333334,31.332344175197615,68,34.516666666666666,36.66765582480238
2011-12-19,38.71666666666667,37.22573538940003,67.8,29.08333333333333,30.57426461059997
2011-12-20,39.59166666666667,38.555241674225734,69.7,30.108333333333334,31.14475832577427
2011-12-21,44.108333333333334,43.84523778670468,71.3,27.191666666666663,27.454762213295318
2011-12-22,45.025,44.97351302319554,71.8,26.775,26.82648697680446
2011-12-23,38.96666666666667,38.63983413243489,72,33.03333333333333,33.36016586756511
2011-12-24,34.325,32.71824543216276,73,38.675,40.28175456783724
2011-12-25,36.525,35.333406764286636,72.3,35.775,36.96659323571336
2011-12-26,38.208333333333336,36.995956978100295,72.3,34.09166666666666,35.3040430218997
2011-12-27,39.125,38.46877024750551,71.2,32.075,32.73122975249449
2011-12-28,37.141666666666666,36.58248023843463,62.8,25.65833333333333,26.21751976156537
2011-12-29,34.44166666666666,32.72627964234806,58.3,23.858333333333334,25.573720357651936
2011-12-30,39.88333333333333,38.33246080082934,62,22.116666666666667,23.667539199170662
2011-12-31,43.775,42.25077102500972,68.5,24.725,26.24922897499028
2012-01-01,42.31666666666667,41.16449397434236,68,25.68333333333333,26.835506025657637
2012-01-02,35.11666666666667,34.164468057535316,65,29.883333333333333,30.835531942464684
2012-01-03,28.4,26.308448879098094,54.7,26.300000000000004,28.39155112090191
2012-01-04,28.96666666666667,26.162070752883245,50.2,21.233333333333334,24.037929247116757
2012-01-05,36,33.85587663599845,55.7,19.700000000000003,21.844123364001554
2012-01-06,42.791666666666664,40.752688868731376,59.8,17.008333333333333,19.04731113126862
2012-01-07,43.03333333333333,41.79432421925619,61.1,18.06666666666667,19.30567578074381
2012-01-08,38.025,36.52145911623688,63.5,25.475,26.978540883763117
2012-01-09,36.625,34.67058442399897,67.1,30.474999999999994,32.42941557600103
2012-01-10,38.891666666666666,37.74767396656732,66.6,27.70833333333333,28.852326033432675
2012-01-11,38.858333333333334,37.48765064144098,68.4,29.54166666666667,30.912349358559027
2012-01-12,39.44166666666667,38.72112219774524,68.7,29.258333333333333,29.978877802254765
2012-01-13,32.291666666666664,31.487391473370483,66.6,34.30833333333333,35.112608526629515
2012-01-14,27.9,25.59322275495659,58.4,30.5,32.806777245043406
2012-01-15,25.383333333333333,21.654230918750812,59.3,33.916666666666664,37.645769081249185
2012-01-16,32.2,29.306842037061035,62.4,30.199999999999996,33.09315796293896
2012-01-17,39.65,37.75390695866269,66.7,27.050000000000004,28.946093041337313
2012-01-18,32.44166666666667,31.30704937151743,65.6,33.158333333333324,34.292950628482565
2012-01-19,27.3,25.07810029804328,66.7,39.400000000000006,41.62189970195672
2012-01-20,27.65,25.211131268627703,65.1,37.449999999999996,39.88886873137229
2012-01-21,26.766666666666666,24.71426720228068,67,40.233333333333334,42.28573279771932
2012-01-22,29.191666666666666,26.331424128547365,66,36.80833333333334,39.66857587145263
2012-01-23,39.88333333333333,39.199961124789425,67.6,27.71666666666666,28.40003887521057
2012-01-24,39.766666666666666,39.08688609563302,69.2,29.433333333333337,30.113113904366983
2012-01-25,37.30833333333334,35.5043021899702,70.8,33.49166666666666,35.2956978100298
2012-01-26,38.175000000000004,35.9051444861993,71.7,33.525,35.794855513800705
2012-01-27,43.49166666666667,42.55065439937799,71.6,28.108333333333327,29.049345600622004
2012-01-28,38.05833333333333,37.03439160295452,68.3,30.241666666666667,31.265608397045476
2012-01-29,35.19166666666667,34.20771025009719,68.5,33.30833333333333,34.29228974990281
2012-01-30,36.199999999999996,35.01702734223143,68.2,32.00000000000001,33.18297265776857
2012-01-31,45.19166666666667,43.986458468316705,70.4,25.208333333333336,26.4135415316833
2012-02-01,47.50833333333333,45.99230270830634,70.4,22.891666666666673,24.407697291693665
2012-02-02,41.75833333333333,39.72313075029157,70.5,28.741666666666667,30.776869249708433
2012-02-03,38.483333333333334,36.02449138266166,72.2,33.71666666666667,36.175508617338345
2012-02-04,38.1,36.66726707269664,73.3,35.199999999999996,36.63273292730336
2012-02-05,35.825,34.25223532460801,71.2,35.375,36.947764675391994
2012-02-06,37.65,36.23624465465854,71.2,33.550000000000004,34.96375534534146
2012-02-07,38.15,36.689322275495655,71.9,33.75000000000001,35.21067772450435
2012-02-08,34.583333333333336,32.89781002980433,71.3,36.71666666666666,38.402189970195664
2012-02-09,36.025,34.31114422703123,71,34.975,36.68885577296877
2012-02-10,35.4,34.128430737333154,71,35.6,36.871569262666846
2012-02-11,29.525,28.593883633536347,66.3,36.775,37.70611636646365
2012-02-12,26.625,25.337994039134376,53.8,27.174999999999997,28.46200596086562
2012-02-13,31.966666666666665,30.497239860049245,55.5,23.533333333333335,25.002760139950755
2012-02-14,36.958333333333336,35.53906958662693,64.5,27.541666666666664,28.96093041337307
2012-02-15,39.775,38.41600362835298,68.7,28.925000000000004,30.28399637164702
2012-02-16,39.38333333333333,38.08969806919788,69.6,30.21666666666666,31.510301930802115
2012-02-17,40.983333333333334,40.07318906310742,69.8,28.816666666666663,29.726810936892576
2012-02-18,38.24166666666667,36.74999352079824,70.4,32.15833333333334,33.650006479201764
2012-02-19,36.05,34.51614617079176,73.2,37.150000000000006,38.683853829208246
2012-02-20,36.61666666666667,34.848360761954126,68.2,31.583333333333336,33.35163923804588
2012-02-21,39.31666666666667,37.49895036931451,68,28.68333333333333,30.501049630685493
2012-02-22,44.575,42.84185564338473,69.4,24.825000000000003,26.558144356615273
2012-02-23,45.68333333333333,43.602345471037964,72.6,26.916666666666664,28.99765452896203
2012-02-24,40.416666666666664,38.200466502526886,74,33.583333333333336,35.799533497473114
2012-02-25,35.575,34.17553453414539,71.9,36.325,37.724465465854614
2012-02-26,35.65833333333333,34.04793313463781,70.6,34.94166666666666,36.552066865362185
2012-02-27,40.36666666666667,38.73282363612803,74.1,33.73333333333333,35.36717636387196
2012-02-28,40.13333333333333,38.64066347026046,74.4,34.26666666666667,35.75933652973954
2012-02-29,42.00833333333333,40.462122586497344,74.3,32.291666666666664,33.83787741350265
2012-03-01,42.391666666666666,39.71174031359337,73.6,31.20833333333333,33.88825968640663
2012-03-02,40.708333333333336,37.85950498898536,73.9,33.19166666666667,36.04049501101465
2012-03-03,42.583333333333336,41.33761824543216,76.1,33.51666666666666,34.76238175456783
2012-03-04,37.49166666666667,35.93667228197486,69.8,32.30833333333333,33.86332771802514
2012-03-05,35.71666666666667,33.59355967344823,63.2,27.483333333333334,29.60644032655177
2012-03-06,39.425,37.659971491512245,67.9,28.47500000000001,30.24002850848776
2012-03-07,49.19166666666666,48.481599066994946,71.9,22.708333333333343,23.41840093300506
2012-03-08,52.8,52.31083322534664,73.8,21,21.489166774653356
2012-03-09,41.90833333333333,41.24190747699883,73.8,31.891666666666666,32.558092523001164
2012-03-10,39.391666666666666,37.69262666839445,73.1,33.70833333333333,35.40737333160554
2012-03-11,46.775,45.59904107813917,73.8,27.025,28.200958921860824
2012-03-12,52.55833333333333,52.514008034210185,74.1,21.541666666666664,21.58599196578981
2012-03-13,56.983333333333334,56.480640145134124,73.1,16.11666666666666,16.61935985486587
2012-03-14,57.9,57.154658546067125,73.3,15.399999999999999,16.145341453932872
2012-03-15,55.5,53.325579888557726,71.9,16.400000000000006,18.57442011144228
2012-03-16,54.925,52.95798885577297,72.9,17.97500000000001,19.94201114422704
2012-03-17,57.05,55.778981469482964,73.8,16.75,18.021018530517033
2012-03-18,57.225,56.71509654010626,73.6,16.374999999999993,16.884903459893735
2012-03-19,60.55833333333334,60.594531553712585,74.1,13.541666666666657,13.50546844628741
2012-03-20,60.708333333333336,61.24604120772321,73.6,12.891666666666659,12.353958792276785
2012-03-21,61.325,62.02502267720617,74.7,13.375,12.674977322793836
2012-03-22,63.1,63.6268238952961,75.4,12.300000000000004,11.773176104703907
2012-03-23,61.666666666666664,61.361798626409225,75.5,13.833333333333336,14.138201373590775
2012-03-24,55.99166666666667,54.598082156278345,74.6,18.608333333333327,20.00191784372165
2012-03-25,52.55,50.72412854736296,73.4,20.85000000000001,22.675871452637047
2012-03-26,46.21666666666667,44.195568225994556,72.9,26.683333333333337,28.70443177400545
2012-03-27,44.91666666666667,43.26976804457691,73.2,28.28333333333333,29.930231955423096
2012-03-28,53.50833333333333,52.427083063366595,74.5,20.991666666666667,22.072916936633405
2012-03-29,49.46666666666667,47.4616820007775,73.3,23.83333333333333,25.838317999222497
2012-03-30,47.65833333333333,45.880601269923545,74.2,26.54166666666667,28.319398730076458
2012-03-31,46.641666666666666,43.73755345341454,75.4,28.75833333333334,31.662446546585464
2012-04-01,49.733333333333334,47.62546326292601,75.8,26.066666666666663,28.174536737073986
2012-04-02,50.25833333333333,48.43479331346378,75,24.741666666666667,26.56520668653622
2012-04-03,52.38333333333333,50.77099909291175,76.2,23.81666666666667,25.429000907088252
2012-04-04,54.125,52.274860697162104,76.6,22.474999999999994,24.32513930283789
2012-04-05,48.2,46.31680704937152,76.6,28.39999999999999,30.283192950628475
2012-04-06,47.43333333333334,45.43476739665673,75.2,27.766666666666666,29.76523260334327
2012-04-07,50.36666666666667,48.459660489827655,73,22.633333333333333,24.540339510172345
2012-04-08,52.95,51.47789296358689,73.7,20.75,22.222107036413114
2012-04-09,52.25,51.340365426979396,73.9,21.650000000000006,22.55963457302061
2012-04-10,48.483333333333334,47.338512375275364,73.8,25.316666666666663,26.461487624724633
2012-04-11,46.225,44.92898794868472,73.5,27.275,28.57101205131528
2012-04-12,49.2,47.86650252688869,74,24.799999999999997,26.133497473111312
2012-04-13,52.083333333333336,51.23642607230789,75.2,23.116666666666667,23.96357392769211
2012-04-14,57.141666666666666,56.540378385382915,73.3,16.15833333333333,16.759621614617082
2012-04-15,63.4,63.804198522742,75.8,12.399999999999999,11.995801477257999
2012-04-16,64.39166666666667,65.1054036542698,76.4,12.00833333333334,11.294596345730213
2012-04-17,60.233333333333334,60.49641052222366,76.8,16.566666666666663,16.303589477776335
2012-04-18,55.43333333333334,55.133678890760656,76.2,20.766666666666666,21.066321109239347
2012-04-19,57.46666666666667,56.958157315018795,75.7,18.233333333333334,18.741842684981208
2012-04-20,57.90833333333333,56.2967474407153,76.4,18.491666666666674,20.103252559284705
2012-04-21,56.475,56.21941168847998,72.9,16.425000000000004,16.680588311520026
2012-04-22,50.2,49.237061034080604,72.8,22.599999999999994,23.562938965919393
2012-04-23,49.5,49.18746922379163,70.8,21.299999999999997,21.612530776208366
2012-04-24,51.233333333333334,49.83216275754827,67.2,15.966666666666669,17.367837242451735
2012-04-25,54.94166666666667,53.152727743941945,67.5,12.55833333333333,14.347272256058055
2012-04-26,54.18333333333334,52.25541013347156,70.7,16.516666666666666,18.444589866528446
2012-04-27,50.56666666666667,48.56659323571336,73.4,22.833333333333336,24.833406764286643
2012-04-28,49.083333333333336,47.2487624724634,75.6,26.51666666666666,28.351237527536597
2012-04-29,53.016666666666666,51.0978489050149,72.3,19.28333333333333,21.202151094985098
2012-04-30,55.141666666666666,53.39192691460412,73.3,18.15833333333333,19.908073085395877
2012-05-01,59.641666666666666,57.38185823506544,74.3,14.658333333333331,16.91814176493456
2012-05-02,60.575,58.42215887002721,77.3,16.724999999999994,18.877841129972786
2012-05-03,63.083333333333336,60.91990410781392,77.1,14.016666666666659,16.180095892186074
2012-05-04,64.975,63.05890890242322,76.4,11.425000000000011,13.341091097576786
2012-05-05,62.225,59.94882726448102,76.5,14.274999999999999,16.551172735518982
2012-05-06,61.125,59.579486847220416,76.6,15.474999999999994,17.02051315277958
2012-05-07,60.541666666666664,58.62004665025269,77.2,16.65833333333334,18.579953349747313
2012-05-08,61.016666666666666,59.67142672022806,76.9,15.88333333333334,17.228573279771943
2012-05-09,60.86666666666667,59.697330568873916,77.9,17.03333333333334,18.20266943112609
2012-05-10,57.708333333333336,56.781249190099786,78.8,21.09166666666666,22.01875080990021
2012-05-11,58.7,57.94981210314889,79.1,20.39999999999999,21.1501878968511
2012-05-12,62.09166666666667,61.44079305429571,79.7,17.608333333333334,18.259206945704292
2012-05-13,64.01666666666667,63.876454580795645,79,14.983333333333334,15.123545419204355
2012-05-14,63.99166666666667,63.576817416094336,79.9,15.908333333333339,16.32318258390567
2012-05-15,64.525,64.13582998574576,80.2,15.674999999999997,16.064170014254245
2012-05-16,64.59166666666667,63.966489568485166,77.5,12.908333333333331,13.533510431514834
2012-05-17,62.358333333333334,61.42568355578593,75.8,13.441666666666663,14.374316444214067
2012-05-18,63.94166666666666,62.91277698587535,76.8,12.858333333333334,13.88722301412465
2012-05-19,67.30833333333334,66.61197356485681,77,9.691666666666663,10.388026435143189
2012-05-20,68.175,67.91294544512117,76,7.825000000000003,8.087054554878833
2012-05-21,65.16666666666667,63.12752364908643,78,12.833333333333329,14.872476350913573
2012-05-22,65.16666666666667,63.06427368148244,77.8,12.633333333333326,14.735726318517557
2012-05-23,67.8,66.51035376441622,78,10.200000000000003,11.489646235583777
2012-05-24,68.525,68.32754956589348,78.7,10.174999999999997,10.372450434106526
2012-05-25,69.30833333333334,68.62262537255411,80.1,10.791666666666657,11.477374627445883
2012-05-26,72,72.41812880653103,81.3,9.299999999999997,8.881871193468967
2012-05-27,74.30833333333334,74.4085525463263,81,6.691666666666663,6.591447453673695
2012-05-28,75.74166666666666,75.89204354023585,81.4,5.658333333333346,5.507956459764159
2012-05-29,74.93333333333334,75.41059997408318,81.5,6.566666666666663,6.089400025916817
2012-05-30,69.24166666666666,68.72464688350395,81.6,12.358333333333334,12.875353116496044
2012-05-31,66.95,65.66572502267721,79.7,12.75,14.034274977322795
2012-06-01,64.26666666666667,62.727588441104054,75.7,11.433333333333337,12.97241155889595
2012-06-02,64.65,63.92311779188804,79.4,14.75,15.476882208111967
2012-06-03,66.025,64.97838538292082,79.4,13.375,14.421614617079186
2012-06-04,63.016666666666666,61.09538680834522,80.1,17.08333333333333,19.004613191654776
2012-06-05,61.891666666666666,59.83409355967345,80.4,18.50833333333334,20.565906440326557
2012-06-06,64.74166666666666,63.05388104185564,79.6,14.858333333333334,16.546118958144355
2012-06-07,66.94166666666666,65.59153816249838,80.9,13.958333333333343,15.308461837501625
2012-06-08,70.10833333333333,69.36571206427368,79.9,9.791666666666671,10.534287935726326
2012-06-09,72.83333333333333,72.16630815083582,80.5,7.666666666666671,8.333691849164182
2012-06-10,74.95833333333333,74.14668912789945,82.4,7.441666666666677,8.253310872100556
2012-06-11,71.875,70.90330439289879,82.8,10.924999999999997,11.896695607101208
2012-06-12,68.80833333333334,67.95938836335363,81.2,12.391666666666666,13.240611636646378
2012-06-13,66.84166666666667,65.8496047686925,81.3,14.458333333333329,15.450395231307496
2012-06-14,68.55833333333334,67.86994946222626,82.2,13.641666666666666,14.330050537773744
2012-06-15,70.71666666666667,70.04749254891797,81.2,10.483333333333334,11.15250745108203
2012-06-16,71.10833333333333,70.21983931579629,80.9,9.791666666666671,10.680160684203713
2012-06-17,68.75,67.35981599066996,81.3,12.549999999999997,13.94018400933004
2012-06-18,69.925,68.93694440844888,81.3,11.375,12.363055591551117
2012-06-19,74.33333333333333,73.66773357522354,79.6,5.266666666666666,5.932266424776458
2012-06-20,79.89166666666667,80.57281326940522,77,-2.8916666666666657,-3.5728132694052164
2012-06-21,80.30833333333334,81.04448619930025,77.9,-2.4083333333333314,-3.144486199300246
2012-06-22,77.775,78.14129843203318,77.4,-0.375,-0.7412984320331759
2012-06-23,74.80833333333334,74.681624983802,76.5,1.6916666666666629,1.8183750161980043
2012-06-24,75.74166666666667,75.44008034210185,77,1.2583333333333258,1.5599196578981491
2012-06-25,71.69166666666666,70.59146041207724,79.4,7.708333333333343,8.808539587922766
2012-06-26,69.1,67.75568225994557,80.3,11.200000000000003,12.544317740054424
2012-06-27,74.26666666666667,73.13400285084877,81.2,6.933333333333337,8.06599714915123
2012-06-28,79.35833333333333,79.08824672800311,81,1.6416666666666657,1.9117532719968864
2012-06-29,82.01666666666667,81.88711934689647,80.9,-1.11666666666666,-0.9871193468964634
2012-06-30,80.325,80.76148762472464,81.1,0.7749999999999915,0.33851237527535716
2012-07-01,80.09166666666667,80.59278216923676,81.5,1.4083333333333314,0.9072178307632441
2012-07-02,79.48333333333333,79.2328106777245,82.1,2.61666666666666,2.867189322275493
2012-07-03,80.10833333333333,80.04434365686147,81.3,1.1916666666666629,1.2556563431385257
2012-07-04,81.65833333333333,81.6780095892186,81.1,-0.5583333333333371,-0.5780095892186097
2012-07-05,83.11666666666666,83.4552675910328,79.9,-3.2166666666666544,-3.5552675910327878
2012-07-06,83.20833333333333,83.32228845406246,81,-2.2083333333333286,-2.322288454062459
2012-07-07,83.7,83.85870156796682,81.7,-2,-2.1587015679668156
2012-07-08,79.275,79.32315666709862,80.6,1.3249999999999886,1.2768433329013789
2012-07-09,77.26666666666667,77.24816638590126,80,2.7333333333333343,2.751833614098743
2012-07-10,76.45,76.12012440067383,80.4,3.950000000000003,4.279875599326175
2012-07-11,76.51666666666667,76.23725541013347,79.7,3.183333333333337,3.4627445898665314
2012-07-12,77.79166666666667,77.85353116496049,78.6,0.8083333333333229,0.7464688350395079
2012-07-13,78.35833333333333,78.97576778540883,79.4,1.0416666666666714,0.42423221459117144
2012-07-14,77.69166666666666,78.36376830374499,80.3,2.6083333333333343,1.9362316962550068
2012-07-15,78.54166666666667,79.05881819359855,80.6,2.058333333333323,1.5411818064014398
2012-07-16,80.275,80.88489050149022,79.2,-1.0750000000000028,-1.6848905014902158
2012-07-17,83.15833333333333,84.4157962938966,79.3,-3.8583333333333343,-5.115796293896608
2012-07-18,81.66666666666667,82.68542179603473,81.2,-0.46666666666666856,-1.4854217960347285
2012-07-19,76.425,75.88333549306725,82.8,6.375,6.916664506932747
2012-07-20,72.35833333333333,70.69788778022547,83.2,10.841666666666669,12.502112219774531
2012-07-21,72.90833333333333,71.97011792147208,82.7,9.791666666666671,10.729882078527922
2012-07-22,75.9,75.41516133212389,80.1,4.199999999999989,4.684838667876107
2012-07-23,78.95,79.02265128936115,81.3,2.3499999999999943,2.2773487106388473
2012-07-24,79.18333333333334,79.3467668783206,82.4,3.2166666666666686,3.053233121679412
2012-07-25,77.00833333333334,77.19230270830634,83.2,6.191666666666663,6.00769729169366
2012-07-26,78.475,78.03137229493326,82.9,4.425000000000011,4.868627705066743
2012-07-27,77.125,76.85836464947519,83.1,5.974999999999994,6.241635350524803
2012-07-28,75.09166666666667,74.08753401580925,82.9,7.808333333333337,8.812465984190752
2012-07-29,74.36666666666666,73.08727484773875,83.1,8.733333333333334,10.01272515226124
2012-07-30,76.04166666666667,75.2347544382532,83,6.958333333333329,7.765245561746795
2012-07-31,75.325,73.94122068161202,82.5,7.174999999999997,8.558779318387977
2012-08-01,75.9,74.6905014902164,83.2,7.299999999999997,8.509498509783597
2012-08-02,78.16666666666667,77.6455099131787,84.3,6.133333333333326,6.654490086821298
2012-08-03,80.16666666666667,80.25169107165998,82.2,2.0333333333333314,1.9483089283400261
2012-08-04,79.49166666666666,79.77230789166775,82.4,2.9083333333333456,2.627692108332255
2012-08-05,78.54166666666667,78.56629519243229,82.5,3.9583333333333286,3.9337048075677075
2012-08-06,77.05833333333334,76.59961124789426,81.1,4.041666666666657,4.500388752105735
2012-08-07,77.00833333333334,76.16103408060128,83,5.99166666666666,6.838965919398717
2012-08-08,77.65833333333333,77.01382661656083,84.5,6.841666666666669,7.486173383439166
2012-08-09,76.83333333333333,76.06939225087469,84.2,7.366666666666674,8.130607749125318
2012-08-10,74.06666666666666,72.88754697421277,82.6,8.533333333333331,9.712453025787227
2012-08-11,73.94166666666666,73.15101723467669,80.2,6.25833333333334,7.048982765323316
2012-08-12,74.29166666666667,73.38271348969808,81.1,6.808333333333323,7.717286510301918
2012-08-13,74.16666666666667,72.98715822210704,81.9,7.733333333333334,8.9128417778929645
2012-08-14,73.99166666666667,72.83389918362059,82.8,8.808333333333323,9.96610081637941
2012-08-15,74.38333333333334,73.72811973564858,82.7,8.316666666666663,8.971880264351427
2012-08-16,74.79166666666667,74.0352209407801,83.5,8.708333333333329,9.464779059219893
2012-08-17,74.33333333333333,73.41282881948945,82.5,8.166666666666671,9.087171180510552
2012-08-18,70.85833333333333,69.8639367629908,83.3,12.441666666666663,13.436063237009193
2012-08-19,69.725,68.90980951146818,83.7,13.975000000000009,14.79019048853182
2012-08-20,70.40833333333333,69.71536866658028,84,13.591666666666669,14.284631333419725
2012-08-21,71.04166666666667,70.65487883892703,83.5,12.458333333333329,12.845121161072967
2012-08-22,72.45,72.13352338991837,83.1,10.649999999999991,10.966476610081628
2012-08-23,74.775,74.74523778670468,83.3,8.524999999999991,8.55476221329532
2012-08-24,75.925,75.94693533756642,84.1,8.174999999999997,8.153064662433579
2012-08-25,75.13333333333333,75.34357911105351,81.6,6.466666666666669,6.256420888946479
2012-08-26,73.925,73.53843462485422,78.6,4.674999999999997,5.061565375145776
2012-08-27,74.43333333333334,73.65955682259946,80,5.566666666666663,6.3404431774005445
2012-08-28,75.675,74.92442659064403,80.6,4.924999999999997,5.675573409355962
2012-08-29,73.75833333333333,72.41567966826487,81.7,7.941666666666677,9.284320331735131
2012-08-30,75.15,73.74838667876116,82.7,7.549999999999997,8.951613321238838
2012-08-31,78.65,78.18905014902164,83.1,4.449999999999989,4.910949850978355
2012-09-01,77.1,76.3465077102501,83.3,6.200000000000003,6.953492289749903
2012-09-02,74.65,73.64556174679281,82,7.349999999999994,8.354438253207192
2012-09-03,74.79166666666666,73.24449915770376,80.5,5.708333333333343,7.255500842296243
2012-09-04,75.525,74.35141894518596,80,4.474999999999994,5.648581054814045
2012-09-05,75.95833333333333,75.47659712323443,79.8,3.8416666666666686,4.32340287676557
2012-09-06,74.54166666666667,73.58851885447713,80.2,5.658333333333331,6.611481145522873
2012-09-07,74.51666666666667,73.70169755086174,81.3,6.783333333333331,7.598302449138259
2012-09-08,71.06666666666666,70.53940650511856,82,10.933333333333337,11.460593494881437
2012-09-09,67.15,66.15802773098355,82.6,15.449999999999989,16.441972269016446
2012-09-10,65.85833333333333,64.54802384346249,81.2,15.341666666666669,16.651976156537515
2012-09-11,66.925,65.50292859919658,80.3,13.375,14.797071400803418
2012-09-12,68.725,68.18841518724894,81.8,13.075000000000003,13.611584812751062
2012-09-13,69.38333333333333,68.2508617338344,80.1,10.716666666666669,11.849138266165596
2012-09-14,67.79166666666667,67.18737851496695,81.4,13.608333333333334,14.212621485033054
2012-09-15,66.96666666666667,66.09777115459376,79.9,12.933333333333337,13.802228845406248
2012-09-16,65.59166666666667,64.7354801088506,78.6,13.008333333333326,13.8645198911494
2012-09-17,65.36666666666666,64.9703900479461,79.6,14.233333333333334,14.629609952053897
2012-09-18,65.15833333333333,64.41488920564987,78.8,13.641666666666666,14.385110794350126
2012-09-19,62.75,62.04882726448101,79.2,16.450000000000003,17.15117273551899
2012-09-20,62.525,61.381650900609046,79.4,16.875000000000007,18.01834909939096
2012-09-21,63.31666666666667,61.58605675780744,78.5,15.18333333333333,16.91394324219256
2012-09-22,63.30833333333333,61.88569392250875,76.7,13.391666666666673,14.814306077491253
2012-09-23,60.59166666666667,59.40348581054814,78.3,17.70833333333333,18.896514189451857
2012-09-24,59.43333333333334,57.687987559932616,79.1,19.666666666666657,21.41201244006738
2012-09-25,62.08333333333333,61.20991317869638,79.3,17.21666666666667,18.090086821303615
2012-09-26,65.31666666666666,64.46558248023842,78.8,13.483333333333334,14.334417519761573
2012-09-27,64.51666666666667,63.396760399118826,79.6,15.083333333333329,16.20323960088117
2012-09-28,63.925,62.3358559025528,79.4,15.475000000000009,17.064144097447205
2012-09-29,62.083333333333336,60.664455099131786,79.6,17.51666666666666,18.93554490086821
2012-09-30,60.800000000000004,59.326966437734875,79.8,18.999999999999993,20.473033562265122
2012-10-01,61.00833333333333,59.63812362316962,78.7,17.69166666666667,19.061876376830384
2012-10-02,63.833333333333336,62.807023454710375,78.1,14.266666666666659,15.29297654528962
2012-10-03,66.19166666666666,65.01205131527796,80.2,14.00833333333334,15.187948684722045
2012-10-04,65.30833333333334,64.63646494751848,79.2,13.891666666666666,14.563535052481527
2012-10-05,62.35,61.32516521964494,79.1,16.749999999999993,17.774834780355057
2012-10-06,57.63333333333333,57.49497213943242,78.1,20.46666666666666,20.605027860567574
2012-10-07,50.375,49.79054036542698,78,27.625,28.209459634573022
2012-10-08,49.99166666666667,49.22846961254374,79.4,29.40833333333334,30.171530387456265
2012-10-09,54.21666666666667,53.703226642477645,79.9,25.683333333333337,26.19677335752236
2012-10-10,55.30833333333334,54.25949203058183,80,24.691666666666663,25.740507969418168
2012-10-11,52.68333333333333,51.694389011273806,77.9,25.216666666666676,26.2056109887262
2012-10-12,50.85,49.222197745237786,76.8,25.949999999999996,27.57780225476221
2012-10-13,50.84166666666667,48.957781521316576,76.8,25.95833333333333,27.84221847868342
2012-10-14,60.608333333333334,59.28489050149022,78.3,17.691666666666663,19.01510949850978
2012-10-15,60.19166666666667,59.56871841389141,79.2,19.008333333333333,19.631281586108592
2012-10-16,55.50833333333333,54.41587404431774,78.9,23.391666666666673,24.484125955682266
2012-10-17,57.61666666666667,55.93465077102501,76.4,18.78333333333334,20.465349228974993
2012-10-18,56.583333333333336,54.92730335622651,76.1,19.51666666666666,21.172696643773484
2012-10-19,57.875,57.24013217571595,77.8,19.924999999999997,20.559867824284048
2012-10-20,56.891666666666666,56.84925489179733,77.7,20.808333333333337,20.850745108202673
2012-10-21,56.06666666666666,54.739613839574965,76.4,20.333333333333343,21.66038616042504
2012-10-22,57.95,57.18347803550603,76.2,18.25,19.016521964493975
2012-10-23,60.56666666666667,59.48030322664248,77.6,17.033333333333324,18.119696773357518
2012-10-24,61.391666666666666,60.4595827394065,77.4,16.00833333333334,16.940417260593506
2012-10-25,60.225,59.491136451989114,76.3,16.074999999999996,16.808863548010883
2012-10-26,55.516666666666666,54.9401062589089,77.9,22.38333333333334,22.959893741091108
2012-10-27,53.458333333333336,53.146948295969935,75.8,22.34166666666666,22.653051704030062
2012-10-28,51.13333333333333,51.03522094078009,73.5,22.366666666666667,22.464779059219907
2012-10-29,50.333333333333336,50.589089024232216,67.8,17.46666666666666,17.21091097576778
2012-10-30,48.4,48.79151224569134,67.4,19.000000000000007,18.60848775430867
2012-10-31,47.275,46.5731242710898,68.6,21.324999999999996,22.02687572891019
2012-11-01,47.625,46.508759880782684,69.9,22.275000000000006,23.391240119217322
2012-11-02,46.50833333333333,45.40507969418168,72,25.491666666666667,26.59492030581832
2012-11-03,45.725,44.070195671893224,69.7,23.975,25.62980432810678
2012-11-04,45.28333333333333,43.500686795386805,70.2,24.91666666666667,26.699313204613198
2012-11-05,44.108333333333334,41.69616431255669,71.8,27.691666666666663,30.103835687443308
2012-11-06,41.2,38.61772709602177,71.6,30.39999999999999,32.98227290397823
2012-11-07,41.74166666666667,39.67909809511469,67.9,26.15833333333334,28.220901904885316
2012-11-08,43.108333333333334,40.93146300375793,64.4,21.29166666666667,23.468536996242072
2012-11-09,45.416666666666664,43.58652326033433,65.4,19.98333333333334,21.813476739665674
2012-11-10,50.35,49.1461967085655,68.5,18.15,19.353803291434502
2012-11-11,52.96666666666667,52.89928728780614,71.7,18.733333333333334,18.800712712193864
2012-11-12,49.55,49.10261759751199,73.2,23.650000000000006,24.097382402488016
2012-11-13,43.80833333333333,43.65065439937799,73.5,29.69166666666667,29.84934560062201
2012-11-14,40.9,39.546404043021894,72.9,32.00000000000001,33.35359595697811
2012-11-15,40.75,39.14269793961384,72.3,31.549999999999997,33.15730206038616
2012-11-16,41.34166666666667,39.856187637683036,70.2,28.858333333333334,30.343812362316967
2012-11-17,42.833333333333336,41.353764416223925,71,28.166666666666664,29.646235583776075
2012-11-18,44.025,42.45706880912272,72.1,28.074999999999996,29.642931190877277
2012-11-19,45.516666666666666,44.006751328236355,67.4,21.88333333333334,23.39324867176365
2012-11-20,46.1,44.721148114552285,65.2,19.1,20.478851885447718
2012-11-21,46.858333333333334,45.14802384346248,67.2,20.34166666666667,22.05197615653752
2012-11-22,48.18333333333333,47.02604639108462,65.3,17.116666666666667,18.273953608915377
2012-11-23,44.18333333333333,42.39924841259557,63.9,19.71666666666667,21.50075158740443
2012-11-24,38.516666666666666,37.270856550472985,65.4,26.88333333333334,28.12914344952702
2012-11-25,37.375,35.62000777504211,63,25.625,27.37999222495789
2012-11-26,38.78333333333333,36.60217701179215,65.2,26.41666666666667,28.597822988207852
2012-11-27,36.266666666666666,34.22761435791111,69.2,32.93333333333334,34.972385642088895
2012-11-28,36.858333333333334,35.25126344434366,70.3,33.44166666666666,35.04873655565634
2012-11-29,38.78333333333333,37.395425683555786,70.3,31.516666666666666,32.90457431644421
2012-11-30,41.266666666666666,39.40649216016586,71,29.733333333333334,31.59350783983414
2012-12-01,44.35,42.573616690423734,71.6,27.249999999999993,29.02638330957626
2012-12-02,49.125,48.30040171050927,71.7,22.575000000000003,23.399598289490733
2012-12-03,53.733333333333334,52.828003110016844,71.6,17.86666666666666,18.77199688998315
2012-12-04,52.525,51.5062459504989,71.2,18.675000000000004,19.693754049501102
2012-12-05,45.50833333333333,44.70905792406376,70.2,24.69166666666667,25.490942075936246
2012-12-06,38.88333333333333,36.984514707788,70.6,31.71666666666666,33.61548529221199
2012-12-07,40.94166666666666,39.09330050537774,70,29.058333333333337,30.90669949462226
2012-12-08,45.075,43.331903589477776,71.2,26.125,27.868096410522227
2012-12-09,44.025,42.41571854347544,72.2,28.175000000000004,29.78428145652456
2012-12-10,44.71666666666667,45.253712582609815,73.5,28.78333333333333,28.246287417390185
2012-12-11,38.475,38.84792017623429,73.5,35.025,34.65207982376571
2012-12-12,36.69166666666666,36.08460541661267,74.2,37.50833333333334,38.115394583387335
2012-12-13,37.583333333333336,36.91278994427886,72.3,34.71666666666666,35.387210055721134
2012-12-14,38.24166666666667,37.27180251393028,69.3,31.05833333333333,32.028197486069715
2012-12-15,40.958333333333336,39.561487624724634,70,29.041666666666664,30.438512375275366
2012-12-16,43.583333333333336,42.2297654528962,70.1,26.51666666666666,27.87023454710379
2012-12-17,42.53333333333333,41.13991188285603,70.3,27.766666666666666,29.160088117143964
2012-12-18,43.50833333333333,42.86291304911234,72.3,28.791666666666664,29.437086950887654
2012-12-19,40.958333333333336,39.57457561228457,70.3,29.34166666666666,30.725424387715428
2012-12-20,38.74166666666667,38.4008422962291,71.8,33.05833333333333,33.399157703770896
2012-12-21,37.891666666666666,38.16217442011144,65.2,27.308333333333337,27.037825579888562
2012-12-22,34.06666666666667,32.924361798626414,56.9,22.83333333333333,23.975638201373584
2012-12-23,35.458333333333336,33.753971750680314,58.2,22.741666666666667,24.44602824931969
2012-12-24,34.09166666666667,33.180691978748214,62.5,28.40833333333333,29.319308021251786
2012-12-25,33.641666666666666,33.170947259297655,67.1,33.45833333333333,33.92905274070234
2012-12-26,30.708333333333332,30.783503952313072,71.1,40.391666666666666,40.316496047686925
2012-12-27,32.75833333333333,33.33243488402229,61.6,28.84166666666667,28.26756511597771
2012-12-28,30.708333333333332,30.119955941428014,64.4,33.69166666666668,34.28004405857199
2012-12-29,29.858333333333334,29.4091356744849,71.9,42.04166666666667,42.490864325515105
2012-12-30,27.966666666666665,26.982195153557083,58.2,30.233333333333338,31.21780484644292
2012-12-31,29.8,28.869457042892314,65.9,36.10000000000001,37.03054295710769
2013-01-01,29.45,28.635272774394195,69,39.55,40.364727225605805
2013-01-02,24,22.479694181676816,68.3,44.3,45.82030581832318
2013-01-03,24.675,23.23650382272904,70.4,45.72500000000001,47.163496177270964
2013-01-04,30.041666666666668,28.717247635091358,71.6,41.55833333333332,42.88275236490864
2013-01-05,31.741666666666667,31.24436957366852,71.8,40.05833333333333,40.555630426331476
2013-01-06,33.916666666666664,33.07063625761306,71.8,37.88333333333333,38.72936374238694
2013-01-07,33.81666666666667,32.700505377737464,71.9,38.083333333333336,39.19949462226254
2013-01-08,35.43333333333334,34.16019178437217,73.6,38.16666666666666,39.43980821562783
2013-01-09,40.083333333333336,38.70417260593494,75.9,35.81666666666667,37.19582739406506
2013-01-10,39.05,37.77813917325385,75.4,36.35000000000001,37.62186082674616
2013-01-11,41.40833333333333,40.49885966048983,73.8,32.391666666666666,33.30114033951017
2013-01-12,44.3,43.85274070234547,73.2,28.900000000000006,29.34725929765453
2013-01-13,40.2,39.802254762213295,73.2,33,33.39774523778671
2013-01-14,38,38.58128806531035,72.4,34.400000000000006,33.81871193468965
2013-01-15,33.125,32.97169884670209,71.7,38.575,38.72830115329791
2013-01-16,33.79166666666667,32.786562135544905,72.2,38.40833333333333,39.4134378644551
2013-01-17,34.36666666666667,33.621368407412206,69.7,35.333333333333336,36.0786315925878
2013-01-18,31.4,29.387495140598677,61.9,30.5,32.51250485940132
2013-01-19,38.50833333333333,37.466528443695736,67.6,29.09166666666666,30.133471556304258
2013-01-20,35.78333333333333,34.74608008293378,69,33.21666666666667,34.25391991706622
2013-01-21,26.541666666666668,24.270377089542567,68.6,42.05833333333332,44.32962291045743
2013-01-22,20.583333333333332,17.979538680834523,67.8,47.21666666666667,49.820461319165474
2013-01-23,21.066666666666666,17.384281456524555,66.1,45.03333333333333,48.71571854347544
2013-01-24,21.808333333333334,18.1299209537385,65.1,43.29166666666666,46.97007904626149
2013-01-25,24.833333333333332,21.74001555008423,65.3,40.46666666666667,43.55998444991577
2013-01-26,25.483333333333334,22.22355837760788,66.3,40.81666666666666,44.07644162239212
2013-01-27,29.508333333333333,26.340624595049892,70,40.49166666666667,43.65937540495011
2013-01-28,36.61666666666667,34.203848645846826,73.4,36.78333333333334,39.19615135415318
2013-01-29,44.766666666666666,43.50495011014643,73.5,28.733333333333334,29.99504988985357
2013-01-30,46.983333333333334,45.85332383050408,73.1,26.11666666666666,27.246676169495913
2013-01-31,36.108333333333334,35.84206297784113,67,30.891666666666666,31.15793702215887
2013-02-01,25.325,23.409278216923674,60.9,35.575,37.490721783076324
2013-02-02,25.841666666666665,23.616275754827004,63.5,37.65833333333333,39.883724245173
2013-02-03,28.108333333333334,25.28539587922768,63.2,35.09166666666667,37.914604120772324
2013-02-04,27.95,25.654438253207204,62.2,34.25,36.5455617467928
2013-02-05,30.816666666666666,27.755954386419596,66.9,36.08333333333334,39.14404561358041
2013-02-06,32.6,30.837514578203965,68.4,35.800000000000004,37.56248542179604
2013-02-07,32.75,30.3937540495011,70.6,37.849999999999994,40.2062459504989
2013-02-08,32.583333333333336,30.962368796164313,71.4,38.81666666666667,40.43763120383569
2013-02-09,28.683333333333334,26.03779966308151,69.4,40.71666666666667,43.36220033691849
2013-02-10,32.05833333333333,28.842697939613842,72.7,40.64166666666667,43.85730206038616
2013-02-11,39.13333333333333,37.21260852662952,72,32.86666666666667,34.78739147337048
2013-02-12,36.55833333333334,34.94679279512764,72.9,36.34166666666667,37.95320720487236
2013-02-13,34.483333333333334,33.07431644421407,74,39.516666666666666,40.92568355578593
2013-02-14,36.708333333333336,35.22761435791111,69.7,32.99166666666667,34.472385642088895
2013-02-15,36.19166666666666,35.06065828689905,64.7,28.50833333333334,29.639341713100954
2013-02-16,31.591666666666665,29.843242192561874,63.1,31.508333333333336,33.25675780743813
2013-02-17,27.491666666666667,24.76214850330439,54,26.508333333333333,29.23785149669561
2013-02-18,31.275,28.664558766359985,57.1,25.825000000000003,28.435441233640017
2013-02-19,32.75,30.911636646365167,65.8,33.05,34.88836335363483
2013-02-20,27.466666666666665,26.04442140728262,67.2,39.733333333333334,41.15557859271738
2013-02-21,27.841666666666665,25.527031229752495,69.5,41.65833333333333,43.972968770247505
2013-02-22,31.466666666666665,30.040598678242844,72.5,41.03333333333333,42.459401321757156
2013-02-23,34.641666666666666,33.391071659971495,73.9,39.25833333333334,40.50892834002851
2013-02-24,35.75833333333333,34.34321627575483,73.2,37.44166666666667,38.856783724245176
2013-02-25,35.891666666666666,34.37216534922897,74,38.108333333333334,39.62783465077103
2013-02-26,36.21666666666667,34.89130491123494,75.7,39.483333333333334,40.80869508876506
2013-02-27,40.53333333333333,39.174679279512766,69.9,29.366666666666674,30.72532072048724
2013-02-28,38.641666666666666,37.55306466243359,66,27.358333333333334,28.44693533756641
2013-03-01,35.358333333333334,33.821174031359334,63.4,28.041666666666664,29.578825968640665
2013-03-02,32.25833333333333,30.686510301930802,59.2,26.94166666666667,28.5134896980692
2013-03-03,32.266666666666666,30.087080471685887,55,22.733333333333334,24.912919528314113
2013-03-04,33.69166666666667,30.964856809641052,56,22.30833333333333,25.035143190358948
2013-03-05,36,34.44438253207205,60.5,24.5,26.055617467927952
2013-03-06,35.7,34.698328365945315,63.5,27.799999999999997,28.801671634054685
2013-03-07,36.1,34.56480497602695,56.9,20.799999999999997,22.33519502397305
2013-03-08,36.45,34.30193080212518,60.6,24.15,26.298069197874824
2013-03-09,40.86666666666667,38.4538551250486,65.1,24.233333333333327,26.646144874951396
2013-03-10,43.333333333333336,41.39762861215498,68,24.666666666666664,26.602371387845018
2013-03-11,43.74166666666667,42.320137359077364,69.6,25.858333333333327,27.27986264092263
2013-03-12,44.38333333333333,43.54807567707658,70.6,26.21666666666666,27.051924322923412
2013-03-13,39.483333333333334,38.05058960736038,66,26.516666666666666,27.94941039263962
2013-03-14,37.208333333333336,34.56046391084618,63.5,26.291666666666664,28.93953608915382
2013-03-15,39.95,36.9442529480368,62.6,22.65,25.655747051963203
2013-03-16,37.94166666666667,35.0607878709343,63.3,25.358333333333327,28.2392121290657
2013-03-17,35.975,33.412180899313206,66.8,30.824999999999996,33.38781910068679
2013-03-18,36.15833333333333,33.21496695607101,70.2,34.04166666666667,36.98503304392899
2013-03-19,36.84166666666667,34.41698846702086,70.3,33.45833333333333,35.88301153297914
2013-03-20,34.05833333333334,31.453012828819492,69.3,35.24166666666666,37.8469871711805
2013-03-21,32.641666666666666,30.411105351820655,66.1,33.45833333333333,35.68889464817934
2013-03-22,35.266666666666666,32.60853958792277,66.5,31.233333333333334,33.89146041207723
2013-03-23,37.25,35.016975508617335,74,36.75,38.983024491382665
2013-03-24,37.21666666666667,35.501814176493454,75.1,37.883333333333326,39.59818582350654
2013-03-25,36.858333333333334,35.25972528184528,69.7,32.84166666666667,34.440274718154726
2013-03-26,39,38.02408967215239,59.2,20.200000000000003,21.17591032784761
2013-03-27,40.50833333333333,39.48145652455618,55.2,14.69166666666667,15.718543475443823
2013-03-28,42.108333333333334,40.50983542827524,59.6,17.491666666666667,19.090164571724763
2013-03-29,44.9,43.11815472333808,63.5,18.6,20.38184527666192
2013-03-30,46.725,44.93233121679409,65.7,18.975,20.767668783205913
2013-03-31,46.88333333333333,45.71288065310354,69.6,22.71666666666666,23.887119346896455
2013-04-01,44.5,43.267422573538944,72.1,27.599999999999994,28.83257742646105
2013-04-02,38.708333333333336,36.562109628093815,71.4,32.69166666666667,34.83789037190619
2013-04-03,39.025,36.78023843462485,74.6,35.574999999999996,37.819761565375146
2013-04-04,41.85,40.80592199041078,75.4,33.550000000000004,34.594078009589225
2013-04-05,44.65,43.56947000129584,69.5,24.85,25.93052999870416
2013-04-06,45.00833333333333,43.58880393935467,67.3,22.291666666666664,23.711196060645328
2013-04-07,49.858333333333334,47.87431644421407,71.1,21.24166666666666,23.225683555785928
2013-04-08,55.083333333333336,53.79457042892316,72.4,17.31666666666667,18.605429571076847
2013-04-09,58.575,57.15552675910328,73.6,15.024999999999991,16.444473240896713
2013-04-10,56.00833333333333,54.326785020085524,75.5,19.491666666666667,21.173214979914476
2013-04-11,52.09166666666667,50.64513411947648,76.8,24.70833333333333,26.154865880523516
2013-04-12,46.30833333333334,43.6423091875081,78,31.691666666666663,34.3576908124919
2013-04-13,46.75,44.92949332642218,77,30.25,32.07050667357782
2013-04-14,48.458333333333336,47.64166126733187,77.7,29.241666666666667,30.058338732668133
2013-04-15,52.03333333333333,50.60693274588571,78.6,26.566666666666663,27.993067254114287
2013-04-16,54.45,52.59853570040171,79,24.549999999999997,26.401464299598288
2013-04-17,55.725,54.236439030711416,78.6,22.874999999999993,24.363560969288578
2013-04-18,55.59166666666667,54.3609433717766,78.8,23.20833333333333,24.439056628223398
2013-04-19,55.49166666666667,55.28266165608397,79.8,24.30833333333333,24.51733834391603
2013-04-20,47.775,47.41945056369055,78.3,30.525,30.880549436309444
2013-04-21,45.53333333333333,43.897654528962036,75.1,29.566666666666663,31.202345471037958
2013-04-22,48,46.77108980173642,74.5,26.5,27.728910198263577
2013-04-23,48.88333333333333,46.95971232344176,75.8,26.916666666666664,28.84028767655824
2013-04-24,50.275,49.843255150965405,75.1,24.824999999999996,25.25674484903459
2013-04-25,50.425,50.19906699494622,76.4,25.97500000000001,26.200933005053784
2013-04-26,53.225,51.76339251004276,76.1,22.874999999999993,24.33660748995723
2013-04-27,56.199999999999996,54.37181547233381,76.5,20.300000000000004,22.128184527666193
2013-04-28,57.36666666666667,55.77430348581055,75.9,18.53333333333334,20.125696514189457
2013-04-29,57.35,56.048334845147075,75.9,18.550000000000004,19.85166515485293
2013-04-30,59.291666666666664,58.891110535182065,75.9,16.60833333333334,17.00888946481794
2013-05-01,58.94166666666666,58.559777115459376,74.2,15.25833333333334,15.640222884540627
2013-05-02,57.11666666666667,55.858533108721005,71.6,14.483333333333327,15.74146689127899
2013-05-03,54.825,52.94145393287547,72.6,17.77499999999999,19.658546067124526
2013-05-04,55.61666666666667,54.93777374627446,74,18.383333333333333,19.06222625372554
2013-05-05,53.916666666666664,52.88417778929636,71.7,17.78333333333334,18.815822210703644
2013-05-06,56.00833333333333,54.92384346248542,71.1,15.091666666666661,16.176156537514572
2013-05-07,59.983333333333334,59.004030063496174,70.5,10.516666666666666,11.495969936503826
2013-05-08,61.583333333333336,60.583840870804714,71.5,9.916666666666664,10.916159129195286
2013-05-09,60.975,60.22811973564856,73.9,12.925000000000004,13.671880264351444
2013-05-10,62.175,60.635596734482306,76.2,14.025000000000006,15.564403265517697
2013-05-11,60.025,59.11008163794221,78.5,18.475,19.38991836205779
2013-05-12,56.125,55.31701438382791,78.9,22.775000000000006,23.582985616172095
2013-05-13,52.6,50.775806660619416,78.1,25.499999999999993,27.324193339380578
2013-05-14,56.94166666666667,55.66012699235454,77.3,20.358333333333327,21.639873007645456
2013-05-15,63.25833333333333,62.08880393935467,76.6,13.341666666666661,14.511196060645325
2013-05-16,67.175,66.3863029674744,76.9,9.725000000000009,10.513697032525599
2013-05-17,63.6,62.335635609692886,78.7,15.100000000000001,16.364364390307117
2013-05-18,64.3,62.857146559543864,79.7,15.400000000000006,16.84285344045614
2013-05-19,65.04166666666667,63.518452766619156,79.2,14.158333333333331,15.681547233380847
2013-05-20,70.15,69.41400803421018,78.8,8.649999999999991,9.385991965789813
2013-05-21,71.06666666666666,70.95534534145393,77.5,6.433333333333337,6.544654658546065
2013-05-22,68.16666666666667,68.22686277050667,78,9.833333333333329,9.77313722949333
2013-05-23,64.45833333333333,63.65964753142413,79.5,15.041666666666671,15.840352468575873
2013-05-24,56.775,55.491188285603215,81.1,24.324999999999996,25.60881171439678
2013-05-25,53.49166666666667,50.9532331216794,81.8,28.30833333333333,30.846766878320594
2013-05-26,56.96666666666667,55.23515614876247,79.6,22.633333333333326,24.364843851237524
2013-05-27,60.175000000000004,59.15220940780096,79.6,19.42499999999999,20.447790592199034
2013-05-28,63.699999999999996,62.169029415576,78.2,14.500000000000007,16.030970584424004
2013-05-29,70.325,69.24175197615654,77.7,7.375,8.458248023843467
2013-05-30,75.25833333333333,75.35911623687963,78.6,3.3416666666666686,3.2408837631203653
2013-05-31,75.28333333333333,75.31045743164441,77.5,2.2166666666666686,2.1895425683555914
2013-06-01,74.55833333333334,74.64315148373721,77.9,3.3416666666666686,3.2568485162627923
2013-06-02,70.61666666666666,70.40169755086174,78.7,8.083333333333343,8.298302449138262
2013-06-03,66,65.51649604768693,78.5,12.5,12.983503952313072
2013-06-04,64.11666666666666,63.23352338991837,77.2,13.083333333333343,13.966476610081635
2013-06-05,64.88333333333334,63.68648438512375,76.6,11.716666666666654,12.913515614876246
2013-06-06,63.15,62.01818064014513,77,13.850000000000001,14.981819359854867
2013-06-07,61.5,59.90852662951924,78,16.5,18.091473370480763
2013-06-08,65.19166666666666,64.29346896462356,80.4,15.208333333333343,16.10653103537645
2013-06-09,68.25,68.2215239082545,80.4,12.150000000000006,12.178476091745509
2013-06-10,67.09166666666667,65.93310872100557,81,13.908333333333331,15.066891278994433
2013-06-11,70.61666666666667,69.74649475184657,79.8,9.183333333333323,10.053505248153428
2013-06-12,70.41666666666667,69.13524685758713,76.9,6.483333333333334,7.7647531424128715
2013-06-13,67.01666666666667,64.41152002073345,77.3,10.283333333333331,12.888479979266549
2013-06-14,65.46666666666667,63.35455487883893,80,14.533333333333331,16.645445121161067
2013-06-15,68.925,67.9433588181936,80.5,11.575000000000003,12.556641181806398
2013-06-16,71.19166666666666,70.466411818064,81.5,10.308333333333337,11.033588181935997
2013-06-17,73.51666666666667,72.97267072696644,82.4,8.88333333333334,9.427329273033564
2013-06-18,68.675,67.60410781391732,82.3,13.625,14.695892186082673
2013-06-19,67.38333333333333,66.0622003369185,80.6,13.216666666666669,14.5377996630815
2013-06-20,69.95,68.99009977970714,80.3,10.349999999999994,11.30990022029286
2013-06-21,72.3,71.69384475832578,81.8,9.5,10.106155241674216
2013-06-22,73.65833333333333,73.39965012310483,81.8,8.141666666666666,8.400349876895163
2013-06-23,75.13333333333333,75.20465206686536,79.8,4.666666666666671,4.595347933134633
2013-06-24,77.15,77.27845017493846,81.1,3.9499999999999886,3.8215498250615383
2013-06-25,77.95833333333334,78.11696255021381,80.9,2.941666666666663,2.7830374497861925
2013-06-26,77.15,76.66695607101205,78.8,1.6499999999999915,2.133043928987945
2013-06-27,75.3,74.54959181028897,79.4,4.1000000000000085,4.8504081897110325
2013-06-28,74.76666666666667,74.1722819748607,80,5.233333333333334,5.827718025139305
2013-06-29,73.74166666666667,72.51155889594403,80.5,6.758333333333326,7.9884411040559655
2013-06-30,73.80833333333334,72.62589089024232,79,5.191666666666663,6.374109109757683
2013-07-01,72.525,71.59850978359465,78.1,5.574999999999989,6.501490216405344
2013-07-02,72.725,71.87688220811197,79.1,6.375,7.223117791888029
2013-07-03,74.25,73.63217571595179,79,4.75,5.367824284048211
2013-07-04,76.325,76.30541661267333,79.5,3.174999999999997,3.1945833873266736
2013-07-05,77.45,77.62972657768563,78.9,1.4500000000000028,1.270273422314375
2013-07-06,78.76666666666667,78.8318128806531,80.9,2.13333333333334,2.068187119346902
2013-07-07,78.6,78.95740572761436,81.1,2.5,2.1425942723856366
2013-07-08,76.96666666666667,76.9370092004665,80.7,3.7333333333333343,3.7629907995334975
2013-07-09,77.01666666666667,76.70002591680705,79.2,2.183333333333337,2.499974083192953
2013-07-10,77.05833333333334,76.77602695347933,78.6,1.5416666666666572,1.8239730465206634
2013-07-11,75.05,74.57556045095244,79.8,4.75,5.22443954904756
2013-07-12,72.96666666666667,71.88565504729817,79.9,6.933333333333337,8.014344952701833
2013-07-13,74.48333333333333,73.48016068420371,78.1,3.61666666666666,4.619839315796284
2013-07-14,77.86666666666666,77.93037449786186,77.5,-0.36666666666666003,-0.43037449786186244
2013-07-15,79.7,80.20664766100816,77.9,-1.7999999999999972,-2.3066476610081565
2013-07-16,80.61666666666666,80.91133860308409,77.7,-2.916666666666657,-3.211338603084087
2013-07-17,81.31666666666666,81.67348710638849,76.1,-5.216666666666669,-5.573487106388498
2013-07-18,82.55,83.07009200466503,76.8,-5.75,-6.270092004665031
2013-07-19,82.48333333333333,83.57705066735778,78.9,-3.5833333333333286,-4.677050667357776
2013-07-20,79.50833333333333,80.47239860049243,79.8,0.2916666666666714,-0.6723986004924285
2013-07-21,75.95833333333333,76.36427368148244,81.6,5.641666666666666,5.23572631851755
2013-07-22,75.58333333333333,75.53680186601011,81.4,5.816666666666677,5.863198133989897
2013-07-23,74.89166666666667,74.72894907347414,81.2,6.308333333333337,6.471050926525862
2013-07-24,72.75,72.2157444602825,80.9,8.150000000000006,8.684255539717512
2013-07-25,68.81666666666666,67.39696773357522,81.8,12.983333333333334,14.403032266424773
2013-07-26,70.91666666666667,69.93807178955552,82,11.083333333333329,12.061928210444478
2013-07-27,70.25,69.57378514966956,81.6,11.349999999999994,12.026214850330433
2013-07-28,68.85,68.0629907995335,82.4,13.550000000000011,14.337009200466511
2013-07-29,70.59166666666667,70.1741220681612,81.9,11.308333333333337,11.72587793183881
2013-07-30,70.925,70.18662692756253,80.6,9.674999999999997,10.413373072437466
2013-07-31,71.78333333333333,71.07396656731892,81.3,9.516666666666666,10.226033432681078
2013-08-01,71.46666666666667,70.41961902293637,81.7,10.233333333333334,11.28038097706363
2013-08-02,72.69166666666666,71.99030711416353,81.3,8.608333333333334,9.30969288583647
2013-08-03,71.1,70.35991965789815,81.2,10.100000000000009,10.840080342101857
2013-08-04,70.03333333333333,69.07487365556564,82.9,12.866666666666674,13.825126344434366
2013-08-05,69.625,68.31876376830375,82.5,12.875,14.181236231696246
2013-08-06,70.95,70.13884929376701,81.7,10.75,11.561150706232993
2013-08-07,72.04166666666667,71.1484514707788,81.7,9.658333333333331,10.551548529221208
2013-08-08,73.41666666666667,72.59035894777764,82.5,9.083333333333329,9.909641052222355
2013-08-09,73.61666666666667,73.1759103278476,81.2,7.583333333333329,8.0240896721524
2013-08-10,73.43333333333334,73.1100816379422,83,9.566666666666663,9.889918362057799
2013-08-11,72.11666666666666,71.18302449138267,84,11.88333333333334,12.816975508617332
2013-08-12,73.45,72.68249319683815,83.2,9.75,10.51750680316185
2013-08-13,71.16666666666667,69.82585201503174,82.7,11.533333333333331,12.87414798496826
2013-08-14,67.61666666666666,66.4220422443955,82.7,15.083333333333343,16.277957755604504
2013-08-15,67.58333333333333,66.47618245432163,82,14.416666666666671,15.52381754567837
2013-08-16,69.725,68.65960865621355,83.2,13.475000000000009,14.540391343786453
2013-08-17,70.73333333333333,69.81093689257483,83.9,13.166666666666671,14.089063107425176
2013-08-18,70.15,69.57782817156927,84.2,14.049999999999997,14.622171828430737
2013-08-19,72.14166666666667,71.59516651548529,82,9.858333333333334,10.404833484514711
2013-08-20,75.45833333333333,74.96746144874952,80.6,5.141666666666666,5.632538551250477
2013-08-21,76.64166666666667,76.4653621873785,79.4,2.75833333333334,2.934637812621503
2013-08-22,75.99166666666667,75.08652326033432,80.7,4.708333333333329,5.6134767396656855
2013-08-23,74.21666666666667,73.29366334067642,81.2,6.983333333333334,7.9063366593235855
2013-08-24,72.38333333333333,70.96182454321628,80.6,8.216666666666669,9.638175456783713
2013-08-25,74.00833333333333,72.80632370092005,80.4,6.39166666666668,7.593676299079959
2013-08-26,76.00833333333333,75.07445898665284,79.4,3.39166666666668,4.325541013347163
2013-08-27,77.76666666666667,77.30397822988206,78.5,0.7333333333333343,1.1960217701179374
2013-08-28,76.325,75.39839315796294,77.6,1.2749999999999915,2.2016068420370516
2013-08-29,75.83333333333333,73.95533238305042,79.4,3.566666666666677,5.444667616949587
2013-08-30,77.19166666666666,76.00454839963716,79.7,2.50833333333334,3.695451600362844
2013-08-31,77.28333333333333,76.04753142412855,80.4,3.1166666666666742,4.352468575871455
2013-09-01,76.275,75.4413113904367,80.1,3.8249999999999886,4.658688609563299
2013-09-02,74.59166666666667,73.5578463133342,80.5,5.908333333333331,6.9421536866658045
2013-09-03,72.78333333333333,71.87325385512506,79.8,7.016666666666666,7.92674614487494
2013-09-04,72.68333333333334,71.31152002073344,81.3,8.61666666666666,9.988479979266558
2013-09-05,70.94166666666666,69.0845665414021,80.9,9.958333333333343,11.815433458597909
2013-09-06,68.36666666666666,66.17070104963068,81.2,12.833333333333343,15.029298950369324
2013-09-07,71.41666666666667,69.76363871970973,80.5,9.083333333333329,10.736361280290268
2013-09-08,71.64166666666667,70.53125566930153,80,8.358333333333334,9.46874433069847
2013-09-09,69.8,68.66742257353894,80.6,10.799999999999997,11.932577426461052
2013-09-10,76.15,75.83805883115201,80.1,3.9499999999999886,4.261941168847983
2013-09-11,78.89166666666667,79.24469353375665,78.9,0.008333333333339965,-0.34469353375664014
2013-09-12,74.83333333333333,74.70596086562136,79.5,4.666666666666671,4.794039134378636
2013-09-13,67.00833333333333,66.02832707010496,80,12.991666666666674,13.971672929895036
2013-09-14,63.43333333333334,61.81241415057664,82,18.566666666666663,20.187585849423357
2013-09-15,63.75,61.77799663081508,80.5,16.75,18.722003369184918
2013-09-16,63.55833333333333,61.81210314889206,78.9,15.341666666666676,17.08789685110795
2013-09-17,60.06666666666667,58.06821303615395,78.5,18.43333333333333,20.43178696384605
2013-09-18,64.03333333333333,62.68301153297914,78.6,14.566666666666663,15.916988467020857
2013-09-19,67.20833333333333,66.42366204483608,79.5,12.291666666666671,13.076337955163922
2013-09-20,66.85,66.50226772061681,80,13.150000000000006,13.497732279383186
2013-09-21,64.74166666666666,64.37137488661398,79.4,14.658333333333346,15.028625113386028
2013-09-22,61.891666666666666,61.58934819230271,80.9,19.00833333333334,19.310651807697297
2013-09-23,59.233333333333334,57.64446028249319,79.8,20.566666666666663,22.155539717506805
2013-09-24,60.40833333333333,58.764701308798756,80.4,19.991666666666674,21.63529869120125
2013-09-25,61.75833333333333,60.38565504729818,81.5,19.741666666666667,21.11434495270182
2013-09-26,63.34166666666667,61.84884022288454,80.8,17.45833333333333,18.951159777115457
2013-09-27,64.30833333333334,62.76435143190359,79.8,15.49166666666666,17.035648568096406
2013-09-28,64.9,64.2402099261371,78.4,13.5,14.159790073862908
2013-09-29,62.3,61.16515485292212,78.6,16.299999999999997,17.434845147077873
2013-09-30,63.19166666666667,61.58508487754308,79.7,16.508333333333333,18.11491512245692
2013-10-01,66.35,65.55533238305041,80.4,14.050000000000011,14.844667616949593
2013-10-02,68.53333333333333,68.27019567189322,78.9,10.366666666666674,10.629804328106786
2013-10-03,68.09166666666667,68.0400544252948,78.6,10.508333333333326,10.559945574705196
2013-10-04,69.40833333333333,69.05051185693924,80.1,10.691666666666663,11.049488143060756
2013-10-05,68.51666666666667,68.14199818582351,79.8,11.283333333333331,11.658001814176487
2013-10-06,65.275,63.853582998574574,79.2,13.924999999999997,15.34641700142543
2013-10-07,62.31666666666666,62.15625242970066,79.3,16.983333333333334,17.14374757029934
2013-10-08,59.53333333333333,59.0876117662304,80.2,20.66666666666667,21.1123882337696
2013-10-09,58.45,57.7770636257613,78.2,19.75,20.422936374238702
2013-10-10,57.766666666666666,57.23143708695089,77.9,20.13333333333334,20.668562913049115
2013-10-11,61.4,60.94557470519632,78,16.6,17.05442529480368
2013-10-12,62.083333333333336,61.51851755863678,78,15.916666666666664,16.48148244136322
2013-10-13,58.916666666666664,57.78289490734741,78.4,19.48333333333334,20.617105092652594
2013-10-14,57.65833333333333,56.40460023325126,77.8,20.141666666666666,21.39539976674874
2013-10-15,59.15,58.2295062848257,77.9,18.750000000000007,19.670493715174302
2013-10-16,57.9,57.021212906569914,78.7,20.800000000000004,21.67878709343009
2013-10-17,58.25833333333333,58.031087210055716,78.8,20.541666666666664,20.76891278994428
2013-10-18,56.416666666666664,56.09253595956978,80.1,23.68333333333333,24.007464040430214
2013-10-19,53.025,52.74496566023066,80.7,27.675000000000004,27.95503433976934
2013-10-20,52.166666666666664,52.30789166774653,80.3,28.133333333333333,27.992108332253466
2013-10-21,52.84166666666667,52.030128288194895,80.6,27.758333333333326,28.5698717118051
2013-10-22,50.733333333333334,49.93765712064274,81,30.266666666666666,31.06234287935726
2013-10-23,47.041666666666664,45.840196967733576,79.3,32.25833333333333,33.45980303226642
2013-10-24,45.24166666666667,43.760386160425035,72.8,27.55833333333333,29.03961383957496
2013-10-25,45.84166666666667,44.17264481015939,74,28.15833333333333,29.82735518984061
2013-10-26,47.74166666666667,46.272903978229884,74.5,26.758333333333333,28.227096021770116
2013-10-27,49.05,47.77723208500713,74.3,25.25,26.52276791499287
2013-10-28,48.71666666666667,47.56988467020863,75.9,27.183333333333337,28.330115329791376
2013-10-29,48.35,46.95331087210056,77.1,28.749999999999993,30.146689127899435
2013-10-30,52.141666666666666,50.953621873785146,77.2,25.058333333333337,26.246378126214857
2013-10-31,57.708333333333336,57.03659453155372,77.8,20.09166666666666,20.76340546844628
2013-11-01,58.49166666666667,58.0579499805624,77.8,19.30833333333333,19.7420500194376
2013-11-02,52.791666666666664,52.3237786704678,77.4,24.60833333333334,25.076221329532203
2013-11-03,46.40833333333333,45.403537644162235,74.3,27.891666666666666,28.896462355837762
2013-11-04,43.65833333333333,42.271608137877415,73.9,30.241666666666674,31.62839186212259
2013-11-05,47.85,46.7545419204354,77,29.15,30.2454580795646
2013-11-06,51.46666666666667,50.53480627186731,78.9,27.433333333333337,28.365193728132695
2013-11-07,48.85,48.37387585849424,76.8,27.949999999999996,28.42612414150576
2013-11-08,42.958333333333336,41.98902423221459,77,34.041666666666664,35.01097576778541
2013-11-09,45.208333333333336,44.131126085266295,76.1,30.89166666666666,31.9688739147337
2013-11-10,46.95833333333333,45.68426849812103,76.9,29.941666666666677,31.215731501878977
2013-11-11,44.31666666666667,43.29521834909939,77.5,33.18333333333333,34.20478165090061
2013-11-12,38.083333333333336,36.354516003628355,75.8,37.71666666666666,39.44548399637164
2013-11-13,35.425,33.115083581702734,69.7,34.275000000000006,36.58491641829727
2013-11-14,41.4,39.84587274847738,70.5,29.1,30.654127251522617
2013-11-15,45.625,44.33176104703901,73.8,28.174999999999997,29.468238952960988
2013-11-16,49.50833333333333,48.22946740961513,74.7,25.19166666666667,26.47053259038487
2013-11-17,54.925,53.78222107036412,76.7,21.775000000000006,22.91777892963588
2013-11-18,51.733333333333334,51.51148114552287,75.2,23.46666666666667,23.68851885447713
2013-11-19,42.00833333333333,40.43732020215109,75.8,33.791666666666664,35.362679797848905
2013-11-20,39.858333333333334,37.641583516910714,75,35.141666666666666,37.358416483089286
2013-11-21,42.425,40.832447842425815,74.7,32.275000000000006,33.86755215757419
2013-11-22,43.75,43.2599455747052,75.3,31.549999999999997,32.0400544252948
2013-11-23,36.30833333333333,35.836672281974856,74.8,38.49166666666667,38.96332771802514
2013-11-24,27.483333333333334,25.689387067513284,73.1,45.61666666666666,47.410612932486714
2013-11-25,29.958333333333336,28.13238305040819,72.3,42.34166666666666,44.1676169495918
2013-11-26,34.5,33.39143449527018,75.1,40.599999999999994,41.70856550472981
2013-11-27,37.38333333333333,37.52600751587405,70.8,33.416666666666664,33.27399248412595
2013-11-28,31.291666666666668,30.158014772580017,59.2,27.908333333333335,29.041985227419985
2013-11-29,32.175,30.655941428016067,67.2,35.025000000000006,36.54405857198394
2013-11-30,34.641666666666666,32.70809900220293,68.6,33.95833333333333,35.891900997797066
2013-12-01,39.416666666666664,37.84221847868343,69.4,29.98333333333334,31.557781521316578
2013-12-02,40.225,38.58583646494751,68.4,28.175000000000004,29.814163535052494
2013-12-03,41.96666666666667,40.78415187248931,70.6,28.633333333333326,29.815848127510684
2013-12-04,44.166666666666664,43.16098224698717,73.6,29.43333333333333,30.439017753012827
2013-12-05,43.516666666666666,42.85118569392251,73.5,29.983333333333334,30.64881430607749
2013-12-06,36.15,37.196280938188416,74.8,38.65,37.60371906181158
2013-12-07,28.041666666666668,28.2825191136452,74.2,46.15833333333333,45.9174808863548
2013-12-08,26.9,26.909563301801217,75,48.1,48.090436698198786
2013-12-09,29.358333333333334,29.27388881689776,75.5,46.141666666666666,46.22611118310224
2013-12-10,26.2,25.255410133471557,75.1,48.89999999999999,49.84458986652844
2013-12-11,23.75,22.59363742386938,75,51.25,52.40636257613062
2013-12-12,21.141666666666666,18.883724245172996,72.5,51.358333333333334,53.616275754827
2013-12-13,26.058333333333334,24.297511986523258,70.6,44.54166666666666,46.30248801347673
2013-12-14,27.775,25.93164442140728,74.6,46.824999999999996,48.66835557859271
2013-12-15,29.216666666666665,27.882311779188804,74,44.78333333333333,46.117688220811196
2013-12-16,24.483333333333334,21.620474277569006,67.3,42.81666666666666,45.679525722430995
2013-12-17,28.133333333333333,24.58481275106907,66,37.86666666666667,41.415187248930934
2013-12-18,29.241666666666667,26.298121031488922,66.1,36.85833333333333,39.801878968511076
2013-12-19,35.15,33.445082285862384,67.2,32.050000000000004,33.75491771413762
2013-12-20,40.69166666666666,38.90067383698328,73,32.30833333333334,34.09932616301672
2013-12-21,44.375,43.85021381365816,76,31.625,32.14978618634184
2013-12-22,49.59166666666667,50.152520409485554,76.3,26.70833333333333,26.147479590514443
2013-12-23,39.025,38.33075029156408,75,35.975,36.66924970843592
2013-12-24,27.708333333333332,26.024491382661655,70,42.29166666666667,43.97550861733835
2013-12-25,27.083333333333332,25.00496306854996,70.5,43.41666666666667,45.495036931450045
2013-12-26,31.175,29.506427368148245,72.2,41.025000000000006,42.69357263185176
2013-12-27,34.083333333333336,32.170441881560194,74.3,40.21666666666666,42.1295581184398
2013-12-28,39.11666666666667,37.82359725281845,74.6,35.48333333333333,36.77640274718154
2013-12-29,35.95,35.19546455876636,74.2,38.25,39.00453544123364
2013-12-30,28.183333333333334,26.911649604768694,71.3,43.11666666666666,44.3883503952313
2013-12-31,24.525,22.246054166126733,69.1,44.574999999999996,46.85394583387326
2014-01-01,26.675,24.919320979655307,73.4,46.72500000000001,48.480679020344695
2014-01-02,24.808333333333334,23.33472852144616,73.9,49.09166666666667,50.565271478553846
2014-01-03,14.508333333333335,10.860710120513154,61.2,46.69166666666667,50.33928987948685
2014-01-04,21.35,17.27588441104056,63,41.65,45.724115588959435
2014-01-05,28.4,26.329596993650384,70.9,42.50000000000001,44.57040300634962
2014-01-06,25.925,25.593119087728393,68,42.075,42.4068809122716
2014-01-07,9.258333333333333,6.510055721135156,49.9,40.641666666666666,43.389944278864846
2014-01-08,16.816666666666666,13.41197356485681,57.9,41.08333333333333,44.48802643514319
2014-01-09,24.758333333333333,21.819204354023583,69.7,44.94166666666667,47.88079564597642
2014-01-10,35.4,33.147764675392,72.5,37.1,39.352235324608
2014-01-11,44.375,43.72240507969418,73,28.625,29.277594920305823
2014-01-12,40.11666666666667,39.036322405079694,70.5,30.383333333333333,31.463677594920306
2014-01-13,41.25,39.79178437216535,69.6,28.349999999999994,29.80821562783464
2014-01-14,40.483333333333334,39.29981858235065,71.5,31.016666666666666,32.20018141764935
2014-01-15,34.275,32.88402228845406,64,29.725,31.115977711545938
2014-01-16,34.74166666666667,33.691797330568875,56.5,21.758333333333333,22.808202669431125
2014-01-17,32.18333333333334,30.131488920564987,53.6,21.416666666666664,23.468511079435014
2014-01-18,29.9,28.488609563301804,57,27.1,28.511390436698196
2014-01-19,31.75,29.356291304911235,55.4,23.65,26.043708695088764
2014-01-20,35.575,33.97265776856291,63.8,28.224999999999994,29.827342231437086
2014-01-21,21.633333333333333,18.427031229752494,66.2,44.56666666666667,47.77296877024751
2014-01-22,14.491666666666667,10.692665543605028,57.9,43.40833333333333,47.207334456394975
2014-01-23,12.866666666666667,9.084968251911365,55.6,42.733333333333334,46.51503174808864
2014-01-24,15.85,12.325307762083712,58.5,42.65,46.17469223791629
2014-01-25,24.308333333333334,21.943294026175973,59.3,34.99166666666666,37.35670597382402
2014-01-26,22.408333333333335,19.261902293637423,63.4,40.99166666666666,44.13809770636257
2014-01-27,24.183333333333334,22.020811196060645,68.4,44.21666666666667,46.37918880393936
2014-01-28,12,9.438603084100038,67.3,55.3,57.86139691589996
2014-01-29,17.233333333333334,14.989840611636644,66.2,48.96666666666667,51.21015938836336
2014-01-30,22.725,20.761241415057665,61.5,38.775,40.73875858494233
2014-01-31,30.108333333333334,27.88100298043281,67.8,37.69166666666666,39.918997019567186
2014-02-01,34.36666666666667,32.496034728521444,71.8,37.43333333333333,39.30396527147855
2014-02-02,32.516666666666666,32.024063755345345,72.1,39.58333333333333,40.07593624465465
2014-02-03,27.275000000000002,25.426059349488142,72.7,45.425,47.27394065051186
2014-02-04,23.825,21.91172735518984,73.1,49.27499999999999,51.188272644810155
2014-02-05,27.591666666666665,26.94281456524556,74.3,46.70833333333333,47.35718543475444
2014-02-06,19.066666666666666,17.052118698976287,72.1,53.03333333333333,55.04788130102371
2014-02-07,17.59166666666667,15.165232603343268,71.6,54.008333333333326,56.434767396656724
2014-02-08,19.2,16.359323571336013,71.7,52.5,55.34067642866399
2014-02-09,23.191666666666666,20.176078787093427,70.1,46.90833333333333,49.92392121290656
2014-02-10,20.083333333333332,17.29939095503434,69.8,49.71666666666667,52.50060904496566
2014-02-11,15.391666666666667,12.237514578203964,68.4,53.00833333333334,56.16248542179604
2014-02-12,18.2,14.172256058053648,68.7,50.5,54.527743941946355
2014-02-13,29.8,27.397602695347935,65.7,35.900000000000006,38.30239730465207
2014-02-14,32.766666666666666,30.45174290527407,58.2,25.433333333333337,27.748257094725933
2014-02-15,28.933333333333334,26.208345211869897,65.7,36.766666666666666,39.491654788130106
2014-02-16,26.575,23.48978877802255,60.7,34.125,37.21021122197745
2014-02-17,25.8,22.092769210833225,65.2,39.400000000000006,43.10723078916678
2014-02-18,34.891666666666666,31.8587404431774,68.1,33.20833333333333,36.2412595568226
2014-02-19,38.86666666666667,35.57024750550732,70.1,31.233333333333327,34.529752494492676
2014-02-20,40.63333333333333,38.47852792535959,73,32.36666666666667,34.52147207464041
2014-02-21,40.175,38.33827912401192,74.6,34.425,36.261720875988075
2014-02-22,37.38333333333333,35.25077102500972,74,36.61666666666667,38.74922897499028
2014-02-23,36.25833333333333,33.51579629389659,73.4,37.14166666666667,39.88420370610341
2014-02-24,30.391666666666666,27.700181417649343,72.5,42.108333333333334,44.79981858235065
2014-02-25,26.316666666666666,23.208060126992354,72.6,46.28333333333333,49.391939873007644
2014-02-26,22.175,19.24203706103408,71,48.825,51.75796293896592
2014-02-27,20.066666666666666,17.536737073992484,69.6,49.53333333333333,52.06326292600751
2014-02-28,18.575,15.380484644291823,63.2,44.625,47.81951535570818
2014-03-01,28.116666666666667,25.21540754179085,66.2,38.083333333333336,40.98459245820915
2014-03-02,27.433333333333334,25.323364001555007,69.8,42.36666666666666,44.47663599844499
2014-03-03,18.05,16.333367889076065,69.9,51.85000000000001,53.56663211092394
2014-03-04,19.983333333333334,17.85608397045484,71,51.016666666666666,53.14391602954516
2014-03-05,27.091666666666665,25.15662822340288,71.6,44.508333333333326,46.44337177659712
2014-03-06,25.916666666666668,22.741531683296618,71.7,45.78333333333333,48.95846831670339
2014-03-07,33.391666666666666,30.882532072048722,68.6,35.20833333333333,37.717467927951276
2014-03-08,37.95,36.03019308021252,62.6,24.65,26.56980691978748
2014-03-09,35.725,33.67992743294026,66.7,30.975,33.02007256705974
2014-03-10,42.38333333333333,40.56761694959181,68.1,25.71666666666666,27.532383050408185
2014-03-11,46.7,44.664882726448106,70.5,23.799999999999997,25.835117273551894
2014-03-12,40.675,39.27793183879746,73.4,32.72500000000001,34.12206816120255
2014-03-13,27.85,25.015977711545936,69.8,41.949999999999996,44.78402228845406
2014-03-14,38.391666666666666,35.810431514837376,67.2,28.808333333333337,31.389568485162627
2014-03-15,43.6,41.82595568225995,70.7,27.1,28.87404431774005
2014-03-16,32.88333333333333,30.09661785668006,73.3,40.416666666666664,43.20338214331994
2014-03-17,30.95,28.592834002850847,76.5,45.55,47.90716599714915
2014-03-18,37.11666666666667,34.79098095114682,71.3,34.18333333333333,36.509019048853176
2014-03-19,40.21666666666667,38.36415705585072,68.3,28.08333333333333,29.93584294414928
2014-03-20,42.40833333333333,41.0969547751717,68.6,26.191666666666663,27.50304522482829
2014-03-21,41.666666666666664,40.19063107425165,71.4,29.73333333333334,31.209368925748358
2014-03-22,43.3,41.64722042244395,72.8,29.5,31.152779577556046
2014-03-23,35.05833333333333,33.33453414539329,74.4,39.341666666666676,41.065465854606714
2014-03-24,31.725,29.027044188156022,73,41.275,43.972955811843974
2014-03-25,32.00833333333333,30.014707788000518,69.6,37.59166666666666,39.58529221199947
2014-03-26,32.333333333333336,30.561876376830373,62.2,29.866666666666667,31.63812362316963
2014-03-27,38.05833333333333,35.893702215887004,66.9,28.841666666666676,31.006297784113002
2014-03-28,47.075,45.22858623817546,73.4,26.325000000000003,28.171413761824546
2014-03-29,43.6,41.67775042114812,74.2,30.6,32.522249578851884
2014-03-30,43.61666666666667,42.17750421148114,69.7,26.083333333333336,27.52249578851886
2014-03-31,45.916666666666664,44.36672281974861,67.6,21.68333333333333,23.233277180251385
2014-04-01,46.55,44.68088635480109,70.2,23.650000000000006,25.519113645198914
2014-04-02,46.541666666666664,44.229985745756125,71.5,24.958333333333336,27.270014254243875
2014-04-03,47.4,45.413813658157316,72.9,25.500000000000007,27.48618634184269
2014-04-04,44.8,42.54443436568615,74.3,29.5,31.755565634313847
2014-04-05,44.141666666666666,42.978579758973694,74.3,30.15833333333333,31.321420241026303
2014-04-06,45.31666666666666,44.00653103537644,75,29.683333333333337,30.99346896462356
2014-04-07,46.36666666666667,44.606543993779965,77.6,31.233333333333327,32.99345600622003
2014-04-08,52.291666666666664,51.11505766489569,74.8,22.508333333333333,23.68494233510431
2014-04-09,50.625,48.81630167163405,68.9,18.275000000000006,20.083698328365955
2014-04-10,53.28333333333333,51.30211221977453,70.6,17.316666666666663,19.297887780225466
2014-04-11,57.325,56.1131786963846,73,15.674999999999997,16.8868213036154
2014-04-12,57.03333333333333,56.69773227938318,75.4,18.366666666666674,18.702267720616824
2014-04-13,59.275,58.76927562524297,75.3,16.025,16.53072437475703
2014-04-14,57.84166666666667,57.30450952442659,77.4,19.558333333333337,20.095490475573413
2014-04-15,47.69166666666667,47.69613839574964,77.7,30.008333333333333,30.00386160425036
2014-04-16,40.30833333333333,39.11859530905792,75.1,34.791666666666664,35.98140469094207
2014-04-17,44.33333333333333,42.833951017234675,76.8,32.46666666666667,33.96604898276532
2014-04-18,46.233333333333334,43.825450304522484,77.2,30.96666666666667,33.37454969547752
2014-04-19,51.425,49.64398082156278,73.6,22.174999999999997,23.956019178437217
2014-04-20,53.09166666666667,51.35914215368667,70.7,17.608333333333334,19.340857846313334
2014-04-21,55.93333333333334,54.56273163146301,71.2,15.266666666666666,16.637268368536994
2014-04-22,55.34166666666667,53.95201503174809,72.1,16.758333333333326,18.147984968251905
2014-04-23,50.09166666666667,48.253440456135806,72.4,22.308333333333337,24.1465595438642
2014-04-24,50.45,48.92302708306337,73.8,23.349999999999994,24.87697291693663
2014-04-25,52.25833333333333,51.145730206038614,74.9,22.641666666666673,23.75426979396139
2014-04-26,51.958333333333336,49.82171828430737,77.5,25.541666666666664,27.678281715692627
2014-04-27,50.608333333333334,48.36279642348063,78.7,28.09166666666667,30.33720357651937
2014-04-28,52.541666666666664,50.578074381236235,81,28.458333333333336,30.421925618763765
2014-04-29,51.766666666666666,49.5009977970714,81.3,29.53333333333333,31.799002202928598
2014-04-30,51.516666666666666,48.48170273422314,81.4,29.88333333333334,32.918297265776864
2014-05-01,57.56666666666666,56.30326551768822,80.8,23.233333333333334,24.49673448231178
2014-05-02,56.40833333333333,55.23453414539329,80.1,23.691666666666663,24.865465854606704
2014-05-03,57.35,56.03834391602954,76.7,19.35,20.661656083970463
2014-05-04,55.59166666666667,53.66234287935726,76,20.40833333333333,22.33765712064274
2014-05-05,53.96666666666667,52.26856291304911,76.5,22.53333333333333,24.23143708695089
2014-05-06,55.3,53.614617079175844,77.9,22.60000000000001,24.285382920824162
2014-05-07,57.63333333333333,56.999222495788516,79.5,21.866666666666667,22.500777504211484
2014-05-08,62.19166666666666,61.070403006349615,82.1,19.90833333333333,21.02959699365038
2014-05-09,62.125,60.80533886225217,81.5,19.375,20.69466113774783
2014-05-10,64.36666666666666,63.90517040300635,81.6,17.233333333333334,17.694829596993642
2014-05-11,66.025,65.78600492419335,81.2,15.174999999999997,15.413995075806653
2014-05-12,68.61666666666667,68.77374627445899,81.7,13.083333333333329,12.926253725541017
2014-05-13,64.2,62.22710898017365,80.7,16.5,18.472891019826356
2014-05-14,59.15,57.15471037968123,80.5,21.35,23.345289620318773
2014-05-15,61.225,59.60542957107684,77.6,16.374999999999993,17.994570428923154
2014-05-16,58.55833333333334,57.16930154205002,76.2,17.641666666666666,19.03069845794998
2014-05-17,57.358333333333334,56.41542050019437,74.4,17.04166666666667,17.984579499805633
2014-05-18,57.18333333333334,56.15007127121938,76.7,19.516666666666666,20.54992872878062
2014-05-19,58.391666666666666,57.358908902423224,78.3,19.90833333333333,20.941091097576773
2014-05-20,62.733333333333334,62.538836335363484,78.7,15.966666666666669,16.16116366463652
2014-05-21,64.30833333333334,63.90892834002851,78.8,14.49166666666666,14.891071659971487
2014-05-22,62.55833333333333,61.04547103796813,79.1,16.541666666666664,18.054528962031867
2014-05-23,60.75,58.911429311908776,79.7,18.950000000000003,20.788570688091227
2014-05-24,61.824999999999996,59.852870286380714,80.4,18.57500000000001,20.54712971361929
2014-05-25,65.85,64.39361150706233,80.8,14.950000000000003,16.406388492937666
2014-05-26,69.98333333333333,69.62629260075158,80.5,10.516666666666666,10.873707399248417
2014-05-27,70.14166666666667,69.72406375534534,80.8,10.658333333333331,11.075936244654656
2014-05-28,63.7,60.58394453803291,81,17.299999999999997,20.41605546196709
2014-05-29,60.75,58.73299209537385,80.1,19.349999999999994,21.367007904626142
2014-05-30,64.54166666666667,62.731709213424914,79,14.458333333333329,16.268290786575086
2014-05-31,65.61666666666667,63.84497861863419,79.6,13.98333333333332,15.755021381365808
2014-06-01,66.9,66.21021122197746,79.7,12.799999999999997,13.489788778022543
2014-06-02,69.23333333333333,68.78890760658287,78.2,8.966666666666669,9.411092393417135
2014-06-03,70.75,70.26100816379422,75.4,4.650000000000006,5.13899183620579
2014-06-04,67.99166666666667,66.41254373461189,76.9,8.908333333333331,10.487456265388118
2014-06-05,65.34166666666667,63.7712841777893,79.3,13.958333333333329,15.5287158222107
2014-06-06,66.49166666666667,65.40622003369185,80.6,14.10833333333332,15.193779966308142
2014-06-07,68.10833333333333,67.67129713619282,82.3,14.191666666666663,14.628702863807177
2014-06-08,68.675,67.56620448360762,82.3,13.625,14.733795516392377
2014-06-09,67.21666666666667,65.99734352727744,81.3,14.083333333333329,15.30265647272256
2014-06-10,67.68333333333334,66.48295969936504,80.4,12.716666666666669,13.917040300634966
2014-06-11,67.125,65.04359206945703,80.5,13.375,15.456407930542966
2014-06-12,67,66.0909161591292,79.5,12.5,13.409083840870807
2014-06-13,67.2,66.36402747181548,79.1,11.899999999999991,12.735972528184519
2014-06-14,65.96666666666667,65.42868990540366,80.1,14.133333333333326,14.671310094596336
2014-06-15,67.69166666666666,67.22561876376831,79,11.308333333333337,11.77438123623169
2014-06-16,71.80833333333334,71.27289101982636,80.1,8.291666666666657,8.827108980173634
2014-06-17,75.25833333333334,75.40962809381884,78,2.74166666666666,2.5903719061811614
2014-06-18,76.25,76.45969936503823,77.3,1.0499999999999972,0.8403006349617641
2014-06-19,71.25833333333333,70.20702345471038,78.4,7.14166666666668,8.192976545289625
2014-06-20,70.05833333333334,69.23398989244525,79.5,9.441666666666663,10.266010107554749
2014-06-21,69.025,67.70465206686536,80.1,11.074999999999989,12.39534793313463
2014-06-22,69.43333333333334,68.3211999481664,81.2,11.766666666666666,12.878800051833608
2014-06-23,70.89166666666667,69.96832966178566,82.7,11.808333333333337,12.731670338214343
2014-06-24,72.10833333333333,71.49775819619022,83.9,11.791666666666671,12.402241803809787
2014-06-25,72.04166666666667,71.63610211221977,84,11.958333333333329,12.363897887780226
2014-06-26,71.95833333333334,71.25036931450045,82.7,10.74166666666666,11.449630685499557
2014-06-27,72.4,71.75309057924063,82.1,9.699999999999989,10.34690942075936
2014-06-28,73.90833333333333,73.50107554749256,82.7,8.791666666666671,9.198924452507441
2014-06-29,74.46666666666667,73.94206297784113,84,9.533333333333331,10.057937022158868
2014-06-30,75.8,75.68916677465337,83,7.200000000000003,7.310833225346627
2014-07-01,76.575,76.80233251263444,83,6.424999999999997,6.197667487365564
2014-07-02,75.7,75.42294933264222,83,7.299999999999997,7.577050667357781
2014-07-03,73.28333333333333,73.08570688091227,83.2,9.916666666666671,10.114293119087733
2014-07-04,69.43333333333334,68.61398211740314,83.1,13.666666666666657,14.486017882596855
2014-07-05,70.51666666666667,69.59173253855126,82.5,11.983333333333334,12.908267461448744
2014-07-06,73.075,72.64048205261112,81.2,8.125,8.559517947388883
2014-07-07,76.53333333333333,76.53549306725412,80.1,3.566666666666663,3.5645069327458714
2014-07-08,77.13333333333334,77.48295969936504,80.5,3.36666666666666,3.01704030063496
2014-07-09,74.675,74.73345859790074,81,6.325000000000003,6.266541402099264
2014-07-10,72.70833333333333,72.19352079823766,80.2,7.491666666666674,8.006479201762346
2014-07-11,73.08333333333333,72.37775042114811,82.3,9.216666666666669,9.92224957885189
2014-07-12,74.86666666666667,74.5071400803421,81.2,6.333333333333329,6.692859919657906
2014-07-13,76.14166666666667,75.83461189581443,81,4.858333333333334,5.165388104185567
2014-07-14,74.05833333333334,73.76619152520409,81.4,7.341666666666669,7.633808474795913
2014-07-15,71.60833333333333,71.17751716988467,81,9.391666666666666,9.822482830115334
2014-07-16,69.41666666666667,69.09302837890372,80.7,11.283333333333331,11.606971621096278
2014-07-17,69.04166666666667,68.79808215627834,82.1,13.058333333333323,13.301917843721654
2014-07-18,69.56666666666666,69.32867694700013,83.9,14.333333333333343,14.571323052999873
2014-07-19,69.75,69.34527666191525,84,14.25,14.65472333808475
2014-07-20,70.85833333333333,69.85596734482311,84.3,13.441666666666663,14.444032655176883
2014-07-21,73.83333333333333,72.86779836724116,81.4,7.566666666666677,8.532201632758841
2014-07-22,76.64166666666667,76.26476610081637,80.4,3.75833333333334,4.135233899183632
2014-07-23,75.825,75.00290268238953,82.1,6.2749999999999915,7.097097317610462
2014-07-24,72.20833333333333,71.12280679020344,81.7,9.491666666666674,10.577193209796562
2014-07-25,71.53333333333333,70.36974212776985,82.9,11.366666666666674,12.530257872230152
2014-07-26,73.75833333333333,72.81247894259428,81.2,7.441666666666677,8.38752105740572
2014-07-27,74.85,74.15057664895684,83,8.150000000000006,8.849423351043157
2014-07-28,71.55833333333334,70.63313463781263,84,12.441666666666663,13.366865362187369
2014-07-29,69.04166666666667,68.36172087598808,84.2,15.158333333333331,15.838279124011919
2014-07-30,69.98333333333333,69.11027601399508,83.8,13.816666666666663,14.689723986004921
2014-07-31,72.075,71.24216664506933,82.2,10.125,10.95783335493067
2014-08-01,72.59166666666667,72.16458468316704,81.5,8.908333333333331,9.335415316832965
2014-08-02,70.95,69.92086302967475,82.2,11.25,12.279136970325254
2014-08-03,71.325,70.18673059479072,80.8,9.474999999999994,10.61326940520928
2014-08-04,73.30833333333334,72.95704289231567,80,6.691666666666663,7.04295710768433
2014-08-05,74,73.67106388492937,81.2,7.200000000000003,7.5289361150706355
2014-08-06,72.6,72.07029933912142,83.4,10.800000000000011,11.329700660878586
2014-08-07,72.04166666666667,71.04207593624466,84.2,12.158333333333331,13.157924063755345
2014-08-08,72.23333333333333,71.28575871452638,82.4,10.166666666666671,11.114241285473625
2014-08-09,73.25833333333334,72.31653492289749,82.3,9.041666666666657,9.983465077102508
2014-08-10,74.825,73.89516651548529,83.9,9.075000000000003,10.00483348451472
2014-08-11,73.725,73.19559414280161,83.5,9.775000000000006,10.30440585719839
2014-08-12,70.875,69.74492678502008,83.5,12.625,13.755073214979916
2014-08-13,70.94166666666666,70.19992224957886,84.1,13.158333333333331,13.900077750421133
2014-08-14,68.475,67.36639885966049,83.7,15.225000000000009,16.33360114033951
2014-08-15,67.975,66.3935467150447,81.9,13.925000000000011,15.506453284955299
2014-08-16,70.88333333333333,69.59140857846313,83.6,12.716666666666669,14.008591421536863
2014-08-17,72.11666666666667,70.54732408967214,83.7,11.583333333333329,13.152675910327858
2014-08-18,71.54166666666667,70.16352209407802,85.1,13.558333333333323,14.936477905921976
2014-08-19,72.225,71.46204483607619,85.6,13.375,14.137955163923806
2014-08-20,73.48333333333333,72.73813658157314,84.1,10.61666666666666,11.36186341842685
2014-08-21,73.65833333333333,72.42937670079046,82.9,9.241666666666674,10.47062329920955
2014-08-22,73.20833333333333,71.98486458468317,83,9.791666666666671,11.015135415316834
2014-08-23,71.525,70.42455617467928,85.2,13.674999999999997,14.775443825320721
2014-08-24,72.58333333333333,71.59422055202799,86.5,13.916666666666671,14.905779447972009
2014-08-25,74.35833333333333,74.05905144486199,85.1,10.74166666666666,11.040948555138002
2014-08-26,74.95833333333333,74.68581054814047,85.5,10.541666666666671,10.814189451859534
2014-08-27,75.56666666666666,74.88088635480108,84.5,8.933333333333337,9.619113645198922
2014-08-28,72.31666666666666,71.43741091097577,83.1,10.783333333333331,11.662589089024223
2014-08-29,70.475,69.71838797460154,84.7,14.225000000000009,14.981612025398462
2014-08-30,72.63333333333333,71.73665932357135,85.4,12.76666666666668,13.66334067642866
2014-08-31,75.75,75.4340158092523,85.4,9.650000000000006,9.965984190747704
2014-09-01,76.16666666666666,76.110768433329,83.4,7.2333333333333485,7.289231566671006
2014-09-02,76.675,76.77883892704419,81.3,4.625,4.521161072955806
2014-09-03,74.79166666666667,74.6508099002203,81.4,6.608333333333334,6.74919009977971
2014-09-04,75.30833333333334,75.01148114552286,81.7,6.391666666666666,6.688518854477138
2014-09-05,75.75833333333334,75.71284177789296,82,6.24166666666666,6.287158222107038
2014-09-06,75.09166666666667,74.69341713100945,81.4,6.308333333333337,6.706582868990552
2014-09-07,70.33333333333333,69.34264610599973,81.8,11.466666666666669,12.457353894000263
2014-09-08,69.025,67.80848775430867,82.6,13.574999999999989,14.791512245691322
2014-09-09,69.96666666666667,68.58159906699494,81.2,11.233333333333334,12.618400933005063
2014-09-10,69.6,68.62919528314112,80.1,10.5,11.47080471685888
2014-09-11,68.85833333333333,67.13365297395362,81,12.141666666666666,13.866347026046384
2014-09-12,64.45,62.81350265647272,77.5,13.049999999999997,14.686497343527279
2014-09-13,60.34166666666667,58.89101982635739,79.8,19.45833333333333,20.908980173642604
2014-09-14,60.85,59.0928599196579,79.6,18.749999999999993,20.507140080342097
2014-09-15,61.79166666666667,59.686601010755474,82,20.20833333333333,22.313398989244526
2014-09-16,63.575,61.245730206038616,82.2,18.625,20.954269793961387
2014-09-17,63.975,61.891577037708956,80,16.025,18.108422962291044
2014-09-18,63.38333333333333,62.0585849423351,79.6,16.21666666666666,17.541415057664892
2014-09-19,61.9,60.15754827005313,78.2,16.300000000000004,18.042451729946876
2014-09-20,66.625,65.33998963327718,77.7,11.075000000000003,12.360010366722818
2014-09-21,67.625,66.82335104315148,79.7,12.075000000000003,12.876648956848527
2014-09-22,63.025,61.91416353505249,78.6,15.574999999999996,16.685836464947506
2014-09-23,61.583333333333336,60.27995334974731,77.6,16.01666666666666,17.320046650252685
2014-09-24,63.733333333333334,62.62585201503175,79.6,15.86666666666666,16.974147984968248
2014-09-25,63.75,62.3369573668524,79.3,15.549999999999997,16.963042633147595
2014-09-26,65.81666666666666,64.71080730853959,79.6,13.783333333333331,14.889192691460408
2014-09-27,67.30833333333334,67.01702734223144,81.1,13.791666666666657,14.08297265776855
2014-09-28,68.44166666666666,68.16196708565505,80.8,12.358333333333334,12.638032914344947
2014-09-29,67.30833333333334,66.97710250097188,80.7,13.391666666666666,13.722897499028122
2014-09-30,63.208333333333336,61.80688091227161,80.3,17.09166666666666,18.493119087728388
2014-10-01,62.475,61.04123364001555,80.9,18.425000000000004,19.858766359984457
2014-10-02,64.425,62.95048594013217,82.5,18.075000000000003,19.549514059867832
2014-10-03,61.916666666666664,60.28797460152909,81.9,19.98333333333334,21.612025398470912
2014-10-04,57.06666666666667,55.8555915511209,79.7,22.633333333333333,23.8444084488791
2014-10-05,54.18333333333334,52.673759232862515,74.5,20.316666666666663,21.826240767137485
2014-10-06,58.03333333333333,56.3286639885966,76.8,18.766666666666666,20.471336011403395
2014-10-07,62.358333333333334,61.51129972787353,77.2,14.841666666666669,15.688700272126475
2014-10-08,61.875,60.98355578592717,79,17.125,18.016444214072827
2014-10-09,58.56666666666666,57.411869897628605,80.6,22.03333333333333,23.18813010237139
2014-10-10,56.425,54.93476739665673,80.8,24.375,25.865232603343266
2014-10-11,53.583333333333336,52.211973564856805,81.1,27.51666666666666,28.88802643514319
2014-10-12,54.44166666666667,53.001529091615915,81.1,26.658333333333324,28.09847090838408
2014-10-13,59.75,58.546365167811324,81.7,21.950000000000003,23.15363483218868
2014-10-14,64.85833333333333,64.71380069975379,81.9,17.04166666666667,17.186199300246216
2014-10-15,63.80833333333334,63.89695477517171,79.9,16.09166666666667,16.0030452248283
2014-10-16,61.858333333333334,62.03100945963458,77.1,15.24166666666666,15.068990540365412
2014-10-17,60.63333333333333,60.09668264869768,75.2,14.56666666666667,15.103317351302323
2014-10-18,57.108333333333334,56.442438771543344,74,16.891666666666666,17.557561228456656
2014-10-19,52.13333333333333,50.30898017364261,76.5,24.366666666666667,26.19101982635739
2014-10-20,52.958333333333336,51.09765452896203,77.8,24.84166666666666,26.702345471037965
2014-10-21,55.03333333333333,53.76102112219775,74.7,19.66666666666667,20.938978877802256
2014-10-22,53.175,51.42697939613839,75.9,22.72500000000001,24.473020603861613
2014-10-23,53.9,51.65162627964234,76,22.1,24.348373720357657
2014-10-24,56.25833333333333,54.80943371776598,76.3,20.041666666666664,21.49056628223402
2014-10-25,58.45,57.25103019308021,73.2,14.75,15.948969806919791
2014-10-26,56.025,54.5637812621485,72.5,16.475,17.936218737851497
2014-10-27,56.983333333333334,56.19861345082286,72.8,15.816666666666663,16.601386549177136
2014-10-28,59.53333333333333,58.12968770247505,76,16.46666666666667,17.870312297524947
2014-10-29,55.93333333333333,55.11183102241804,77,21.06666666666667,21.888168977581962
2014-10-30,50.675,49.324698717118054,77,26.325000000000003,27.675301282881946
2014-10-31,47.63333333333333,46.2062459504989,74.1,26.46666666666666,27.893754049501098
2014-11-01,43.833333333333336,42.89907995334975,68.1,24.26666666666666,25.200920046650246
2014-11-02,42.858333333333334,41.24093559673448,60.5,17.641666666666666,19.25906440326552
2014-11-03,48.583333333333336,47.34093559673448,65.7,17.116666666666667,18.35906440326552
2014-11-04,53.38333333333333,52.4120253984709,71.8,18.416666666666664,19.387974601529095
2014-11-05,52.858333333333334,52.685447712841786,73.8,20.941666666666663,21.11455228715821
2014-11-06,49.61666666666667,47.97261889335234,74.5,24.883333333333333,26.52738110664766
2014-11-07,45.65833333333333,44.05649863936763,73.7,28.04166666666667,29.64350136063237
2014-11-08,43.88333333333333,42.05954386419593,72.3,28.416666666666664,30.240456135804067
2014-11-09,46.666666666666664,45.56431255669301,66.9,20.23333333333334,21.335687443306995
2014-11-10,48.15833333333333,47.590553323830505,67.6,19.441666666666663,20.00944667616949
2014-11-11,50.175,50.04877543086691,68.4,18.22500000000001,18.351224569133095
2014-11-12,45.7,46.06468835039523,69.7,24,23.635311649604773
2014-11-13,37.44166666666667,37.233665932357134,70.1,32.658333333333324,32.86633406764286
2014-11-14,34.108333333333334,33.51461707917585,68.7,34.59166666666667,35.18538292082415
2014-11-15,33.5,32.34665025268887,67.7,34.2,35.353349747311135
2014-11-16,34.708333333333336,33.38670467798367,73.7,38.99166666666667,40.31329532201633
2014-11-17,35.35,34.632590384864585,76.1,40.74999999999999,41.46740961513541
2014-11-18,28.683333333333334,27.79560710120513,64.6,35.91666666666666,36.804392898794866
2014-11-19,29.2,27.403952313075028,58.6,29.400000000000002,31.196047686924974
2014-11-20,33.3,31.872748477387585,65.7,32.400000000000006,33.827251522612414
2014-11-21,31.458333333333332,29.336205779447972,67.4,35.94166666666668,38.06379422055203
2014-11-22,38.34166666666667,36.51361928210445,73.1,34.758333333333326,36.586380717895544
2014-11-23,46.99166666666667,45.72804198522742,76.1,29.108333333333327,30.371958014772574
2014-11-24,51.53333333333333,51.184968251911364,76.5,24.96666666666667,25.315031748088636
2014-11-25,44.725,44.53671115718544,76.5,31.775,31.963288842814563
2014-11-26,38.03333333333333,36.26375534534146,67.4,29.366666666666674,31.136244654658547
2014-11-27,33.59166666666667,31.988596604898277,61.2,27.608333333333334,29.211403395101726
2014-11-28,31.425,29.078981469482958,57.7,26.275000000000002,28.621018530517045
2014-11-29,35.925,33.18610859142154,62.4,26.475,29.213891408578462
2014-11-30,45.05833333333333,43.383646494751844,67.7,22.641666666666673,24.31635350524816
2014-12-01,42.483333333333334,41.9732797719321,72.4,29.91666666666667,30.426720228067907
2014-12-02,34.875,34.27870934300894,72.3,37.425,38.021290656991056
2014-12-03,40.03333333333333,39.344797200984836,73.1,33.06666666666666,33.75520279901516
2014-12-04,37.25,35.56155241674226,73.1,35.849999999999994,37.538447583257735
2014-12-05,39,36.98187119346897,73.8,34.8,36.81812880653103
2014-12-06,40.90833333333333,39.67614357911105,73.2,32.29166666666667,33.523856420888954
2014-12-07,36.84166666666667,34.874484903459894,70.9,34.05833333333334,36.02551509654011
2014-12-08,35.06666666666666,32.69591810288972,66.2,31.13333333333334,33.50408189711028
2014-12-09,38.2,37.54347544382532,62.9,24.699999999999996,25.356524556174676
2014-12-10,36.86666666666667,35.86608785797589,58.5,21.633333333333333,22.63391214202411
2014-12-11,35.425000000000004,33.026901645717246,59.7,24.275,26.673098354282757
2014-12-12,35.8,32.81869897628612,60.7,24.900000000000006,27.88130102371388
2014-12-13,38.75,36.74662433588182,60.7,21.950000000000003,23.953375664118184
2014-12-14,42.75,40.719308021251784,61,18.25,20.280691978748216
2014-12-15,42.891666666666666,40.849656602306595,60.8,17.90833333333333,19.950343397693402
2014-12-16,40.15,39.34487495140599,61.2,21.050000000000004,21.85512504859401
2014-12-17,38.766666666666666,38.236633406764284,64.8,26.03333333333333,26.563366593235713
2014-12-18,35.125,33.98934819230271,64.3,29.174999999999997,30.31065180769729
2014-12-19,34.13333333333333,32.75035635609693,63.5,29.366666666666667,30.74964364390307
2014-12-20,33.61666666666667,31.94646883503952,66.9,33.28333333333334,34.95353116496048
2014-12-21,35.475,33.94171310094596,70.4,34.925000000000004,36.458286899054045
2014-12-22,38.275,36.96417001425424,72.2,33.925000000000004,35.23582998574576
2014-12-23,43.69166666666666,43.32949332642219,74.1,30.40833333333333,30.770506673577806
2014-12-24,45.583333333333336,45.08621225864973,75.3,29.71666666666666,30.213787741350266
2014-12-25,44.68333333333333,45.20651807697292,69.8,25.116666666666667,24.593481923027078
2014-12-26,41.075,40.58675651159777,70.1,29.02499999999999,29.513243488402225
2014-12-27,41.24166666666667,41.27134896980692,72.4,31.15833333333334,31.128651030193083
2014-12-28,38.63333333333333,39.045963457302065,71.3,32.666666666666664,32.25403654269793
2014-12-29,32.81666666666667,32.98513671115718,71,38.18333333333333,38.01486328884282
2014-12-30,27.3,26.27361669042374,71.9,44.60000000000001,45.62638330957627
2014-12-31,24.458333333333332,23.091771413761826,72.8,48.34166666666667,49.70822858623817
2015-01-01,28.425,27.360748995723725,72,43.575,44.639251004276275
2015-01-02,32.016666666666666,31.585797589736945,73.7,41.68333333333334,42.11420241026306
2015-01-03,33.625,32.686821303615396,75.3,41.675,42.6131786963846
2015-01-04,38.625,38.8482959699365,75.1,36.474999999999994,36.25170403006349
2015-01-05,25.716666666666665,24.307127121938578,72.1,46.383333333333326,47.79287287806142
2015-01-06,21.866666666666667,18.630659582739405,72.2,50.333333333333336,53.5693404172606
2015-01-07,17.941666666666666,14.777854088376312,68.4,50.45833333333334,53.62214591162369
2015-01-08,14.425,11.333536348321886,60.5,46.075,49.166463651678114
2015-01-09,22.25,20.08802643514319,65.2,42.95,45.11197356485681
2015-01-10,17.7,15.76888687313723,63.7,46,47.93111312686277
2015-01-11,25.675,24.206077491253076,70.6,44.925,46.39392250874692
2015-01-12,30.666666666666668,29.764727225605803,71,40.33333333333333,41.2352727743942
2015-01-13,23.258333333333333,22.008941298432035,70.1,46.84166666666666,48.09105870156796
2015-01-14,22.591666666666665,19.967111571854346,69.8,47.20833333333333,49.83288842814565
2015-01-15,28.575,26.534300894129846,68.1,39.52499999999999,41.56569910587015
2015-01-16,31.258333333333333,29.353712582609823,65.4,34.14166666666667,36.04628741739018
2015-01-17,30.416666666666668,27.417986264092264,63.4,32.983333333333334,35.982013735907735
2015-01-18,38.28333333333333,36.608811714396786,65.9,27.616666666666674,29.29118828560322
2015-01-19,36.68333333333333,35.051069068290786,63.6,26.91666666666667,28.548930931709215
2015-01-20,35.925,34.031644421407286,65.7,29.775000000000006,31.668355578592717
2015-01-21,32.94166666666667,30.864312556693015,69.6,36.658333333333324,38.73568744330698
2015-01-22,32.93333333333334,31.634624854217964,71.6,38.66666666666666,39.96537514578203
2015-01-23,32.86666666666667,31.100375793702216,72.3,39.43333333333333,41.199624206297784
2015-01-24,35.24166666666667,33.87769858753402,67.8,32.55833333333333,33.92230141246598
2015-01-25,34.5,32.21698846702086,59.5,25,27.28301153297914
2015-01-26,28.983333333333334,25.88000518336141,65.6,36.61666666666666,39.71999481663859
2015-01-27,27.716666666666665,24.575055073214976,62.8,35.08333333333333,38.22494492678502
2015-01-28,26.7,23.19850978359466,61.2,34.5,38.001490216405344
2015-01-29,30.641666666666666,26.943928987948688,61,30.358333333333334,34.05607101205131
2015-01-30,29.891666666666666,28.217325385512506,62,32.108333333333334,33.78267461448749
2015-01-31,23.316666666666666,20.175080990022032,64.9,41.58333333333334,44.724919009977974
2015-02-01,28.8,25.699326163016718,67.1,38.3,41.40067383698327
2015-02-02,26.05,23.728910198263574,69.4,43.35000000000001,45.67108980173643
2015-02-03,20.458333333333332,16.754192043540236,64.1,43.641666666666666,47.34580795645976
2015-02-04,28.7,25.55442529480368,69,40.3,43.44557470519632
2015-02-05,23.433333333333334,20.87141376182454,68.9,45.46666666666667,48.028586238175464
2015-02-06,21.891666666666666,17.63288842814565,62.7,40.80833333333334,45.067111571854355
2015-02-07,31.65,28.39377996630815,64.4,32.75000000000001,36.00622003369186
2015-02-08,38.425,35.29826357392769,64.8,26.375,29.501736426072306
2015-02-09,31.566666666666666,28.521472074640407,64.6,33.03333333333333,36.07852792535959
2015-02-10,31.166666666666668,28.208811714396784,63.5,32.33333333333333,35.29118828560321
2015-02-11,30.59166666666667,27.23862900090709,59,28.40833333333333,31.76137099909291
2015-02-12,26.45,23.306427368148245,59.8,33.349999999999994,36.49357263185175
2015-02-13,19.433333333333334,14.611973564856811,59.7,40.266666666666666,45.08802643514319
2015-02-14,23.225,18.61408578463133,54.3,31.074999999999996,35.68591421536867
2015-02-15,15.675,12.144563949721395,61.9,46.224999999999994,49.755436050278604
2015-02-16,13.116666666666667,9.254075417908513,63.5,50.38333333333333,54.24592458209149
2015-02-17,18.558333333333334,16.0526499935208,69.2,50.641666666666666,53.1473500064792
2015-02-18,19.358333333333334,16.264247764675392,62.2,42.84166666666667,45.935752235324614
2015-02-19,15.416666666666666,12.22884540624595,53.6,38.18333333333334,41.37115459375405
2015-02-20,13.883333333333333,9.20721783076325,51.1,37.21666666666667,41.89278216923675
2015-02-21,24.34166666666667,20.868718413891408,62.9,38.55833333333333,42.03128158610859
2015-02-22,30.075,28.637229493326423,69.7,39.625,41.06277050667358
2015-02-23,17.691666666666666,15.379694181676816,69.4,51.70833333333334,54.02030581832319
2015-02-24,16.541666666666668,13.289529609952053,68.1,51.55833333333332,54.81047039004794
2015-02-25,24.058333333333334,21.96681352857328,68.8,44.74166666666666,46.833186471426714
2015-02-26,21.724999999999998,19.787365556563433,72,50.275000000000006,52.21263444343657
2015-02-27,18.208333333333332,15.505896073603733,65.1,46.891666666666666,49.59410392639626
2015-02-28,18.541666666666668,15.607593624465466,71,52.45833333333333,55.392406375534534
2015-03-01,24.916666666666668,22.41363224050797,73.4,48.483333333333334,50.98636775949204
2015-03-02,29.516666666666666,27.89791369703253,73.3,43.78333333333333,45.40208630296747
2015-03-03,28.591666666666665,26.33472852144616,73.3,44.70833333333333,46.96527147855384
2015-03-04,35.09166666666667,33.71255669301542,73.9,38.80833333333334,40.187443306984584
2015-03-05,24.008333333333333,22.431437086950886,74.6,50.59166666666666,52.16856291304911
2015-03-06,19.883333333333333,17.084411040559804,72.4,52.51666666666667,55.315588959440205
2015-03-07,30.049999999999997,27.681184398082156,71.4,41.35000000000001,43.718815601917854
2015-03-08,37.24166666666667,34.98228586238175,72.6,35.35833333333333,37.61771413761824
2015-03-09,39.75833333333333,37.61488920564987,74.4,34.64166666666667,36.78511079435014
2015-03-10,42.608333333333334,40.905261111831024,75.8,33.19166666666666,34.89473888816897
2015-03-11,45.875,44.36212258649734,76.7,30.825000000000003,32.33787741350266
2015-03-12,42.20833333333333,39.46669690294156,76.9,34.69166666666668,37.43330309705845
2015-03-13,42.19166666666667,39.27743941946352,77,34.80833333333333,37.72256058053648
2015-03-14,46.00833333333333,43.58315407541791,76,29.991666666666667,32.41684592458209
2015-03-15,45.49166666666667,42.904976026953484,74.9,29.40833333333334,31.99502397304652
2015-03-16,48.09166666666667,45.71856939225088,76.1,28.008333333333326,30.381430607749117
2015-03-17,45.416666666666664,42.3636257613062,74.2,28.78333333333334,31.8363742386938
2015-03-18,37.96666666666667,34.51757159517947,74.2,36.233333333333334,39.682428404820534
2015-03-19,38.858333333333334,35.126720228067896,74.7,35.84166666666667,39.57327977193211
2015-03-20,39.63333333333333,36.56921083322535,74.1,34.46666666666666,37.530789166774646
2015-03-21,41.84166666666667,39.57873525981599,75,33.15833333333333,35.42126474018401
2015-03-22,37.1,34.133419722690164,74.2,37.1,40.06658027730984
2015-03-23,34.041666666666664,30.55649863936763,73.1,39.05833333333333,42.54350136063236
2015-03-24,36.78333333333333,33.12281974860697,74.3,37.516666666666666,41.177180251393025
2015-03-25,42.516666666666666,39.87010496306855,74.4,31.88333333333334,34.52989503693146
2015-03-26,47.19166666666666,45.31009459634573,77,29.808333333333337,31.689905403654272
2015-03-27,39.84166666666667,37.37346118958144,75.5,35.65833333333333,38.12653881041856
2015-03-28,36.6,33.993145004535435,67.1,30.499999999999993,33.10685499546456
2015-03-29,39,35.931553712582605,66.1,27.099999999999994,30.16844628741739
2015-03-30,45.55833333333334,43.08796164312557,66.4,20.84166666666667,23.31203835687444
2015-03-31,44.825,42.235518984061166,69.2,24.375,26.964481015938837
2015-04-01,46.59166666666667,44.16812232732928,71,24.40833333333333,26.83187767267072
2015-04-02,51.65,49.678514966956065,72.2,20.550000000000004,22.521485033043938
2015-04-03,53.74166666666667,52.030542957107684,74.1,20.358333333333327,22.06945704289231
2015-04-04,47.71666666666667,46.46615264999352,73.5,25.78333333333333,27.033847350006482
2015-04-05,47.275,46.37020863029675,75.3,28.025,28.929791369703246
2015-04-06,50.483333333333334,48.7642995982895,76.3,25.816666666666663,27.5357004017105
2015-04-07,50.875,48.181365815731496,77.1,26.224999999999994,28.918634184268498
2015-04-08,47.016666666666666,44.1845665414021,77.9,30.88333333333334,33.71543345859791
2015-04-09,47.983333333333334,46.20401710509265,78.5,30.516666666666666,32.29598289490735
2015-04-10,50.31666666666666,48.697991447453674,78.5,28.183333333333337,29.802008552546326
2015-04-11,51.5,50.17097317610471,78.5,27,28.32902682389529
2015-04-12,54.03333333333333,52.45011014642996,79.1,25.066666666666663,26.649889853570038
2015-04-13,57.45,56.277685629130495,79.6,22.14999999999999,23.3223143708695
2015-04-14,55.9,55.15909032007257,79.2,23.300000000000004,24.04090967992743
2015-04-15,55.35,54.24654658546067,79,23.65,24.75345341453933
2015-04-16,55.025,53.04321627575483,79.8,24.775,26.756783724245167
2015-04-17,59.916666666666664,58.76091745496955,79.4,19.48333333333334,20.639082545030455
2015-04-18,60.625,59.0371128676947,79.1,18.474999999999994,20.062887132305292
2015-04-19,54.99166666666667,53.229571076843335,80.4,25.40833333333334,27.17042892315667
2015-04-20,53.25,51.16300375793703,79.8,26.549999999999997,28.63699624206297
2015-04-21,52.983333333333334,52.681158481275105,79.6,26.61666666666666,26.91884151872489
2015-04-22,50.2,49.244628741739014,76.1,25.89999999999999,26.85537125826098
2015-04-23,45.93333333333333,44.23502656472723,78.7,32.76666666666667,34.464973435272775
2015-04-24,46.00833333333333,43.7574834780355,79.3,33.291666666666664,35.542516521964494
2015-04-25,47.425,45.272320850071274,80.5,33.075,35.227679149928726
2015-04-26,50.016666666666666,47.87404431774006,82.2,32.18333333333334,34.325955682259945
2015-04-27,50.69166666666666,48.52370092004664,82.7,32.00833333333334,34.17629907995336
2015-04-28,53.00833333333333,51.270273422314375,78.2,25.19166666666667,26.929726577685628
2015-04-29,56.458333333333336,54.67887780225477,77.8,21.34166666666666,23.12112219774523
2015-04-30,54.03333333333333,51.36286121549825,75.6,21.566666666666663,24.237138784501745
2015-05-01,54.95,52.286212258649734,73.7,18.75,21.41378774135027
2015-05-02,58.583333333333336,56.59428534404561,74.8,16.21666666666666,18.205714655954388
2015-05-03,62.125,61.28254503045224,75.6,13.474999999999994,14.317454969547754
2015-05-04,64.24166666666666,64.026772061682,75.3,11.058333333333337,11.273227938318001
2015-05-05,63.416666666666664,62.83414539328754,74.6,11.18333333333333,11.765854606712452
2015-05-06,63.108333333333334,62.126512893611505,75.9,12.791666666666671,13.773487106388501
2015-05-07,65.71666666666667,65.58333549306725,77.2,11.483333333333334,11.61666450693275
2015-05-08,65.81666666666666,65.91843980821562,77.8,11.983333333333334,11.881560191784374
2015-05-09,63.483333333333334,61.589633277180255,77.9,14.416666666666671,16.31036672281975
2015-05-10,66.70833333333333,65.41092393417131,79.5,12.791666666666671,14.089076065828692
2015-05-11,67.41666666666667,67.27891667746533,80.2,12.783333333333331,12.92108332253467
2015-05-12,64.61666666666667,65.07163405468447,79.9,15.283333333333331,14.82836594531554
2015-05-13,56.69166666666666,55.65688739147337,80.9,24.208333333333343,25.243112608526637
2015-05-14,57.1,56.57592328625113,81.9,24.800000000000004,25.324076713748873
2015-05-15,61.78333333333333,61.68093818841519,82.4,20.616666666666674,20.719061811584815
2015-05-16,66.26666666666667,65.8521186989763,81.4,15.13333333333334,15.547881301023708
2015-05-17,69.26666666666667,69.29410392639626,81.3,12.033333333333331,12.005896073603736
2015-05-18,65.075,64.19874303485811,81.9,16.825000000000003,17.701256965141894
2015-05-19,61.55,59.8924970843592,82.3,20.75,22.407502915640798
2015-05-20,57.1,55.3313334197227,81.8,24.699999999999996,26.4686665802773
2015-05-21,55.49166666666667,54.819126603602434,82.6,27.108333333333327,27.78087339639756
2015-05-22,59.375,58.80472981728651,83.1,23.724999999999994,24.295270182713487
2015-05-23,59.31666666666667,58.40980951146819,82.7,23.383333333333333,24.290190488531813
2015-05-24,64.93333333333334,64.94696125437346,83.2,18.266666666666666,18.25303874562654
2015-05-25,69.28333333333333,69.89486847220422,83.5,14.216666666666669,13.605131527795777
2015-05-26,70.575,71.23861604250357,83.9,13.325000000000003,12.66138395749644
2015-05-27,70.98333333333333,71.2258779318388,82.9,11.916666666666671,11.67412206816121
2015-05-28,71.8,71.67738758584943,81.1,9.299999999999997,9.422612414150564
2015-05-29,70.45833333333333,70.3775301282882,80.8,10.341666666666669,10.422469871711797
2015-05-30,69.65,68.90040171050927,82,12.349999999999994,13.099598289490729
2015-05-31,65.28333333333333,64.26026953479331,80.9,15.616666666666674,16.639730465206696
2015-06-01,59.93333333333334,57.58071789555527,79.8,19.86666666666666,22.21928210444473
2015-06-02,57.675,55.13751457820397,77.2,19.525000000000006,22.062485421796033
2015-06-03,60.791666666666664,59.42897499028119,77.9,17.10833333333334,18.471025009718815
2015-06-04,62.31666666666667,61.050524815342754,80.3,17.983333333333327,19.249475184657243
2015-06-05,63.13333333333333,60.9111831022418,79.6,16.46666666666666,18.688816897758194
2015-06-06,65.35,63.53764416223921,79.3,13.950000000000003,15.762355837760786
2015-06-07,66.39166666666667,64.85560450952443,80.1,13.708333333333329,15.244395490475569
2015-06-08,70.04166666666667,68.73493585590255,80.3,10.258333333333326,11.565064144097448
2015-06-09,71.73333333333333,70.82029285991965,79.5,7.766666666666666,8.679707140080353
2015-06-10,72.03333333333333,71.80584423998963,78.8,6.766666666666666,6.994155760010372
2015-06-11,73.05833333333334,72.87870934300894,79.6,6.541666666666657,6.721290656991059
2015-06-12,73.23333333333333,72.4865621355449,82.1,8.86666666666666,9.613437864455094
2015-06-13,72.85,72.80807308539588,82.4,9.550000000000011,9.59192691460413
2015-06-14,73.53333333333333,73.28617338343916,82.5,8.966666666666669,9.213826616560837
2015-06-15,71.7,70.61845276661914,81.3,9.599999999999994,10.681547233380854
2015-06-16,71.2,69.58135285732799,82.8,11.599999999999994,13.218647142672012
2015-06-17,69.04166666666667,67.65635609692886,83.2,14.158333333333331,15.543643903071143
2015-06-18,69.9,68.44247764675391,83.6,13.699999999999989,15.15752235324608
2015-06-19,70.775,69.19596993650383,83.1,12.324999999999989,13.904030063496165
2015-06-20,69.925,68.41131268627704,82.6,12.674999999999997,14.188687313722951
2015-06-21,74.13333333333334,73.68345211869897,82.8,8.666666666666657,9.116547881301031
2015-06-22,74.84166666666667,74.47438123623171,82.8,7.958333333333329,8.32561876376829
2015-06-23,75.375,75.10426331475962,83.2,7.825000000000003,8.095736685240382
2015-06-24,72.21666666666667,71.63671115718543,83.5,11.283333333333331,11.863288842814569
2015-06-25,71.46666666666667,70.72550213813658,83.3,11.833333333333329,12.57449786186342
2015-06-26,70.13333333333334,68.71346378126215,83.6,13.466666666666654,14.886536218737845
2015-06-27,66.475,65.08502008552546,83.5,17.025000000000006,18.414979914474543
2015-06-28,66.73333333333333,65.22607230789167,83.6,16.86666666666666,18.373927692108325
2015-06-29,68.675,67.24376052870286,84,15.325000000000003,16.756239471297135
2015-06-30,70.60833333333333,69.57151742905275,85.6,14.99166666666666,16.028482570947247
2015-07-01,70.29166666666667,68.9345859790074,85.8,15.508333333333326,16.865414020992603
2015-07-02,69.33333333333333,68.2360114033951,83.4,14.066666666666677,15.16398859660491
2015-07-03,69.75,68.86178566800571,83.1,13.349999999999994,14.238214331994286
2015-07-04,70.125,69.18345211869897,83,12.875,13.816547881301034
2015-07-05,72.53333333333333,72.12883244784241,81.9,9.366666666666674,9.771167552157593
2015-07-06,73.1,73.12097965530646,81.7,8.600000000000009,8.579020344693546
2015-07-07,72.69166666666666,72.18955552675911,82.7,10.00833333333334,10.510444473240895
2015-07-08,71.45833333333333,71.27671374886614,83.3,11.841666666666669,12.023286251133854
2015-07-09,71.075,69.97072696643774,84.3,13.224999999999994,14.32927303356226
2015-07-10,71.94166666666666,71.30190488531814,84.8,12.858333333333334,13.49809511468186
2015-07-11,73.51666666666667,72.9390566282234,85.2,11.683333333333337,12.260943371776605
2015-07-12,74.7,74.72351950239731,84.4,9.700000000000003,9.676480497602697
2015-07-13,74.96666666666667,74.89949462226254,83.2,8.233333333333334,8.300505377737466
2015-07-14,73.625,72.76222625372554,84.4,10.775000000000006,11.637773746274462
2015-07-15,71.61666666666666,70.74720746404043,84,12.38333333333334,13.252792535959571
2015-07-16,69.96666666666667,69.13038745626538,81.9,11.933333333333337,12.769612543734624
2015-07-17,73.40833333333333,72.79678631592589,81.8,8.391666666666666,9.003213684074112
2015-07-18,76.80833333333334,75.99504988985358,82.8,5.99166666666666,6.804950110146422
2015-07-19,79.56666666666666,79.41845276661914,82.3,2.7333333333333343,2.881547233380857
2015-07-20,79.575,79.54996760399119,83.6,4.0249999999999915,4.0500323960088025
2015-07-21,76.925,76.81862122586496,84.4,7.4750000000000085,7.581378774135047
2015-07-22,73.86666666666667,73.33047816509007,84.8,10.933333333333323,11.469521834909926
2015-07-23,73.725,73.03603732020215,85.4,11.675000000000011,12.36396267979785
2015-07-24,74.83333333333333,73.83443047816509,84,9.166666666666671,10.165569521834911
2015-07-25,75.56666666666666,74.45456783724245,79.1,3.5333333333333314,4.645432162757544
2015-07-26,76.28333333333333,75.34259427238565,78.3,2.0166666666666657,2.9574057276143435
2015-07-27,76.075,75.43746274458987,80,3.924999999999997,4.562537255410135
2015-07-28,78.63333333333334,78.45451600362836,83.2,4.566666666666663,4.745483996371647
2015-07-29,79.08333333333333,79.31009459634573,81.7,2.6166666666666742,2.389905403654268
2015-07-30,78.06666666666666,77.75424387715434,82.4,4.333333333333343,4.645756122845668
2015-07-31,77.01666666666667,76.75217053259038,83.4,6.38333333333334,6.647829467409622
2015-08-01,76.23333333333333,75.97229493326424,83,6.766666666666666,7.027705066735763
2015-08-02,76.45833333333333,76.12600751587405,82.3,5.841666666666669,6.173992484125947
2015-08-03,76.275,76.15645976415706,81.5,5.224999999999994,5.343540235842937
2015-08-04,76.31666666666666,76.0677724504341,83.1,6.783333333333331,7.032227549565889
2015-08-05,75.14166666666667,74.36284825709473,83.6,8.458333333333329,9.237151742905269
2015-08-06,72.79166666666667,72.07009200466503,83.9,11.108333333333334,11.829907995334977
2015-08-07,72.88333333333333,72.20400414668913,84,11.116666666666674,11.79599585331087
2015-08-08,73.15,72.41750680316186,82.6,9.449999999999989,10.182493196838138
2015-08-09,73.19166666666666,72.01306207075288,82.8,9.608333333333334,10.786937929247117
2015-08-10,73.13333333333333,72.48333549306726,83,9.866666666666674,10.516664506932742
2015-08-11,72.68333333333334,71.43249967603991,83.8,11.11666666666666,12.367500323960087
2015-08-12,73.23333333333333,72.18890760658287,84.6,11.36666666666666,12.411092393417121
2015-08-13,74.09166666666667,72.99878191006867,84.6,10.508333333333326,11.601218089931322
2015-08-14,76.33333333333333,75.50441881560191,81.2,4.866666666666674,5.695581184398094
2015-08-15,78.15,77.68721005572112,80.5,2.3499999999999943,2.812789944278876
2015-08-16,78.76666666666667,78.53623169625502,81.8,3.0333333333333314,3.263768303744982
2015-08-17,78.25833333333333,78.56354801088506,83,4.741666666666674,4.436451989114943
2015-08-18,76.50833333333334,76.89241933393807,82.6,6.091666666666654,5.707580666061929
2015-08-19,75.13333333333333,75.01499287287805,83.4,8.26666666666668,8.385007127121952
2015-08-20,72.15833333333333,72.2056757807438,83.9,11.741666666666674,11.694324219256202
2015-08-21,72.69166666666666,73.0170143838279,83.6,10.908333333333331,10.582985616172095
2015-08-22,72.575,72.22035765193728,83.8,11.224999999999994,11.57964234806272
2015-08-23,72.03333333333333,71.47471815472335,84.4,12.366666666666674,12.925281845276658
2015-08-24,72.38333333333333,71.60507969418168,84,11.616666666666674,12.394920305818317
2015-08-25,71.575,71.39565893481924,83.1,11.524999999999991,11.704341065180756
2015-08-26,70.45,69.90497602695348,81.8,11.349999999999994,11.89502397304652
2015-08-27,70.28333333333333,69.3969547751717,80.5,10.216666666666669,11.103045224828307
2015-08-28,71.29166666666667,70.16372942853441,81.1,9.808333333333323,10.936270571465585
2015-08-29,72.56666666666666,71.60167163405468,81.5,8.933333333333337,9.898328365945318
2015-08-30,74.89999999999999,74.42773098354282,78.7,3.8000000000000114,4.272269016457187
2015-08-31,76.625,76.59567189322276,80.7,4.075000000000003,4.1043281067772455
2015-09-01,77.10833333333333,77.05331087210055,82.4,5.291666666666671,5.346689127899452
2015-09-02,77.02499999999999,77.62240507969418,83.2,6.175000000000011,5.5775949203058275
2015-09-03,77.04166666666666,77.40336918491641,83.6,6.558333333333337,6.19663081508358
2015-09-04,74.94166666666666,73.89063107425166,83,8.058333333333337,9.109368925748342
2015-09-05,74.3,73.06234287935726,81.8,7.5,8.737657120642737
2015-09-06,75.68333333333334,74.90180121808993,80.4,4.716666666666669,5.498198781910077
2015-09-07,78.16666666666667,77.86050278605676,79.1,0.9333333333333229,1.2394972139432383
2015-09-08,79.34166666666667,79.10285084877542,81.5,2.1583333333333314,2.397149151224582
2015-09-09,76.875,76.34946222625372,83.3,6.424999999999997,6.950537773746277
2015-09-10,71.09166666666667,69.95530646624336,82.5,11.408333333333331,12.544693533756643
2015-09-11,68.51666666666667,67.07168588829856,82.5,13.983333333333334,15.42831411170144
2015-09-12,66.59166666666667,65.33291434495271,81.9,15.308333333333337,16.567085655047293
2015-09-13,65.075,64.14488790980951,81.6,16.52499999999999,17.455112090190482
2015-09-14,65.54166666666667,64.59647531424129,81.7,16.15833333333333,17.103524685758714
2015-09-15,69.73333333333333,69.07819100686795,80.5,10.766666666666666,11.421808993132046
2015-09-16,71.35833333333333,70.79831540754179,79.8,8.441666666666663,9.001684592458204
2015-09-17,72.36666666666666,72.12148503304392,78,5.63333333333334,5.878514966956075
2015-09-18,71.15833333333333,71.10079046261501,77.6,6.441666666666663,6.499209537384985
2015-09-19,70.28333333333333,69.33404172605935,80.3,10.016666666666666,10.965958273940643
2015-09-20,68.38333333333334,66.9758584942335,81.7,13.316666666666663,14.724141505766497
2015-09-21,65.38333333333333,63.29043669819878,81.4,16.01666666666668,18.109563301801224
2015-09-22,66.05833333333334,64.56159129195284,79.5,13.441666666666663,14.938408708047163
2015-09-23,67.33333333333333,65.76240767137489,79.3,11.966666666666669,13.53759232862511
2015-09-24,68.025,66.56869249708436,79.9,11.875,13.33130750291565
2015-09-25,67.8,65.93868083452118,80.2,12.400000000000006,14.261319165478824
2015-09-26,66.35,64.41168847997926,80,13.650000000000006,15.588311520020738
2015-09-27,66.14166666666667,64.44092263833096,79.6,13.458333333333329,15.159077361669034
2015-09-28,69.28333333333333,68.48621225864973,79.4,10.116666666666674,10.913787741350276
2015-09-29,68.64166666666667,67.83115200207334,79.7,11.058333333333337,11.868847997926665
2015-09-30,65.75,64.68297265776857,82,16.25,17.317027342231427
2015-10-01,58.93333333333333,57.05500842296229,81.8,22.866666666666667,24.74499157703771
2015-10-02,54.166666666666664,52.27029933912142,80.6,26.43333333333333,28.329700660878572
2015-10-03,52.55,50.8782687572891,78.5,25.950000000000003,27.6217312427109
2015-10-04,56.108333333333334,54.696578981469486,76.4,20.29166666666667,21.70342101853052
2015-10-05,58.38333333333333,57.06451989114941,75.9,17.516666666666673,18.835480108850597
2015-10-06,60.99166666666667,59.77894259427238,77.6,16.608333333333327,17.821057405727615
2015-10-07,62.708333333333336,61.50150317480887,77.9,15.19166666666667,16.39849682519114
2015-10-08,63.75833333333333,62.14689646235583,79.3,15.541666666666664,17.153103537644164
2015-10-09,64.25833333333334,62.516314630037584,79.6,15.341666666666654,17.08368536996241
2015-10-10,59.233333333333334,56.87283918621226,80,20.766666666666666,23.12716081378774
2015-10-11,62.2,60.087624724633926,79.3,17.099999999999994,19.21237527536607
2015-10-12,64.04166666666667,62.63741091097576,77,12.958333333333329,14.36258908902424
2015-10-13,62.291666666666664,60.74541920435402,78,15.708333333333336,17.25458079564598
2015-10-14,59.983333333333334,58.38643255150965,78.9,18.91666666666667,20.513567448490356
2015-10-15,57.49166666666667,55.77699883374368,80.4,22.90833333333334,24.623001166256323
2015-10-16,54.766666666666666,53.24549695477517,79.8,25.03333333333333,26.554503045224827
2015-10-17,49.975,47.961630167163406,78.2,28.225,30.238369832836597
2015-10-18,46.46666666666667,44.191499287287805,77.5,31.03333333333333,33.308500712712195
2015-10-19,49.775,47.57802254762213,76.3,26.525,28.721977452377864
2015-10-20,58.19166666666666,57.42774394194635,78.5,20.308333333333337,21.072256058053647
2015-10-21,61.15,60.5466113774783,78.5,17.35,17.9533886225217
2015-10-22,61.31666666666666,60.44426590644032,79.1,17.78333333333333,18.655734093559673
2015-10-23,56.25,54.6647790592199,78.4,22.150000000000006,23.735220940780103
2015-10-24,54.75833333333333,53.00947259297654,78.8,24.041666666666664,25.790527407023454
2015-10-25,55.90833333333333,54.904509524426594,79.1,23.191666666666663,24.1954904755734
2015-10-26,52.458333333333336,50.816159129195285,79.2,26.741666666666667,28.38384087080472
2015-10-27,52,50.35508617338344,77.9,25.900000000000006,27.544913826616565
2015-10-28,56.05,54.68387974601529,76.5,20.450000000000003,21.816120253984707
2015-10-29,57.13333333333333,56.81891926914604,77.8,20.666666666666664,20.981080730853954
2015-10-30,52.233333333333334,50.928871323052995,77.5,25.266666666666666,26.571128676947005
2015-10-31,50.55,48.40789166774653,79,28.450000000000003,30.592108332253467
2015-11-01,55.625,54.39545160036284,80.2,24.575000000000003,25.804548399637163
2015-11-02,56.483333333333334,56.04352727743942,80.2,23.71666666666667,24.15647272256058
2015-11-03,57.31666666666666,56.77924063755346,79.8,22.483333333333334,23.02075936244654
2015-11-04,58.81666666666667,58.343086691719584,81.3,22.483333333333327,22.956913308280413
2015-11-05,61.45,61.16553064662434,82.1,20.64999999999999,20.934469353375654
2015-11-06,61.208333333333336,61.1599974083193,80.3,19.09166666666666,19.140002591680698
2015-11-07,54.21666666666667,54.03023195542309,80,25.78333333333333,25.96976804457691
2015-11-08,48.69166666666667,47.52223662044836,80.1,31.408333333333324,32.577763379551634
2015-11-09,48.44166666666667,47.28632888428146,79.5,31.05833333333333,32.21367111571854
2015-11-10,51.19166666666667,50.099546455876634,77.9,26.708333333333336,27.80045354412337
2015-11-11,52.608333333333334,51.57273551898406,78.4,25.79166666666667,26.827264481015945
2015-11-12,51.09166666666667,50.5032525592847,79.9,28.808333333333337,29.39674744071531
2015-11-13,48.74166666666667,48.21092393417131,80,31.258333333333333,31.789076065828688
2015-11-14,45.11666666666667,43.80620707528833,76.7,31.583333333333336,32.893792924711676
2015-11-15,48.983333333333334,48.085693922508746,76.7,27.71666666666667,28.614306077491257
2015-11-16,52.458333333333336,51.76455876635998,76.8,24.34166666666666,25.035441233640015
2015-11-17,49.30833333333333,47.63055591551121,77.1,27.791666666666664,29.469444084488785
2015-11-18,51.925,50.85504729817287,79.1,27.174999999999997,28.244952701827124
2015-11-19,53.25833333333333,52.40033691849165,79.3,26.041666666666664,26.89966308150835
2015-11-20,47.916666666666664,47.59266554360502,78.5,30.583333333333336,30.907334456394977
2015-11-21,42.4,40.8040430218997,75.9,33.50000000000001,35.095956978100304
2015-11-22,39.93333333333333,38.52065569521835,74.6,34.666666666666664,36.07934430478164
2015-11-23,36.63333333333333,35.20255280549436,69.1,32.46666666666666,33.89744719450563
2015-11-24,38.733333333333334,36.421705325903844,67.5,28.766666666666666,31.078294674096156
2015-11-25,43.13333333333333,41.08705455487884,71.6,28.46666666666666,30.512945445121154
2015-11-26,48.24166666666667,47.98723597252818,73.2,24.958333333333336,25.21276402747182
2015-11-27,49.06666666666666,48.74893093170921,73.3,24.233333333333334,24.551069068290786
2015-11-28,44.19166666666666,44.7383698328366,72.1,27.90833333333333,27.361630167163398
2015-11-29,39.775,39.34641700142542,72.2,32.425000000000004,32.85358299857458
2015-11-30,38.49166666666667,37.89125307762084,73.8,35.30833333333333,35.90874692237916
2015-12-01,43.391666666666666,42.63636128029027,75.4,32.00833333333334,32.76363871970974
2015-12-02,44.44166666666667,43.763690553323826,75.8,31.358333333333327,32.03630944667617
2015-12-03,42.175,41.905727614357914,74,31.825000000000003,32.094272385642086
2015-12-04,40.975,40.57378514966956,71.2,30.225,30.62621485033044
2015-12-05,40.9,39.85735389400026,73.3,32.4,33.442646105999735
2015-12-06,41.225,40.19371517429053,73.3,32.074999999999996,33.106284825709466
2015-12-07,42.29166666666667,41.120072567059744,70.5,28.20833333333333,29.379927432940256
2015-12-08,43.05833333333334,41.890695866269276,68.3,25.24166666666666,26.40930413373072
2015-12-09,45.15833333333333,44.040754179085134,71.6,26.441666666666663,27.55924582091486
2015-12-10,49.30833333333333,48.78669171958014,71,21.69166666666667,22.21330828041986
2015-12-11,50.175,49.442412854736304,71.2,21.025000000000006,21.7575871452637
2015-12-12,53.275,52.93493585590256,73.5,20.225,20.56506414409744
2015-12-13,53.99166666666667,54.13382143319943,73.5,19.508333333333333,19.36617856680057
2015-12-14,53,53.19752494492678,74.8,21.799999999999997,21.602475055073214
2015-12-15,49.833333333333336,50.29393546715045,75.3,25.46666666666666,25.00606453284955
2015-12-16,44.958333333333336,44.540754179085134,74.2,29.241666666666667,29.65924582091487
2015-12-17,43.608333333333334,43.404924193339376,75.7,32.09166666666667,32.29507580666063
2015-12-18,39,39.326072307891664,72.7,33.7,33.37392769210834
2015-12-19,33.75833333333333,32.7794738888169,65.6,31.84166666666666,32.82052611118309
2015-12-20,37.291666666666664,36.30553323830504,69.3,32.00833333333333,32.99446676169496
2015-12-21,44.6,43.85201503174809,73.8,29.199999999999996,29.94798496825191
2015-12-22,49.6,48.90896721523908,75,25.4,26.09103278476092
2015-12-23,52.45,51.908111960606455,76.3,23.849999999999994,24.391888039393542
2015-12-24,54.641666666666666,54.944576908124915,76.9,22.25833333333334,21.95542309187509
2015-12-25,50.71666666666667,50.3896591939873,76.8,26.08333333333333,26.410340806012698
2015-12-26,47.18333333333333,46.11666450693274,76,28.81666666666667,29.883335493067257
2015-12-27,46.55,46.29415576001037,76.5,29.950000000000003,30.20584423998963
2015-12-28,35.40833333333333,35.34882726448102,75.9,40.491666666666674,40.55117273551899
2015-12-29,38.99166666666667,38.33112608526629,77.3,38.30833333333333,38.968873914733706
2015-12-30,38.175,37.31483737203576,76.4,38.22500000000001,39.085162627964245
2015-12-31,37.96666666666667,37.463677594920306,76.1,38.133333333333326,38.63632240507969
2016-01-01,34.608333333333334,33.56980691978748,74.2,39.59166666666667,40.63019308021252
2016-01-02,33.86666666666667,32.530581832318255,73.5,39.63333333333333,40.969418167681745
2016-01-03,35.125,33.73277180251393,69.2,34.075,35.46722819748607
2016-01-04,29.891666666666666,28.201749384475832,61.6,31.708333333333336,33.39825061552417
2016-01-05,25.475,23.46340546844629,63.9,38.425,40.43659453155371
2016-01-06,31.175,29.707982376571206,66.4,35.22500000000001,36.6920176234288
2016-01-07,35.53333333333333,34.071154593754045,66.1,30.566666666666663,32.02884540624595
2016-01-08,37.50833333333333,36.74830892834003,69.4,31.891666666666673,32.651691071659975
2016-01-09,38.6,38.63875858494233,69.3,30.699999999999996,30.661241415057667
2016-01-10,37.36666666666667,37.52253466372943,70.5,33.13333333333333,32.97746533627057
2016-01-11,26.025,25.266943112608526,61.9,35.875,36.633056887391476
2016-01-12,26.75,25.069340417260594,60.3,33.55,35.230659582739406
2016-01-13,23.291666666666668,21.323104833484514,61.2,37.90833333333333,39.87689516651549
2016-01-14,32,30.210664766100813,62.6,30.6,32.38933523389919
2016-01-15,37.891666666666666,36.82253466372943,69.4,31.50833333333334,32.57746533627058
2016-01-16,35.175,34.993741091097576,67.5,32.325,32.506258908902424
2016-01-17,27.058333333333334,25.582752364908643,67.9,40.84166666666667,42.31724763509136
2016-01-18,20.85,18.974795905144486,57.3,36.449999999999996,38.32520409485551
2016-01-19,21.491666666666667,18.73033562265129,54.9,33.40833333333333,36.16966437734871
2016-01-20,27.166666666666668,25.37019567189322,57,29.833333333333332,31.62980432810678
2016-01-21,29.35,27.05872748477388,62.7,33.35,35.64127251522612
2016-01-22,27.258333333333333,25.930568873914734,66.4,39.14166666666667,40.46943112608527
2016-01-23,28.241666666666667,27.2628352986912,60.6,32.358333333333334,33.3371647013088
2016-01-24,28.4,26.428158610859143,54.3,25.9,27.871841389140855
2016-01-25,32.108333333333334,29.746779836724116,56.3,24.191666666666663,26.55322016327588
2016-01-26,37.166666666666664,35.86454580795646,66.2,29.03333333333334,30.335454192043542
2016-01-27,35.1,34.44842555397175,69.1,33.99999999999999,34.65157444602824
2016-01-28,33.4,32.189866528443694,68.6,35.199999999999996,36.4101334715563
2016-01-29,33.6,31.991939873007645,61.1,27.5,29.108060126992356
2016-01-30,36.55,34.81468187119347,59.4,22.85,24.585318128806527
2016-01-31,42.80833333333333,41.28045872748477,63.5,20.69166666666667,22.21954127251523
2016-02-01,42.36666666666667,41.67226901645718,69.6,27.233333333333327,27.927730983542816
2016-02-02,38.21666666666667,37.33371776597123,71.4,33.18333333333334,34.066282234028776
2016-02-03,42.791666666666664,42.5908643255151,73.2,30.40833333333334,30.609135674484904
2016-02-04,40.49166666666667,41.460062200336914,72.6,32.10833333333333,31.13993779966308
2016-02-05,34.016666666666666,33.095814435661524,60.7,26.683333333333337,27.60418556433848
2016-02-06,33.65,31.90448360761954,62.2,28.550000000000004,30.295516392380463
2016-02-07,37.891666666666666,36.41022418038098,57,19.108333333333334,20.58977581961902
2016-02-08,34.75833333333333,32.6392121290657,58.1,23.34166666666667,25.460787870934304
2016-02-09,31.108333333333334,28.21509654010626,63.2,32.09166666666667,34.984903459893744
2016-02-10,29.35,26.966632110923936,59.6,30.25,32.63336788907607
2016-02-11,25.7,22.588531812880653,56,30.3,33.41146818711935
2016-02-12,23.475,19.82430996501231,58.3,34.824999999999996,38.475690034987686
2016-02-13,19.25,15.241933393805883,62,42.75,46.75806660619412
2016-02-14,17.325,12.043294026175975,62.3,44.974999999999994,50.256705973824026
2016-02-15,28.075,24.08910198263574,67.1,39.02499999999999,43.010898017364255
2016-02-16,42.416666666666664,41.04263314759621,68.5,26.083333333333336,27.457366852403787
2016-02-17,36.18333333333334,34.42734223143709,65.2,29.016666666666666,30.772657768562915
2016-02-18,33.86666666666667,31.87410910975768,64.7,30.833333333333336,32.82589089024232
2016-02-19,39.28333333333333,37.41981339898925,65.5,26.21666666666667,28.08018660101075
2016-02-20,48.15833333333333,46.79214720746404,66,17.84166666666667,19.20785279253596
2016-02-21,44.141666666666666,42.57351302319554,67.4,23.25833333333334,24.826486976804468
2016-02-22,40.225,38.139328754697424,69.6,29.374999999999993,31.46067124530257
2016-02-23,38.675,36.40290268238953,71.6,32.925,35.197097317610464
2016-02-24,43.56666666666666,42.113075029156406,72.2,28.63333333333334,30.086924970843597
2016-02-25,43.083333333333336,43.01799922249579,62.9,19.816666666666663,19.88200077750421
2016-02-26,35.025,33.43908254503045,60.4,25.375,26.960917454969547
2016-02-27,37.833333333333336,35.62189970195672,57,19.166666666666664,21.37810029804328
2016-02-28,46.775,45.756939225087464,62.5,15.725000000000001,16.743060774912536
2016-02-29,46.825,45.68104185564338,66.2,19.375,20.518958144356624
2016-03-01,41.641666666666666,38.96892574834781,66.6,24.95833333333333,27.631074251652187
2016-03-02,38.141666666666666,36.765997149151225,68.8,30.65833333333333,32.03400285084877
2016-03-03,34.8,31.828106777245043,68.9,34.10000000000001,37.071893222754966
2016-03-04,35.4,33.02901386549177,69.7,34.300000000000004,36.67098613450823
2016-03-05,36.61666666666667,34.24513411947648,66.6,29.983333333333327,32.35486588052351
2016-03-06,39.34166666666667,36.94460282493197,67.4,28.058333333333337,30.455397175068036
2016-03-07,47.11666666666667,45.5434624854218,68.7,21.583333333333336,23.156537514578204
2016-03-08,53.7,52.631255669301545,72.1,18.39999999999999,19.46874433069845
2016-03-09,55.99166666666667,56.0083452118699,73.9,17.90833333333334,17.891654788130104
2016-03-10,56.90833333333333,56.505338862252174,74.6,17.691666666666663,18.09466113774782
2016-03-11,52.083333333333336,50.807878709343015,73.7,21.616666666666667,22.892121290656988
2016-03-12,49.24166666666667,47.696954775171704,74.4,25.15833333333334,26.7030452248283
2016-03-13,50.75,49.67337048075677,74.7,23.950000000000003,25.02662951924323
2016-03-14,49.225,46.4103926396268,74.7,25.475,28.289607360373203
2016-03-15,50.891666666666666,48.61685888298562,73.8,22.90833333333333,25.18314111701438
2016-03-16,53.13333333333333,51.49125307762084,73,19.866666666666667,21.50874692237916
2016-03-17,51.175,49.66857587145264,72.6,21.424999999999997,22.931424128547356
2016-03-18,47.35,45.58579758973694,74.8,27.449999999999996,29.214202410263056
2016-03-19,40.2,38.912932486717644,74.5,34.3,35.587067513282356
2016-03-20,37.858333333333334,36.17541790851367,73.2,35.34166666666667,37.02458209148633
2016-03-21,39.74166666666667,38.50393935467151,63.1,23.358333333333334,24.596060645328492
2016-03-22,45.30833333333334,44.09530905792406,64.5,19.191666666666663,20.404690942075938
2016-03-23,51.325,49.88273940650512,70.1,18.77499999999999,20.217260593494878
2016-03-24,49.425,46.55442529480368,74.5,25.075000000000003,27.94557470519632
2016-03-25,50.4,49.564299598289494,75.2,24.800000000000004,25.63570040171051
2016-03-26,45.56666666666667,43.625929765452895,77.3,31.733333333333327,33.6740702345471
2016-03-27,48.016666666666666,45.96559543864196,77.1,29.08333333333333,31.134404561358032
2016-03-28,47.483333333333334,45.931566670986136,77.1,29.61666666666666,31.168433329013858
2016-03-29,46.483333333333334,44.95223532460801,74.1,27.61666666666666,29.147764675391983
2016-03-30,47.94166666666666,46.47199688998315,72.5,24.558333333333337,26.028003110016847
2016-03-31,56.641666666666666,56.21828430737333,75.6,18.95833333333333,19.381715692626663
2016-04-01,55.641666666666666,55.80311001684592,78,22.358333333333334,22.19688998315408
2016-04-02,47.425,46.53978229882078,78.4,30.97500000000001,31.860217701179224
2016-04-03,41.916666666666664,40.36166904237398,74,32.083333333333336,33.63833095762602
2016-04-04,41.858333333333334,38.516897758196194,71.5,29.641666666666666,32.983102241803806
2016-04-05,37.74166666666667,34.71941168847998,72.7,34.958333333333336,37.98058831152002
2016-04-06,43.50833333333333,41.00058312815861,72.5,28.991666666666667,31.49941687184139
2016-04-07,48.333333333333336,47.17400544252948,72.9,24.56666666666667,25.72599455747053
2016-04-08,43.391666666666666,42.21735130231955,72.4,29.00833333333334,30.182648697680456
2016-04-09,38.95,36.788233769599586,72.3,33.349999999999994,35.51176623040041
2016-04-10,42.333333333333336,40.52309187508099,72.2,29.866666666666667,31.67690812491901
2016-04-11,50.3,48.52500971880264,74.6,24.299999999999997,26.07499028119735
2016-04-12,48.90833333333333,47.49330050537774,73.8,24.891666666666666,26.306699494622258
2016-04-13,46.725,44.92721264740184,74.6,27.874999999999993,29.672787352598156
2016-04-14,49.61666666666667,47.560191784372165,75.9,26.28333333333334,28.33980821562784
2016-04-15,52.2,50.16122845665414,76,23.799999999999997,25.838771543345857
2016-04-16,55.36666666666667,53.08910198263574,74.6,19.233333333333327,21.510898017364255
2016-04-17,58.28333333333333,56.43808474795905,73.8,15.516666666666666,17.361915252040944
2016-04-18,61.91666666666667,60.42429700660878,72.5,10.583333333333329,12.075702993391218
2016-04-19,57.925,55.766994946222624,73.5,15.575000000000003,17.733005053777376
2016-04-20,56.84166666666667,55.12200336918492,74.7,17.858333333333334,19.577996630815086
2016-04-21,58.71666666666667,57.785331087210054,75.5,16.78333333333333,17.714668912789946
2016-04-22,59.93333333333334,59.04493974342361,76.6,16.666666666666657,17.555060256576382
2016-04-23,56.80833333333334,55.93054295710768,76.2,19.391666666666666,20.26945704289232
2016-04-24,55.025,54.12726448101594,76.6,21.574999999999996,22.472735518984052
2016-04-25,59.199999999999996,58.450822858623816,77.9,18.70000000000001,19.44917714137619
2016-04-26,56.94166666666666,54.23189063107425,77.4,20.458333333333343,23.168109368925755
2016-04-27,52.45,50.1988467020863,77.9,25.450000000000003,27.701153297913706
2016-04-28,49.78333333333333,48.11711805105611,78.8,29.016666666666666,30.682881948943887
2016-04-29,50.13333333333333,48.12660360243618,79.1,28.96666666666666,30.973396397563818
2016-04-30,51.90833333333333,50.022560580536485,79.9,27.991666666666674,29.87743941946352
2016-05-01,51.55833333333334,49.20881171439679,79.5,27.941666666666663,30.291188285603212
2016-05-02,53.55,51.427458857068814,80.3,26.75,28.872541142931183
2016-05-03,54.25833333333333,52.4834132434884,80.7,26.44166666666667,28.216586756511603
2016-05-04,52.25,50.00417260593495,76.8,24.549999999999997,26.79582739406505
2016-05-05,52.05,49.884449915770375,75,22.950000000000003,25.115550084229625
2016-05-06,55.05,53.50544252948037,73.1,18.049999999999997,19.594557470519625
2016-05-07,55.791666666666664,54.278307632499676,71.7,15.908333333333339,17.421692367500327
2016-05-08,56.416666666666664,55.02072048723597,73.8,17.383333333333333,18.779279512764028
2016-05-09,56.59166666666667,55.30638849293767,76.7,20.108333333333334,21.39361150706233
2016-05-10,56.25,54.98455358299857,79.1,22.849999999999994,24.115446417001422
2016-05-11,60.141666666666666,59.58534404561358,79.9,19.75833333333334,20.314655954386424
2016-05-12,62.858333333333334,62.373137229493324,80.4,17.54166666666667,18.026862770506682
2016-05-13,60.03333333333333,59.04149280808605,79.8,19.766666666666666,20.75850719191395
2016-05-14,56.833333333333336,56.25714655954387,79.2,22.366666666666667,22.942853440456133
2016-05-15,50.975,50.08465725022677,80.1,29.124999999999993,30.015342749773225
2016-05-16,53.38333333333333,52.174964364390306,81.5,28.116666666666667,29.325035635609694
2016-05-17,55.733333333333334,54.6310224180381,78.7,22.96666666666667,24.068977581961903
2016-05-18,56.38333333333333,55.20948555138007,79.1,22.71666666666666,23.890514448619925
2016-05-19,58.75833333333333,57.881624983802,79.8,21.041666666666664,21.918375016198
2016-05-20,60.541666666666664,59.91105351820655,80.4,19.85833333333334,20.488946481793455
2016-05-21,59.3,58.802799015161334,80.6,21.299999999999997,21.79720098483866
2016-05-22,59.95,59.09756382013736,80.3,20.349999999999994,21.202436179862637
2016-05-23,63.03333333333333,62.417312427108975,79.1,16.066666666666663,16.68268757289102
2016-05-24,65.35,64.4665154852922,80.8,15.450000000000003,16.33348451470779
2016-05-25,69.90833333333333,70.02209407800959,80,10.091666666666669,9.977905921990413
2016-05-26,71.86666666666666,72.4584294414928,78.7,6.833333333333343,6.241570558507206
2016-05-27,71.94166666666666,72.49569781002981,79.6,7.658333333333331,7.104302189970184
2016-05-28,73.68333333333334,74.59208241544641,79.1,5.416666666666657,4.5079175845535815
2016-05-29,71.9,72.13932875469742,79.6,7.699999999999989,7.460671245302578
2016-05-30,70.45,70.49578851885448,78.3,7.849999999999994,7.804211481145515
2016-05-31,71.95,72.40335622651288,78.7,6.75,6.296643773487119
2016-06-01,70.075,69.93629648827265,79.8,9.724999999999994,9.863703511727351
2016-06-02,68.09166666666667,67.20605157444604,80.5,12.408333333333331,13.293948425553964
2016-06-03,67.575,66.45705585071919,81.6,14.024999999999991,15.142944149280808
2016-06-04,69.80833333333334,69.47491253077621,82.4,12.591666666666669,12.925087469223797
2016-06-05,68.46666666666667,67.75603213684074,82,13.533333333333331,14.243967863159256
2016-06-06,70.21666666666667,70.53237009200467,81,10.783333333333331,10.467629907995331
2016-06-07,68.325,68.33117791888039,80,11.674999999999997,11.668822081119615
2016-06-08,62.55,61.51497991447453,79.3,16.75,17.785020085525467
2016-06-09,63.96666666666667,62.50076454580796,79.8,15.833333333333329,17.299235454192036
2016-06-10,68.125,67.3073474147985,80.4,12.275000000000006,13.092652585201506
2016-06-11,72.80833333333334,72.06459764157056,81.1,8.291666666666657,9.035402358429437
2016-06-12,70.75833333333334,69.57439419463522,81.1,10.341666666666654,11.525605805364776
2016-06-13,66.63333333333333,65.61117014383828,81.2,14.566666666666677,15.588829856161723
2016-06-14,68.63333333333334,68.088194894389,82.2,13.566666666666663,14.111805105610998
2016-06-15,71.48333333333333,72.25467150447065,83.1,11.61666666666666,10.845328495529344
2016-06-16,70.425,69.98906310742517,81.2,10.775000000000006,11.210936892574836
2016-06-17,71.31666666666666,70.06183750161979,80.3,8.983333333333334,10.238162498380206
2016-06-18,73.53333333333333,72.22065569521835,81.2,7.666666666666671,8.979344304781648
2016-06-19,75.98333333333333,75.08553842166644,79.4,3.4166666666666714,4.314461578333564
2016-06-20,77.2,76.71882856032136,79.8,2.5999999999999943,3.0811714396786414
2016-06-21,75.38333333333334,75.25375145782039,79,3.61666666666666,3.7462485421796146
2016-06-22,73.25,72.45494363094467,81.3,8.049999999999997,8.845056369055328
2016-06-23,71.48333333333333,71.09941687184138,82,10.516666666666666,10.900583128158615
2016-06-24,71.86666666666667,71.25228715822212,82.5,10.633333333333326,11.247712841777883
2016-06-25,73.675,73.30979655306466,82.2,8.525000000000006,8.890203446935345
2016-06-26,75.50833333333333,75.51647013087987,81.5,5.991666666666674,5.983529869120133
2016-06-27,74.75,74.48594013217571,80.6,5.849999999999994,6.114059867824281
2016-06-28,71.34166666666667,70.1910327847609,81.5,10.158333333333331,11.308967215239093
2016-06-29,71.45833333333333,70.82442659064402,82.1,10.641666666666666,11.275573409355971
2016-06-30,72.49166666666666,72.23077620837113,82.6,10.108333333333334,10.369223791628869
2016-07-01,71.56666666666666,70.90211221977452,82.9,11.333333333333343,11.997887780225483
2016-07-02,70.14166666666667,69.42539847090839,83,12.858333333333334,13.574601529091609
2016-07-03,70.40833333333333,70.06712453025787,83.5,13.091666666666669,13.432875469742129
2016-07-04,71.675,71.79587922767914,82.6,10.924999999999997,10.804120772320857
2016-07-05,75.125,74.70764545807957,83.9,8.775000000000006,9.192354541920437
2016-07-06,78.19166666666666,78.59121420241027,85.1,6.908333333333331,6.508785797589724
2016-07-07,77.94166666666666,77.98568096410523,85,7.058333333333337,7.014319035894772
2016-07-08,75.44166666666666,74.81705325903847,84.5,9.058333333333337,9.682946740961526
2016-07-09,72.14166666666667,70.08551250485941,84,11.858333333333334,13.914487495140591
2016-07-10,72.81666666666666,71.62154982506155,84.3,11.483333333333334,12.678450174938448
2016-07-11,74.175,73.17584553582999,85.2,11.025000000000006,12.02415446417001
2016-07-12,75.84166666666667,75.36712453025787,83.7,7.858333333333334,8.332875469742135
2016-07-13,76.73333333333333,76.20843592069457,81.8,5.066666666666663,5.591564079305428
2016-07-14,77.2,76.96011403395102,80.4,3.200000000000003,3.4398859660489904
2016-07-15,77.20833333333333,76.99603472852145,82.3,5.091666666666669,5.303965271478546
2016-07-16,75.55833333333334,75.23408060126992,81.5,5.941666666666663,6.265919398730077
2016-07-17,76.75,76.55471037968121,82.9,6.150000000000006,6.345289620318795
2016-07-18,78.68333333333334,78.74793313463782,83.9,5.216666666666669,5.152066865362187
2016-07-19,77.03333333333333,76.38757289101983,82.2,5.166666666666671,5.812427108980174
2016-07-20,76.80833333333334,76.06950887650642,82,5.191666666666663,5.9304911234935815
2016-07-21,79.95833333333333,79.31785668005702,80.8,0.8416666666666686,1.4821433199429777
2016-07-22,82.56666666666666,82.18101593883634,80.1,-2.4666666666666686,-2.0810159388363445
2016-07-23,83.05,82.88811714396786,80.2,-2.8499999999999943,-2.688117143967858
2016-07-24,81.05,80.69020344693533,79.8,-1.25,-0.890203446935331
2016-07-25,80.975,80.3045613580407,81.3,0.32500000000000284,0.9954386419592964
2016-07-26,80.26666666666667,79.99861345082284,82.6,2.3333333333333286,2.6013865491771497
2016-07-27,79.91666666666667,79.65052481534275,84,4.083333333333329,4.349475184657251
2016-07-28,78.55833333333334,78.79481663859012,82.5,3.941666666666663,3.7051833614098797
2016-07-29,75.69166666666666,74.84557470519633,82.1,6.408333333333331,7.254425294803667
2016-07-30,74.75833333333333,73.86484385123752,82,7.241666666666674,8.135156148762476
2016-07-31,74.48333333333333,73.10338214331995,81.4,6.916666666666671,8.296617856680058
2016-08-01,74.55,73.09201762342879,82.2,7.650000000000006,9.107982376571215
2016-08-02,74.74166666666667,73.28692497084359,81.8,7.058333333333323,8.513075029156411
2016-08-03,75.175,74.03829208241545,80.4,5.2250000000000085,6.361707917584553
2016-08-04,75.53333333333333,74.69529609952053,83,7.466666666666669,8.304703900479467
2016-08-05,75.56666666666666,75.06611377478293,83.1,7.533333333333331,8.03388622521706
2016-08-06,76.275,75.78093818841519,82.6,6.324999999999989,6.8190618115848025
2016-08-07,75.85833333333333,75.30437994039134,82.1,6.24166666666666,6.795620059608652
2016-08-08,75.53333333333333,75.08192302708306,80.6,5.066666666666663,5.51807697291693
2016-08-09,76.41666666666667,76.12735518984061,80.5,4.083333333333329,4.372644810159386
2016-08-10,78.175,77.430970584424,81.6,3.424999999999997,4.1690294155759915
2016-08-11,79.99166666666667,79.97839834132435,80.9,0.9083333333333314,0.9216016586756552
2016-08-12,80.49166666666666,80.48163794220552,80.2,-0.2916666666666572,-0.28163794220552063
2016-08-13,79.425,79.2583646494752,82.2,2.7750000000000057,2.9416353505248054
2016-08-14,79.26666666666667,79.66400155500843,80.6,1.3333333333333286,0.9359984449915686
2016-08-15,77.31666666666666,77.48932227549565,81.8,4.483333333333334,4.310677724504345
2016-08-16,76.55833333333334,76.55077102500972,80.6,4.041666666666657,4.049228974990271
2016-08-17,77.075,77.4488143060775,81.2,4.125,3.7511856939225083
2016-08-18,76.05833333333334,76.14569133082804,80.2,4.141666666666666,4.054308669171959
2016-08-19,76.16666666666667,76.30234547103797,81.3,5.133333333333326,4.99765452896203
2016-08-20,74.575,74.42688868731373,82.7,8.125,8.273111312686268
2016-08-21,72.36666666666667,72.19962420629778,82.7,10.333333333333329,10.500375793702219
2016-08-22,70.85,70.22064273681482,83.5,12.650000000000006,13.279357263185176
2016-08-23,71.625,70.85897369444083,84.5,12.875,13.641026305559166
2016-08-24,74.11666666666666,74.01025009718802,81.3,7.183333333333337,7.289749902811977
2016-08-25,74.825,74.8779577556045,80.4,5.575000000000003,5.522042244395507
2016-08-26,76.06666666666666,76.40507969418168,80.3,4.233333333333334,3.8949203058183173
2016-08-27,75.34166666666667,75.59486847220423,80.6,5.258333333333326,5.005131527795768
2016-08-28,75.74166666666667,75.49945574705197,81.7,5.958333333333329,6.200544252948035
2016-08-29,77.11666666666667,77.04624854217961,80.6,3.48333333333332,3.5537514578203826
2016-08-30,75.21666666666667,74.61567966826486,78.8,3.5833333333333286,4.184320331735137
2016-08-31,75.025,74.54558766359985,78.5,3.4749999999999943,3.9544123364001535
2016-09-01,71.2,70.61618504600233,81.1,9.899999999999991,10.483814953997665
2016-09-02,68.98333333333333,68.54149280808603,83.1,14.11666666666666,14.55850719191396
2016-09-03,68.35,67.78503304392899,82.6,14.25,14.814966956071004
2016-09-04,69.49166666666667,69.03391214202409,81.9,12.408333333333331,12.866087857975913
2016-09-05,71.88333333333333,71.33886225217053,81,9.116666666666674,9.661137747829471
2016-09-06,74.75833333333333,74.56711157185435,79.1,4.341666666666669,4.53288842814564
2016-09-07,75.80833333333334,75.74557470519632,78.6,2.791666666666657,2.8544252948036757
2016-09-08,76.05833333333334,75.85306466243358,80.2,4.141666666666666,4.346935337566421
2016-09-09,77.24166666666667,77.53585590255281,81.7,4.458333333333329,4.164144097447192
2016-09-10,75.16666666666667,74.98214331994298,80.5,5.333333333333329,5.517856680057022
2016-09-11,72.075,71.93896591939873,79.6,7.5249999999999915,7.661034080601269
2016-09-12,68.55,67.90721783076324,79.8,11.25,11.892782169236753
2016-09-13,69.85,69.88408708047169,79,9.150000000000006,9.115912919528313
2016-09-14,71.74166666666666,72.04203706103408,81.2,9.458333333333343,9.157962938965923
2016-09-15,67.33333333333333,66.50342101853052,81.3,13.966666666666669,14.79657898146948
2016-09-16,67.675,66.70767137488662,81.1,13.424999999999997,14.392328625113379
2016-09-17,69.85,68.96595827394066,81.4,11.550000000000011,12.434041726059348
2016-09-18,73.11666666666667,72.26317221718284,81.7,8.583333333333329,9.436827782817161
2016-09-19,72.01666666666667,71.19542568355578,81.2,9.183333333333337,10.00457431644422
2016-09-20,72.875,72.21301023713879,81.9,9.025000000000006,9.686989762861216
2016-09-21,72.84166666666667,72.46584164830894,81.6,8.758333333333326,9.134158351691056
2016-09-22,71.975,71.73827912401192,80.5,8.525000000000006,8.761720875988075
2016-09-23,71.39166666666667,70.91535570817676,79.7,8.308333333333337,8.784644291823241
2016-09-24,66.65,65.09660489827654,79.9,13.25,14.803395101723467
2016-09-25,64.675,63.65491771413762,78.9,14.225000000000009,15.245082285862388
2016-09-26,63.525,62.32430996501231,78.3,14.774999999999999,15.975690034987686
2016-09-27,64.59166666666667,63.84869768044577,78,13.408333333333331,14.151302319554233
2016-09-28,62.50833333333333,61.022469871711806,80.2,17.69166666666667,19.177530128288197
2016-09-29,61.708333333333336,60.44019696773358,79,17.291666666666664,18.559803032266423
2016-09-30,60.40833333333333,58.99657898146948,79.1,18.691666666666663,20.10342101853051
2016-10-01,60.96666666666667,59.68375016198004,79.1,18.133333333333326,19.41624983801995
2016-10-02,61.31666666666666,60.0679797848905,78.2,16.88333333333334,18.132020215109506
2016-10-03,63.55,62.95437346118958,77.9,14.350000000000009,14.945626538810423
2016-10-04,63.74166666666667,62.8182713489698,78.5,14.758333333333333,15.681728651030198
2016-10-05,63.425,62.384618375016196,79.9,16.47500000000001,17.51538162498381
2016-10-06,63.69166666666666,62.660645328495534,80,16.308333333333337,17.339354671504466
2016-10-07,63.05,62.13160554619671,80.9,17.85000000000001,18.768394453803296
2016-10-08,60.3,59.5527018271349,81.6,21.299999999999997,22.047298172865098
2016-10-09,57.11666666666667,56.22484125955682,80.4,23.28333333333334,24.175158740443187
2016-10-10,56.166666666666664,54.93124271089802,75.3,19.133333333333333,20.36875728910198
2016-10-11,57.016666666666666,56.16556952183491,75.6,18.58333333333333,19.434430478165083
2016-10-12,58.858333333333334,58.024348840222885,76.4,17.54166666666667,18.37565115977712
2016-10-13,57.625,56.30314889205649,77.8,20.174999999999997,21.496851107943506
2016-10-14,55.333333333333336,53.832072048723596,78.2,22.866666666666667,24.367927951276407
2016-10-15,58.35,56.61530387456265,77.6,19.249999999999993,20.984696125437345
2016-10-16,62.65833333333333,61.71447453673707,77.6,14.941666666666663,15.885525463262923
2016-10-17,68.275,68.32814565245562,77.5,9.224999999999994,9.171854347544382
2016-10-18,69,69.05570817675263,77.2,8.200000000000003,8.144291823247372
2016-10-19,67.8,67.45880523519503,76.8,9,9.341194764804968
2016-10-20,62.475,61.08349099390955,75.9,13.425000000000004,14.816509006090456
2016-10-21,60.28333333333333,60.129726577685624,75.2,14.916666666666671,15.07027342231438
2016-10-22,52.25,51.00058312815861,71.6,19.349999999999994,20.599416871841385
2016-10-23,54.958333333333336,53.67855384216664,69.1,14.141666666666659,15.421446157833351
2016-10-24,54.78333333333333,53.18124919009978,72.4,17.616666666666674,19.21875080990023
2016-10-25,49.96666666666667,47.910457431644424,73.6,23.633333333333326,25.68954256835557
2016-10-26,47.85,45.631657379810804,75,27.15,29.368342620189196
2016-10-27,49.94166666666666,47.16945704289232,75.6,25.65833333333333,28.430542957107676
2016-10-28,52.24166666666667,50.18590125696514,76.6,24.358333333333327,26.414098743034856
2016-10-29,57.125,55.521459116236876,77.4,20.275000000000006,21.87854088376313
2016-10-30,59.416666666666664,58.40037579370222,77.1,17.68333333333333,18.699624206297777
2016-10-31,51.79166666666667,50.141220681612026,76.8,25.008333333333326,26.65877931838797
2016-11-01,54.958333333333336,53.8125437346119,75.5,20.541666666666664,21.6874562653881
2016-11-02,60.00833333333333,59.00597382402488,76.7,16.69166666666667,17.694026175975125
2016-11-03,59.975,58.87150447064922,74.9,14.925000000000004,16.028495529350785
2016-11-04,54.141666666666666,52.5907088246728,74.3,20.15833333333333,21.709291175327195
2016-11-05,53.125,51.65757418686018,74.3,21.174999999999997,22.642425813139816
2016-11-06,53.791666666666664,52.170403006349616,73.5,19.708333333333336,21.329596993650384
2016-11-07,51.475,49.36348321886744,73.5,22.025,24.136516781132563
2016-11-08,53.4,51.8969547751717,73.8,20.4,21.903045224828297
2016-11-09,52.291666666666664,50.885305170403,72.6,20.30833333333333,21.714694829596993
2016-11-10,51.13333333333333,49.35883115200207,73.5,22.366666666666667,24.141168847997932
2016-11-11,50.86666666666667,49.431683296617855,72.4,21.53333333333334,22.96831670338215
2016-11-12,44.733333333333334,42.74885318128806,70.5,25.766666666666666,27.751146818711938
2016-11-13,48.550000000000004,46.9752235324608,71.6,23.04999999999999,24.624776467539192
2016-11-14,50.55,49.316781132564465,72.9,22.35000000000001,23.58321886743554
2016-11-15,50.36666666666667,48.879888557729686,70.1,19.733333333333327,21.22011144227031
2016-11-16,51.36666666666667,50.48305040818971,69.2,17.833333333333336,18.71694959181029
2016-11-17,52.55,52.13582998574576,69.2,16.650000000000006,17.064170014254245
2016-11-18,53.6,52.98863548010885,70.9,17.300000000000004,17.91136451989116
2016-11-19,46.208333333333336,45.79536089153816,70.2,23.991666666666667,24.404639108461843
2016-11-20,38.233333333333334,37.23277180251393,67.4,29.16666666666667,30.167228197486075
2016-11-21,36.84166666666667,35.04937151742905,62.7,25.858333333333334,27.65062848257095
2016-11-22,38.81666666666667,36.64789425942724,65.6,26.783333333333324,28.952105740572755
2016-11-23,39.75833333333333,38.24815342749773,70.3,30.541666666666664,32.051846572502264
2016-11-24,43.4,41.82652585201503,73.5,30.1,31.67347414798497
2016-11-25,44.916666666666664,43.8392121290657,73.7,28.78333333333334,29.860787870934303
2016-11-26,42.55,41.841324348840224,72.3,29.75,30.458675651159773
2016-11-27,41.99166666666667,40.838978877802255,70.9,28.90833333333334,30.06102112219775
2016-11-28,44.641666666666666,42.93283659453156,71.6,26.95833333333333,28.667163405468436
2016-11-29,49.78333333333333,49.19637164701308,74.5,24.71666666666667,25.30362835298692
2016-11-30,49.458333333333336,48.22119994816639,74.6,25.14166666666666,26.378800051833608
2016-12-01,45.641666666666666,45.57154334585979,74.9,29.25833333333334,29.32845665414022
2016-12-02,41.608333333333334,40.94865880523519,74.8,33.19166666666666,33.85134119476481
2016-12-03,39.86666666666667,38.878165090060904,72.9,33.03333333333334,34.0218349099391
2016-12-04,38.85,37.24223143708695,74.3,35.449999999999996,37.05776856291305
2016-12-05,39.40833333333333,37.676376830374494,75.9,36.491666666666674,38.22362316962551
2016-12-06,38.35,36.93752753660749,76.4,38.050000000000004,39.462472463392515
2016-12-07,37.575,36.078320590903196,74.7,37.125,38.62167940909681
2016-12-08,34.25,33.039251004276274,72.3,38.05,39.26074899572372
2016-12-09,31.025,29.966048982765322,65.3,34.275,35.333951017234675
2016-12-10,29.2,27.56681352857328,66.7,37.5,39.133186471426725
2016-12-11,32.46666666666667,30.170804716858882,72.1,39.633333333333326,41.92919528314111
2016-12-12,35.641666666666666,33.731035376441625,72.4,36.75833333333334,38.66896462355838
2016-12-13,32.3,29.790566282234032,71.7,39.400000000000006,41.90943371776597
2016-12-14,29.858333333333334,27.599546455876638,70.3,40.44166666666666,42.70045354412336
2016-12-15,21.84166666666667,19.196229104574318,72.4,50.55833333333334,53.20377089542569
2016-12-16,22.541666666666668,19.60783983413243,71.6,49.05833333333332,51.99216016586756
2016-12-17,31.566666666666666,28.987909809511464,73.8,42.233333333333334,44.81209019048853
2016-12-18,30.725,30.920033691849163,76.6,45.87499999999999,45.67996630815083
2016-12-19,22.158333333333335,19.771154593754048,76.6,54.44166666666666,56.82884540624595
2016-12-20,27.90833333333333,25.78796164312557,75.4,47.491666666666674,49.612038356874436
2016-12-21,34.13333333333333,32.14097447194506,71.9,37.76666666666667,39.75902552805495
2016-12-22,36.958333333333336,35.33006349617727,70.9,33.94166666666667,35.56993650382274
2016-12-23,37.69166666666667,35.97508099002203,73.4,35.708333333333336,37.42491900997798
2016-12-24,40.25,38.15924582091486,74.8,34.55,36.640754179085135
2016-12-25,39.50833333333333,37.41967085655047,75.7,36.19166666666667,38.280329143449535
2016-12-26,42.25833333333333,40.779733056887395,76.2,33.94166666666667,35.42026694311261
2016-12-27,43.475,42.558131398211735,74.1,30.624999999999993,31.54186860178826
2016-12-28,38.416666666666664,36.21792147207464,72.5,34.083333333333336,36.28207852792536
2016-12-29,37.766666666666666,35.65605805364779,71.9,34.13333333333334,36.243941946352216
2016-12-30,34.666666666666664,33.4000518336141,64.7,30.03333333333334,31.299948166385903
2016-12-31,36.925,35.389101982635744,63.6,26.675000000000004,28.210898017364258
2017-01-01,38.28333333333333,36.65765193728132,72.1,33.81666666666666,35.44234806271867
2017-01-02,38.925,36.717623428793566,75.2,36.275000000000006,38.48237657120644
2017-01-03,40.28333333333333,39.40369314500453,75.2,34.91666666666667,35.79630685499547
2017-01-04,33.84166666666667,33.229026823895296,73.3,39.45833333333333,40.0709731761047
2017-01-05,25.425,23.721161072955812,67,41.575,43.27883892704419
2017-01-06,22.325,21.237903330309706,69,46.675,47.762096669690294
2017-01-07,20.075,18.82639626797979,68.8,48.724999999999994,49.97360373202021
2017-01-08,18.975,16.422884540624594,51.8,32.824999999999996,35.3771154593754
2017-01-09,22.858333333333334,19.31036672281975,57,34.141666666666666,37.68963327718025
2017-01-10,32.80833333333333,30.440145134119476,62.2,29.391666666666673,31.759854865880527
2017-01-11,41.34166666666667,40.317714137618246,67.3,25.95833333333333,26.98228586238175
2017-01-12,45.858333333333334,44.6032525592847,70.7,24.84166666666667,26.096747440715305
2017-01-13,36.833333333333336,35.697874821821955,70.7,33.86666666666667,35.00212517817805
2017-01-14,31.108333333333334,29.155487883892704,70.3,39.19166666666666,41.14451211610729
2017-01-15,33.05833333333333,30.900894129843206,70.8,37.74166666666667,39.89910587015679
2017-01-16,34.858333333333334,32.84490086821304,72.3,37.44166666666666,39.45509913178696
2017-01-17,40,38.26340546844629,70.7,30.700000000000003,32.436594531553716
2017-01-18,39.858333333333334,38.18813010237139,69.2,29.34166666666667,31.011869897628614
2017-01-19,41.041666666666664,39.49682519113645,67.3,26.258333333333333,27.803174808863545
2017-01-20,40.675,39.20991317869639,69.5,28.825000000000003,30.29008682130361
2017-01-21,46.291666666666664,45.48784501749385,70.4,24.10833333333334,24.91215498250616
2017-01-22,45.49166666666667,43.928249319683815,75.4,29.90833333333334,31.47175068031619
2017-01-23,41.025,39.586445509913176,70.3,29.275,30.71355449008682
2017-01-24,39.525,37.802552805494365,68.2,28.675000000000004,30.397447194505638
2017-01-25,40.916666666666664,39.34820526111183,63.8,22.883333333333333,24.451794738888168
2017-01-26,40.166666666666664,39.729324867176366,71,30.833333333333336,31.270675132823634
2017-01-27,35.775,35.04856809641052,70.8,35.025,35.75143190358948
2017-01-28,34.18333333333334,32.786134508228585,62,27.816666666666663,29.213865491771415
2017-01-29,34.13333333333333,32.44602824931968,55.5,21.366666666666667,23.05397175068032
2017-01-30,32.525,30.09289879486847,62.9,30.375,32.80710120513153
2017-01-31,34.75,31.904289231566672,58.5,23.75,26.595710768433328
2017-02-01,37.93333333333333,35.91378774135027,63.7,25.766666666666673,27.786212258649734
2017-02-02,32.19166666666666,30.115083581702734,65.7,33.50833333333334,35.58491641829727
2017-02-03,28.35,26.3824672800311,67.7,39.35,41.3175327199689
2017-02-04,29.53333333333333,27.264286639885967,68.3,38.766666666666666,41.03571336011403
2017-02-05,36.36666666666667,34.210587015679664,67.1,30.733333333333327,32.88941298432033
2017-02-06,39.75833333333333,37.50681612025398,71.1,31.34166666666666,33.593183879746014
2017-02-07,44.425,41.09169366334068,71.9,27.47500000000001,30.808306336659328
2017-02-08,43.19166666666667,41.38807826875729,72.8,29.608333333333327,31.411921731242707
2017-02-09,28.96666666666667,26.205338862252173,72.3,43.33333333333333,46.09466113774782
2017-02-10,28.941666666666666,25.189089024232217,69,40.05833333333334,43.81091097576778
2017-02-11,41.025,37.12117403135933,68.1,27.074999999999996,30.978825968640663
2017-02-12,39.74166666666667,36.42761435791111,66.9,27.15833333333334,30.472385642088895
2017-02-13,37.8,34.94179085136711,68,30.200000000000003,33.05820914863289
2017-02-14,36.516666666666666,34.02822340287676,69.3,32.78333333333333,35.271776597123235
2017-02-15,36.24166666666667,34.39565893481923,71.2,34.958333333333336,36.80434106518077
2017-02-16,34.00833333333333,32.27953868083452,68.4,34.39166666666667,36.120461319165486
2017-02-17,37.641666666666666,35.785382920824155,63.3,25.65833333333333,27.514617079175842
2017-02-18,47.075,45.278255798885574,68.4,21.325000000000003,23.12174420111443
2017-02-19,52.1,50.78925748347804,73.5,21.4,22.71074251652196
2017-02-20,47.65833333333333,46.18616042503563,72,24.34166666666667,25.81383957496437
2017-02-21,45.6,44.11201244006739,73,27.4,28.88798755993261
2017-02-22,49.641666666666666,48.76133212388234,68.2,18.558333333333337,19.438667876117663
2017-02-23,51.791666666666664,50.38845406245951,67.9,16.10833333333334,17.511545937540497
2017-02-24,53.06666666666666,52.870273422314376,70.8,17.733333333333334,17.92972657768562
2017-02-25,46.85,46.91536866658028,70,23.15,23.084631333419722
2017-02-26,37.65833333333333,36.78704159647531,71.8,34.141666666666666,35.012958403524685
2017-02-27,42.56666666666667,40.87902034469354,74.3,31.733333333333327,33.42097965530646
2017-02-28,49.45,48.52813269405209,75.4,25.950000000000003,26.871867305947916
2017-03-01,52.725,52.33720357651937,74.5,21.775,22.16279642348063
2017-03-02,40.49166666666667,39.991771413761825,73.5,33.00833333333333,33.508228586238175
2017-03-03,32.858333333333334,30.54040430218997,71.3,38.44166666666666,40.75959569781003
2017-03-04,30.325,27.353945833873265,70.8,40.474999999999994,43.44605416612673
2017-03-05,33.625,30.726435143190358,70,36.375,39.27356485680964
2017-03-06,42.916666666666664,40.16081378774135,70,27.083333333333336,29.839186212258653
2017-03-07,48.483333333333334,46.59959828949073,72.3,23.816666666666663,25.70040171050927
2017-03-08,49.81666666666666,49.23428793572632,72.2,22.38333333333334,22.96571206427368
2017-03-09,47.96666666666667,46.16646365167811,72.1,24.133333333333326,25.933536348321887
2017-03-10,36.275,33.469871711805105,72.1,35.824999999999996,38.63012828819489
2017-03-11,27.833333333333336,23.862316962550214,72.8,44.96666666666666,48.93768303744979
2017-03-12,28.291666666666668,25.086549177141375,72.7,44.40833333333333,47.613450822858624
2017-03-13,30.608333333333334,27.525152261241416,72.8,42.19166666666666,45.27484773875858
2017-03-14,30.433333333333334,28.000298043281067,69.4,38.96666666666667,41.39970195671894
2017-03-15,27.64166666666667,23.953401580925235,61.9,34.258333333333326,37.94659841907476
2017-03-16,32.8,29.41155889594402,58.6,25.800000000000004,29.188441104055983
2017-03-17,37.075,33.9514966956071,64.1,27.02499999999999,30.148503304392896
2017-03-18,39.74166666666667,36.34166126733186,66.2,26.458333333333336,29.858338732668145
2017-03-19,41.575,38.71714396786316,66.5,24.924999999999997,27.78285603213684
2017-03-20,43.233333333333334,40.72142024102631,67,23.766666666666666,26.27857975897369
2017-03-21,45.63333333333333,43.516768174160944,66.7,21.06666666666667,23.18323182583906
2017-03-22,36.15833333333333,32.538330957626016,68,31.84166666666667,35.461669042373984
2017-03-23,35.875,32.46647661008164,71.8,35.925,39.333523389918355
2017-03-24,47.09166666666667,45.128560321368404,73.2,26.108333333333334,28.0714396786316
2017-03-25,50.43333333333333,47.712478942594274,73.3,22.866666666666667,25.587521057405723
2017-03-26,46.69166666666667,44.66118958144357,71.7,25.008333333333333,27.03881041855643
2017-03-27,50.291666666666664,47.227769858753405,72.1,21.80833333333333,24.87223014124659
2017-03-28,49.83333333333333,46.05316832966179,71.7,21.866666666666674,25.646831670338216
2017-03-29,49.44166666666666,46.69955941428016,73.5,24.058333333333337,26.80044058571984
2017-03-30,45.625,43.20794350136063,74.8,29.174999999999997,31.592056498639366
2017-03-31,44.75,41.338564208889466,75.9,31.150000000000006,34.56143579111054
2017-04-01,45.96666666666667,43.03014124659842,76.6,30.633333333333326,33.569858753401576
2017-04-02,49.333333333333336,47.175340158092524,77.6,28.26666666666666,30.42465984190747
2017-04-03,51.541666666666664,49.755241674225736,78.9,27.35833333333334,29.14475832577427
2017-04-04,53.925,50.537695995853305,79,25.075000000000003,28.462304004146695
2017-04-05,51.425,48.87186730594791,78.4,26.97500000000001,29.528132694052097
2017-04-06,46.85,44.6771672929895,75.5,28.65,30.822832707010498
2017-04-07,45.96666666666667,44.63445639497213,68.3,22.33333333333333,23.665543605027864
2017-04-08,48.99166666666667,46.99862640922639,66.5,17.508333333333333,19.50137359077361
2017-04-09,55.35,54.428806531035384,70.6,15.249999999999993,16.17119346896461
2017-04-10,60.00833333333333,59.61201244006738,72.6,12.591666666666661,12.987987559932613
2017-04-11,60.458333333333336,60.10068679538681,74.4,13.94166666666667,14.299313204613199
2017-04-12,57.15833333333333,56.34436957366852,72.4,15.241666666666674,16.055630426331483
2017-04-13,53.266666666666666,51.71771413761825,75.3,22.03333333333333,23.582285862381745
2017-04-14,54.78333333333333,53.18678242840482,75.2,20.41666666666667,22.013217571595185
2017-04-15,59.925,59.102889723986,76.6,16.674999999999997,17.49711027601399
2017-04-16,66.35,66.63712582609823,75.3,8.950000000000003,8.66287417390177
2017-04-17,60.725,60.52302708306337,74.9,14.175000000000004,14.376972916936637
2017-04-18,55.775,54.14801088505896,75.3,19.525,21.15198911494104
2017-04-19,54.56666666666666,52.27199688998316,77.5,22.933333333333337,25.228003110016843
2017-04-20,58.05,56.28531812880653,75.3,17.25,19.014681871193467
2017-04-21,55.358333333333334,51.9773227938318,74.4,19.04166666666667,22.422677206168203
2017-04-22,52.68333333333334,50.50677724504341,73.9,21.21666666666667,23.393222754956597
2017-04-23,53.59166666666667,52.34294414928081,73.9,20.308333333333337,21.557055850719195
2017-04-24,54.275,53.13719061811585,74.4,20.125000000000007,21.262809381884153
2017-04-25,56.5,55.14585979007387,72.4,15.900000000000006,17.254140209926135
2017-04-26,59.09166666666667,58.797524944926785,73.4,14.308333333333337,14.60247505507322
2017-04-27,59.74166666666667,58.2019955941428,78.7,18.958333333333336,20.498004405857202
2017-04-28,63.33333333333333,62.22613709990929,81.4,18.066666666666677,19.173862900090718
2017-04-29,63.550000000000004,62.102734223143706,83,19.449999999999996,20.897265776856294
2017-04-30,57.275,54.52561876376831,82.1,24.824999999999996,27.574381236231687
2017-05-01,59.43333333333334,57.32249578851886,80.3,20.86666666666666,22.97750421148114
2017-05-02,59.94166666666666,58.91859530905792,78.1,18.15833333333333,19.181404690942074
2017-05-03,55.583333333333336,53.63906958662693,77.1,21.51666666666666,23.460930413373063
2017-05-04,53.25833333333333,51.26650252688869,78.7,25.44166666666667,27.433497473111316
2017-05-05,54.1,52.13156667098613,74.3,20.199999999999996,22.168433329013865
2017-05-06,56.075,55.64475832577426,71.3,15.224999999999994,15.655241674225735
2017-05-07,51.75833333333333,50.29390955034339,69.7,17.94166666666667,19.40609044965661
2017-05-08,50.38333333333333,48.317714137618246,73,22.616666666666667,24.682285862381754
2017-05-09,52.625,50.265232603343264,75.8,23.174999999999997,25.534767396656733
2017-05-10,56.06666666666666,53.99322275495659,76.7,20.63333333333334,22.706777245043412
2017-05-11,54.725,53.05788518854477,77.1,22.374999999999993,24.04211481145522
2017-05-12,55.19166666666666,53.44711675521576,76.8,21.608333333333334,23.352883244784238
2017-05-13,55.233333333333334,53.562122586497345,79.5,24.266666666666666,25.937877413502655
2017-05-14,57.975,55.53743682778282,77.3,19.324999999999996,21.762563172217178
2017-05-15,59.61666666666667,58.40339510172347,77.1,17.483333333333327,18.696604898276526
2017-05-16,65.85833333333333,65.76435143190359,80.7,14.841666666666669,14.935648568096411
2017-05-17,71.21666666666667,71.75465854606712,82.5,11.283333333333331,10.74534145393288
2017-05-18,73.55,74.44158351691071,82.6,9.049999999999997,8.158416483089283
2017-05-19,67.75,66.73935467150447,82.2,14.450000000000003,15.46064532849553
2017-05-20,60.225,58.2658805235195,83.2,22.975,24.934119476480504
2017-05-21,60.25833333333333,58.59394842555397,81,20.741666666666667,22.406051574446032
2017-05-22,58.583333333333336,57.22008552546327,80,21.416666666666664,22.77991447453673
2017-05-23,61.25833333333333,60.62736814824414,80.8,19.541666666666664,20.17263185175586
2017-05-24,59.775,58.761383957496435,80.9,21.125000000000007,22.13861604250357
2017-05-25,58.9,57.18215627834651,77.8,18.9,20.617843721653486
2017-05-26,62.766666666666666,60.969625502138136,78.7,15.933333333333337,17.730374497861867
2017-05-27,64.29166666666667,62.76146170791758,79.5,15.208333333333329,16.738538292082417
2017-05-28,64.775,63.78807826875729,78.5,13.724999999999994,14.711921731242711
2017-05-29,61.291666666666664,59.324232214591156,80.6,19.30833333333333,21.27576778540884
2017-05-30,60.725,59.29193987300764,80.3,19.574999999999996,21.008060126992355
2017-05-31,63.733333333333334,62.37867046779837,81.1,17.36666666666666,18.721329532201622
2017-06-01,65.40833333333333,64.7680834521187,80.9,15.491666666666674,16.131916547881303
2017-06-02,65.425,64.32563172217182,78,12.575000000000003,13.67436827782818
2017-06-03,65.76666666666667,64.18207852792536,77.9,12.13333333333334,13.71792147207465
2017-06-04,67.225,65.76060645328496,78.3,11.075000000000003,12.539393546715033
2017-06-05,64.86666666666666,63.19953349747311,78.2,13.333333333333343,15.00046650252689
2017-06-06,61.041666666666664,58.49698069197875,78,16.958333333333336,19.50301930802125
2017-06-07,61.483333333333334,59.767707658416484,77.7,16.21666666666667,17.93229234158352
2017-06-08,64,62.88783205909032,80,16,17.11216794090968
2017-06-09,66.63333333333333,65.98244136322405,79.9,13.26666666666668,13.91755863677595
2017-06-10,72.68333333333334,72.17425165219645,79.4,6.716666666666669,7.22574834780356
2017-06-11,76.075,76.56937929247117,80.8,4.724999999999994,4.2306207075288285
2017-06-12,78.13333333333334,78.824672800311,79.3,1.1666666666666572,0.47532719968899073
2017-06-13,78.5,78.76359984449915,78.2,-0.29999999999999716,-0.5635998444991515
2017-06-14,74.84166666666667,73.60825450304523,78.1,3.2583333333333258,4.491745496954763
2017-06-15,71.8,70.34976026953478,77.6,5.799999999999997,7.250239730465211
2017-06-16,70.94166666666666,68.92998574575611,77.7,6.75833333333334,8.77001425424389
2017-06-17,72.55833333333334,71.06613969159,79.9,7.341666666666669,8.83386030841001
2017-06-18,74.53333333333333,73.7220033691849,79.3,4.766666666666666,5.577996630815093
2017-06-19,72.48333333333333,71.93908254503046,78.2,5.716666666666669,6.260917454969544
2017-06-20,71.85,71.08292082415447,81.1,9.25,10.017079175845524
2017-06-21,71.73333333333333,70.56840741220682,81.9,10.166666666666671,11.331592587793182
2017-06-22,73.86666666666667,73.6296099520539,81,7.133333333333326,7.370390047946103
2017-06-23,74.49166666666667,74.29530905792407,80.3,5.808333333333323,6.004690942075925
2017-06-24,72,71.94943630944667,80.7,8.700000000000003,8.750563690553335
2017-06-25,69.34166666666667,68.6600492419334,80.9,11.558333333333337,12.239950758066612
2017-06-26,67.74166666666667,66.7038356874433,81.2,13.458333333333329,14.4961643125567
2017-06-27,66.50833333333334,65.37155630426331,80.9,14.391666666666666,15.528443695736698
2017-06-28,68.13333333333334,67.51317869638461,80.3,12.166666666666657,12.786821303615383
2017-06-29,72.55833333333334,72.05885706880912,80.2,7.641666666666666,8.141142931190885
2017-06-30,74.95833333333333,74.59499805623946,80.4,5.441666666666677,5.805001943760544
2017-07-01,73.90833333333333,73.68647142672023,80.4,6.491666666666674,6.713528573279774
2017-07-02,75.46666666666667,75.14626150058312,81.2,5.733333333333334,6.05373849941688
2017-07-03,75.06666666666666,74.3818452766619,80.9,5.833333333333343,6.5181547233381
2017-07-04,74.45833333333333,73.51429311908774,81.3,6.841666666666669,7.785706880912258
2017-07-05,74.875,73.99035894777764,80.9,6.025000000000006,6.909641052222369
2017-07-06,73.98333333333333,73.24534145393287,80.5,6.516666666666666,7.254658546067134
2017-07-07,73.41666666666666,71.94300894129843,81.1,7.683333333333337,9.156991058701564
2017-07-08,73.76666666666667,72.32841777892963,80.2,6.433333333333337,7.871582221070369
2017-07-09,73.09166666666667,72.157224309965,80.1,7.008333333333326,7.942775690034992
2017-07-10,73.975,73.09041078139172,80.2,6.2250000000000085,7.109589218608278
2017-07-11,76.225,75.28889464817935,79.7,3.4750000000000085,4.411105351820652
2017-07-12,77.725,77.10755474925489,78.9,1.1750000000000114,1.7924452507451178
2017-07-13,76.60833333333333,75.85715951794738,80.5,3.8916666666666657,4.64284048205262
2017-07-14,71.64166666666667,69.45640793054295,80.1,8.458333333333329,10.643592069457043
2017-07-15,73.63333333333333,72.2794738888169,80.6,6.966666666666669,8.3205261111831
2017-07-16,73.86666666666667,72.80738629000906,80.1,6.23333333333332,7.292613709990931
2017-07-17,74.48333333333333,73.29227679149929,80.6,6.11666666666666,7.307723208500704
2017-07-18,75.91666666666667,75.37690812491901,80,4.083333333333329,4.623091875080988
2017-07-19,78.64166666666667,78.41232344175198,80.2,1.5583333333333371,1.7876765582480232
2017-07-20,79.60833333333333,79.28089931320461,81,1.3916666666666657,1.719100686795386
2017-07-21,79.66666666666667,79.42577426461061,80.4,0.7333333333333343,0.9742257353893962
2017-07-22,78.35833333333333,78.09725281845277,80.6,2.24166666666666,2.502747181547221
2017-07-23,74.78333333333333,73.77698587534016,80.9,6.116666666666674,7.123014124659846
2017-07-24,70.48333333333333,68.50672541142931,81.8,11.316666666666663,13.293274588570682
2017-07-25,69.525,67.61698846702086,82.3,12.774999999999991,14.683011532979137
2017-07-26,71.81666666666666,70.74978618634184,81,9.183333333333337,10.250213813658164
2017-07-27,73.01666666666667,71.46901645717249,81.2,8.183333333333337,9.730983542827516
2017-07-28,73.11666666666666,72.05011014642996,82.3,9.183333333333337,10.24988985357004
2017-07-29,70.725,68.99734352727744,82.3,11.575000000000003,13.30265647272256
2017-07-30,72.01666666666667,70.4524426590644,81.6,9.583333333333329,11.147557340935592
2017-07-31,74.04166666666667,73.27880005183361,79.1,5.058333333333323,5.821199948166381
2017-08-01,76.175,75.4050926525852,79.5,3.325000000000003,4.094907347414804
2017-08-02,74.19166666666666,73.58469612543735,81.7,7.50833333333334,8.115303874562656
2017-08-03,72.76666666666667,72.71421536866657,82.5,9.733333333333334,9.785784631333428
2017-08-04,72.46666666666667,71.06584164830892,83.2,10.733333333333334,12.134158351691084
2017-08-05,70.99166666666667,70.38476091745498,82.8,11.808333333333323,12.415239082545014
2017-08-06,69.60833333333333,68.52227549565893,81.8,12.191666666666663,13.277724504341066
2017-08-07,67.71666666666667,66.54486199300247,82.5,14.783333333333331,15.95513800699753
2017-08-08,70.05,69.05969936503824,82.3,12.25,13.240300634961756
2017-08-09,71.13333333333333,70.84090967992744,81.7,10.566666666666677,10.859090320072568
2017-08-10,72.275,71.93449527018271,81.2,8.924999999999997,9.265504729817295
2017-08-11,71.675,71.05794998056238,79.6,7.924999999999997,8.54205001943761
2017-08-12,71.25,69.97429052740702,80.7,9.450000000000003,10.725709472592982
2017-08-13,72.44166666666666,71.98823376959957,81.8,9.358333333333334,9.811766230400423
2017-08-14,72.18333333333334,71.72064273681484,81.6,9.416666666666657,9.879357263185156
2017-08-15,72.2,71.57550861733834,82.6,10.399999999999991,11.024491382661651
2017-08-16,74.68333333333334,74.3020474277569,81.9,7.216666666666669,7.597952572243102
2017-08-17,73.65833333333333,72.99403913437864,81.2,7.541666666666671,8.205960865621364
2017-08-18,74.275,73.62573538940002,80.9,6.625,7.274264610599985
2017-08-19,74.725,74.37169884670209,81.9,7.175000000000011,7.528301153297917
2017-08-20,74.41666666666667,73.99980562394713,80.7,6.283333333333331,6.7001943760528775
2017-08-21,75.61666666666666,75.33888816897758,82.6,6.983333333333334,7.2611118310224185
2017-08-22,76.10833333333333,75.98622521705326,82.5,6.391666666666666,6.51377478294674
2017-08-23,72.25833333333334,71.87872230141247,79.7,7.441666666666663,7.8212776985875365
2017-08-24,68.25833333333333,67.7582221070364,78.9,10.64166666666668,11.141777892963603
2017-08-25,66.93333333333334,66.04563949721394,78.3,11.36666666666666,12.254360502786056
2017-08-26,66.91666666666667,66.28792276791499,79.3,12.383333333333326,13.012077232085005
2017-08-27,67.125,66.6186860178826,79.4,12.275000000000006,12.78131398211741
2017-08-28,67.05833333333334,66.36610081637943,81.7,14.641666666666666,15.333899183620574
2017-08-29,66.375,65.03115200207334,81.1,14.724999999999994,16.068847997926653
2017-08-30,68.75833333333333,67.4248283011533,82,13.241666666666674,14.575171698846702
2017-08-31,69.63333333333334,68.41052222366204,81.9,12.266666666666666,13.489477776337964
2017-09-01,63.93333333333334,62.10471685888299,80.5,16.566666666666663,18.395283141117012
2017-09-02,63.6,61.506129324867175,78.8,15.199999999999996,17.293870675132823
2017-09-03,66.61666666666666,64.80024620966697,79.3,12.683333333333337,14.499753790333031
2017-09-04,69.80833333333334,69.22938965919398,80.2,10.391666666666666,10.970610340806019
2017-09-05,69.975,69.44408448879098,80.8,10.825000000000003,11.35591551120902
2017-09-06,63.766666666666666,63.09539976674874,80.7,16.933333333333337,17.60460023325126
2017-09-07,62.708333333333336,62.176519372813274,80.4,17.69166666666667,18.22348062718673
2017-09-08,61.99166666666667,61.41269923545419,81,19.008333333333333,19.58730076454581
2017-09-09,61.43333333333333,60.515887002721264,80.7,19.266666666666673,20.18411299727874
2017-09-10,62.90833333333333,61.447388881689776,78.2,15.291666666666671,16.752611118310227
2017-09-11,65.025,63.63750161980044,81.9,16.875,18.262498380199567
2017-09-12,67.5,66.81675521575742,80.6,13.099999999999994,13.78324478424257
2017-09-13,68.81666666666666,68.29838019955942,79.4,10.583333333333343,11.101619800440588
2017-09-14,70.08333333333333,69.7010496306855,80.4,10.316666666666677,10.698950369314502
2017-09-15,71.275,71.02202928599196,81.3,10.024999999999991,10.277970714008035
2017-09-16,71.40833333333333,71.384994168718407,82,10.591666666666669,10.615005831281593
2017-09-17,70.19166666666666,70.18520150317481,81.3,11.108333333333334,11.114798496825188
2017-09-18,68.33333333333333,67.82506155241674,79.8,11.466666666666669,11.974938447583256
2017-09-19,69.80833333333334,68.95283141117014,79.5,9.691666666666663,10.547168588829862
2017-09-20,72.20833333333333,71.91117014383828,80.3,8.091666666666669,8.38882985616172
2017-09-21,73.21666666666667,73.42248283011531,80,6.783333333333331,6.577517169884686
2017-09-22,72.81666666666666,72.13309576260204,78.8,5.983333333333334,6.666904237397958
2017-09-23,73.64166666666667,73.49337825579889,78.5,4.858333333333334,5.006621744201112
2017-09-24,75.55833333333334,75.48479979266554,78.5,2.941666666666663,3.015200207334459
2017-09-25,74.60000000000001,75.02425813139823,80,5.3999999999999915,4.975741868601773
2017-09-26,73.28333333333333,73.63531164960476,80.8,7.516666666666666,7.164688350395238
2017-09-27,71.825,71.3647790592199,79.4,7.575000000000003,8.035220940780107
2017-09-28,67.61666666666666,66.92502267720616,79.5,11.88333333333334,12.574977322793842
2017-09-29,61.75,60.58393157962939,76.9,15.150000000000006,16.316068420370613
2017-09-30,59.3,57.92424517299469,78.9,19.60000000000001,20.975754827005318
2017-10-01,58.8,57.608358170273426,79.4,20.60000000000001,21.79164182972658
2017-10-02,62.19166666666666,61.544278864843854,78.7,16.50833333333334,17.15572113515615
2017-10-03,63.416666666666664,62.59521834909939,78,14.583333333333336,15.40478165090061
2017-10-04,64.65833333333333,64.14483607619542,77.8,13.141666666666666,13.65516392380458
2017-10-05,67.34166666666667,67.40174938447583,75.2,7.858333333333334,7.798250615524168
2017-10-06,67.18333333333334,66.79931320461318,80.3,13.11666666666666,13.500686795386812
2017-10-07,69.99166666666667,69.44376052870287,81.7,11.708333333333329,12.256239471297135
2017-10-08,69.68333333333334,69.52827523649086,81.3,11.61666666666666,11.771724763509141
2017-10-09,69.55,69.31313982117403,80.8,11.25,11.486860178825964
2017-10-10,66.08333333333333,66.41899701956719,80,13.916666666666671,13.581002980432814
2017-10-11,62.40833333333333,62.16322405079694,78.3,15.891666666666666,16.136775949203056
2017-10-12,59.958333333333336,58.56674873655565,76.6,16.64166666666666,18.033251263444342
2017-10-13,60.425,59.197745237786705,78.4,17.97500000000001,19.2022547622133
2017-10-14,63.96666666666667,63.30475573409356,77.6,13.633333333333326,14.295244265906433
2017-10-15,64.35833333333333,63.67798367241156,78.5,14.141666666666666,14.822016327588443
2017-10-16,57.075,55.91141635350525,77.9,20.825000000000003,21.988583646494753
2017-10-17,54.21666666666667,52.4956978100298,76.9,22.683333333333337,24.404302189970203
2017-10-18,58.458333333333336,57.62302708306337,76.7,18.241666666666667,19.076972916936633
2017-10-19,59.891666666666666,59.0765323312168,77.6,17.70833333333333,18.523467668783198
2017-10-20,61.916666666666664,61.505546196708565,78.1,16.18333333333333,16.59445380329143
2017-10-21,62.958333333333336,62.68639367629908,78,15.041666666666664,15.313606323700917
2017-10-22,61.858333333333334,61.025929765452894,79.6,17.74166666666666,18.5740702345471
2017-10-23,62.11666666666667,60.65358299857458,79,16.883333333333333,18.346417001425422
2017-10-24,61.31666666666667,60.74558766359985,76.8,15.483333333333327,16.054412336400148
2017-10-25,56.21666666666667,55.47382402488014,69.3,13.083333333333329,13.82617597511986
2017-10-26,53.125,52.21306207075288,63.9,10.774999999999999,11.686937929247115
2017-10-27,50.86666666666667,49.523338084747955,68.5,17.633333333333333,18.976661915252045
2017-10-28,50.608333333333334,50.28807826875729,71.3,20.691666666666663,21.01192173124271
2017-10-29,52.916666666666664,53.12302708306337,68.9,15.983333333333341,15.776972916936636
2017-10-30,49.45,49.175884411040556,58.8,9.349999999999994,9.624115588959441
2017-10-31,46.166666666666664,45.193183879746016,62.3,16.133333333333333,17.10681612025398
2017-11-01,46.891666666666666,45.53319942983025,69.2,22.308333333333337,23.666800570169755
2017-11-02,57.50833333333333,56.7657768562913,70.9,13.391666666666673,14.134223143708702
2017-11-03,56.766666666666666,55.953453414539325,72.3,15.533333333333331,16.346546585460672
2017-11-04,50.15833333333333,48.361630167163405,73.5,23.34166666666667,25.138369832836595
2017-11-05,55.30833333333333,54.052662951924326,72.6,17.291666666666664,18.54733704807567
2017-11-06,54.15833333333333,52.99069586626928,73.7,19.54166666666667,20.709304133730726
2017-11-07,44.9,43.09571076843333,74.3,29.4,31.20428923156667
2017-11-08,42.266666666666666,40.61985227419982,74.2,31.933333333333337,33.58014772580018
2017-11-09,42.325,41.454516003628356,74.4,32.075,32.94548399637165
2017-11-10,35.4,33.29746015290916,74.9,39.50000000000001,41.602539847090846
2017-11-11,34.2,31.310159388363353,74.7,40.5,43.38984061163665
2017-11-12,39.25833333333333,37.13967863159259,74.5,35.24166666666667,37.36032136840741
2017-11-13,42.19166666666667,39.77623428793573,74,31.80833333333333,34.22376571206427
2017-11-14,43.86666666666667,41.38526629519243,74.1,30.233333333333327,32.714733704807564
2017-11-15,44.391666666666666,42.39942983024492,71.7,27.308333333333337,29.300570169755083
2017-11-16,46.40833333333333,44.25420500194376,70.5,24.09166666666667,26.24579499805624
2017-11-17,43.75,41.2342231437087,70.2,26.450000000000003,28.965776856291306
2017-11-18,44.475,41.7467150447065,69.3,24.824999999999996,27.5532849552935
2017-11-19,44.38333333333333,43.48019955941428,69.4,25.016666666666673,25.919800440585725
2017-11-20,40.94166666666666,39.58844110405598,72,31.058333333333337,32.41155889594402
2017-11-21,45.891666666666666,44.20841000388752,72.2,26.308333333333337,27.99158999611248
2017-11-22,42.86666666666667,41.15205390695866,71.3,28.43333333333333,30.147946093041334
2017-11-23,38.25833333333333,36.16226512893612,72.8,34.541666666666664,36.63773487106388
2017-11-24,43.53333333333333,41.65439937799663,71.2,27.66666666666667,29.54560062200337
2017-11-25,46.88333333333333,45.29363742386938,66.9,20.016666666666673,21.60636257613063
2017-11-26,43.1,41.49379292471167,69.2,26.1,27.706207075288333
2017-11-27,44.083333333333336,42.11565375145782,69.6,25.51666666666666,27.484346248542174
2017-11-28,46.36666666666667,44.38259686406635,71.8,25.43333333333333,27.417403135933647
2017-11-29,47.733333333333334,46.50448360761954,73.8,26.066666666666663,27.295516392380456
2017-11-30,44.31666666666667,42.69937799663082,73.3,28.983333333333327,30.600622003369175
2017-12-01,44.50833333333333,43.11523908254503,71.8,27.291666666666664,28.684760917454966
2017-12-02,42.1,40.29112349358559,72,29.9,31.708876506414413
2017-12-03,43.49166666666667,41.60458727484774,70.9,27.40833333333334,29.295412725152268
2017-12-04,46.28333333333333,44.861967085655046,71.8,25.516666666666666,26.93803291434495
2017-12-05,46.275,45.25668005701697,72.8,26.525,27.543319942983025
2017-12-06,39.891666666666666,39.57453673707399,72,32.108333333333334,32.42546326292601
2017-12-07,35.44166666666667,34.026331475962166,72.6,37.158333333333324,38.57366852403783
2017-12-08,33.40833333333333,32.08122327329273,75.9,42.491666666666674,43.81877672670728
2017-12-09,33.25833333333333,31.76586756511598,67.6,34.34166666666666,35.83413243488401
2017-12-10,33.166666666666664,31.087132305299985,52.3,19.133333333333333,21.212867694700012
2017-12-11,35.21666666666667,32.91140339510172,52.5,17.28333333333333,19.588596604898278
2017-12-12,34.63333333333333,33.17413502656473,59.5,24.866666666666667,26.325864973435273
2017-12-13,28.716666666666665,26.500155500842297,57.8,29.083333333333332,31.2998444991577
2017-12-14,29.125,25.999015161332125,57.1,27.975,31.100984838667877
2017-12-15,28.425,25.929208241544643,62.7,34.275000000000006,36.77079175845536
2017-12-16,33.3,31.865323312167938,65,31.700000000000003,33.13467668783206
2017-12-17,34.291666666666664,32.51864714267202,68.7,34.40833333333334,36.18135285732798
2017-12-18,39.825,38.3334326810937,70.2,30.375,31.866567318906306
2017-12-19,45.18333333333333,43.71693663340676,70.9,25.716666666666676,27.183063366593245
2017-12-20,38.30833333333334,36.84541920435403,69.9,31.59166666666667,33.054580795645975
2017-12-21,34.516666666666666,32.723545419204356,71.9,37.38333333333334,39.17645458079565
2017-12-22,37.825,36.231450045354414,71.9,34.075,35.66854995464559
2017-12-23,38.641666666666666,37.70123104833485,71.3,32.65833333333333,33.59876895166515
2017-12-24,33.641666666666666,32.09726577685629,70.2,36.55833333333334,38.10273422314371
2017-12-25,27.925,26.86034728521446,69.1,41.175,42.239652714785535
2017-12-26,21.258333333333333,18.405014902164055,70.3,49.041666666666664,51.89498509783594
2017-12-27,18.391666666666666,15.131424128547362,71.2,52.80833333333334,56.06857587145264
2017-12-28,17.308333333333334,13.93116496047687,70.7,53.391666666666666,56.76883503952313
2017-12-29,19.25,15.526720228067902,67,47.75,51.4732797719321
2017-12-30,19.208333333333332,15.550796941816769,61,41.79166666666667,45.44920305818323
2017-12-31,14.208333333333332,11.40580536477906,62.8,48.59166666666667,51.39419463522094
2018-01-01,11.4,8.059673448231178,63.5,52.1,55.44032655176882
2018-01-02,15.4,12.466048982765324,55.6,40.2,43.13395101723468
2018-01-03,19.941666666666666,17.59164182972658,57.8,37.858333333333334,40.208358170273414
2018-01-04,20.8,19.060101075547493,50.9,30.099999999999998,31.839898924452505
2018-01-05,13.858333333333333,10.487054554878839,50,36.141666666666666,39.51294544512116
2018-01-06,12.933333333333334,8.608397045483997,52.6,39.66666666666667,43.991602954516004
2018-01-07,18.691666666666666,13.984916418297265,57.1,38.40833333333333,43.115083581702734
2018-01-08,31.291666666666668,28.42762731631463,64.9,33.608333333333334,36.47237268368538
2018-01-09,35.30833333333333,33.46906829078657,69.3,33.99166666666667,35.830931709213424
2018-01-10,35.5,33.38349099390955,68.6,33.099999999999994,35.21650900609045
2018-01-11,44.94166666666667,44.67388881689776,69.9,24.958333333333336,25.226111183102248
2018-01-12,42.6,43.37308539587922,70.6,27.999999999999993,27.226914604120772
2018-01-13,28.341666666666665,28.27635091356745,64.2,35.858333333333334,35.923649086432555
2018-01-14,20.475,18.095334974731113,54.3,33.824999999999996,36.20466502526888
2018-01-15,24.175,21.843177400544253,58.8,34.625,36.95682259945575
2018-01-16,25.325,24.684722042244395,64,38.675,39.315277957755605
2018-01-17,25.125,24.364170014254242,60.7,35.575,36.33582998574576
2018-01-18,26.6,24.49393546715045,48.2,21.6,23.706064532849553
2018-01-19,33.11666666666667,30.885771672929895,55.3,22.18333333333333,24.414228327070102
2018-01-20,40.44166666666666,39.18175456783724,61.8,21.358333333333334,22.61824543216276
2018-01-21,41.916666666666664,40.33016716340547,67.9,25.98333333333334,27.569832836594536
2018-01-22,44.075,43.062990799533495,70.9,26.825000000000003,27.83700920046651
2018-01-23,42.5,41.8350136063237,69.7,27.200000000000003,27.864986393676304
2018-01-24,34.891666666666666,33.56924970843592,67.2,32.30833333333334,33.630750291564084
2018-01-25,30.241666666666667,28.358623817545677,65.2,34.958333333333336,36.841376182454326
2018-01-26,35.7,33.7103926396268,68.7,33,34.989607360373206
2018-01-27,43.25833333333333,41.77523649086432,71.2,27.94166666666667,29.42476350913568
2018-01-28,43.291666666666664,42.341402099261366,72,28.708333333333336,29.658597900738634
2018-01-29,36,34.54392898794868,68,32,33.45607101205132
2018-01-30,29.991666666666667,28.20126992354542,59.8,29.80833333333333,31.598730076454576
2018-01-31,31.775,29.097693404172606,58.8,27.025,29.70230659582739
2018-02-01,35.55,33.17127121938577,63.9,28.35,30.728728780614226
2018-02-02,26.083333333333332,23.66420888946482,66,39.91666666666667,42.33579111053518
2018-02-03,27.125,24.682091486328886,67.2,40.075,42.51790851367112
2018-02-04,33.125,31.23213684074122,69.5,36.375,38.26786315925878
2018-02-05,27.541666666666668,25.391913956200597,72.3,44.758333333333326,46.9080860437994
2018-02-06,26.733333333333334,24.23963975638201,71.7,44.96666666666667,47.46036024361799
2018-02-07,28.833333333333332,27.330400414668915,73.1,44.266666666666666,45.76959958533108
2018-02-08,25.841666666666665,23.36033432681094,74.3,48.45833333333333,50.939665673189054
2018-02-09,29.716666666666665,27.441376182454324,74.5,44.78333333333333,47.05862381754568
2018-02-10,35.4,34.19069586626927,74.3,38.9,40.109304133730724
2018-02-11,37.475,36.76740961513541,74.8,37.324999999999996,38.032590384864584
2018-02-12,33.31666666666666,32.641583516910714,76.1,42.78333333333333,43.45841648308928
2018-02-13,29.641666666666666,27.20736037320202,75.5,45.858333333333334,48.29263962679798
2018-02-14,40.06666666666667,38.49339121420241,73.7,33.63333333333333,35.20660878579759
2018-02-15,49.516666666666666,47.45787223014124,72.6,23.08333333333333,25.142127769858753
2018-02-16,43.925,42.917118051056114,71.1,27.174999999999997,28.18288194894388
2018-02-17,33.958333333333336,31.578877802254762,70.2,36.24166666666667,38.62112219774524
2018-02-18,37.50833333333333,35.34431774005442,73.8,36.291666666666664,38.455682259945576
2018-02-19,42.041666666666664,41.023182583905665,74.8,32.75833333333333,33.77681741609433
2018-02-20,53.49166666666667,53.62850848775431,77.6,24.108333333333327,23.971491512245684
2018-02-21,49.875,50.46128029026824,77.8,27.924999999999997,27.338719709731755
2018-02-22,38.74166666666667,38.39377996630815,75.1,36.35833333333333,36.70622003369184
2018-02-23,39.68333333333334,38.41864714267202,74.9,35.21666666666667,36.481352857327984
2018-02-24,43.44166666666666,42.62532072048723,74.6,31.15833333333333,31.974679279512763
2018-02-25,42.725,41.232292341583516,73.3,30.574999999999996,32.06770765841648
2018-02-26,42.975,42.26895166515485,73.1,30.124999999999993,30.831048334845143
2018-02-27,43.91666666666667,43.43996371647013,74.9,30.983333333333334,31.460036283529874
2018-02-28,47.458333333333336,46.510405598030324,74.2,26.741666666666667,27.68959440196968
2018-03-01,45.85,45.098963327718025,74.9,29.050000000000004,29.80103667228198
2018-03-02,38.63333333333333,37.256485680964104,75.3,36.666666666666664,38.04351431903589
2018-03-03,39.375,37.729104574316445,70.1,30.724999999999994,32.37089542568355
2018-03-04,39.208333333333336,37.44448619930024,65.4,26.19166666666667,27.955513800699762
2018-03-05,37.458333333333336,35.49431126085266,64.3,26.84166666666666,28.805688739147335
2018-03-06,37.775,35.9763768303745,66,28.225,30.023623169625502
2018-03-07,35.46666666666667,33.85670597382403,71,35.53333333333333,37.14329402617597
2018-03-08,34.19166666666666,32.47311131268628,62.4,28.208333333333336,29.92688868731372
2018-03-09,34.075,31.703563560969286,60.5,26.424999999999997,28.796436439030714
2018-03-10,36.05,33.39641052222366,62.6,26.550000000000004,29.20358947777634
2018-03-11,36.69166666666667,33.97707658416483,70.6,33.908333333333324,36.62292341583517
2018-03-12,35.94166666666667,34.46111183102242,69.5,33.55833333333333,35.03888816897758
2018-03-13,35.525,33.638616042503564,58,22.475,24.361383957496436
2018-03-14,34.983333333333334,33.17500323960088,58.8,23.816666666666663,25.624996760399114
2018-03-15,37.666666666666664,35.73439160295452,59.1,21.433333333333337,23.365608397045484
2018-03-16,35.141666666666666,32.24324219256188,61.8,26.65833333333333,29.556757807438117
2018-03-17,37.06666666666666,34.29063107425165,65.8,28.733333333333334,31.509368925748348
2018-03-18,37.708333333333336,34.10158092523002,70,32.291666666666664,35.89841907476998
2018-03-19,39.03333333333333,35.395347933134644,71.8,32.766666666666666,36.40465206686535
2018-03-20,35.075,32.462576130620704,74.6,39.52499999999999,42.13742386937929
2018-03-21,36.266666666666666,34.12941557600104,67.9,31.63333333333334,33.77058442399897
2018-03-22,39.25,37.13588181935986,61.7,22.450000000000003,24.564118180640143
2018-03-23,38.59166666666667,36.19463522094078,62.3,23.70833333333333,26.105364779059215
2018-03-24,39.15,36.95633018012181,65.3,26.15,28.343669819878187
2018-03-25,37.93333333333333,35.441194764804976,68.9,30.966666666666676,33.45880523519503
2018-03-26,41.083333333333336,38.66594531553712,71.7,30.616666666666667,33.03405468446288
2018-03-27,43.05833333333333,40.8556952183491,73.8,30.741666666666667,32.9443047816509
2018-03-28,45.6,43.75750939484256,71.9,26.300000000000004,28.142490605157448
2018-03-29,48.38333333333333,46.531333419722685,72.8,24.416666666666664,26.268666580277312
2018-03-30,48.30833333333333,47.43388622521705,72.5,24.19166666666667,25.06611377478295
2018-03-31,44.44166666666667,43.37991447453673,72.9,28.458333333333336,29.520085525463273
2018-04-01,44.141666666666666,42.31009459634573,73.7,29.558333333333337,31.389905403654275
2018-04-02,39.11666666666667,36.245393287546975,73.8,34.68333333333333,37.55460671245302
2018-04-03,41.55833333333333,38.467824284048206,74.6,33.041666666666664,36.13217571595179
2018-04-04,43.09166666666667,41.983270701049634,73,29.90833333333333,31.016729298950366
2018-04-05,37.983333333333334,35.90171050926526,74.7,36.71666666666667,38.798289490734746
2018-04-06,42.141666666666666,39.250252688868734,74.7,32.55833333333334,35.44974731113127
2018-04-07,37.88333333333333,36.76772061682001,75.4,37.51666666666667,38.63227938318
2018-04-08,36.041666666666664,34.361967085655046,75,38.958333333333336,40.638032914344954
2018-04-09,38.858333333333334,36.52145911623688,76.6,37.74166666666666,40.07854088376311
2018-04-10,41.65,39.21525204094855,76.8,35.15,37.58474795905145
2018-04-11,44.425,42.527484773875855,76.6,32.175,34.07251522612414
2018-04-12,52.925,51.49792665543605,73.9,20.97500000000001,22.402073344563952
2018-04-13,59.25833333333333,58.123713878450175,76.6,17.34166666666666,18.47628612154982
2018-04-14,54.425,52.57508099002203,77.4,22.97500000000001,24.824919009977975
2018-04-15,42.50833333333333,39.758416483089285,77.7,35.19166666666667,37.94158351691072
2018-04-16,43.983333333333334,42.37982376571206,68.2,24.21666666666667,25.820176234287942
2018-04-17,41.86666666666667,40.177556045095244,68.2,26.333333333333336,28.02244395490476
2018-04-18,43.65833333333333,41.12859919657898,69.6,25.941666666666663,28.471400803421012
2018-04-19,43.3,41.606258908902426,72,28.700000000000003,30.393741091097574
2018-04-20,43.49166666666667,42.06972916936634,72.4,28.90833333333334,30.330270830633665
2018-04-21,47.525,45.79593106129325,76.1,28.574999999999996,30.30406893870674
2018-04-22,51.24166666666667,49.53418426849812,77.2,25.958333333333336,27.66581573150188
2018-04-23,52.93333333333333,50.9082933782558,76.7,23.766666666666673,25.791706621744204
2018-04-24,53.61666666666667,52.22823636128029,75.4,21.78333333333334,23.171763638719717
2018-04-25,53.166666666666664,51.34872359725282,72.5,19.333333333333336,21.15127640274718
2018-04-26,54.266666666666666,53.90025916807049,72.1,17.83333333333333,18.199740831929503
2018-04-27,52.71666666666667,50.855513800699754,74,21.28333333333333,23.144486199300246
2018-04-28,52.88333333333333,51.37813917325385,72.8,19.916666666666664,21.421860826746148
2018-04-29,49.975,48.348982765323306,73.8,23.824999999999996,25.45101723467669
2018-04-30,52.391666666666666,50.24312556693015,77.1,24.70833333333333,26.85687443306984
2018-05-01,60.641666666666666,59.96144874951406,76.7,16.058333333333337,16.73855125048594
2018-05-02,67.69166666666666,68.45345341453934,76.9,9.208333333333343,8.446546585460666
2018-05-03,69.48333333333333,69.64922897499028,78.2,8.716666666666669,8.550771025009723
2018-05-04,69.63333333333333,69.72117403135934,78.6,8.966666666666669,8.878825968640655
2018-05-05,64.90833333333333,64.57781521316574,77.2,12.291666666666671,12.622184786834268
2018-05-06,60.61666666666667,59.23761824543217,76.9,16.28333333333334,17.66238175456784
2018-05-07,61.05833333333333,59.5320720487236,78,16.94166666666667,18.4679279512764
2018-05-08,62.45,61.265452896203186,81.3,18.849999999999994,20.03454710379681
2018-05-09,63.28333333333333,62.22440067383698,79.8,16.516666666666666,17.575599326163015
2018-05-10,62.416666666666664,61.019074769988336,78.1,15.68333333333333,17.08092523001166
2018-05-11,59.858333333333334,58.37848905014902,79.4,19.54166666666667,21.021510949850985
2018-05-12,57.88333333333333,54.47965530646624,79.2,21.31666666666667,24.72034469353376
2018-05-13,57.61666666666667,54.77531424128547,73.3,15.68333333333333,18.524685758714526
2018-05-14,63.108333333333334,61.198082156278346,74.2,11.091666666666669,13.001917843721657
2018-05-15,67.875,66.76007515874045,74.9,7.025000000000006,8.139924841259557
2018-05-16,63.15833333333333,60.89266554360503,74.6,11.441666666666663,13.707334456394968
2018-05-17,64.73333333333333,62.64055980303227,74,9.266666666666666,11.359440196967732
2018-05-18,62.858333333333334,60.383296617856686,75.9,13.041666666666671,15.51670338214332
2018-05-19,59.69166666666666,57.263936762990795,74.3,14.608333333333334,17.036063237009202
2018-05-20,65.63333333333334,63.899183620577944,73.7,8.066666666666663,9.80081637942206
2018-05-21,63.80833333333334,62.803783853829216,74.5,10.691666666666663,11.696216146170784
2018-05-22,62.81666666666666,61.06124141505766,75.9,13.083333333333343,14.838758584942347
2018-05-23,66.96666666666667,65.72735518984061,76,9.033333333333331,10.272644810159392
2018-05-24,68.58333333333333,67.5731242710898,76,7.416666666666671,8.426875728910204
2018-05-25,72.04166666666667,71.98137877413504,74.9,2.8583333333333343,2.9186212258649675
2018-05-26,74.38333333333334,74.46655436050278,71.7,-2.683333333333337,-2.7665543605027807
2018-05-27,69.75,67.93060774912531,76.2,6.450000000000003,8.269392250874688
2018-05-28,68.88333333333333,67.10207334456395,77.6,8.716666666666669,10.497926655436046
2018-05-29,73.71666666666667,72.98429441492809,77.4,3.683333333333337,4.415705585071919
2018-05-30,70.69166666666666,69.38805235195024,76.3,5.608333333333334,6.911947648049761
2018-05-31,70.50833333333334,69.38191006867953,76.4,5.891666666666666,7.018089931320475
2018-06-01,71.35833333333333,69.79602177011792,76.9,5.541666666666671,7.103978229882088
2018-06-02,70.525,69.56725411429312,77.9,7.375,8.332745885706885
2018-06-03,64.30833333333334,62.53861604250356,79.3,14.99166666666666,16.761383957496435
2018-06-04,62.983333333333334,61.14911234935856,80.4,17.41666666666667,19.250887650641445
2018-06-05,64.53333333333333,62.59193987300765,80.9,16.366666666666674,18.30806012699236
2018-06-06,63.43333333333334,61.86533627057146,79.9,16.46666666666667,18.034663729428544
2018-06-07,66.20833333333333,64.39358559025528,77.9,11.691666666666677,13.506414409744721
2018-06-08,69.05833333333334,67.0007386290009,77.3,8.24166666666666,10.29926137099909
2018-06-09,70.01666666666667,68.61955423091875,77.2,7.183333333333337,8.580445769081251
2018-06-10,67.45833333333333,65.53777374627445,78,10.541666666666671,12.462226253725547
2018-06-11,65.45833333333333,63.62913049112349,77.7,12.241666666666674,14.070869508876513
2018-06-12,67.78333333333333,66.38538292082416,78.7,10.916666666666671,12.314617079175846
2018-06-13,70.675,69.2596864066347,79.1,8.424999999999997,9.840313593365295
2018-06-14,72.39166666666667,71.47304652066866,79.2,6.808333333333337,7.726953479331343
2018-06-15,70.13333333333333,68.43458597900738,80,9.866666666666674,11.56541402099262
2018-06-16,72.65,72.16569910587016,79.5,6.849999999999994,7.334300894129839
2018-06-17,76.3,76.2281845276662,80.6,4.299999999999997,4.371815472333793
2018-06-18,77.48333333333333,78.02796423480628,80,2.5166666666666657,1.9720357651937235
2018-06-19,74.00833333333334,74.25231307502915,80.8,6.791666666666657,6.547686924970847
2018-06-20,70.8,70.44867176363873,80.6,9.799999999999997,10.151328236361266
2018-06-21,71.04166666666667,70.15662822340289,82.3,11.258333333333326,12.143371776597107
2018-06-22,68.39166666666667,66.92894907347414,82.2,13.808333333333337,15.27105092652586
2018-06-23,68.14166666666667,66.43288842814565,79.8,11.658333333333331,13.367111571854352
2018-06-24,71.4,70.5604250356356,78.4,7,7.839574964364402
2018-06-25,70.075,69.13075029156408,79.2,9.125,10.069249708435919
2018-06-26,69.125,68.4424646883504,80.6,11.474999999999994,12.157535311649596
2018-06-27,70.13333333333333,69.10396527147856,79.7,9.566666666666677,10.596034728521445
2018-06-28,73.98333333333333,73.23973046520669,80.5,6.516666666666666,7.260269534793309
2018-06-29,77.8,77.61709213424906,80.3,2.5,2.682907865750934
2018-06-30,79.59166666666667,79.90349876895168,80,0.40833333333333144,0.09650123104832176
2018-07-01,79.80833333333334,80.35932357133602,80.5,0.6916666666666629,0.1406764286639799
2018-07-02,79.30833333333334,79.01140339510172,79.4,0.09166666666666856,0.3885966048982823
2018-07-03,79.1,78.77265776856291,78.7,-0.3999999999999915,-0.07265776856290529
2018-07-04,78.275,78.28505896073604,78.5,0.22499999999999432,0.21494103926396235
2018-07-05,79.075,79.12087598807827,79.2,0.125,0.0791240119217349
2018-07-06,76.025,74.56295192432293,79.3,3.2749999999999915,4.737048075677066
2018-07-07,71.05833333333334,69.11895814435661,79.5,8.441666666666663,10.381041855643389
2018-07-08,72.69166666666666,71.38270053129455,80.2,7.50833333333334,8.817299468705457
2018-07-09,75.73333333333333,75.29613839574965,81.6,5.86666666666666,6.3038616042503435
2018-07-10,78.09166666666667,78.07782817156927,78.9,0.8083333333333371,0.82217182843074
2018-07-11,76.03333333333333,74.79757677854089,79.1,3.066666666666663,4.302423221459108
2018-07-12,75.08333333333333,73.94565245561746,79.9,4.816666666666677,5.954347544382543
2018-07-13,75.65,75.17243747570299,79.7,4.049999999999997,4.527562524297011
2018-07-14,77.01666666666667,76.1936503822729,80.1,3.0833333333333286,3.9063496177270878
2018-07-15,77.475,76.47765971232344,80.7,3.2250000000000085,4.222340287676559
2018-07-16,78.6,78.29021640533885,82,3.4000000000000057,3.709783594661147
2018-07-17,76.19166666666666,75.62537255410133,81.7,5.50833333333334,6.07462744589867
2018-07-18,73.90833333333333,72.69651418945186,82,8.091666666666669,9.303485810548139
2018-07-19,73.26666666666667,72.10572761435792,83.4,10.13333333333334,11.294272385642088
2018-07-20,73.38333333333333,72.2185305170403,82.8,9.416666666666671,10.58146948295969
2018-07-21,70.875,69.60835817027342,83.1,12.224999999999994,13.491641829726575
2018-07-22,72.76666666666667,71.79924841259556,83.7,10.933333333333337,11.900751587404443
2018-07-23,75.125,73.92721264740184,81.1,5.974999999999994,7.172787352598149
2018-07-24,76,75.15515096540106,80.8,4.799999999999997,5.644849034598934
2018-07-25,75.18333333333334,74.31698846702086,82.2,7.016666666666666,7.88301153297914
2018-07-26,75.05833333333334,74.33072437475703,82.7,7.641666666666666,8.369275625242977
2018-07-27,74.55,73.84023584294414,80.9,6.3500000000000085,7.0597641570558665
2018-07-28,73.75,73.08040689387067,80.6,6.849999999999994,7.519593106129321
2018-07-29,73.5,72.39796553064662,79.2,5.700000000000003,6.802034469353387
2018-07-30,72.90833333333333,71.66122845665413,78.4,5.491666666666674,6.738771543345877
2018-07-31,73.125,72.14611895814436,79.5,6.375,7.353881041855644
2018-08-01,74.30833333333334,73.79683814953998,80.5,6.191666666666663,6.70316185046002
2018-08-02,75.10833333333333,75.42865103019308,80.6,5.49166666666666,5.171348969806914
2018-08-03,75.91666666666667,75.45042114811456,80.6,4.683333333333323,5.149578851885437
2018-08-04,76.39166666666667,76.17322793831799,79.7,3.308333333333337,3.52677206168201
2018-08-05,78.925,79.03001166256317,80.1,1.1749999999999972,1.0699883374368255
2018-08-06,79.13333333333334,79.03154075417909,80.8,1.6666666666666572,1.7684592458209067
2018-08-07,77.95,77.73409355967345,80.4,2.450000000000003,2.6659064403265518
2018-08-08,77.36666666666666,76.68657509394842,80.1,2.7333333333333343,3.4134249060515742
2018-08-09,77.78333333333333,77.32968770247506,81.3,3.5166666666666657,3.9703122975249414
2018-08-10,76.23333333333333,75.75342749773228,81,4.766666666666666,5.246572502267725
2018-08-11,73.95,73.09975379033304,80.6,6.6499999999999915,7.500246209666955
2018-08-12,73.59166666666667,73.07162109628094,79,5.408333333333331,5.928378903719064
2018-08-13,73.5,72.61932097965531,80.3,6.799999999999997,7.680679020344684
2018-08-14,74.24166666666666,73.78483866787612,79.7,5.458333333333343,5.915161332123887
2018-08-15,76.175,75.42236620448361,80.6,4.424999999999997,5.177633795516385
2018-08-16,77.09166666666667,76.90463910846184,80.6,3.5083333333333258,3.695360891538158
2018-08-17,76.89166666666667,76.03840870804717,79.7,2.808333333333337,3.6615912919528313
2018-08-18,75.7,74.77224309965013,78.6,2.8999999999999915,3.8277569003498684
2018-08-19,72.45,70.91985227419981,78,5.549999999999997,7.080147725800188
2018-08-20,71.45,70.08188415187249,78.5,7.049999999999997,8.418115848127513
2018-08-21,71.53333333333333,70.16218737851496,80.8,9.266666666666666,10.63781262148504
2018-08-22,72.54166666666667,71.56905533238306,81.1,8.558333333333323,9.530944667616936
2018-08-23,70.40833333333333,69.02888428145653,80.8,10.391666666666666,11.77111571854347
2018-08-24,70.85,69.58248023843463,79.9,9.050000000000011,10.317519761565379
2018-08-25,71.88333333333334,71.16496047686925,78.2,6.316666666666663,7.035039523130749
2018-08-26,74.70833333333333,74.12145911623689,78.6,3.8916666666666657,4.4785408837631024
2018-08-27,78.35833333333333,78.59012569651419,79.7,1.3416666666666686,1.1098743034858103
2018-08-28,79.14166666666667,80.06161720875988,78.8,-0.34166666666666856,-1.261617208759887
2018-08-29,78.225,78.79166774653363,78.9,0.6750000000000114,0.10833225346637221
2018-08-30,75.20833333333333,74.95023973046521,78.9,3.691666666666677,3.949760269534792
2018-08-31,72.475,71.19638460541661,78.4,5.925000000000011,7.2036153945833945
2018-09-01,72.89166666666667,71.7214202410263,79.3,6.408333333333331,7.578579758973703
2018-09-02,74.66666666666667,74.20456135804069,77.9,3.2333333333333343,3.6954386419593135
2018-09-03,76.71666666666667,77.2888168977582,75.5,-1.2166666666666686,-1.7888168977581955
2018-09-04,77.74166666666666,78.47873525981598,80.2,2.458333333333343,1.7212647401840258
2018-09-05,77.25,77.71702734223145,80.6,3.3499999999999943,2.8829726577685477
2018-09-06,74.90833333333333,74.89308021251782,78.9,3.9916666666666742,4.00691978748219
2018-09-07,70.08333333333333,69.28013476739666,77.2,7.116666666666674,7.9198652326033425
2018-09-08,65.875,64.8176363871971,77.8,11.924999999999997,12.9823636128029
2018-09-09,61.358333333333334,60.196267979784885,79.2,17.84166666666667,19.003732020215118
2018-09-10,62.891666666666666,61.497213943242194,79.8,16.90833333333333,18.302786056757803
2018-09-11,67.85833333333333,67.23567448490346,80.4,12.541666666666671,13.16432551509655
2018-09-12,70.09166666666667,69.55972528184527,80.3,10.208333333333329,10.740274718154723
2018-09-13,70.925,69.72024102630556,80.3,9.375,10.579758973694439
2018-09-14,71.73333333333333,70.59258779318388,79.2,7.466666666666669,8.607412206816122
2018-09-15,72.21666666666667,70.78289490734741,80.7,8.483333333333334,9.91710509265259
2018-09-16,73.20833333333333,72.57206168200078,82.6,9.391666666666666,10.027938317999215
2018-09-17,72.18333333333334,72.07489957237269,81.8,9.61666666666666,9.72510042762731
2018-09-18,72.00833333333333,71.53550602565764,81.3,9.291666666666671,9.764493974342358
2018-09-19,70.18333333333334,69.36277050667358,81.1,10.916666666666657,11.73722949332641
2018-09-20,68.4,68.0566930154205,81.4,13,13.343306984579499
2018-09-21,69.26666666666667,68.6628871323053,79.2,9.933333333333337,10.537112867694702
2018-09-22,64.66666666666667,63.95452896203187,78.9,14.233333333333334,14.945471037968133
2018-09-23,61.09166666666667,59.98305040818971,78.8,17.70833333333333,18.816949591810285
2018-09-24,62.325,61.53100945963458,78.9,16.575000000000003,17.368990540365424
2018-09-25,65.225,64.65312945445122,79,13.775000000000006,14.346870545548782
2018-09-26,68.2,67.92949332642219,79.8,11.599999999999994,11.870506673577808
2018-09-27,61.858333333333334,61.459686406634695,80,18.141666666666666,18.540313593365305
2018-09-28,60,58.97743941946352,79.8,19.799999999999997,20.822560580536475
2018-09-29,59.53333333333333,58.47815213165738,80.5,20.96666666666667,22.02184786834262
2018-09-30,60.458333333333336,59.413178696384605,80.8,20.34166666666666,21.386821303615392
2018-10-01,64.75,63.961941168848,80.6,15.849999999999994,16.638058831151994
2018-10-02,66.30833333333334,65.41880264351431,79.8,13.49166666666666,14.381197356485686
2018-10-03,68.1,67.57351302319555,79.3,11.200000000000003,11.726486976804452
2018-10-04,65.44166666666666,64.52239212129065,78.9,13.458333333333343,14.377607878709355
2018-10-05,60.775,59.96919787482183,79.8,19.025,19.830802125178167
2018-10-06,64.30833333333334,63.28897239860049,78.7,14.391666666666666,15.41102760139951
2018-10-07,66.71666666666667,66.09778411299727,78.8,12.083333333333329,12.702215887002723
2018-10-08,66.54166666666667,65.90103667228198,78.2,11.658333333333331,12.298963327718027
2018-10-09,68.88333333333333,69.61689775819619,80.7,11.816666666666677,11.083102241803815
2018-10-10,68.375,69.45490475573409,80.1,11.724999999999994,10.645095244265903
2018-10-11,62.958333333333336,62.82500971880264,79.9,16.94166666666667,17.074990281197366
2018-10-12,54.15,52.828923156667095,79.3,25.15,26.471076843332902
2018-10-13,50.31666666666666,48.310250097188025,76.9,26.583333333333343,28.58974990281198
2018-10-14,51.275,49.832499676039916,79.3,28.025,29.46750032396008
2018-10-15,53.31666666666667,52.55832577426461,80.7,27.383333333333333,28.141674225735393
2018-10-16,50.18333333333333,49.400790462615,81.4,31.216666666666676,31.999209537385006
2018-10-17,50.03333333333333,48.952999870415965,80.7,30.66666666666667,31.747000129584038
2018-10-18,46.75833333333333,44.57119346896463,80,33.24166666666667,35.42880653103537
2018-10-19,51.40833333333333,49.361928210444475,79.5,28.09166666666667,30.138071789555525
2018-10-20,53.63333333333333,52.2918102889724,77.1,23.46666666666666,24.808189711027595
2018-10-21,45.31666666666667,43.250835817027344,78.3,32.98333333333333,35.04916418297265
2018-10-22,46.641666666666666,45.16229104574317,77.4,30.75833333333334,32.23770895425684
2018-10-23,50.425,49.00370610340806,76.3,25.875,27.29629389659194
2018-10-24,46.85,45.36142283270701,76.8,29.949999999999996,31.43857716729299
2018-10-25,45.93333333333334,43.894920305818324,76,30.066666666666663,32.105079694181676
2018-10-26,46.199999999999996,44.20164571724763,78.8,32.6,34.59835428275237
2018-10-27,49.05,47.28175456783724,77.2,28.150000000000006,29.918245432162763
2018-10-28,50.166666666666664,48.47033821433199,69.7,19.53333333333334,21.229661785668014
2018-10-29,50.375,48.66523260334327,68.7,18.325000000000003,20.034767396656733
2018-10-30,50.15833333333333,48.41363224050797,71.6,21.441666666666663,23.186367759492022
2018-10-31,52.93333333333333,51.20132175715951,74,21.06666666666667,22.798678242840488
2018-11-01,54.80833333333333,54.627108980173645,74.8,19.991666666666667,20.172891019826352
2018-11-02,56.63333333333333,56.65765193728133,76.1,19.46666666666666,19.442348062718665
2018-11-03,51.625,50.92450434106517,71.9,20.275000000000006,20.975495658934832
2018-11-04,47.975,46.90156796682649,76.2,28.225,29.298432033173512
2018-11-05,50.725,49.0092911753272,76.8,26.074999999999996,27.790708824672798
2018-11-06,53.25,51.93903071141635,75.6,22.349999999999994,23.660969288583644
2018-11-07,50.50833333333333,49.403200725670594,75,24.491666666666667,25.596799274329406
2018-11-08,44.733333333333334,43.44811455228716,75.5,30.766666666666666,32.05188544771284
2018-11-09,41.5,40.30541661267332,76.1,34.599999999999994,35.794583387326675
2018-11-10,37.6,36.85956978100298,76.4,38.800000000000004,39.540430218997024
2018-11-11,36.78333333333333,35.70961513541531,77.1,40.31666666666666,41.39038486458468
2018-11-12,38.041666666666664,36.98958144356615,77.4,39.35833333333334,40.410418556433854
2018-11-13,38.3,37.90725670597382,76.9,38.60000000000001,38.992743294026184
2018-11-14,34.65,32.92550213813658,77.2,42.550000000000004,44.27449786186342
2018-11-15,34.666666666666664,32.29222495788519,72.7,38.03333333333334,40.407775042114814
2018-11-16,39,37.58465725022677,64.2,25.200000000000003,26.615342749773234
2018-11-17,39.31666666666667,37.58100298043281,65.8,26.483333333333327,28.21899701956719
2018-11-18,37.516666666666666,35.75338862252171,73.4,35.88333333333334,37.646611377478294
2018-11-19,39.858333333333334,38.27810029804328,74.7,34.84166666666667,36.421899701956725
2018-11-20,38.45,37.0659323571336,73.7,35.25,36.634067642866405
2018-11-21,36.38333333333333,34.72858623817546,72,35.61666666666667,37.27141376182454
2018-11-22,29.141666666666666,25.9948036801866,69.5,40.358333333333334,43.5051963198134
2018-11-23,33.55,30.691602954516004,70.3,36.75,39.608397045484
2018-11-24,41.05,39.32354541920435,73.4,32.35000000000001,34.076454580795655
2018-11-25,43.958333333333336,42.75555267591033,73.1,29.14166666666666,30.344447324089664
2018-11-26,39.9,39.20225476221329,73.8,33.9,34.597745237786704
2018-11-27,35.65,34.38314111701438,66.3,30.65,31.916858882985615
2018-11-28,34.38333333333333,32.08521446157833,55.4,21.016666666666666,23.314785538421667
2018-11-29,37.50833333333333,36.09146041207723,55.7,18.19166666666667,19.60853958792277
2018-11-30,38.30833333333333,35.92323441751976,66.6,28.291666666666664,30.676765582480236
2018-12-01,39.30833333333334,37.84355319424647,73.7,34.391666666666666,35.856446805753535
2018-12-02,47.11666666666667,46.385577296877024,76.5,29.383333333333333,30.114422703122976
2018-12-03,43.825,43.67581961902294,76.4,32.575,32.72418038097707
2018-12-04,34.68333333333333,33.46474018400933,73.9,39.216666666666676,40.435259815990676
2018-12-05,31.225,29.514837372035764,64.2,32.975,34.68516262796424
2018-12-06,33.016666666666666,31.311494103926396,60.3,27.28333333333333,28.9885058960736
2018-12-07,31.041666666666668,29.273759232862513,66.7,35.65833333333333,37.426240767137486
2018-12-08,28.591666666666665,26.56576389788778,70.3,41.70833333333333,43.73423610211222
2018-12-09,29.616666666666667,27.74933264221848,72.5,42.88333333333333,44.75066735778152
2018-12-10,30.933333333333334,29.4258260982247,67.1,36.16666666666666,37.67417390177529
2018-12-11,31.325,29.919035894777764,57.1,25.775000000000002,27.180964105222237
2018-12-12,35.208333333333336,33.288985357004016,58.7,23.491666666666667,25.411014642995987
2018-12-13,36.75833333333333,34.51013347155631,68.8,32.041666666666664,34.28986652844369
2018-12-14,40.40833333333333,39.57243747570299,74.3,33.891666666666666,34.72756252429701
2018-12-15,43.38333333333333,42.50682907865751,70.5,27.116666666666667,27.99317092134249
2018-12-16,40.1,38.774795905144494,68.6,28.499999999999993,29.8252040948555
2018-12-17,38.80833333333334,37.45184657250227,60.8,21.99166666666666,23.348153427497728
2018-12-18,34.50833333333333,32.25119865232603,60,25.491666666666667,27.748801347673968
2018-12-19,36.31666666666667,34.249527018271344,65.4,29.083333333333336,31.15047298172866
2018-12-20,40.291666666666664,39.21389140857847,70.6,30.30833333333333,31.386108591421525
2018-12-21,47.81666666666667,47.58430737333161,66.4,18.583333333333336,18.815692626668394
2018-12-22,40.90833333333333,40.173629648827266,61.8,20.891666666666666,21.62637035117273
2018-12-23,36.88333333333333,35.389361150706236,56.6,19.71666666666667,21.210638849293765
2018-12-24,35.541666666666664,33.910159388363354,60.2,24.65833333333334,26.28984061163665
2018-12-25,35.541666666666664,33.77549565893482,64.6,29.05833333333333,30.824504341065172
2018-12-26,36.43333333333334,34.2013606323701,69.1,32.66666666666666,34.8986393676299
2018-12-27,38.78333333333333,37.252688868731376,73.2,34.41666666666667,35.94731113126863
2018-12-28,44.24166666666667,44.03647790592199,74.5,30.258333333333333,30.46352209407801
2018-12-29,38.90833333333333,39.641168847997925,74.3,35.391666666666666,34.65883115200207
2018-12-30,33.9,32.247142672022804,73.1,39.199999999999996,40.85285732797719
2018-12-31,38.041666666666664,36.68102889723986,71.9,33.85833333333334,35.21897110276014
2019-01-01,40.225,40.62230141246598,72.8,32.574999999999996,32.17769858753402
2019-01-02,33.375,32.245600622003366,73.9,40.525000000000006,41.65439937799664
2019-01-03,36.791666666666664,35.779357263185176,73.2,36.40833333333334,37.42064273681483
2019-01-04,37.958333333333336,36.793728132694056,73.5,35.541666666666664,36.706271867305944
2019-01-05,41.050000000000004,40.01525204094855,69.1,28.04999999999999,29.08474795905144
2019-01-06,39.375,37.93649086432552,62.1,22.725,24.16350913567448
2019-01-07,36.55833333333333,34.00361539458339,66.9,30.341666666666676,32.896384605416614
2019-01-08,41.175,38.874407153038746,68.2,27.025000000000006,29.325592846961257
2019-01-09,34.96666666666667,33.55025268886873,66.9,31.933333333333337,33.349747311131274
2019-01-10,29.916666666666668,28.088778022547622,56.8,26.88333333333333,28.711221977452375
2019-01-11,29.15,26.429467409615135,59,29.85,32.570532590384865
2019-01-12,29.916666666666668,27.351587404431772,69.1,39.18333333333332,41.748412595568226
2019-01-13,29.55,27.622690164571722,68.5,38.95,40.87730983542828
2019-01-14,28.541666666666668,26.658831152002076,64.5,35.95833333333333,37.84116884799792
2019-01-15,30.158333333333335,28.501503174808864,57.4,27.241666666666664,28.898496825191135
2019-01-16,32.525,31.262407671374888,56.3,23.775,25.03759232862511
2019-01-17,31.441666666666666,28.94854217960347,59.6,28.158333333333335,30.65145782039653
2019-01-18,33.30833333333333,31.72953220163276,62.5,29.19166666666667,30.77046779836724
2019-01-19,30.666666666666668,29.420370610340807,65.4,34.733333333333334,35.979629389659195
2019-01-20,25.383333333333333,24.049876895166516,65.6,40.21666666666666,41.550123104833474
2019-01-21,13.008333333333333,8.878489050149023,54.5,41.49166666666667,45.62151094985098
2019-01-22,23.09166666666667,19.881871193468964,64.5,41.40833333333333,44.61812880653103
2019-01-23,34.50833333333333,32.81890631074252,71.2,36.69166666666667,38.38109368925748
2019-01-24,37.6,37.09335233899184,68.8,31.199999999999996,31.706647661008155
2019-01-25,25.275,22.705662822340287,61.7,36.425000000000004,38.994337177659716
2019-01-26,24.441666666666666,21.077309835428277,56.4,31.958333333333332,35.322690164571725
2019-01-27,28.916666666666668,26.42094078009589,59.4,30.48333333333333,32.97905921990411
2019-01-28,28.349999999999998,26.312349358559025,52.6,24.250000000000004,26.287650641440976
2019-01-29,24.349999999999998,22.34517299468705,54.1,29.750000000000004,31.75482700531295
2019-01-30,14.533333333333333,11.60141246598419,62.7,48.16666666666667,51.09858753401581
2019-01-31,9.541666666666666,4.899624206297784,62.1,52.55833333333334,57.200375793702214
2019-02-01,18.158333333333335,14.680471685888298,67.4,49.241666666666674,52.719528314111706
2019-02-02,29.125,26.65586367759492,69.3,40.175,42.644136322405075
2019-02-03,40.833333333333336,39.31005572113516,66.7,25.866666666666667,27.389944278864846
2019-02-04,43.75,42.90605157444603,67.5,23.75,24.593948425553968
2019-02-05,42.4,41.29315796293896,66.1,23.699999999999996,24.80684203706103
2019-02-06,38.541666666666664,36.39571076843333,67.2,28.65833333333334,30.80428923156667
2019-02-07,39.81666666666667,38.43844758325774,67.7,27.883333333333333,29.261552416742262
2019-02-08,31.166666666666668,30.84338473500065,68.2,37.03333333333333,37.35661526499935
2019-02-09,23.516666666666666,22.58634184268498,70.6,47.08333333333333,48.013658157315014
2019-02-10,27.925,26.86322405079694,70.7,42.775000000000006,43.83677594920306
2019-02-11,32.483333333333334,30.97079175845536,72.6,40.11666666666666,41.62920824154463
2019-02-12,33.125,30.955565634313853,73.5,40.375,42.54443436568614
2019-02-13,33.266666666666666,32.018737851496695,65.1,31.83333333333333,33.0812621485033
2019-02-14,36.291666666666664,35.032396008811716,62.6,26.308333333333337,27.567603991188285
2019-02-15,39.608333333333334,37.77699883374369,65.7,26.09166666666667,27.923001166256313
2019-02-16,31.883333333333333,31.09090320072567,69.4,37.51666666666667,38.309096799274336
2019-02-17,30.224999999999998,28.600116625631724,72.2,41.97500000000001,43.599883374368275
2019-02-18,30.858333333333334,29.868446287417388,75.9,45.04166666666667,46.03155371258262
2019-02-19,25.875,24.716794090967994,75.4,49.525000000000006,50.68320590903201
2019-02-20,30.083333333333332,28.676169495918103,75.1,45.016666666666666,46.42383050408189
2019-02-21,36.49166666666667,35.69336529739536,74.5,38.00833333333333,38.80663470260464
2019-02-22,35.541666666666664,34.45430866917196,75,39.458333333333336,40.54569133082804
2019-02-23,36.983333333333334,35.142257353893996,75.9,38.91666666666667,40.75774264610601
2019-02-24,39.44166666666666,38.587987559932614,75.7,36.25833333333334,37.11201244006739
2019-02-25,30.475,28.955228715822212,74.7,44.225,45.74477128417779
2019-02-26,28.591666666666665,26.08586238175457,73.3,44.70833333333333,47.21413761824543
2019-02-27,29.216666666666665,26.291253077620837,72.3,43.08333333333333,46.00874692237916
2019-02-28,28.875,26.7217312427109,70.7,41.825,43.9782687572891
2019-03-01,31.066666666666666,29.62586497343527,70.5,39.43333333333334,40.87413502656473
2019-03-02,33.916666666666664,32.59425942723856,72.2,38.28333333333334,39.60574057276144
2019-03-03,30.341666666666665,29.42274199818582,72,41.65833333333333,42.57725800181418
2019-03-04,25.45,24.468511079435014,74.6,49.14999999999999,50.131488920564976
2019-03-05,21.1,18.924983801995594,70.3,49.199999999999996,51.3750161980044
2019-03-06,21.90833333333333,19.78984061163665,58.5,36.59166666666667,38.71015938836335
2019-03-07,25.666666666666668,22.308086043799403,61.9,36.233333333333334,39.5919139562006
2019-03-08,31.333333333333332,28.300945963457302,68.2,36.866666666666674,39.8990540365427
2019-03-09,37.275,34.913360114033956,72.3,35.025,37.38663988596604
2019-03-10,41.55,39.1246209666969,75.1,33.55,35.97537903330309
2019-03-11,40.4,38.91000388752106,75.6,35.199999999999996,36.68999611247894
2019-03-12,38.55,36.338680834521185,75.7,37.150000000000006,39.36131916547882
2019-03-13,42.2,40.4299727873526,76.3,34.099999999999994,35.8700272126474
2019-03-14,49.108333333333334,47.672450434106516,75.3,26.191666666666663,27.62754956589348
2019-03-15,50.30833333333334,50.301088505896075,73.7,23.391666666666666,23.398911494103928
2019-03-16,40.766666666666666,40.18429441492808,75.7,34.93333333333334,35.51570558507192
2019-03-17,36.833333333333336,34.990345989374106,73.6,36.76666666666666,38.60965401062589
2019-03-18,37.49166666666667,35.3691849164183,69.8,32.30833333333333,34.4308150835817
2019-03-19,39.325,37.496255021381366,64.2,24.875,26.703744978618637
2019-03-20,41.65,40.07820396527148,66.5,24.85,26.421796034728523
2019-03-21,42.8,41.40382272903978,65.5,22.700000000000003,24.09617727096022
2019-03-22,42.041666666666664,40.5266683944538,64.8,22.758333333333333,24.273331605546197
2019-03-23,40.66666666666667,38.73132046131917,62.8,22.133333333333326,24.068679538680826
2019-03-24,46.03333333333333,43.94890501490217,69.3,23.266666666666666,25.35109498509783
2019-03-25,44.233333333333334,42.25311649604769,70.5,26.266666666666666,28.24688350395231
2019-03-26,39.166666666666664,36.798406116366465,70.4,31.23333333333334,33.60159388363354
2019-03-27,41.516666666666666,38.96034728521446,69.3,27.78333333333333,30.339652714785537
2019-03-28,45.891666666666666,44.189659193987296,68.1,22.20833333333333,23.910340806012698
2019-03-29,49.208333333333336,47.648840222884544,69.2,19.991666666666667,21.55115977711546
2019-03-30,50.45,49.31824543216276,70.9,20.450000000000003,21.581754567837244
2019-03-31,44.31666666666667,43.96356096928858,71.7,27.383333333333333,27.736439030711423
2019-04-01,39.083333333333336,37.584981210314886,71.5,32.416666666666664,33.915018789685114
2019-04-02,42.15833333333333,40.88505896073604,71.8,29.641666666666666,30.914941039263958
2019-04-03,47.733333333333334,46.98571983931579,73.4,25.66666666666667,26.414280160684214
2019-04-04,47,44.88689905403655,72.4,25.400000000000006,27.51310094596346
2019-04-05,45.175,42.44626150058313,75,29.825000000000003,32.55373849941687
2019-04-06,52.6,51.16420888946482,76.7,24.1,25.535791110535186
2019-04-07,55.916666666666664,54.811260852662954,77.1,21.18333333333333,22.28873914733704
2019-04-08,59.708333333333336,58.29591810288972,77.3,17.59166666666666,19.004081897110275
2019-04-09,54.333333333333336,51.837851496695606,75,20.666666666666664,23.162148503304394
2019-04-10,48.475,45.49961124789426,74.4,25.925000000000004,28.900388752105748
2019-04-11,47.31666666666667,45.415018789685114,72.4,25.083333333333336,26.984981210314892
2019-04-12,52.71666666666667,51.25881819359855,75.2,22.483333333333334,23.941181806401453
2019-04-13,56.35,56.058857068809125,78.1,21.749999999999993,22.04114293119087
2019-04-14,53.125,52.58754697421277,78.6,25.474999999999994,26.012453025787224
2019-04-15,51.24166666666667,50.82630555915511,75.3,24.05833333333333,24.473694440844888
2019-04-16,52.208333333333336,51.34915122456913,72.9,20.69166666666667,21.55084877543088
2019-04-17,54.18333333333334,53.07755604509524,74.1,19.916666666666657,21.02244395490475
2019-04-18,56.84166666666667,54.888635480108846,76.6,19.758333333333326,21.71136451989115
2019-04-19,57.49166666666667,57.48385382920824,76.7,19.208333333333336,19.21614617079176
2019-04-20,56.95,57.000725670597376,71.6,14.649999999999991,14.599274329402618
2019-04-21,57.075,56.9195801477258,68,10.924999999999997,11.080419852274197
2019-04-22,56.5,56.384268498121024,70.2,13.700000000000003,13.815731501878979
2019-04-23,59.108333333333334,57.79282104444732,73,13.891666666666666,15.207178955552678
2019-04-24,57.766666666666666,56.68001814176493,72.7,14.933333333333337,16.01998185823507
2019-04-25,56.06666666666666,54.24186860178826,74.7,18.63333333333334,20.45813139821174
2019-04-26,54.94166666666667,53.67983672411559,77.1,22.158333333333324,23.420163275884406
2019-04-27,50.44166666666666,48.10581832318258,75.4,24.958333333333343,27.294181676817423
2019-04-28,49.041666666666664,46.15626538810419,77.2,28.15833333333334,31.043734611895815
2019-04-29,50.391666666666666,48.47930542957108,78.8,28.40833333333333,30.32069457042892
2019-04-30,53.141666666666666,50.676519372813274,80.3,27.15833333333333,29.623480627186723
2019-05-01,55.3,52.91578333549307,78.1,22.799999999999997,25.184216664506927
2019-05-02,57.80833333333333,55.17061034080601,77.2,19.391666666666673,22.029389659193995
2019-05-03,55.458333333333336,52.84281456524556,78.6,23.14166666666666,25.757185434754433
2019-05-04,57.666666666666664,55.649216016586756,79,21.333333333333336,23.350783983413244
2019-05-05,56.36666666666667,54.91596475314241,80.5,24.133333333333333,25.58403524685759
2019-05-06,57.93333333333334,56.261059997408324,79.5,21.566666666666663,23.238940002591676
2019-05-07,58,56.09799144745367,78.2,20.200000000000003,22.10200855254633
2019-05-08,57.541666666666664,56.675327199689,78,20.458333333333336,21.324672800311
2019-05-09,57.416666666666664,55.8383179992225,77.6,20.18333333333333,21.761682000777498
2019-05-10,57.93333333333333,57.20202151094985,77.4,19.466666666666676,20.197978489050158
2019-05-11,55.891666666666666,55.057302060386164,78.8,22.90833333333333,23.742697939613834
2019-05-12,50.65,48.36912012440067,79.6,28.949999999999996,31.23087987559932
2019-05-13,50.208333333333336,48.18947777633796,79.8,29.59166666666666,31.610522223662038
2019-05-14,52.541666666666664,50.29222495788519,79.8,27.258333333333333,29.507775042114808
2019-05-15,57.59166666666667,56.04211481145523,77.5,19.90833333333333,21.457885188544772
2019-05-16,61.53333333333333,60.60351172735519,77.3,15.766666666666666,16.696488272644807
2019-05-17,62.63333333333333,60.91030193080212,78.3,15.666666666666664,17.389698069197877
2019-05-18,62.425,61.77535311649604,78.5,16.075000000000003,16.724646883503958
2019-05-19,64.7,64.55644680575352,80.6,15.899999999999991,16.04355319424647
2019-05-20,65.49166666666667,65.11496695607102,79.9,14.408333333333331,14.78503304392899
2019-05-21,57.96666666666667,56.87961643125567,80.6,22.633333333333326,23.720383568744325
2019-05-22,61.3,61.06839445380329,82.5,21.200000000000003,21.431605546196707
2019-05-23,64.88333333333334,64.25712064273682,83,18.11666666666666,18.742879357263178
2019-05-24,65.55833333333334,64.72355837760789,81.7,16.141666666666666,16.976441622392116
2019-05-25,65.55,64.8471945056369,81.8,16.25,16.95280549436309
2019-05-26,68.33333333333333,67.837268368537,82.3,13.966666666666669,14.462731631463
2019-05-27,66.325,66.02175715951795,82.5,16.174999999999997,16.478242840482054
2019-05-28,64.81666666666666,63.01290656991059,80.9,16.083333333333343,17.887093430089415
2019-05-29,65.3,62.8637294285344,80.3,15,17.4362705714656
2019-05-30,65.55833333333334,63.874186860178824,82.5,16.941666666666663,18.625813139821176
2019-05-31,68.625,68.00912271608138,82.5,13.875,14.490877283918621
2019-06-01,67.79166666666667,66.87311131268628,82.4,14.608333333333334,15.526888687313729
2019-06-02,65.54166666666667,64.23634832188675,83.5,17.95833333333333,19.26365167811325
2019-06-03,61.483333333333334,59.986860178825964,84,22.516666666666666,24.013139821174036
2019-06-04,63.46666666666667,62.20922638330957,84.3,20.83333333333333,22.090773616690427
2019-06-05,69.20833333333333,68.95642088894648,82.5,13.291666666666671,13.543579111053518
2019-06-06,69.54166666666666,68.50054425294803,82.4,12.858333333333348,13.899455747051974
2019-06-07,69.13333333333333,67.7737592328625,82.9,13.76666666666668,15.126240767137503
2019-06-08,69.475,67.99799144745367,82.2,12.725000000000009,14.202008552546332
2019-06-09,67.6,66.24198522741997,80.4,12.800000000000011,14.158014772580032
2019-06-10,66.4,64.92007256705973,78.4,12,13.479927432940272
2019-06-11,67.1,66.72392121290657,80.5,13.400000000000006,13.776078787093425
2019-06-12,65.28333333333333,64.2204224439549,82,16.71666666666667,17.779577556045098
2019-06-13,61.4,59.80882467280031,80.2,18.800000000000004,20.39117532719969
2019-06-14,64.51666666666667,63.375651159777114,80,15.483333333333334,16.624348840222886
2019-06-15,68.21666666666667,67.27048075677077,78.3,10.083333333333329,11.029519243229231
2019-06-16,67.93333333333334,66.83021899701957,76.7,8.766666666666666,9.869781002980432
2019-06-17,68.09166666666667,66.97476998833744,77.3,9.208333333333329,10.325230011662555
2019-06-18,68.84166666666667,67.69235454192044,79,10.158333333333331,11.307645458079563
2019-06-19,69.55833333333334,67.57368148244136,80.8,11.24166666666666,13.226318517558639
2019-06-20,69.26666666666667,67.64994168718414,82.8,13.533333333333331,15.150058312815858
2019-06-21,68.14166666666667,66.433873266813535,83.9,15.75833333333334,17.46612673318647
2019-06-22,68.35833333333333,67.41288065310354,83.2,14.841666666666669,15.78711934689646
2019-06-23,70.13333333333334,69.78222107036413,83.6,13.466666666666654,13.817778929635864
2019-06-24,70.99166666666667,70.6331216794091,84.4,13.408333333333331,13.766878320590905
2019-06-25,72,71.7111831022418,85.1,13.099999999999994,13.38881689775819
2019-06-26,73.875,73.73316055461967,84.5,10.625,10.766839445380327
2019-06-27,75.03333333333333,74.88805235195024,83.4,8.366666666666674,8.51194764804977
2019-06-28,76.05,75.96953479331347,79.8,3.75,3.830465206686526
2019-06-29,76.50833333333334,76.16428663988597,78.3,1.7916666666666572,2.135713360114025
2019-06-30,74.35,73.77549565893482,80.6,6.25,6.824504341065179
2019-07-01,73.59166666666667,73.4541661267332,82.8,9.208333333333329,9.345833873266798
2019-07-02,75.925,75.90072567059738,84.1,8.174999999999997,8.199274329402613
2019-07-03,75.90833333333333,75.99634573020604,83.3,7.391666666666666,7.303654269793952
2019-07-04,76.70833333333333,76.98425553971751,83.1,6.391666666666666,6.115744460282485
2019-07-05,76.075,76.36226512893612,82.6,6.5249999999999915,6.2377348710638785
2019-07-06,76.51666666666667,76.54741479849683,80.9,4.38333333333334,4.3525852015031745
2019-07-07,73.85833333333333,73.07819100686795,79.1,5.24166666666666,6.021808993132041
2019-07-08,71.70833333333333,70.6082933782558,78.4,6.691666666666677,7.791706621744211
2019-07-09,74.875,74.88457949980562,79.3,4.424999999999997,4.415420500194372
2019-07-10,77.275,77.90704937151742,82,4.724999999999994,4.092950628482583
2019-07-11,75.48333333333333,75.19909291175327,79.6,4.11666666666666,4.400907088246726
2019-07-12,75.31666666666666,74.66449397434236,79.8,4.483333333333334,5.135506025657634
2019-07-13,76.575,76.42633147596216,81.9,5.325000000000003,5.473668524037848
2019-07-14,77.56666666666666,77.43649086432552,83.3,5.733333333333334,5.863509135674477
2019-07-15,76.45833333333333,76.302941557600107,82.8,6.341666666666669,6.49705844239989
2019-07-16,78.09166666666667,77.55872748477387,80.9,2.808333333333337,3.3412725152261373
2019-07-17,78.98333333333333,79.14823117791889,81.4,2.4166666666666714,2.251768822081118
2019-07-18,76.65833333333333,75.86874433069846,80.7,4.041666666666671,4.831255669301541
2019-07-19,79.93333333333334,79.85077102500972,82,2.066666666666663,2.1492289749902795
2019-07-20,81.81666666666666,82.63777374627445,79.3,-2.5166666666666657,-3.3377737462744506
2019-07-21,80.23333333333333,80.54271089801736,80.4,0.1666666666666714,-0.1427108980173557
2019-07-22,74.89166666666667,74.1795775560451,79.3,4.408333333333331,5.120422443954894
2019-07-23,70.63333333333334,69.30158092523001,79.7,9.066666666666663,10.39841907476999
2019-07-24,71.85,70.8609952053907,83.1,11.25,12.2390047946093
2019-07-25,72.88333333333333,72.32179603472852,80.1,7.216666666666669,7.778203965271473
2019-07-26,74.76666666666667,74.13090579240637,79.4,4.63333333333334,5.269094207593639
2019-07-27,76.2,75.5216794090968,81.9,5.700000000000003,6.378320590903201
2019-07-28,77.66666666666667,77.79498509783595,82.9,5.233333333333334,5.105014902164058
2019-07-29,77.70833333333333,77.50413373072438,82,4.291666666666671,4.4958662692756235
2019-07-30,77.40833333333333,77.45369962420631,81.8,4.391666666666666,4.346300375793689
2019-07-31,74.875,74.42973953608916,81.8,6.924999999999997,7.370260463910839
2019-08-01,74.74166666666666,74.05069327458857,79.5,4.75833333333334,5.449306725411432
2019-08-02,74.75833333333334,73.9490345989374,77.9,3.1416666666666657,3.9509654010626036
2019-08-03,75.20833333333333,74.73502656472722,80.6,5.391666666666666,5.864973435272773
2019-08-04,76.075,75.70667357781521,80.4,4.325000000000003,4.693326422184796
2019-08-05,75.275,74.79309317092135,79.9,4.625,5.106906829078653
2019-08-06,75.04166666666667,74.23995075806661,80.7,5.658333333333331,6.46004924193339
2019-08-07,75.125,74.37628612154982,80.5,5.375,6.123713878450175
2019-08-08,75.15,74.93006349617728,82.4,7.25,7.469936503822723
2019-08-09,73.975,73.34554878838927,82.5,8.525000000000006,9.154451211610734
2019-08-10,72.06666666666666,71.45964753142412,82,9.933333333333337,10.540352468575875
2019-08-11,72.65,71.76497343527278,83,10.349999999999994,11.235026564727221
2019-08-12,75.13333333333333,74.40540365426979,82.3,7.166666666666671,7.894596345730207
2019-08-13,74.26666666666667,73.57465336270572,82.4,8.13333333333334,8.825346637294288
2019-08-14,73.40833333333333,72.01672929895037,81.9,8.491666666666674,9.88327070104964
2019-08-15,72.44166666666666,71.30475573409356,81.2,8.75833333333334,9.895244265906442
2019-08-16,72.98333333333333,72.06174679279513,81,8.016666666666666,8.938253207204866
2019-08-17,75.01666666666667,74.13056887391473,80.7,5.683333333333337,6.569431126085277
2019-08-18,76.05833333333334,75.54455099131788,81.4,5.341666666666669,5.855449008682129
2019-08-19,76.85833333333333,76.9623169625502,81.3,4.441666666666663,4.337683037449793
2019-08-20,76.9,76.19179733056887,80.1,3.1999999999999886,3.9082026694311196
2019-08-21,76.26666666666667,75.84254243877155,80.1,3.8333333333333286,4.257457561228449
2019-08-22,75.34166666666667,75.25384216664507,80.1,4.758333333333326,4.846157833354923
2019-08-23,69.08333333333334,68.24817934430479,80.8,11.716666666666654,12.55182065569521
2019-08-24,68.2,66.97388881689776,80.2,12,13.226111183102248
2019-08-25,68.55,67.2452507451082,81.5,12.950000000000003,14.254749254891806
2019-08-26,68.275,66.66794090967993,81.4,13.125,14.732059090320078
2019-08-27,69.19166666666666,67.84833484514708,82.4,13.208333333333343,14.551665154852927
2019-08-28,69.55,68.64431774005442,82.6,13.049999999999997,13.955682259945576
2019-08-29,71.34166666666667,70.84106518076973,81.7,10.358333333333334,10.85893481923027
2019-08-30,72,71.07591032784761,79.8,7.799999999999997,8.724089672152388
2019-08-31,70.53333333333333,69.63694440844888,82,11.466666666666669,12.363055591551117
2019-09-01,68.9,67.64464170014254,81.5,12.599999999999994,13.855358299857457
2019-09-02,71.60833333333333,70.18785797589736,81.2,9.591666666666669,11.012142024102644
2019-09-03,72.54166666666667,71.15583776078786,81.9,9.358333333333334,10.744162239212145
2019-09-04,72.90833333333333,71.19834132434883,84.6,11.691666666666663,13.401658675651163
2019-09-05,69.19166666666666,66.96611377478294,85.2,16.00833333333334,18.233886225217063
2019-09-06,68.18333333333334,66.29405209278217,85,16.816666666666663,18.705947907217833
2019-09-07,67.75,65.79849682519114,83.7,15.950000000000003,17.901503174808866
2019-09-08,67.29166666666667,65.97609174549696,82.2,14.908333333333331,16.223908254503044
2019-09-09,67.88333333333334,66.7453025787223,83.3,15.416666666666657,16.554697421277695
2019-09-10,71.7,70.97250226772063,84.2,12.5,13.227497732279375
2019-09-11,74.70833333333333,74.77408319295063,84.1,9.391666666666666,9.325916807049367
2019-09-12,71.85,70.46182454321628,82.4,10.550000000000011,11.938175456783725
2019-09-13,67.85833333333333,66.09521834909938,80.9,13.041666666666671,14.804781650900622
2019-09-14,69.28333333333333,67.7033562265129,81.6,12.316666666666663,13.8966437734871
2019-09-15,71.79166666666667,71.00799533497474,81.5,9.708333333333329,10.492004665025263
2019-09-16,71.56666666666666,69.84111701438383,83.1,11.533333333333331,13.258882985616168
2019-09-17,69.11666666666666,67.18076972916937,83.4,14.283333333333346,16.219230270830636
2019-09-18,66.40833333333333,64.63982117403135,83.2,16.79166666666667,18.56017882596865
2019-09-19,64.98333333333333,63.42995982894907,81.4,16.41666666666667,17.970040171050933
2019-09-20,67.79166666666667,66.69682519113645,79.5,11.708333333333329,12.803174808863545
2019-09-21,72.13333333333334,71.19403913437864,82.3,10.166666666666657,11.105960865621356
2019-09-22,73.46666666666667,72.4686665802773,82.3,8.833333333333329,9.831333419722696
2019-09-23,73.59166666666667,73.10285084877542,81.4,7.808333333333337,8.297149151224588
2019-09-24,69.3,68.43847350006479,79.9,10.600000000000009,11.461526499935218
2019-09-25,67.875,66.8273551898406,80.5,12.625,13.672644810159397
2019-09-26,67.66666666666667,66.3842555397175,81.2,13.533333333333331,14.815744460282502
2019-09-27,65.78333333333333,64.29210833225346,80.8,15.016666666666666,16.507891667746534
2019-09-28,68.63333333333333,67.50159388363353,83.6,14.966666666666669,16.098406116366462
2019-09-29,67.38333333333334,66.49818582350655,83.2,15.816666666666663,16.701814176493457
2019-09-30,67.06666666666666,65.88722301412466,83.6,16.53333333333333,17.712776985875337
2019-10-01,70.36666666666667,70.28553842166644,82.9,12.533333333333331,12.614461578333561
2019-10-02,71.38333333333333,70.86071012051315,82.8,11.416666666666671,11.93928987948685
2019-10-03,61.94166666666667,59.23875858494233,81.7,19.758333333333333,22.46124141505767
2019-10-04,58.858333333333334,56.74019696773358,80.9,22.04166666666667,24.159803032266424
2019-10-05,55.5,53.047168588829855,81.2,25.700000000000003,28.152831411170148
2019-10-06,63.25833333333333,61.13362705714656,82.5,19.241666666666667,21.366372942853438
2019-10-07,64.96666666666667,64.43042633147596,80.6,15.633333333333326,16.169573668524038
2019-10-08,60.041666666666664,58.89130491123494,80.3,20.258333333333333,21.408695088765057
2019-10-09,58.75,57.0616301671634,79.2,20.450000000000003,22.138369832836602
2019-10-10,61.18333333333333,59.696242062977845,79.8,18.616666666666667,20.103757937022152
2019-10-11,57.44166666666667,56.52764027471815,79.8,22.358333333333327,23.272359725281845
2019-10-12,53.43333333333334,52.98192302708306,78.4,24.96666666666667,25.418076972916943
2019-10-13,53.958333333333336,53.152740702345476,78.3,24.34166666666666,25.14725929765452
2019-10-14,55.96666666666667,54.87339639756382,79.6,23.633333333333326,24.72660360243617
2019-10-15,55.725,54.086186341842684,79.8,24.074999999999996,25.713813658157314
2019-10-16,55.25833333333333,53.876208371128676,80.2,24.94166666666667,26.323791628871327
2019-10-17,51.5,50.58334845147078,81.2,29.700000000000003,30.61665154852922
2019-10-18,52.266666666666666,50.78368536996242,80.7,28.433333333333337,29.916314630037583
2019-10-19,53.425,51.72481534274977,80.9,27.47500000000001,29.175184657250234
2019-10-20,55.358333333333334,53.33559673448231,79.8,24.441666666666663,26.46440326551769
2019-10-21,57.875,56.41499287287806,81.4,23.525000000000006,24.985007127121946
2019-10-22,56.25,54.88254503045224,80.6,24.349999999999994,25.717454969547752
2019-10-23,56.083333333333336,55.29654010625891,80.2,24.116666666666667,24.903459893741093
2019-10-24,54.61666666666667,52.855682259945574,81.2,26.583333333333336,28.34431774005443
2019-10-25,52.833333333333336,51.68863548010885,81.5,28.666666666666664,29.81136451989115
2019-10-26,52.983333333333334,51.620033691849166,80.8,27.816666666666663,29.17996630815083
2019-10-27,55.6,54.514176493456006,82,26.4,27.485823506543994
2019-10-28,53.608333333333334,52.89826357392769,81.4,27.79166666666667,28.501736426072313
2019-10-29,52.266666666666666,51.39117532719969,80.6,28.33333333333333,29.208824672800304
2019-10-30,51.725,51.76020474277569,81.1,29.374999999999993,29.339795257224303
2019-10-31,53.71666666666667,54.19367629907996,80.8,27.08333333333333,26.606323700920036
2019-11-01,44.725,44.50460023325126,80.2,35.475,35.69539976674874
2019-11-02,43.041666666666664,41.97324089672152,80,36.958333333333336,38.02675910327848
2019-11-03,44.19166666666666,43.144317740054426,78.1,33.90833333333333,34.95568225994557
2019-11-04,47.25833333333333,45.68586238175457,77.7,30.44166666666667,32.014137618245435
2019-11-05,48.31666666666666,46.78064014513412,79.3,30.983333333333334,32.519359854865876
2019-11-06,45.358333333333334,43.91479849682519,81.1,35.74166666666666,37.1852015031748
2019-11-07,42.958333333333336,41.251768822081125,81.2,38.24166666666667,39.94823117791888
2019-11-08,35.641666666666666,33.03533756641182,78.8,43.15833333333333,45.76466243358818
2019-11-09,36.416666666666664,34.067850200855254,72.7,36.28333333333334,38.63214979914475
2019-11-10,42.225,40.31807697291694,73.5,31.275,33.18192302708306
2019-11-11,42.75833333333333,40.97984968251912,74.9,32.14166666666667,33.92015031748089
2019-11-12,33.25833333333333,31.516366463651675,73.9,40.64166666666667,42.38363353634833
2019-11-13,27.1,24.906414409744716,74,46.9,49.09358559025529
2019-11-14,33.5,31.737592328625112,76.1,42.599999999999994,44.36240767137488
2019-11-15,37.791666666666664,36.344045613580406,73.4,35.60833333333334,37.0559543864196
2019-11-16,36.608333333333334,34.39313204613192,66.8,30.191666666666663,32.40686795386808
2019-11-17,38.05833333333334,35.6043021899702,60.2,22.141666666666666,24.595697810029804
2019-11-18,41.791666666666664,39.54399377996631,63.4,21.608333333333334,23.85600622003369
2019-11-19,43.608333333333334,41.42443954904756,69.8,26.191666666666663,28.375560450952435
2019-11-20,43.733333333333334,41.56479201762343,63.9,20.166666666666664,22.335207982376566
2019-11-21,45.11666666666667,43.7288194894389,67.6,22.483333333333327,23.871180510561096
2019-11-22,42.858333333333334,41.654490086821305,70.3,27.441666666666663,28.645509913178692
2019-11-23,37.891666666666666,36.3352209407801,72.4,34.50833333333334,36.06477905921991
2019-11-24,41.69166666666667,40.58788389270442,72.6,30.908333333333324,32.012116107295576
2019-11-25,44.775,43.20561098872619,64.9,20.125000000000007,21.694389011273813
2019-11-26,46.575,45.01595179473888,66.8,20.224999999999994,21.784048205261115
2019-11-27,46.233333333333334,45.856654140209926,69.3,23.066666666666663,23.44334585979007
2019-11-28,39.93333333333333,39.42589089024232,70.9,30.966666666666676,31.474109109757684
2019-11-29,37.46666666666667,35.48058831152002,72.7,35.233333333333334,37.21941168847998
2019-11-30,37.95,35.268757289101984,70.6,32.64999999999999,35.33124271089801
2019-12-01,37.016666666666666,34.563573927692104,73,35.983333333333334,38.436426072307896
2019-12-02,35.416666666666664,34.16879616431255,71.9,36.48333333333334,37.73120383568745
2019-12-03,35.44166666666667,33.2380069975379,60.3,24.858333333333327,27.061993002462096
2019-12-04,36.93333333333334,34.87695995853311,68.1,31.166666666666657,33.22304004146689
2019-12-05,37.791666666666664,35.96256317221718,62.5,24.708333333333336,26.53743682778282
2019-12-06,38.55,36.157120642736814,63.4,24.85,27.242879357263185
2019-12-07,34.3,31.740171050926524,66.3,32,34.55982894907348
2019-12-08,36.61666666666667,33.97920176234288,71,34.38333333333333,37.02079823765712
2019-12-09,45.56666666666667,44.85052481534275,72.1,26.533333333333324,27.249475184657243
2019-12-10,40.59166666666667,41.01206427368148,75.2,34.608333333333334,34.18793572631852
2019-12-11,29.71666666666667,28.938240248801346,75.5,45.78333333333333,46.56175975119865
2019-12-12,30.366666666666667,29.329389659193986,74.1,43.73333333333333,44.77061034080601
2019-12-13,36.975,36.22955811843981,72.3,35.324999999999996,36.070441881560185
2019-12-14,42.55833333333333,42.68022547622133,73.2,30.641666666666673,30.519774523778672
2019-12-15,37.21666666666667,36.073085395879225,66.9,29.683333333333337,30.82691460412078
2019-12-16,33.18333333333333,31.693896591939872,74.1,40.916666666666664,42.40610340806012
2019-12-17,32.30833333333334,31.08432033173513,76.4,44.09166666666667,45.31567966826488
2019-12-18,27.75,27.034080601269924,69.3,41.55,42.26591939873008
2019-12-19,24.708333333333332,22.750874692237915,62.8,38.09166666666667,40.04912530776208
2019-12-20,29.916666666666668,27.589114941039266,70,40.08333333333333,42.41088505896073
2019-12-21,32.9,30.83629648827264,71.7,38.800000000000004,40.863703511727365
2019-12-22,37.266666666666666,36.0710250097188,70.3,33.03333333333333,34.228974990281195
2019-12-23,40.175,40.04355319424646,70,29.825000000000003,29.956446805753536
2019-12-24,39.21666666666667,38.42506155241674,65.8,26.58333333333333,27.374938447583254
2019-12-25,38.49166666666667,37.616483089283406,66.9,28.40833333333334,29.2835169107166
2019-12-26,41.916666666666664,41.338512375275364,71.9,29.98333333333334,30.56148762472464
2019-12-27,43.46666666666667,42.11218089931321,73.8,30.33333333333333,31.687819100686788
2019-12-28,42.45,40.95411429311908,73.6,31.14999999999999,32.64588570688091
2019-12-29,43.2,42.4770117921472,74.5,31.299999999999997,32.0229882078528
2019-12-30,41.108333333333334,38.90329143449527,74,32.891666666666666,35.09670856550473
2019-12-31,37.05833333333334,35.72832707010496,70.9,33.84166666666667,35.171672929895045
2020-01-01,36,34.58323182583906,64.7,28.700000000000003,30.116768174160946
2020-01-02,39.875,38.71915252040949,71,31.125,32.28084747959051
2020-01-03,43.55,42.27453673707399,75.6,32.05,33.32546326292601
2020-01-04,41.85,40.895594142801606,74.6,32.74999999999999,33.70440585719839
2020-01-05,37.266666666666666,35.56646365167811,61.5,24.233333333333334,25.933536348321887
2020-01-06,37.56666666666667,35.612284566541405,58.3,20.733333333333327,22.687715433458592
2020-01-07,36.36666666666667,35.32020215109498,62.5,26.133333333333333,27.179797848905018
2020-01-08,31.175,29.886652844369575,64.9,33.72500000000001,35.01334715563043
2020-01-09,33.06666666666666,31.09140857846313,71.1,38.03333333333333,40.00859142153686
2020-01-10,42.266666666666666,41.045704289231566,74.6,32.33333333333333,33.55429571076843
2020-01-11,47.583333333333336,48.21877672670727,77.3,29.71666666666666,29.08122327329273
2020-01-12,45.625,46.702656472722566,76.9,31.275000000000006,30.19734352727744
2020-01-13,38.75833333333333,37.39758973694441,77,38.24166666666667,39.60241026305559
2020-01-14,40.275,38.573966567318905,74.9,34.62500000000001,36.3260334326811
2020-01-15,41.19166666666667,39.361293248671764,72.4,31.208333333333336,33.03870675132824
2020-01-16,36.3,34.51906181158481,70.5,34.2,35.98093818841519
2020-01-17,28.208333333333336,25.25511209019049,73,44.791666666666664,47.744887909809506
2020-01-18,30.21666666666667,27.00246209666969,74,43.78333333333333,46.99753790333031
2020-01-19,30.208333333333332,28.607178955552676,71.6,41.391666666666666,42.99282104444732
2020-01-20,24.741666666666667,23.11706621744201,67.6,42.85833333333333,44.482933782557986
2020-01-21,25.766666666666666,23.99788778022548,53.6,27.833333333333336,29.602112219774522
2020-01-22,30.816666666666666,28.88118439808216,49.6,18.783333333333335,20.718815601917843
2020-01-23,35.68333333333333,33.76555656343138,63.3,27.616666666666667,29.534443436568615
2020-01-24,38.93333333333333,37.46581573150188,66.9,27.966666666666676,29.43418426849813
2020-01-25,40.458333333333336,38.957146559543865,66.8,26.34166666666666,27.842853440456132
2020-01-26,38.85,37.64811455228716,60.3,21.449999999999996,22.651885447712836
2020-01-27,37.483333333333334,36.132707010496304,63.6,26.116666666666667,27.467292989503697
2020-01-28,36.75833333333333,35.16253725541013,66.6,29.84166666666666,31.437462744589865
2020-01-29,34.041666666666664,32.529882078527926,65.4,31.35833333333334,32.87011792147208
2020-01-30,31.391666666666666,29.607541790851368,68.4,37.00833333333334,38.792458209148634
2020-01-31,36.083333333333336,34.577905921990414,65.2,29.116666666666667,30.62209407800959
2020-02-01,37.791666666666664,36.19885966048982,66.3,28.508333333333333,30.101140339510174
2020-02-02,41.233333333333334,39.318258390566285,57.9,16.666666666666664,18.581741609433713
2020-02-03,43.38333333333333,41.00610340806013,57.4,14.016666666666666,16.39389659193987
2020-02-04,42.86666666666667,41.38227290397823,63.8,20.93333333333333,22.417727096021764
2020-02-05,34.99166666666667,34.70028508487754,70.9,35.90833333333334,36.19971491512246
2020-02-06,34.833333333333336,34.553336788907615,74.4,39.56666666666667,39.84666321109239
2020-02-07,37.041666666666664,36.03589477776338,66.7,29.65833333333334,30.66410522223662
2020-02-08,32.391666666666666,30.939795257224308,62.7,30.308333333333337,31.760204742775695
2020-02-09,34.8,32.49091615912919,68.9,34.10000000000001,36.409083840870814
2020-02-10,39.21666666666667,37.80177530128288,72.9,33.68333333333334,35.098224698717125
2020-02-11,39.541666666666664,38.29109757677855,74,34.458333333333336,35.70890242322145
2020-02-12,37.275,36.21065180769729,75,37.725,38.78934819230271
2020-02-13,33.266666666666666,32.070584423998966,75.4,42.13333333333334,43.32941557600104
2020-02-14,24.25,21.592717377219127,73.6,49.349999999999994,52.00728262278086
2020-02-15,26.858333333333334,23.58592717377219,72.4,45.54166666666667,48.814072826227815
2020-02-16,35.8,33.486328884281455,73.3,37.5,39.81367111571854
2020-02-17,39.325,37.054697421277695,73.7,34.375,36.64530257872231
2020-02-18,40.083333333333336,38.06407930542957,75.7,35.61666666666667,37.63592069457043
2020-02-19,34.958333333333336,33.85436050278606,76.5,41.541666666666664,42.64563949721394
2020-02-20,28.625,26.6342231437087,75.9,47.275000000000006,49.26577685629131
2020-02-21,29.3,26.83335493067254,68.8,39.5,41.966645069327456
2020-02-22,36.5,35.33247375923286,63.3,26.799999999999997,27.967526240767135
2020-02-23,41.40833333333333,40.25125048594013,68.1,26.691666666666663,27.84874951405986
2020-02-24,43.25,41.84217960347286,69,25.75,27.157820396527143
2020-02-25,43.24166666666667,42.01552416742257,74.4,31.15833333333334,32.384475832577436
2020-02-26,40.7,39.48964623558377,75.5,34.8,36.01035376441623
2020-02-27,35.541666666666664,34.812012440067384,62.1,26.558333333333337,27.287987559932617
2020-02-28,32.791666666666664,30.407865750939486,57.1,24.308333333333337,26.692134249060516
2020-02-29,31.958333333333332,29.400038875210576,60.1,28.14166666666667,30.699961124789425
2020-03-01,37.208333333333336,34.96943112608526,61.7,24.491666666666667,26.73056887391474
2020-03-02,45.36666666666667,43.12437475702993,68.3,22.93333333333333,25.175625242970064
2020-03-03,48.858333333333334,47.28135285732798,71.4,22.54166666666667,24.118647142672025
2020-03-04,45.766666666666666,44.416560839704545,74.5,28.733333333333334,30.083439160295455
2020-03-05,43.025,41.54505636905533,76.5,33.475,34.95494363094467
2020-03-06,39.19166666666666,37.38479979266555,70.8,31.608333333333334,33.41520020733445
2020-03-07,39.28333333333333,37.52482830115329,64,24.71666666666667,26.475171698846708
2020-03-08,45.791666666666664,44.3019955941428,65.6,19.80833333333333,21.298004405857192
2020-03-09,52.6,52.28616042503563,71.1,18.499999999999993,18.813839574964362
2020-03-10,51.766666666666666,50.73738499416872,71.5,19.733333333333334,20.76261500583128
2020-03-11,46.891666666666666,45.29730465206686,70.7,23.808333333333337,25.40269534793314
2020-03-12,47.583333333333336,45.415070623299215,71.9,24.31666666666667,26.48492937670079
2020-03-13,50.075,48.79896332771802,72.1,22.02499999999999,23.301036672281974
2020-03-14,44.15833333333333,42.55460671245303,73.7,29.54166666666667,31.145393287546973
2020-03-15,42.166666666666664,40.3950628482571,74.2,32.03333333333334,33.804937151742905
2020-03-16,39.95,37.022884540624595,74.3,34.349999999999994,37.2771154593754
2020-03-17,44.025,41.968562913049105,74.5,30.475,32.531437086950895
2020-03-18,44.775,42.939043669819874,75.1,30.324999999999996,32.16095633018012
2020-03-19,48.36666666666667,46.32335104315148,76.3,27.93333333333333,29.976648956848514
2020-03-20,53.2,52.34779059219904,76.2,23,23.852209407800963
2020-03-21,41.59166666666667,40.242464688350395,75.3,33.70833333333333,35.0575353116496
2020-03-22,38.266666666666666,35.212699235454195,75.9,37.63333333333334,40.68730076454581
2020-03-23,41.175,38.15945315537126,75.5,34.325,37.34054684462874
2020-03-24,44.90833333333333,42.391227160813784,76.1,31.191666666666663,33.70877283918621
2020-03-25,44.916666666666664,42.89830244913827,75.6,30.68333333333333,32.701697550861724
2020-03-26,47.6,45.55210574057276,77,29.4,31.447894259427237
2020-03-27,51.583333333333336,49.972256058053645,77.8,26.21666666666666,27.827743941946352
2020-03-28,50.125,48.42175715951795,77.3,27.174999999999997,28.878242840482045
2020-03-29,50.34166666666667,48.5237786704678,77.3,26.95833333333333,28.7762213295322
2020-03-30,48.541666666666664,46.40364131139044,77.7,29.15833333333334,31.296358688609565
2020-03-31,44.733333333333334,42.07841129972787,78.3,33.56666666666666,36.22158870027213
2020-04-01,45.4,43.28460541661267,74.6,29.199999999999996,31.315394583387324
2020-04-02,48.09166666666667,45.76978100298044,70.3,22.20833333333333,24.53021899701956
2020-04-03,48.05833333333333,47.364390307114164,72.6,24.541666666666664,25.23560969288583
2020-04-04,46.858333333333334,46.14587274847739,74.3,27.441666666666663,28.15412725152261
2020-04-05,49.375,47.981469482959696,75.4,26.025000000000006,27.41853051704031
2020-04-06,51.86666666666667,50.63719061811585,75.1,23.233333333333327,24.462809381884142
2020-04-07,56.15,55.30634961772709,76.9,20.750000000000007,21.593650382272912
2020-04-08,56.35,54.48534404561358,77,20.65,22.51465595438642
2020-04-09,48.55,46.76511597771155,77.7,29.150000000000006,30.93488402228845
2020-04-10,43.291666666666664,41.96961254373461,79.4,36.10833333333334,37.43038745626539
2020-04-11,46.45,45.25890890242322,78.7,32.25,33.44109109757678
2020-04-12,51.21666666666667,50.37846313334197,82.2,30.983333333333334,31.821536866658036
2020-04-13,51.71666666666667,51.814642995982894,82.8,31.08333333333333,30.985357004017104
2020-04-14,44.358333333333334,43.99454451211611,82.6,38.24166666666666,38.60545548788389
2020-04-15,41.2,40.30759362446547,82.2,41,41.892406375534534
2020-04-16,41.71666666666667,40.069120124400676,79.1,37.383333333333326,39.03087987559932
2020-04-17,42.016666666666666,39.850213813658165,79,36.983333333333334,39.149786186341835
2020-04-18,45.00833333333333,42.949190099779706,80.4,35.39166666666667,37.4508099002203
2020-04-19,49.291666666666664,47.880445769081255,80.7,31.40833333333334,32.81955423091875
2020-04-20,49.483333333333334,47.9236750032396,81.9,32.41666666666667,33.976324996760404
2020-04-21,47.55,45.37386290009071,79.4,31.85000000000001,34.0261370999093
2020-04-22,45.458333333333336,42.87902034469354,78.8,33.34166666666666,35.92097965530646
2020-04-23,48.625,46.08710638849294,81.6,32.974999999999994,35.51289361150705
2020-04-24,50.65,46.88224698717118,82.3,31.65,35.41775301282882
2020-04-25,52.40833333333333,49.28196190229364,80.1,27.691666666666663,30.818038097706356
2020-04-26,50.71666666666667,47.92249578851886,78.6,27.883333333333326,30.677504211481136
2020-04-27,50.475,47.32849552935078,75.5,25.025,28.171504470649218
2020-04-28,53.858333333333334,51.94483607619541,75.1,21.24166666666666,23.155163923804587
2020-04-29,54.28333333333333,51.52530776208371,77,22.71666666666667,25.474692237916287
2020-04-30,54.30833333333334,52.0931190877284,75.2,20.891666666666666,23.106880912271606
2020-05-01,57.175,55.718841518724894,71.9,14.725000000000009,16.181158481275112
2020-05-02,60.84166666666667,59.80868213036154,73.1,12.258333333333326,13.291317869638455
2020-05-03,63.4,62.473383439160294,75.4,12.000000000000007,12.926616560839712
2020-05-04,57.225,55.0237786704678,77.5,20.275,22.4762213295322
2020-05-05,52.13333333333333,49.48717118051056,78.4,26.266666666666673,28.912828819489448
2020-05-06,51.74166666666667,49.17863159258779,77.6,25.858333333333327,28.421368407412203
2020-05-07,54.71666666666667,52.80053129454451,76.5,21.78333333333333,23.699468705455487
2020-05-08,49.09166666666667,46.3754308669172,74.8,25.70833333333333,28.424569133082798
2020-05-09,43.61666666666667,41.504120772320846,77.8,34.18333333333333,36.29587922767915
2020-05-10,49.233333333333334,47.56175975119865,73,23.766666666666666,25.43824024880135
2020-05-11,49.69166666666667,48.04050796941817,77.1,27.408333333333324,29.059492030581822
2020-05-12,49.36666666666667,47.813904366981994,79.7,30.333333333333336,31.88609563301801
2020-05-13,52.25833333333333,50.29257483478035,80.1,27.84166666666666,29.80742516521964
2020-05-14,58.56666666666666,56.96210962809381,77.6,19.03333333333333,20.63789037190618
2020-05-15,66.49166666666667,65.97351302319554,76.7,10.208333333333329,10.726486976804466
2020-05-16,63.41666666666667,62.165245561746794,77.7,14.283333333333331,15.53475443825321
2020-05-17,59.88333333333333,58.89523130750292,79.2,19.31666666666667,20.304768692497085
2020-05-18,60.108333333333334,58.457768562913046,76.4,16.29166666666667,17.94223143708696
2020-05-19,59.00833333333333,56.85197615653752,77.6,18.59166666666666,20.748023843462477
2020-05-20,57.71666666666667,55.6504470649216,78.6,20.883333333333326,22.949552935078394
2020-05-21,59.59166666666667,57.62265128936115,81,21.40833333333333,23.37734871063885
2020-05-22,63.575,62.68783205909032,79.8,16.224999999999994,17.11216794090968
2020-05-23,64.71666666666667,63.186886095633014,78.7,13.983333333333334,15.513113904366989
2020-05-24,63.55833333333334,62.1620448360762,74.8,11.24166666666666,12.637955163923799
2020-05-25,66.18333333333334,64.9682907865751,75.5,9.316666666666663,10.531709213424904
2020-05-26,69.325,68.81352857327977,78.7,9.375,9.886471426720234
2020-05-27,69,68.89514059867825,78.6,9.599999999999994,9.704859401321741
2020-05-28,69.35833333333333,69.06969029415576,79.1,9.74166666666666,10.030309705844232
2020-05-29,69.00833333333333,69.22021510949851,78.7,9.691666666666677,9.479784890501492
2020-05-30,66.91666666666667,67.0079823765712,79.2,12.283333333333331,12.192017623428796
2020-05-31,60.916666666666664,59.62813269405209,79.7,18.78333333333334,20.07186730594791
2020-06-01,61.88333333333333,59.79853570040171,80.4,18.516666666666673,20.601464299598298
2020-06-02,67.81666666666666,66.7844628741739,79.3,11.483333333333334,12.5155371258261
2020-06-03,72.96666666666667,71.55261111831022,76.4,3.433333333333337,4.847388881689781
2020-06-04,74.04166666666667,73.86148762472463,77.1,3.058333333333323,3.238512375275363
2020-06-05,72.30833333333334,71.93577815213166,77.7,5.391666666666666,5.764221847868342
2020-06-06,72.81666666666666,72.0941168847998,79.3,6.483333333333334,7.205883115200194
2020-06-07,68.475,66.79507580666062,82.8,14.325000000000003,16.004924193339377
2020-06-08,70.76666666666667,69.34469353375664,83.1,12.333333333333329,13.755306466243354
2020-06-09,75.1,73.79403913437864,81.5,6.400000000000006,7.705960865621364
2020-06-10,74.95833333333333,73.8591162368796,80.4,5.441666666666677,6.540883763120405
2020-06-11,72.275,71.62691460412077,80,7.724999999999994,8.37308539587923
2020-06-12,70.55,70.1597382402488,79.5,8.950000000000003,9.3402617597512
2020-06-13,64.31666666666666,62.859323571336006,78.9,14.583333333333343,16.040676428664
2020-06-14,63.49166666666667,61.58851885447712,78.2,14.708333333333336,16.61148114552288
2020-06-15,66.30833333333334,64.11915252040949,77.5,11.191666666666663,13.380847479590514
2020-06-16,68.8,67.16003628352986,79,10.200000000000003,11.839963716470137
2020-06-17,69.86666666666666,68.8053518206557,77.7,7.833333333333343,8.894648179344301
2020-06-18,71.74166666666667,71.11596475314242,78.6,6.85833333333332,7.484035246857573
2020-06-19,72.65,73.16864066347026,79.5,6.849999999999994,6.331359336529744
2020-06-20,73.525,74.18250615524168,80.3,6.7749999999999915,6.1174938447583145
2020-06-21,74.175,74.45122456913307,80.7,6.525000000000006,6.248775430866928
2020-06-22,74.11666666666666,74.21237527536607,80.4,6.283333333333346,6.187624724633935
2020-06-23,73.04166666666667,73.31482441363224,81.6,8.558333333333323,8.285175586367757
2020-06-24,72.34166666666667,72.8113904366982,83.1,10.758333333333326,10.28860956330179
2020-06-25,72.35833333333333,72.69520539069588,83.5,11.141666666666666,10.804794609304125
2020-06-26,74.125,74.10616820007776,83.1,8.974999999999994,8.993831799922233
2020-06-27,74.25,73.95550084229623,83.1,8.849999999999994,9.144499157703763
2020-06-28,74.15833333333333,73.96012699235453,83.3,9.141666666666666,9.339873007645465
2020-06-29,74.40833333333333,73.80846183750162,83.4,8.991666666666674,9.59153816249838
2020-06-30,73.825,72.6473500064792,84.6,10.774999999999991,11.952649993520794
2020-07-01,73.91666666666667,73.04613191654788,84.6,10.683333333333323,11.553868083452116
2020-07-02,76.94166666666666,76.32935078398341,84.9,7.958333333333343,8.57064921601659
2020-07-03,78.44166666666666,77.19035894777764,85,6.558333333333337,7.809641052222361
2020-07-04,77.25833333333333,75.8033043928988,84.6,7.341666666666669,8.7966956071012
2020-07-05,78.89166666666667,78.07439419463522,83.2,4.308333333333337,5.125605805364785
2020-07-06,78.46666666666667,77.98162498380199,81.3,2.8333333333333286,3.3183750161980043
2020-07-07,76.54166666666667,76.05531942464688,84.4,7.858333333333334,8.344680575353124
2020-07-08,78.275,77.66071012051314,85.1,6.824999999999989,7.43928987948685
2020-07-09,79.08333333333333,78.87874821821953,85.2,6.116666666666674,6.321251781780475
2020-07-10,75.84166666666667,74.84265906440328,86.2,10.358333333333334,11.357340935596724
2020-07-11,77.25,76.41774005442531,84.6,7.349999999999994,8.182259945574685
2020-07-12,76.78333333333333,75.99493326422186,81.5,4.716666666666669,5.5050667357781435
2020-07-13,76.04166666666667,75.03275884411042,84.8,8.758333333333326,9.767241155889579
2020-07-14,75.13333333333333,74.17514578203965,85.5,10.366666666666674,11.32485421796035
2020-07-15,74.6,73.38032914344953,83.4,8.800000000000011,10.019670856550476
2020-07-16,73.51666666666667,71.88686017882597,82,8.483333333333334,10.11313982117403
2020-07-17,76.18333333333334,74.57250226772062,81.6,5.416666666666657,7.027497732279372
2020-07-18,79.83333333333333,79.30550732149798,79.3,-0.5333333333333314,-0.00550732149798705
2020-07-19,80.45,80.63075029156408,80.9,0.45000000000000284,0.2692497084359218
2020-07-20,80.29166666666667,80.62122586497344,81,0.7083333333333286,0.37877413502656054
2020-07-21,78.175,78.49044965660231,80.7,2.5250000000000057,2.2095503433976944
2020-07-22,76.24166666666666,76.96048982765323,78.1,1.8583333333333343,1.1395101723467604
2020-07-23,75.71666666666667,75.5780614228327,78.5,2.7833333333333314,2.921938577167296
2020-07-24,75.18333333333334,74.47200984838668,80.4,5.216666666666669,5.927990151613329
2020-07-25,77.2,77.19777115459375,80.6,3.3999999999999915,3.402228845406242
2020-07-26,80.325,80.89591810288971,81.1,0.7749999999999915,0.20408189711028513
2020-07-27,80.23333333333333,80.86624335881818,81.3,1.0666666666666629,0.4337566411818159
2020-07-28,79.14166666666667,79.8772191266036,81.3,2.1583333333333314,1.4227808733963911
2020-07-29,78.09166666666667,78.65367370739925,81.4,3.308333333333337,2.746326292600756
2020-07-30,77.96666666666667,77.79685110794351,82.7,4.733333333333334,4.9031488920564925
2020-07-31,74.55833333333334,73.99073474147986,83.1,8.541666666666657,9.10926525852014
2020-08-01,75.69166666666666,75.07442011144227,84.2,8.50833333333334,9.125579888557738
2020-08-02,75.68333333333334,75.51735130231955,81.8,6.11666666666666,6.282648697680443
2020-08-03,75.85,75.87914992872878,83.3,7.450000000000003,7.420850071271218
2020-08-04,72.31666666666666,71.78978877802255,83.6,11.283333333333331,11.81021122197744
2020-08-05,73.34166666666667,73.10062200336918,81.6,8.258333333333326,8.499377996630813
2020-08-06,72.33333333333333,71.53253855125048,81.5,9.166666666666671,9.967461448749518
2020-08-07,73.19166666666666,72.44858105481404,81,7.808333333333337,8.551418945185958
2020-08-08,74.7,74.19520539069588,81.3,6.599999999999994,7.104794609304122
2020-08-09,77.05,76.91355449008682,81.7,4.650000000000006,4.786445509913179
2020-08-10,78.34166666666667,78.38319295062848,82.3,3.9583333333333286,3.9168070493715135
2020-08-11,77.58333333333333,77.36432551509654,80.6,3.0166666666666657,3.2356744849034556
2020-08-12,77.26666666666667,77.06472722560581,81.8,4.533333333333331,4.73527277439419
2020-08-13,76.68333333333334,75.80710120513153,81.1,4.416666666666657,5.292898794868464
2020-08-14,77.10833333333333,76.15963457302061,81.8,4.691666666666663,5.640365426979386
2020-08-15,75.38333333333334,74.2679797848905,82.2,6.816666666666663,7.932020215109503
2020-08-16,71.85,70.31899701956718,82.6,10.75,12.281002980432817
2020-08-17,72.01666666666667,70.88717118051055,81.2,9.183333333333337,10.312828819489454
2020-08-18,73.13333333333334,72.09582739406505,81,7.86666666666666,8.904172605934946
2020-08-19,71.475,70.02095373849941,81,9.525000000000006,10.979046261500585
2020-08-20,71.79166666666667,70.46126733186472,81.9,10.108333333333334,11.438732668135287
2020-08-21,75,74.14185564338473,82.5,7.5,8.35814435661527
2020-08-22,76.98333333333333,76.38980173642607,80.1,3.11666666666666,3.710198263573929
2020-08-23,77.01666666666667,76.56573798108072,83.9,6.88333333333334,7.33426201891929
2020-08-24,78.23333333333333,78.28483866787612,84.2,5.966666666666669,5.915161332123887
2020-08-25,79.04166666666667,78.7632110923934,84.9,5.858333333333334,6.136788907606601
2020-08-26,75.11666666666666,74.34405857198392,81.4,6.283333333333346,7.055941428016084
2020-08-27,77.3,76.28688609563302,83.1,5.799999999999997,6.813113904366972
2020-08-28,76.70833333333333,75.95406245950498,83.7,6.991666666666674,7.745937540495021
2020-08-29,73.91666666666666,73.27824284048205,84.2,10.283333333333346,10.921757159517952
2020-08-30,70.125,69.2050926525852,83.5,13.375,14.294907347414807
2020-08-31,69.20833333333333,68.46396267979785,82,12.791666666666671,13.536037320202155
2020-09-01,70.64166666666667,69.65266295192431,82.1,11.458333333333329,12.447337048075681
2020-09-02,72.125,71.76635998444992,84.1,11.974999999999994,12.333640015550074
2020-09-03,73.575,73.73998963327718,83.8,10.224999999999994,10.060010366722821
2020-09-04,71.675,71.41157185434754,84.4,12.725000000000009,12.988428145652463
2020-09-05,70.4,69.47093430089413,82.5,12.099999999999994,13.029065699105871
2020-09-06,71.7,70.20952442659065,78.9,7.200000000000003,8.690475573409358
2020-09-07,70.76666666666667,70.08001814176494,79,8.233333333333334,8.919981858235062
2020-09-08,68.70833333333333,68.30090708824673,78.6,9.891666666666666,10.299092911753263
2020-09-09,69.60833333333333,69.08460541661267,79.1,9.49166666666666,10.01539458338732
2020-09-10,68.66666666666667,69.01078139173255,79.3,10.633333333333326,10.289218608267447
2020-09-11,67.30833333333334,66.85723726836854,79.8,12.49166666666666,12.942762731631461
2020-09-12,66.33333333333333,64.99052740702346,78.9,12.566666666666677,13.909472592976542
2020-09-13,68.275,67.11194764804976,77.6,9.324999999999989,10.48805235195023
2020-09-14,68.025,67.08163794220552,79.1,11.074999999999989,12.018362057794477
2020-09-15,63.05833333333333,61.425631722171836,80.1,17.041666666666664,18.674368277828158
2020-09-16,65.35,64.3203706103408,81.5,16.150000000000006,17.179629389659198
2020-09-17,65.73333333333333,65.21277698587534,82.8,17.066666666666663,17.58722301412466
2020-09-18,61.81666666666667,60.1544382532072,82.3,20.483333333333327,22.145561746792794
2020-09-19,57.233333333333334,55.26585460671245,81.6,24.36666666666666,26.334145393287542
2020-09-20,57.59166666666667,55.91906181158481,81.9,24.308333333333337,25.980938188415195
2020-09-21,58.59166666666667,57.29177141376182,79.6,21.008333333333326,22.308228586238172
2020-09-22,61.325,60.45315537125826,79.5,18.174999999999997,19.046844628741738
2020-09-23,66.35833333333333,65.80983542827524,79.2,12.841666666666669,13.390164571724767
2020-09-24,67.29166666666667,66.9608915381625,78.4,11.108333333333334,11.439108461837506
2020-09-25,66.69166666666666,66.58810418556435,80.6,13.908333333333331,14.011895814435647
2020-09-26,67.45833333333333,67.41623687961643,81.6,14.141666666666666,14.18376312038356
2020-09-27,69.09166666666667,69.03672411558897,79.9,10.808333333333337,10.863275884411038
2020-09-28,66.45,66.29681223273293,79.6,13.149999999999991,13.303187767267062
2020-09-29,64.29166666666667,63.93282363612803,79.5,15.208333333333329,15.567176363871972
2020-09-30,62.78333333333333,62.468666580277315,78.2,15.416666666666671,15.731333419722688
2020-10-01,60.93333333333333,59.8946481793443,77.8,16.866666666666667,17.905351820655696
2020-10-02,56.958333333333336,55.70584423998963,74.1,17.14166666666666,18.394155760010364
2020-10-03,55.49166666666667,54.18139173253855,74.7,19.208333333333336,20.518608267461452
2020-10-04,56.141666666666666,54.344706492160164,78.9,22.75833333333334,24.555293507839842
2020-10-05,57.6,55.92583905662823,80.6,22.999999999999993,24.674160943371767
2020-10-06,60.833333333333336,59.561824543216275,81.2,20.366666666666667,21.638175456783728
2020-10-07,64.175,63.387845017493845,81.6,17.424999999999997,18.21215498250615
2020-10-08,58.775,57.21087210055721,81,22.225,23.78912789944279
2020-10-09,60.96666666666667,59.51405986782429,80.3,19.33333333333333,20.78594013217571
2020-10-10,65.175,64.69742127769858,80.7,15.525000000000006,16.002578722301422
2020-10-11,63.324999999999996,61.87178955552675,80.9,17.57500000000001,19.028210444473252
2020-10-12,59.4,57.0050408189711,79.6,20.199999999999996,22.59495918102889
2020-10-13,58.81666666666667,56.995710768433334,78.8,19.983333333333327,21.804289231566663
2020-10-14,59.925,58.49848386678761,79.3,19.375,20.801516133212388
2020-10-15,60.2,58.72464688350395,79.7,19.5,20.975353116496052
2020-10-16,54.625,53.5575871452637,77.9,23.275000000000006,24.342412854736303
2020-10-17,51.9,50.51544641700142,79.2,27.300000000000004,28.684553582998582
2020-10-18,53.06666666666666,51.16362576130621,78.6,25.53333333333333,27.436374238693787
2020-10-19,54.03333333333333,52.00352468575871,76,21.96666666666667,23.996475314241287
2020-10-20,56.725,55.677102500971884,77.2,20.475,21.52289749902812
2020-10-21,60.166666666666664,59.251056109887266,75.9,15.733333333333341,16.64894389011274
2020-10-22,62.18333333333333,62.34469353375664,77.5,15.31666666666667,15.15530646624336
2020-10-23,60.55833333333334,60.08986652844369,77.6,17.041666666666657,17.5101334715563
2020-10-24,53.11666666666667,52.89838019955941,77.6,24.483333333333327,24.701619800440582
2020-10-25,47.15833333333333,45.916107295581185,77,29.84166666666667,31.083892704418815
2020-10-26,49.6,48.79295062848257,78.6,28.999999999999993,29.807049371517422
2020-10-27,48.75,48.50771025009719,79.7,30.950000000000003,31.192289749902812
2020-10-28,50.125,49.13991188285603,80,29.875,30.860088117143967
2020-10-29,48.275,47.17712841777893,79.3,31.025,32.122871582221066
2020-10-30,42.94166666666666,40.356900349876895,79.2,36.25833333333334,38.84309965012311
2020-10-31,43.21666666666667,40.63379551639238,77.3,34.08333333333333,36.666204483607615
2020-11-01,46.7,44.93112608526629,78.5,31.799999999999997,33.56887391473371
2020-11-02,42.325,40.13373072437476,73.6,31.27499999999999,33.46626927562524
2020-11-03,48.166666666666664,46.54146689127899,71.2,23.03333333333334,24.65853310872101
2020-11-04,52.9,51.50831929506285,73.3,20.4,21.79168070493715
2020-11-05,57.833333333333336,56.96359984449916,75.5,17.666666666666664,18.536400155500843
2020-11-06,59.24166666666667,58.60168459245821,76.3,17.05833333333333,17.698315407541784
2020-11-07,58.90833333333333,58.965906440326556,74.6,15.691666666666663,15.634093559673438
2020-11-08,59.483333333333334,59.53080212517818,74,14.516666666666666,14.469197874821823
2020-11-09,59.5,59.95047298172865,76.7,17.200000000000003,16.74952701827135
2020-11-10,59.708333333333336,60.612776985875335,77.5,17.791666666666664,16.887223014124665
2020-11-11,56.68333333333333,56.32859919657898,76.8,20.116666666666667,20.47140080342102
2020-11-12,50.56666666666667,50.382402488013476,77.5,26.93333333333333,27.117597511986524
2020-11-13,46.15833333333333,44.61983931579629,76.2,30.04166666666667,31.58016068420371
2020-11-14,44.95,42.961928210444476,76.3,31.349999999999994,33.33807178955552
2020-11-15,48.50833333333333,46.806997537903335,76.7,28.19166666666667,29.893002462096668
2020-11-16,46.175,44.93198133989892,76.4,30.22500000000001,31.468018660101087
2020-11-17,41.266666666666666,39.44683167033821,73,31.733333333333334,33.55316832966179
2020-11-18,38.11666666666667,35.62139432421925,68.8,30.68333333333333,33.178605675780744
2020-11-19,44.31666666666666,42.33089283400285,70.7,26.38333333333334,28.36910716599715
2020-11-20,51.35,50.57803550602566,71.4,20.050000000000004,20.82196449397435
2020-11-21,49.858333333333334,48.494635220940786,72.8,22.941666666666663,24.30536477905921
2020-11-22,45.69166666666666,44.04627445898665,72.8,27.108333333333334,28.753725541013345
2020-11-23,45.55833333333333,45.23687961643125,71.5,25.94166666666667,26.263120383568747
2020-11-24,41.791666666666664,39.889218608267456,70.8,29.008333333333333,30.91078139173254
2020-11-25,45.5,44.49681223273293,71.9,26.400000000000006,27.403187767267077
2020-11-26,51.00833333333333,50.32761435791111,71.8,20.791666666666664,21.472385642088888
2020-11-27,48.31666666666666,47.30944667616949,72.3,23.983333333333334,24.990553323830504
2020-11-28,45.416666666666664,44.179577556045096,70.9,25.48333333333334,26.72042244395491
2020-11-29,43.05,42.18159906699494,71.8,28.75,29.618400933005056
2020-11-30,44.858333333333334,44.787845017493844,72.9,28.04166666666667,28.112154982506162
2020-12-01,41.46666666666667,41.8967474407153,60.4,18.93333333333333,18.503252559284697
2020-12-02,39.00833333333333,37.333108721005566,54,14.991666666666667,16.666891278994434
2020-12-03,39.458333333333336,38.40758066606194,62.2,22.741666666666667,23.792419333938064
2020-12-04,42.375,42.07432940261759,67.5,25.125,25.425670597382407
2020-12-05,40.11666666666667,39.25831281586109,71.6,31.483333333333327,32.341687184138905
2020-12-06,36.541666666666664,35.12841777892964,69.4,32.85833333333334,34.27158222107037
2020-12-07,34.975,33.2906051574446,67,32.025,33.7093948425554
2020-12-08,36.425,33.73008941298432,58.1,21.675000000000004,24.36991058701568
2020-12-09,37.766666666666666,35.48998315407542,53.5,15.733333333333334,18.010016845924582
2020-12-10,41.333333333333336,39.69044965660231,57,15.666666666666664,17.30955034339769
2020-12-11,42.94166666666666,41.06328884281456,63,20.058333333333337,21.936711157185442
2020-12-12,44.75,43.58591421536867,68.6,23.849999999999994,25.014085784631327
2020-12-13,43.80833333333334,43.18767655824802,70.2,26.391666666666666,27.01232344175198
2020-12-14,35.125,34.03122975249449,71.3,36.175,37.26877024750551
2020-12-15,31.791666666666668,30.41260852662952,71.3,39.508333333333326,40.88739147337048
2020-12-16,30.316666666666666,28.483750161980044,70.3,39.983333333333334,41.81624983801996
2020-12-17,30.925,29.486277050667358,69,38.075,39.513722949332646
2020-12-18,30.45,27.58039393546715,55.8,25.349999999999998,28.219606064532847
2020-12-19,29.808333333333334,27.155747051963196,60.6,30.791666666666668,33.444252948036805
2020-12-20,34.791666666666664,32.063833095762604,67.1,32.30833333333333,35.03616690423739
2020-12-21,38.3,36.14909939095503,68.1,29.799999999999997,31.950900609044965
2020-12-22,39.28333333333333,37.192095373849945,60.1,20.81666666666667,22.907904626150057
2020-12-23,39.90833333333333,38.23554490086821,63.3,23.391666666666666,25.064455099131784
2020-12-24,39.65833333333333,38.871310094596346,69.3,29.641666666666666,30.42868990540365
2020-12-25,36.21666666666667,37.120863029674744,57.5,21.28333333333333,20.379136970325256
2020-12-26,28.925,27.31126085266295,50.4,21.474999999999998,23.088739147337048
2020-12-27,32.85,31.053932875469744,57.8,24.949999999999996,26.746067124530253
2020-12-28,37.766666666666666,36.06477905921991,64.3,26.53333333333333,28.23522094078009
2020-12-29,33.108333333333334,31.240300634961773,67.1,33.99166666666666,35.859699365038225
2020-12-30,35.325,33.06067124530258,70.4,35.075,37.339328754697426
2020-12-31,36.65833333333333,35.97791888039394,73.9,37.241666666666674,37.92208111960606
2021-01-01,32.75,31.91726059349488,74,41.25,42.08273940650512
2021-01-02,38.30833333333333,37.731786963846055,72.6,34.291666666666664,34.86821303615394
2021-01-03,35.80833333333333,34.14094855513801,70.5,34.69166666666667,36.35905144486199
2021-01-04,36.766666666666666,34.81307502915641,64.1,27.33333333333333,29.286924970843586
2021-01-05,35.625,33.82189970195672,59.3,23.674999999999997,25.47810029804328
2021-01-06,36.9,34.796799274329395,58.5,21.6,23.703200725670605
2021-01-07,34.708333333333336,33.3165867565116,62.5,27.791666666666664,29.183413243488403
2021-01-08,32.175,31.15357004017105,67.2,35.025000000000006,36.046429959828956
2021-01-09,31.291666666666668,30.112543734611897,59.2,27.908333333333335,29.087456265388106
2021-01-10,32.583333333333336,31.128365945315537,53.1,20.516666666666666,21.971634054684465
2021-01-11,31.65833333333333,29.78171569262667,63.9,32.24166666666667,34.11828430737333
2021-01-12,32.93333333333333,31.989361150706234,65.7,32.76666666666667,33.71063884929377
2021-01-13,36.40833333333333,34.97089542568356,59.8,23.391666666666666,24.82910457431644
2021-01-14,39.7,37.8040430218997,60.4,20.699999999999996,22.595956978100297
2021-01-15,39.675,37.6670338214332,61.5,21.825000000000003,23.8329661785668
2021-01-16,39.65,38.96374238693793,63.1,23.450000000000003,24.13625761306207
2021-01-17,37.641666666666666,36.315822210703644,57.9,20.258333333333333,21.584177789296355
2021-01-18,36.333333333333336,34.704652066865364,62.9,26.566666666666663,28.195347933134634
2021-01-19,34.291666666666664,32.0545937540495,59.4,25.108333333333334,27.3454062459505
2021-01-20,33.19166666666666,30.72586497343527,61.2,28.00833333333334,30.47413502656473
2021-01-21,35.175,32.614124659841906,60.7,25.525000000000006,28.085875340158097
2021-01-22,33.06666666666666,31.073642607230788,64.8,31.733333333333334,33.72635739276921
2021-01-23,27.95,25.885136711157188,65.1,37.14999999999999,39.21486328884281
2021-01-24,29.65,27.31097576778541,67.7,38.050000000000004,40.389024232214595
2021-01-25,31.958333333333332,30.024620966696904,69.2,37.241666666666674,39.1753790333031
2021-01-26,32.458333333333336,31.073253855125046,70.6,38.14166666666666,39.52674614487495
2021-01-27,31.15833333333333,29.888544771284177,70.5,39.34166666666667,40.611455228715826
2021-01-28,26.2,23.87395360891538,68.3,42.099999999999994,44.42604639108462
2021-01-29,23.791666666666668,20.30522223662045,58.8,35.008333333333326,38.494777763379545
2021-01-30,28.016666666666666,24.752015031748087,63.8,35.78333333333333,39.04798496825191
2021-01-31,29.666666666666668,26.34985097835947,67.9,38.233333333333334,41.550149021640536
2021-02-01,31.325,29.588596604898278,65.2,33.875,35.611403395101725
2021-02-02,32.375,30.804690942075936,56.4,24.025,25.595309057924062
2021-02-03,31.766666666666666,29.41219385771673,56.3,24.53333333333333,26.887806142283267
2021-02-04,33.766666666666666,31.90568873914734,54.1,20.333333333333336,22.19431126085266
2021-02-05,31.825,29.31808993132046,63.4,31.575,34.081910068679534
2021-02-06,28.558333333333334,26.12092782169237,70.6,42.04166666666666,44.479072178307625
2021-02-07,24.291666666666668,21.54723338084748,70.7,46.40833333333333,49.15276661915252
2021-02-08,21.208333333333332,17.65735389400026,71.1,49.891666666666666,53.442646105999735
2021-02-09,25.008333333333333,21.389361150706236,71.8,46.791666666666664,50.41063884929376
2021-02-10,23.53333333333333,21.0164312556693,72.1,48.56666666666666,51.08356874433069
2021-02-11,23.316666666666666,21.66220033691849,72.1,48.78333333333333,50.437799663081506
2021-02-12,21.233333333333334,19.165401062589087,72.3,51.06666666666666,53.134598937410914
2021-02-13,21.575,19.397628612154982,75.3,53.724999999999994,55.902371387845015
2021-02-14,23.416666666666668,21.88223402876766,74.6,51.18333333333332,52.71776597123234
2021-02-15,22.9,22.636102112219774,75.1,52.199999999999996,52.46389788778022
2021-02-16,28.383333333333333,29.76805753531165,71.3,42.916666666666664,41.53194246468834
2021-02-17,21.483333333333334,20.334443436568613,73,51.516666666666666,52.66555656343139
2021-02-18,24.566666666666666,23.367085655047298,75.9,51.33333333333334,52.53291434495271
2021-02-19,26.5,25.38927044188156,73.5,47,48.110729558118436
2021-02-20,25.725,24.30238434624854,62.4,36.675,38.09761565375146
2021-02-21,27.866666666666667,25.358196190229364,66.8,38.93333333333333,41.44180380977063
2021-02-22,35.141666666666666,32.58822081119606,70.9,35.75833333333334,38.311779188803946
2021-02-23,40.96666666666667,38.83176104703901,72.1,31.133333333333326,33.268238952960985
2021-02-24,43.53333333333333,41.387845017493845,70.1,26.566666666666663,28.71215498250615
2021-02-25,39.49166666666667,37.587624724633926,69.2,29.708333333333336,31.612375275366077
2021-02-26,36.6,34.1391602954516,73,36.4,38.8608397045484
2021-02-27,43.108333333333334,41.14455099131787,75.8,32.69166666666666,34.655449008682126
2021-02-28,43.708333333333336,41.73930283789037,77.1,33.39166666666666,35.360697162109624
2021-03-01,39.11666666666667,37.917156926266685,76.4,37.28333333333334,38.48284307373332
2021-03-02,31.441666666666666,28.35038227290398,74.9,43.45833333333334,46.54961772709603
2021-03-03,39.975,38.959828949073476,72.8,32.824999999999996,33.84017105092652
2021-03-04,37.11666666666667,34.800790462615005,66.4,29.28333333333334,31.599209537385
2021-03-05,33.958333333333336,31.019502397304652,67.3,33.34166666666666,36.28049760269535
2021-03-06,34.30833333333333,31.690138654917714,66,31.69166666666667,34.30986134508228
2021-03-07,35.141666666666666,32.829506284825705,65.2,30.058333333333337,32.3704937151743
2021-03-08,39.8,37.76248542179603,62.8,23,25.037514578203968
2021-03-09,49.06666666666667,47.790125696514195,67.2,18.133333333333333,19.409874303485807
2021-03-10,48.95833333333333,47.686730594790724,69.2,20.241666666666674,21.51326940520928
2021-03-11,53.43333333333334,52.44089672152391,71.1,17.666666666666657,18.65910327847608
2021-03-12,51.59166666666667,51.10632370092004,71.2,19.608333333333334,20.09367629907996
2021-03-13,43.166666666666664,40.924232214591164,70.4,27.23333333333334,29.47576778540884
2021-03-14,42.608333333333334,40.49209537384994,70.8,28.191666666666663,30.307904626150055
2021-03-15,33.5,30.50736037320202,72.3,38.8,41.79263962679798
2021-03-16,38.05833333333333,34.7009459634573,73.5,35.44166666666667,38.7990540365427
2021-03-17,42.725,40.18862252170532,73.4,30.675000000000004,33.211377478294686
2021-03-18,43.06666666666667,41.49840611636647,75,31.93333333333333,33.50159388363353
2021-03-19,39.13333333333333,36.9357522353246,71.1,31.96666666666666,34.164247764675395
2021-03-20,42.766666666666666,41.33497473111313,64,21.233333333333334,22.665025268886872
2021-03-21,47.425,46.43694440844888,64.5,17.075000000000003,18.06305559155112
2021-03-22,49.275,48.39099390955034,65.9,16.625000000000007,17.509006090449667
2021-03-23,51.55,50.43894000259168,67.2,15.650000000000006,16.761059997408324
2021-03-24,52.5,51.1453025787223,70.5,18,19.3546974212777
2021-03-25,54.21666666666667,53.56008811714397,76.5,22.28333333333333,22.93991188285603
2021-03-26,55.3,54.72107036413114,77.4,22.10000000000001,22.67892963586887
2021-03-27,53.6,52.51251781780484,76.6,22.999999999999993,24.087482182195153
2021-03-28,51.208333333333336,49.60781391732539,77.1,25.89166666666666,27.492186082674607
2021-03-29,47.766666666666666,46.169651418945186,76.6,28.83333333333333,30.430348581054808
2021-03-30,51.06666666666667,49.60022029285992,78.1,27.033333333333324,28.49977970714007
2021-03-31,51.45,50.15915511209019,77,25.549999999999997,26.84084488790981
2021-04-01,42.208333333333336,40.88317999222496,74.9,32.69166666666667,34.016820007775046
2021-04-02,38.18333333333333,35.625100427627316,66,27.81666666666667,30.374899572372684
2021-04-03,44.13333333333333,42.540132175715954,65.6,21.46666666666666,23.05986782428404
2021-04-04,52.375,51.18938706751328,69,16.625,17.81061293248672
2021-04-05,55.28333333333333,54.55950498898536,69.6,14.316666666666663,15.040495011014634
2021-04-06,58.025,56.82271608137878,70.6,12.574999999999996,13.777283918621215
2021-04-07,59.94166666666667,58.3133341972269,71.7,11.758333333333333,13.386665802773102
2021-04-08,57.975,56.32822340287676,72,14.024999999999999,15.671776597123241
2021-04-09,55.61666666666667,53.628871323053,73.4,17.78333333333334,19.771128676947008
2021-04-10,57.075,55.54628741739018,75.4,18.325000000000003,19.853712582609823
2021-04-11,55.15,52.71578333549307,73.5,18.35,20.78421666450693
2021-04-12,51.833333333333336,49.69462226253726,73.7,21.866666666666667,24.005377737462744
2021-04-13,51.88333333333333,50.29572372683685,72.8,20.916666666666664,22.50427627316315
2021-04-14,51.641666666666666,50.200375793702214,74.1,22.45833333333333,23.89962420629778
2021-04-15,48.983333333333334,47.747194505636905,73.7,24.71666666666667,25.952805494363098
2021-04-16,47.05833333333334,45.062990799533495,75.1,28.041666666666657,30.0370092004665
2021-04-17,47.7,45.95184657250227,76.8,29.099999999999994,30.848153427497728
2021-04-18,51.4,50.064584683167034,78.4,27.000000000000007,28.33541531683297
2021-04-19,51.65,50.77282622780873,76.5,24.85,25.72717377219127
2021-04-20,51.40833333333333,50.79024232214591,76.2,24.79166666666667,25.409757677854095
2021-04-21,46.766666666666666,46.64219256187638,75.2,28.433333333333337,28.557807438123625
2021-04-22,43,41.31672929895037,74.1,31.099999999999994,32.783270701049624
2021-04-23,49.71666666666667,48.35441233640015,76.4,26.683333333333337,28.045587663599854
2021-04-24,53.825,53.73290138654917,77.6,23.77499999999999,23.86709861345082
2021-04-25,51.175,49.87497732279383,79.4,28.22500000000001,29.525022677206174
2021-04-26,50.858333333333334,50.076817416094336,78.2,27.34166666666667,28.123182583905667
2021-04-27,58.71666666666667,57.892911753271996,78.1,19.383333333333326,20.207088246728
2021-04-28,63.975,61.759129195283144,77.7,13.725000000000001,15.940870804716859
2021-04-29,61.95,60.35728910198264,78.7,16.75,18.342710898017366
2021-04-30,57.06666666666667,55.50500194376053,78.7,21.633333333333333,23.19499805623947
2021-05-01,55.43333333333334,54.011960606453286,77.2,21.766666666666666,23.188039393546717
2021-05-02,65.56666666666666,65.2003110016846,79.3,13.733333333333334,14.0996889983154
2021-05-03,61.78333333333333,60.233082804198524,81.3,19.516666666666666,21.066917195801473
2021-05-04,60.78333333333333,58.17671374886614,83,22.21666666666667,24.823286251133858
2021-05-05,55.325,53.270130879875595,81.5,26.174999999999997,28.229869120124405
2021-05-06,53.93333333333333,52.71284177789296,81.4,27.466666666666676,28.687158222107044
2021-05-07,52.68333333333334,51.36534922897499,81,28.316666666666663,29.634650771025008
2021-05-08,50.40833333333333,48.401412465984194,78.5,28.09166666666667,30.098587534015806
2021-05-09,51.833333333333336,49.78903719061812,80.5,28.666666666666664,30.710962809381883
2021-05-10,52.641666666666666,50.56422184786834,80.9,28.25833333333334,30.335778152131667
2021-05-11,52.733333333333334,51.16870545548789,81.4,28.66666666666667,30.231294544512117
2021-05-12,52.916666666666664,51.733251263444345,82,29.083333333333336,30.266748736555655
2021-05-13,56.391666666666666,55.45767785408838,82.2,25.808333333333337,26.742322145911622
2021-05-14,59.333333333333336,58.885382920824156,78.5,19.166666666666664,19.614617079175844
2021-05-15,61.06666666666667,60.243345859790075,79.4,18.333333333333336,19.15665414020993
2021-05-16,61.18333333333334,61.12624076713749,78.9,17.71666666666667,17.773759232862517
2021-05-17,62.641666666666666,62.20602565763898,79.4,16.75833333333334,17.193974342361024
2021-05-18,65.88333333333334,65.8856680057017,80.1,14.216666666666654,14.214331994298291
2021-05-19,68.64166666666667,68.5660878579759,80.4,11.75833333333334,11.833912142024104
2021-05-20,68.38333333333333,67.71661267331865,80.1,11.716666666666669,12.383387326681344
2021-05-21,69.44166666666666,69.35445121161074,80.8,11.358333333333334,11.44554878838926
2021-05-22,73.15833333333333,73.99346896462356,79.7,6.541666666666671,5.706531035376443
2021-05-23,73.66666666666667,74.33647790592198,78.1,4.433333333333323,3.763522094078013
2021-05-24,66.26666666666667,65.40957626020474,77.3,11.033333333333331,11.890423739795253
2021-05-25,69.10833333333333,68.40733445639498,78.3,9.191666666666663,9.89266554360502
2021-05-26,71.49166666666666,72.20112738110664,78.4,6.908333333333346,6.198872618893361
2021-05-27,65.80833333333334,65.56448101593884,79,13.191666666666663,13.435518984061162
2021-05-28,57.425000000000004,55.47956459764157,78.4,20.975,22.920435402358436
2021-05-29,52.958333333333336,50.815407541790854,78.8,25.84166666666666,27.984592458209143
2021-05-30,54.25833333333333,52.441492808086046,80.4,26.141666666666673,27.95850719191396
2021-05-31,60.166666666666664,58.73459893741091,79.9,19.73333333333334,21.165401062589098
2021-06-01,64.35833333333333,63.57084359206946,77.7,13.341666666666669,14.129156407930545
2021-06-02,65.55833333333334,65.17514578203965,77.2,11.641666666666666,12.024854217960353
2021-06-03,67.26666666666667,66.67083063366593,78.3,11.033333333333331,11.629169366334068
2021-06-04,71.58333333333333,71.60106258908903,79.4,7.816666666666677,7.79893741091098
2021-06-05,75.60833333333333,76.05131527795776,80.2,4.591666666666669,4.148684722042248
2021-06-06,77.45,78.15430866917195,81.3,3.8499999999999943,3.1456913308280434
2021-06-07,76.6,76.58229882078528,82.6,6,6.017701179214711
2021-06-08,76.48333333333333,76.53055591551121,81.9,5.416666666666671,5.369444084488791
2021-06-09,76.38333333333334,76.24455099131787,81.3,4.916666666666657,5.055449008682132
2021-06-10,73.7,72.5203706103408,81.4,7.700000000000003,8.8796293896592
2021-06-11,69.625,68.3910198263574,81.8,12.174999999999997,13.408980173642604
2021-06-12,70.225,69.05496954775171,81,10.775000000000006,11.94503045224829
2021-06-13,72.1,70.82615005831282,81.6,9.5,10.773849941687175
2021-06-14,71.06666666666666,69.54965660230658,79.1,8.033333333333331,9.55034339769341
2021-06-15,70.84166666666667,69.38433329013866,79.7,8.858333333333334,10.315666709861347
2021-06-16,68.65833333333333,67.15341453932876,77.4,8.741666666666674,10.246585460671241
2021-06-17,70.13333333333334,68.72844369573669,76,5.86666666666666,7.271556304263314
2021-06-18,73.01666666666667,72.8835687443307,81,7.983333333333334,8.116431255669298
2021-06-19,74.775,74.6910327847609,81.7,6.924999999999997,7.008967215239096
2021-06-20,74.46666666666667,74.06599714915123,83,8.533333333333331,8.93400285084877
2021-06-21,73.75,73.84408448879098,82.1,8.349999999999994,8.255915511209011
2021-06-22,66.51666666666667,66.41142931190878,82.2,15.683333333333337,15.788570688091227
2021-06-23,66.53333333333333,65.3750161980044,79.8,13.266666666666666,14.424983801995594
2021-06-24,69.63333333333334,68.12550213813658,78.6,8.966666666666654,10.474497861863412
2021-06-25,70.675,69.48556433847351,78.8,8.125,9.314435661526488
2021-06-26,74.61666666666667,74.10539069586628,78.9,4.283333333333331,4.794609304133729
2021-06-27,77.05,77.1305040818971,79,1.9500000000000028,1.8694959181028992
2021-06-28,78.05833333333334,78.524309965012307,79.2,1.1416666666666657,0.6756900349876958
2021-06-29,79.50833333333333,80.14688350395231,78.6,-0.9083333333333314,-1.5468835039523157
2021-06-30,79.50833333333333,80.17992743294026,76.8,-2.7083333333333286,-3.3799274329402635
2021-07-01,73.89166666666667,73.30428923156667,77.9,4.00833333333334,4.595710768433335
2021-07-02,69.4,67.83141117014384,79.1,9.699999999999989,11.268588829856157
2021-07-03,67.78333333333333,66.17966826486976,82.1,14.316666666666663,15.920331735130233
2021-07-04,71.86666666666666,70.57499028119734,81.9,10.033333333333346,11.325009718802661
2021-07-05,75.00833333333334,74.12234028767655,81,5.99166666666666,6.8776597123234495
2021-07-06,78.10000000000001,78.3436179862641,77.1,-1.0000000000000142,-1.2436179862641126
2021-07-07,77.14166666666667,77.60213813658159,81.4,4.25833333333334,3.7978618634184187
2021-07-08,72.24166666666666,70.89709731761047,81.2,8.958333333333343,10.30290268238953
2021-07-09,72.075,71.55276661915252,79.6,7.5249999999999915,8.047233380847473
2021-07-10,71.59166666666667,70.54469353375664,79.1,7.508333333333326,8.555306466243351
2021-07-11,71.775,70.45293507839834,79.1,7.324999999999989,8.647064921601654
2021-07-12,72.9,71.89227679149928,78.9,6,7.007723208500721
2021-07-13,73.01666666666667,71.39849682519115,79.6,6.583333333333329,8.201503174808849
2021-07-14,75.36666666666666,75.10891538162498,77.9,2.5333333333333456,2.7910846183750238
2021-07-15,76.34166666666667,76.13932875469742,79.5,3.1583333333333314,3.3606712453025835
2021-07-16,76.65833333333333,76.3263444343657,80.3,3.6416666666666657,3.973655565634303
2021-07-17,75.68333333333334,74.8784760917455,78.4,2.7166666666666686,3.5215239082545082
2021-07-18,74.5,73.65070623299209,79,4.5,5.349293767007907
2021-07-19,74.65833333333333,73.54707788000519,79.6,4.941666666666663,6.052922119994804
2021-07-20,76.47500000000001,76.01818064014515,80.5,4.0249999999999915,4.481819359854853
2021-07-21,73.50833333333333,72.60349876895165,81.4,7.89166666666668,8.796501231048353
2021-07-22,72.39166666666667,71.49860049241934,82.4,10.00833333333334,10.901399507580663
2021-07-23,73.275,72.64908643255151,81.9,8.625,9.250913567448492
2021-07-24,74.875,74.14627445898665,81.2,6.325000000000003,7.05372554101335
2021-07-25,76.58333333333333,75.76594531553714,80.6,4.016666666666666,4.834054684462856
2021-07-26,78.35833333333333,78.27140080342102,81.1,2.74166666666666,2.8285991965789776
2021-07-27,78.68333333333334,78.2632110923934,79.7,1.0166666666666657,1.4367889076065978
2021-07-28,76.54166666666667,75.35765193728133,80.3,3.7583333333333258,4.942348062718665
2021-07-29,74.93333333333334,73.85403654269794,81.3,6.36666666666666,7.4459634573020566
2021-07-30,73.24166666666666,71.74473240896721,82,8.75833333333334,10.25526759103279
2021-07-31,70.60833333333333,68.99840611636645,83.7,13.091666666666669,14.70159388363355
2021-08-01,70.60833333333333,69.34722042244395,84,13.391666666666666,14.652779577556046
2021-08-02,70.49166666666667,69.51066476610082,82.9,12.408333333333331,13.389335233899189
2021-08-03,71.01666666666667,69.89707140080341,81.6,10.583333333333329,11.702928599196582
2021-08-04,71.65,70.48631592587793,79.5,7.849999999999994,9.013684074122068
2021-08-05,72.54166666666667,71.49593106129325,81.5,8.958333333333329,10.004068938706752
2021-08-06,75.05833333333334,74.39015161332125,82.2,7.141666666666666,7.809848386678752
2021-08-07,75.19166666666666,75.66756511597771,80.1,4.908333333333331,4.432434884022285
2021-08-08,74.88333333333333,74.3265647272256,79.6,4.716666666666669,5.2734352727743925
2021-08-09,75.35833333333333,74.18882985616173,80.2,4.841666666666669,6.011170143838271
2021-08-10,76.75833333333333,75.7827782817157,79.8,3.0416666666666714,4.017221718284304
2021-08-11,79.26666666666667,79.06930154205003,80.2,0.9333333333333371,1.1306984579499755
2021-08-12,81.3,81.37655824802384,81,-0.29999999999999716,-0.37655824802384075
2021-08-13,80.04166666666666,80.21807697291693,80.1,0.05833333333333712,-0.11807697291693842
2021-08-14,76.75,76.76917195801478,77.4,0.6500000000000057,0.6308280419852252
2021-08-15,72.89166666666667,72.11733834391603,77.1,4.208333333333329,4.9826616560839625
2021-08-16,72.31666666666666,71.42473759232864,81.7,9.38333333333334,10.275262407671363
2021-08-17,74.3,73.44027471815473,82,7.700000000000003,8.559725281845274
2021-08-18,75.51666666666667,75.27410910975767,82.4,6.88333333333334,7.1258908902423315
2021-08-19,77.29166666666667,76.84272385642089,82.2,4.908333333333331,5.357276143579114
2021-08-20,76.05833333333334,75.54066347026047,81.5,5.441666666666663,5.959336529739531
2021-08-21,75.76666666666667,75.80690682907866,82.2,6.433333333333337,6.393093170921347
2021-08-22,74.04166666666667,73.30675132823636,82.1,8.058333333333323,8.793248671763635
2021-08-23,76.41666666666667,75.53312167940909,81,4.583333333333329,5.466878320590908
2021-08-24,77.93333333333334,77.45616172087598,82.9,4.966666666666669,5.443838279124023
2021-08-25,78.91666666666667,78.65144486199301,81.5,2.5833333333333286,2.8485551380069865
2021-08-26,79.475,79.33448231177918,80,0.5250000000000057,0.6655176882208167
2021-08-27,78.26666666666667,78.66400155500843,82,3.7333333333333343,3.3359984449915743
2021-08-28,75.33333333333333,74.18408708047168,82.3,6.966666666666669,8.115912919528313
2021-08-29,74.025,73.23787741350266,81.6,7.574999999999989,8.362122586497335
2021-08-30,75.34166666666667,74.94298302449138,80.5,5.158333333333331,5.557016975508617
2021-08-31,73.84166666666667,73.78828560321368,80.8,6.958333333333329,7.011714396786317
2021-09-01,70.025,69.08496825191136,81.5,11.474999999999994,12.415031748088637
2021-09-02,67.56666666666666,66.51600362835298,79.3,11.733333333333334,12.78399637164702
2021-09-03,66.35833333333333,65.26265388104186,79.6,13.24166666666666,14.337346118958138
2021-09-04,69.35833333333333,68.09641052222366,79.8,10.441666666666663,11.703589477776333
2021-09-05,70.66666666666667,69.19965012310483,80.4,9.733333333333334,11.200349876895174
2021-09-06,71.475,70.91418945185954,82.4,10.925000000000011,11.485810548140464
2021-09-07,71.00833333333333,70.10685499546456,80.6,9.591666666666669,10.493145004535435
2021-09-08,71.71666666666667,71.07418686017883,81.3,9.583333333333329,10.22581313982117
2021-09-09,68.85833333333333,68.0936503822729,81.8,12.941666666666663,13.7063496177271
2021-09-10,67.75833333333333,66.83341972269015,82,14.241666666666674,15.166580277309848
2021-09-11,69.35833333333333,68.56506414409745,82.1,12.74166666666666,13.534935855902546
2021-09-12,73.28333333333333,73.15358299857458,81.8,8.516666666666666,8.64641700142542
2021-09-13,73.55833333333334,73.83042633147596,79,5.441666666666663,5.169573668524038
2021-09-14,72.24166666666666,72.07370739924842,79.4,7.158333333333346,7.326292600751586
2021-09-15,72.39166666666667,72.3748606971621,80.2,7.808333333333337,7.825139302837897
2021-09-16,69.94166666666666,69.09253595956977,79.3,9.358333333333334,10.207464040430224
2021-09-17,70.45,70.22635739276922,78.9,8.450000000000003,8.67364260723079
2021-09-18,70.99166666666667,70.76962550213813,79.6,8.60833333333332,8.830374497861868
2021-09-19,70.275,69.37382402488012,80.6,10.324999999999989,11.226175975119872
2021-09-20,69.36666666666667,68.03054295710768,79,9.633333333333326,10.969457042892316
2021-09-21,68.74166666666667,67.39022936374239,78.2,9.458333333333329,10.80977063625761
2021-09-22,67.75833333333334,67.28019955941429,78.1,10.341666666666654,10.819800440585709
2021-09-23,65.925,66.30933005053777,79.8,13.875,13.49066994946223
2021-09-24,64.03333333333333,64.40423739795257,79.7,15.666666666666671,15.295762602047432
2021-09-25,63.016666666666666,62.55670597382402,78.9,15.88333333333334,16.343294026175982
2021-09-26,64.5,64.33421018530518,80.9,16.400000000000006,16.565789814694824
2021-09-27,67.65833333333333,67.6045613580407,79,11.341666666666669,11.395438641959302
2021-09-28,66.56666666666666,65.83825320720487,77.9,11.333333333333343,12.061746792795134
2021-09-29,62.85,61.52722560580536,78.3,15.449999999999996,16.772774394194634
2021-09-30,63.108333333333334,61.61948943890113,78.7,15.591666666666669,17.080510561098876
2021-10-01,62.56666666666667,61.4637294285344,79.5,16.93333333333333,18.0362705714656
2021-10-02,65.375,64.24009330050538,80.3,14.924999999999997,16.05990669949462
2021-10-03,68.11666666666666,67.03422314370869,78.7,10.583333333333343,11.665776856291316
2021-10-04,66.54166666666667,65.10505377737462,79.8,13.258333333333326,14.694946222625376
2021-10-05,64.49166666666666,62.85218349099391,80.9,16.408333333333346,18.047816509006097
2021-10-06,65.15833333333333,63.98678242840482,81.1,15.941666666666663,17.11321757159517
2021-10-07,66.275,65.55058960736037,80.6,14.324999999999989,15.04941039263963
2021-10-08,66.23333333333333,65.16601010755474,79.6,13.36666666666666,14.433989892445254
2021-10-09,65.38333333333334,64.43606323700921,77.6,12.216666666666654,13.163936762990787
2021-10-10,65.85,65.03598548658805,78.1,12.25,13.064014513411948
2021-10-11,65.76666666666667,65.51475962161462,78.3,12.533333333333331,12.785240378385382
2021-10-12,64.475,63.69187508099002,78.9,14.425000000000011,15.208124919009983
2021-10-13,65.05833333333334,64.20564986393676,77.9,12.841666666666669,13.69435013606325
2021-10-14,66.24166666666666,65.78920564986393,79.4,13.158333333333346,13.610794350136075
2021-10-15,65.2,64.33650382272904,79.9,14.700000000000003,15.563496177270963
2021-10-16,62.141666666666666,62.110276013995076,78.6,16.45833333333333,16.48972398600492
2021-10-17,55.75,55.304639108461835,79.4,23.650000000000006,24.09536089153817
2021-10-18,54.7,53.753103537644165,78,23.299999999999997,24.246896462355835
2021-10-19,57.33333333333333,56.30058312815861,76.8,19.46666666666667,20.49941687184139
2021-10-20,61.625,61.64164830892834,78.9,17.275000000000006,17.258351691071667
2021-10-21,60.55,60.113321238823374,78.9,18.35000000000001,18.78667876117663
2021-10-22,57.575,57.370973176104705,78.5,20.924999999999997,21.129026823895295
2021-10-23,53.49166666666667,51.954295710768434,78.7,25.208333333333336,26.74570428923157
2021-10-24,52.791666666666664,50.76663211092393,79.2,26.40833333333334,28.433367889076074
2021-10-25,58.55833333333333,57.421264740184014,78.7,20.141666666666673,21.27873525981599
2021-10-26,54.85,54.33602436179862,79.9,25.050000000000004,25.563975638201384
2021-10-27,54.83333333333333,53.27996630815083,78,23.16666666666667,24.720033691849167
2021-10-28,54.25833333333333,52.491810288972395,78.6,24.34166666666666,26.1081897110276
2021-10-29,53.81666666666667,52.37169884670209,79.3,25.483333333333327,26.92830115329791
2021-10-30,55.00833333333333,55.25473629648827,74.7,19.69166666666667,19.445263703511735
2021-10-31,54.516666666666666,54.2907606582869,72,17.483333333333334,17.7092393417131
2021-11-01,50.291666666666664,49.313852533367886,67.6,17.30833333333333,18.28614746663211
2021-11-02,46.63333333333333,45.31891926914604,71.6,24.96666666666666,26.28108073085395
2021-11-03,43.325,41.81152002073345,74.5,31.174999999999997,32.68847997926655
2021-11-04,42.61666666666667,41.23051704030064,74.5,31.883333333333333,33.26948295969936
2021-11-05,43.766666666666666,42.367422573538946,72,28.233333333333334,29.632577426461054
2021-11-06,44.78333333333333,43.62967474407153,69,24.21666666666667,25.37032525592847
2021-11-07,47.475,46.37688220811196,65.4,17.925000000000004,19.023117791888048
2021-11-08,52.09166666666667,51.11989114941039,64.5,12.408333333333331,13.380108850589608
2021-11-09,53.49166666666667,52.84468057535311,67.1,13.608333333333327,14.255319424646885
2021-11-10,53.475,52.46536218737852,70.9,17.425000000000004,18.43463781262149
2021-11-11,52.36666666666667,50.58802643514319,73.6,21.233333333333327,23.011973564856802
2021-11-12,52.775,51.83264221847868,72.4,19.625000000000007,20.567357781521324
2021-11-13,45.475,44.42839186212259,72.6,27.124999999999993,28.171608137877406
2021-11-14,43.06666666666667,41.24609304133731,66.8,23.733333333333327,25.553906958662687
2021-11-15,42.425,40.006673577815214,63.3,20.875,23.293326422184784
2021-11-16,43.016666666666666,41.00725670597382,67.8,24.78333333333333,26.792743294026174
2021-11-17,48.84166666666667,47.05367370739925,72.5,23.65833333333333,25.44632629260075
2021-11-18,49.88333333333333,49.33928987948685,72.2,22.31666666666667,22.860710120513154
2021-11-19,40.766666666666666,39.78702863807179,74.5,33.733333333333334,34.71297136192821
2021-11-20,40.18333333333333,38.85762602047428,73.7,33.51666666666667,34.842373979525725
2021-11-21,45.94166666666666,44.52314370869509,73,27.058333333333337,28.476856291304912
2021-11-22,42.99166666666667,41.55515096540106,71.4,28.40833333333334,29.844849034598944
2021-11-23,37.25,35.064830892834,64.5,27.25,29.435169107165997
2021-11-24,40.5,38.36068420370611,63.2,22.700000000000003,24.839315796293896
2021-11-25,42.90833333333333,41.682221070364136,67.8,24.891666666666666,26.11777892963586
2021-11-26,38.325,36.903369184916414,66.4,28.075000000000003,29.49663081508359
2021-11-27,36.25833333333333,34.654360502786055,65.1,28.84166666666666,30.44563949721394
2021-11-28,38.13333333333333,35.39013865491771,61.3,23.166666666666664,25.909861345082284
2021-11-29,38.55833333333333,36.22305299987041,65.4,26.841666666666676,29.176947000129594
2021-11-30,39.11666666666667,36.71587404431774,62.3,23.18333333333333,25.58412595568226
2021-12-01,42.65833333333333,40.590799533497474,67.2,24.54166666666667,26.60920046650253
2021-12-02,49.49166666666667,48.42668135285733,67.8,18.30833333333333,19.373318647142668
2021-12-03,43.325,41.53813658157315,64.9,21.575000000000003,23.361863418426857
2021-12-04,41.125,38.444071530387454,66.2,25.075000000000003,27.75592846961255
2021-12-05,41.9,39.69103278476092,70.9,29.000000000000007,31.208967215239085
2021-12-06,45.583333333333336,44.73089283400285,71.3,25.71666666666666,26.569107165997146
2021-12-07,33.56666666666667,32.141466891278995,70.4,36.833333333333336,38.25853310872101
2021-12-08,34.675,33.126175975119864,71.5,36.825,38.373824024880136
2021-12-09,36.99166666666667,34.69107165997149,73.8,36.80833333333333,39.108928340028505
2021-12-10,42.641666666666666,40.553829208241545,73.7,31.058333333333337,33.14617079175846
2021-12-11,48.59166666666667,48.31361928210445,74.5,25.90833333333333,26.186380717895553
2021-12-12,40.825,40.85973824024881,74.1,33.27499999999999,33.240261759751185
2021-12-13,41.425,41.086860178825965,75.7,34.275000000000006,34.61313982117404
2021-12-14,43.63333333333333,42.465388104185564,73.9,30.266666666666673,31.43461189581444
2021-12-15,46.891666666666666,46.106245950498895,73.3,26.40833333333333,27.193754049501102
2021-12-16,51.03333333333333,50.587041596475316,75.1,24.066666666666663,24.512958403524678
2021-12-17,46.475,45.691097576778546,75.3,28.824999999999996,29.60890242322145
2021-12-18,40.125,38.9538551250486,74.6,34.474999999999994,35.646144874951396
2021-12-19,35.666666666666664,34.6802643514319,74,38.333333333333336,39.3197356485681
2021-12-20,31.808333333333334,30.283205909032006,74,42.19166666666666,43.716794090967994
2021-12-21,34.74166666666667,33.7175327199689,73,38.25833333333333,39.2824672800311
2021-12-22,35.525,34.20732149799145,65,29.475,30.79267850200855
2021-12-23,34.40833333333333,32.48064014513412,59.8,25.391666666666666,27.31935985486588
2021-12-24,41.266666666666666,38.54672800311002,63.1,21.833333333333336,24.553271996889983
2021-12-25,43.90833333333333,41.46449397434236,66.9,22.991666666666674,25.435506025657645
2021-12-26,41.63333333333333,39.675171698846704,69.4,27.766666666666673,29.724828301153302
2021-12-27,38.00833333333333,36.07964234806272,69.1,31.09166666666666,33.020357651937275
2021-12-28,39.61666666666667,38.12821044447325,69.6,29.983333333333327,31.471789555526748
2021-12-29,39.208333333333336,38.007762083711285,71.3,32.09166666666666,33.29223791628871
2021-12-30,41.5,40.237449786186346,72.4,30.900000000000006,32.16255021381366
2021-12-31,44.375,43.432059090320074,73.8,29.424999999999997,30.367940909679923
2022-01-01,43.575,43.302293637423865,73.4,29.825000000000003,30.09770636257614
2022-01-02,36.075,36.68557729687702,75,38.925,38.31442270312298
2022-01-03,26.9,24.70441881560192,69.3,42.4,44.59558118439808
2022-01-04,28.741666666666667,26.83879746015291,64.2,35.458333333333336,37.36120253984709
2022-01-05,33.53333333333333,31.55929765452896,68.9,35.366666666666674,37.340702345471044
2022-01-06,28.766666666666666,27.196643773487107,65.1,36.33333333333333,37.903356226512884
2022-01-07,23.391666666666666,21.818660101075547,71.4,48.00833333333334,49.581339898924455
2022-01-08,25.941666666666666,22.665569521834907,72.9,46.95833333333334,50.234430478165095
2022-01-09,32.18333333333333,30.11926914604121,73.5,41.31666666666667,43.380730853958795
2022-01-10,25.40833333333333,23.447116755215756,71.6,46.19166666666666,48.152883244784235
2022-01-11,22.841666666666665,19.70335622651289,69.2,46.358333333333334,49.49664377348711
2022-01-12,33.625,31.268575871452637,69.9,36.275000000000006,38.631424128547366
2022-01-13,37.21666666666667,35.546170791758456,66.2,28.983333333333334,30.653829208241547
2022-01-14,35.28333333333333,33.833121679409096,65.6,30.316666666666663,31.766878320590898
2022-01-15,20.95,18.331424128547365,63.2,42.25,44.868575871452634
2022-01-16,24.733333333333334,21.937099909291177,69.3,44.56666666666666,47.36290009070882
2022-01-17,35.041666666666664,34.08859660489828,65.3,30.258333333333333,31.21140339510172
2022-01-18,33.31666666666666,30.981845276661915,57.5,24.183333333333337,26.518154723338085
2022-01-19,34.44166666666666,32.14462874173901,60.1,25.65833333333334,27.95537125826099
2022-01-20,27.016666666666666,26.118452766619153,66.1,39.08333333333333,39.98154723338084
2022-01-21,20.191666666666666,18.01755863677595,70.3,50.108333333333334,52.28244136322405
2022-01-22,24.291666666666664,22.32397304652067,66.6,42.30833333333333,44.276026953479324
2022-01-23,27.15,25.047881301023715,56.5,29.35,31.452118698976285
2022-01-24,27.708333333333332,25.639924841259557,53,25.291666666666668,27.360075158740443
2022-01-25,28.058333333333334,25.854606712453027,60.3,32.24166666666666,34.44539328754697
2022-01-26,20.358333333333334,17.146144874951403,69.2,48.84166666666667,52.0538551250486
2022-01-27,26.25,23.66424776467539,67.9,41.650000000000006,44.23575223532461
2022-01-28,27.975,26.475456783724248,65.1,37.12499999999999,38.62454321627575
2022-01-29,21.391666666666666,18.140248801347674,55.1,33.708333333333336,36.95975119865233
2022-01-30,22.316666666666666,18.24966956071012,46.6,24.283333333333335,28.35033043928988
2022-01-31,24.791666666666668,21.12228845406246,51.9,27.10833333333333,30.77771154593754
2022-02-01,32.233333333333334,29.81797330568874,61.9,29.666666666666664,32.08202669431126
2022-02-02,33.31666666666666,31.2566411818064,68.8,35.483333333333334,37.543358818193596
2022-02-03,32.65833333333333,33.004833484514705,71.5,38.84166666666667,38.495166515485295
2022-02-04,30.158333333333335,29.887106388492935,72.2,42.04166666666667,42.312893611507064
2022-02-05,22.21666666666667,19.95735389400026,70.2,47.983333333333334,50.24264610599974
2022-02-06,25.525,23.093274588570686,66.3,40.775,43.20672541142931
2022-02-07,31,29.100233251263443,64.7,33.7,35.599766748736556
2022-02-08,34.2,32.69847090838408,66.6,32.39999999999999,33.90152909161591
2022-02-09,37.99166666666667,35.57561228456654,61.4,23.40833333333333,25.82438771543346
2022-02-10,39.625,37.73018012180899,60,20.375,22.269819878191008
2022-02-11,41.833333333333336,40.31562783465077,63.9,22.066666666666663,23.58437216534923
2022-02-12,39.075,38.624387715433464,68.1,29.02499999999999,29.47561228456653
2022-02-13,28.108333333333334,26.535169107165995,65.6,37.49166666666666,39.064830892833996
2022-02-14,23.333333333333332,20.620435402358428,57.3,33.96666666666667,36.67956459764157
2022-02-15,27.183333333333334,24.55328495529351,62.3,35.11666666666666,37.74671504470649
2022-02-16,38.983333333333334,37.30736037320202,71.1,32.11666666666666,33.79263962679797
2022-02-17,45.075,44.67615653751458,73.1,28.02499999999999,28.423843462485415
2022-02-18,35.69166666666667,35.364947518465726,72.6,36.908333333333324,37.23505248153427
2022-02-19,27.925,25.597745237786704,70.5,42.575,44.902254762213296
2022-02-20,32.725,30.53830504081897,71,38.275,40.46169495918103
2022-02-21,41.49166666666667,39.733925100427626,72.3,30.80833333333333,32.56607489957237
2022-02-22,45.65,44.19867824284049,72.9,27.250000000000007,28.70132175715952
2022-02-23,41.19166666666666,42.43971750680316,74.2,33.00833333333334,31.76028249319684
2022-02-24,27.8,27.480121808993133,73.6,45.8,46.11987819100686
2022-02-25,30.166666666666668,29.579940391343786,73.4,43.233333333333334,43.82005960865622
2022-02-26,28.291666666666668,26.15016198004406,72.2,43.90833333333333,46.04983801995594
2022-02-27,34.975,33.32511338603084,72.2,37.225,38.87488661396916
2022-02-28,33.69166666666667,31.260774912530774,71.6,37.908333333333324,40.33922508746922
2022-03-01,39.15,36.614759621614624,67.8,28.65,31.185240378385373
2022-03-02,42.141666666666666,40.37362964882726,70.4,28.25833333333334,30.026370351172744
2022-03-03,36.775,34.5194764804976,71.6,34.824999999999996,37.08052351950239
2022-03-04,33.15,29.94795905144486,74.7,41.550000000000004,44.75204094855514
2022-03-05,42.38333333333333,40.49753790333031,76.5,34.11666666666667,36.00246209666969
2022-03-06,52.43333333333334,50.98790980951147,77.5,25.066666666666663,26.51209019048853
2022-03-07,49.7,50.32406375534534,76.3,26.599999999999994,25.975936244654655
2022-03-08,38.4,37.33431385253337,76,37.6,38.66568614746663
2022-03-09,35.7,34.511027601399505,76,40.3,41.488972398600495
2022-03-10,36.81666666666667,35.293507839834135,77.1,40.283333333333324,41.80649216016586
2022-03-11,37.141666666666666,36.18559025528055,77.3,40.15833333333333,41.114409744719445
2022-03-12,31.008333333333333,29.783646494751846,72,40.99166666666667,42.21635350524815
2022-03-13,32.375,30.55486588052352,60.7,28.325000000000003,30.145134119476484
2022-03-14,43.90833333333333,42.371841389140855,69.8,25.891666666666666,27.428158610859143
2022-03-15,48.78333333333333,47.43032266424776,73.4,24.616666666666674,25.969677335752245
2022-03-16,51.68333333333333,50.151133860308406,72,20.31666666666667,21.848866139691594
2022-03-17,52.00833333333333,50.55447712841778,74.3,22.291666666666664,23.745522871582217
2022-03-18,53.68333333333334,52.521420241026306,76.2,22.516666666666666,23.678579758973697
2022-03-19,52.233333333333334,51.037540495011015,76.2,23.96666666666667,25.162459504988988
2022-03-20,50.583333333333336,49.7165867565116,76.2,25.616666666666667,26.4834132434884
2022-03-21,52.11666666666667,51.04766100816379,75.4,23.28333333333334,24.352338991836213
2022-03-22,48.525,47.37609174549695,75.8,27.275,28.423908254503047
2022-03-23,46.25,44.55582480238434,78.5,32.25,33.94417519761566
2022-03-24,47.00833333333333,44.53545419204354,76.6,29.59166666666666,32.064545807956456
2022-03-25,48.15,46.86678761176623,70.2,22.050000000000004,23.333212388233775
2022-03-26,43.583333333333336,41.71702734223143,68.6,25.01666666666666,26.882972657768562
2022-03-27,38.175,36.07298172865103,70.8,32.625,34.72701827134897
2022-03-28,32.3,28.95020085525463,70.1,37.8,41.149799144745366
2022-03-29,36.125,32.9608397045484,73.2,37.075,40.239160295451605
2022-03-30,43.233333333333334,41.39701956718932,75.6,32.36666666666666,34.202980432810676
2022-03-31,51.775,50.633380847479586,78.7,26.925000000000004,28.066619152520417
2022-04-01,46.95,46.109472592976545,78.7,31.75,32.59052740702346
2022-04-02,43.425,41.27907217830763,77.5,34.075,36.22092782169237
2022-04-03,44.458333333333336,42.212854736296485,74,29.541666666666664,31.787145263703515
2022-04-04,45.525,44.52153686665803,75.2,29.675000000000004,30.67846313334197
2022-04-05,49.00833333333333,46.659206945704284,78.3,29.291666666666664,31.640793054295713
2022-04-06,51.041666666666664,48.97526240767138,80.9,29.85833333333334,31.924737592328626
2022-04-07,48.68333333333333,46.58188415187249,80.1,31.416666666666664,33.51811584812751
2022-04-08,50.05,48.67955163923805,72.7,22.650000000000006,24.020448360761954
2022-04-09,47.28333333333333,45.50224180380977,71,23.71666666666667,25.497758196190233
2022-04-10,47.44166666666666,45.735972528184526,67.3,19.858333333333334,21.56402747181547
2022-04-11,51.666666666666664,50.09901516133212,72.3,20.633333333333333,22.20098483866788
2022-04-12,56.30833333333333,55.26384605416612,74.8,18.491666666666667,19.536153945833874
2022-04-13,59.94166666666666,59.66433847350007,76.8,16.858333333333334,17.13566152649993
2022-04-14,56.666666666666664,55.87698587534016,77.3,20.633333333333333,21.423014124659836
2022-04-15,53.108333333333334,52.39562005960865,75.4,22.29166666666667,23.004379940391352
2022-04-16,52.93333333333333,51.479331346378125,75.6,22.666666666666664,24.12066865362187
2022-04-17,44.45,42.14873655565634,75.3,30.849999999999994,33.151263444343655
2022-04-18,42.88333333333333,41.23194246468835,76.8,33.916666666666664,35.568057535311645
2022-04-19,45.391666666666666,44.27870934300894,77.4,32.00833333333334,33.121290656991064
2022-04-20,48.525,46.82795127640274,76,27.475,29.172048723597257
2022-04-21,53.33333333333333,51.96842037061034,77,23.66666666666667,25.03157962938966
2022-04-22,55.891666666666666,54.70874692237916,77.8,21.90833333333333,23.091253077620834
2022-04-23,59.45,57.974057276143576,77.1,17.64999999999999,19.12594272385642
2022-04-24,59.541666666666664,57.37453673707399,76.6,17.05833333333333,19.225463262926006
2022-04-25,54.28333333333333,51.90239730465206,77.5,23.21666666666667,25.597602695347938
2022-04-26,51.59166666666667,50.261098872618895,76.2,24.608333333333334,25.938901127381108
2022-04-27,47.175,45.63143708695089,76,28.825000000000003,30.36856291304911
2022-04-28,46.90833333333333,44.9174808863548,76.1,29.191666666666663,31.182519113645192
2022-04-29,50.94166666666667,49.234300894129845,72.7,21.758333333333333,23.465699105870158
2022-04-30,54.49166666666667,52.91894518595309,71.4,16.90833333333334,18.481054814046914
2022-05-01,56.108333333333334,54.43538940002592,73.6,17.49166666666666,19.164610599974075
2022-05-02,55.791666666666664,53.45709472592977,74.4,18.60833333333334,20.942905274070235
2022-05-03,55.45,52.72322145911623,75.3,19.849999999999994,22.576778540883765
2022-05-04,56.291666666666664,53.506880912271605,76.1,19.80833333333333,22.59311908772839
2022-05-05,57.825,56.321174031359334,78.2,20.375,21.87882596864067
2022-05-06,55.833333333333336,53.60768433329014,78.6,22.76666666666666,24.992315666709857
2022-05-07,53.583333333333336,50.7280290268239,77.4,23.81666666666667,26.67197097317611
2022-05-08,54.1,51.99319683814954,79.3,25.199999999999996,27.30680316185046
2022-05-09,58.7,57.13852533367889,79.5,20.799999999999997,22.361474666321108
2022-05-10,61.65,60.742918232473755,78.3,16.65,17.557081767526242
2022-05-11,63.55,62.24453803291434,75.9,12.350000000000009,13.655461967085664
2022-05-12,66.59166666666667,65.63435272774394,73.3,6.708333333333329,7.665647272256052
2022-05-13,67.9,67.04560062200338,74.1,6.199999999999989,7.054399377996617
2022-05-14,68.36666666666667,67.88469612543734,75.8,7.433333333333323,7.915303874562653
2022-05-15,68.55833333333334,67.93936762990799,77.6,9.041666666666657,9.660632370092003
2022-05-16,66.08333333333333,65.66800570169755,78,11.916666666666671,12.331994298302448
2022-05-17,63.458333333333336,62.11796034728521,78.3,14.841666666666661,16.182039652714785
2022-05-18,61.358333333333334,59.935959569781,79.9,18.54166666666667,19.964040430219008
2022-05-19,64.06666666666666,62.83209796553064,81.2,17.13333333333334,18.36790203446936
2022-05-20,67.74166666666666,66.67960347285215,77.3,9.558333333333337,10.620396527147847
2022-05-21,70.85833333333333,69.95902552805495,82.4,11.541666666666671,12.440974471945054
2022-05-22,68.38333333333334,69.31821951535572,84.2,15.816666666666663,14.881780484644281
2022-05-23,61.65833333333333,61.01805105610988,83.3,21.641666666666666,22.281948943890114
2022-05-24,60.375,58.97127121938577,81,20.625,22.02872878061423
2022-05-25,60.983333333333334,60.664170014254246,82.9,21.91666666666667,22.23582998574576
2022-05-26,63.5,63.22208111960606,82.3,18.799999999999997,19.077918880393938
2022-05-27,65.78333333333333,65.00441881560192,80.7,14.916666666666671,15.69558118439808
2022-05-28,67.11666666666666,66.22784760917455,80.3,13.183333333333337,14.072152390825451
2022-05-29,69.29166666666667,68.38967215239082,78,8.708333333333329,9.610327847609184
2022-05-30,73.96666666666667,73.84182972657769,77.5,3.5333333333333314,3.6581702734223143
2022-05-31,75.775,75.57116755215756,76.7,0.9249999999999972,1.1288324478424414
2022-06-01,69.95833333333333,67.28592717377218,76.5,6.541666666666671,9.21407282622782
2022-06-02,67.35,66.00452248283011,77.1,9.75,11.095477517169883
2022-06-03,66.875,66.35867565115979,73.7,6.825000000000003,7.341324348840217
2022-06-04,66.675,65.67247635091357,78.3,11.625,12.627523649086427
2022-06-05,66.60833333333333,65.69424646883503,78.4,11.791666666666671,12.705753531164973
2022-06-06,69.28333333333333,68.26371647013087,80.1,10.816666666666663,11.836283529869121
2022-06-07,68.39166666666667,66.78224698717118,77.9,9.50833333333334,11.117753012828828
2022-06-08,69.89166666666667,68.74330698457949,78.1,8.208333333333329,9.356693015420504
2022-06-09,70.00833333333334,68.90047946093041,78.4,8.391666666666666,9.499520539069593
2022-06-10,69.03333333333333,67.59669560710121,78.1,9.066666666666663,10.503304392898784
2022-06-11,69.15833333333333,67.77741350265647,76.9,7.741666666666674,9.122586497343534
2022-06-12,68.98333333333333,66.75512504859401,79.9,10.916666666666671,13.144874951405995
2022-06-13,73.90833333333333,72.745665414021,81.4,7.491666666666674,8.654334585979
2022-06-14,75.575,75.27235972528185,80.4,4.825000000000003,5.127640274718161
2022-06-15,75.54166666666667,75.0066087857976,81.2,5.658333333333331,6.193391214202407
2022-06-16,74.075,72.82044836076196,81.1,7.0249999999999915,8.279551639238036
2022-06-17,76.275,75.67230789166774,81.6,5.324999999999989,5.927692108332252
2022-06-18,67.575,65.95706880912272,81.3,13.724999999999994,15.34293119087728
2022-06-19,67.025,64.63903071141635,81.8,14.774999999999991,17.160969288583644
2022-06-20,72.35,70.60120513152779,78.7,6.3500000000000085,8.098794868472211
2022-06-21,74.85,73.40930413373073,80.7,5.8500000000000085,7.2906958662692745
2022-06-22,72.98333333333333,71.1066217442011,80.4,7.416666666666671,9.293378255798899
2022-06-23,70.65,69.08842814565246,79.8,9.149999999999991,10.71157185434754
2022-06-24,73.48333333333333,72.45205390695867,83.2,9.716666666666669,10.747946093041335
2022-06-25,76.08333333333333,75.39838019955943,79.7,3.6166666666666742,4.301619800440577
2022-06-26,76.35833333333333,76.4626797978489,78.1,1.74166666666666,1.6373202021510878
2022-06-27,72.59166666666667,71.93912142024102,78.6,6.008333333333326,6.660878579758972
2022-06-28,71.49166666666667,70.6797848905015,79.7,8.208333333333329,9.020215109498508
2022-06-29,74.23333333333333,73.7073992484126,80.1,5.86666666666666,6.392600751587395
2022-06-30,76.75,76.30313593365298,80.6,3.8499999999999943,4.296864066347013
2022-07-01,77.43333333333334,77.33014124659842,79.6,2.166666666666657,2.2698587534015786
2022-07-02,75.625,75.51645717247635,80.1,4.474999999999994,4.583542827523644
2022-07-03,76.10833333333333,75.90224180380977,80.4,4.291666666666671,4.497758196190233
2022-07-04,75.88333333333333,75.40019437605287,81.3,5.416666666666671,5.899805623947131
2022-07-05,76.675,76.46337955163924,82.2,5.525000000000006,5.7366204483607675
2022-07-06,76.68333333333334,75.98816897758195,80.9,4.216666666666669,4.911831022418056
2022-07-07,74.54166666666667,73.61549825061553,79.5,4.958333333333329,5.884501749384469
2022-07-08,74.85833333333333,73.8003628352987,79.9,5.041666666666671,6.099637164701306
2022-07-09,73.74166666666666,72.84543216275755,80.5,6.75833333333334,7.654567837242453
2022-07-10,73.80833333333334,72.40773616690424,82.4,8.591666666666669,9.992263833095762
2022-07-11,75.325,74.69602177011791,81.7,6.375,7.003978229882094
2022-07-12,76.71666666666667,76.64985097835947,82.2,5.483333333333334,5.550149021640536
2022-07-13,76.375,76.36450693274588,83,6.625,6.635493067254117
2022-07-14,75.075,74.59350783983413,80,4.924999999999997,5.406492160165868
2022-07-15,74.59166666666667,73.57649345600623,78.9,4.308333333333337,5.323506543993773
2022-07-16,73.875,73.16683944538033,78.3,4.424999999999997,5.133160554619664
2022-07-17,75.59166666666667,74.92337695995853,80,4.408333333333331,5.0766230400414685
2022-07-18,77.2,76.13041337307244,82.7,5.5,6.56958662692756
2022-07-19,80.21666666666667,79.91247894259426,83.7,3.4833333333333343,3.7875210574057405
2022-07-20,81.7,82.0649345600622,83.4,1.7000000000000028,1.3350654399378072
2022-07-21,81.25833333333333,81.19742127769858,82.3,1.0416666666666714,1.1025787223014163
2022-07-22,81.50833333333334,81.74460282493196,81.6,0.09166666666665435,-0.1446028249319653
2022-07-23,81.03333333333333,81.56568614746664,79.8,-1.2333333333333343,-1.7656861474666385
2022-07-24,81.22500000000001,82.17552157574187,81,-0.22500000000000853,-1.1755215757418682
2022-07-25,77.425,77.21680704937151,80.2,2.7750000000000057,2.983192950628492
2022-07-26,74.125,73.77618245432163,78.7,4.575000000000003,4.923817545678375
2022-07-27,75.01666666666667,74.80405598030323,82.2,7.183333333333337,7.3959440196967705
2022-07-28,77,76.91041855643385,82.9,5.900000000000006,5.989581443566152
2022-07-29,75.925,75.95042114811456,81.6,5.674999999999997,5.649578851885437
2022-07-30,76.525,76.1957496436439,82,5.474999999999994,5.804250356356107
2022-07-31,76,75.59682519113645,83.6,7.599999999999994,8.003174808863548
2022-08-01,75.44166666666666,74.92535959569781,82.7,7.25833333333334,7.77464040430219
2022-08-02,78.15,78.07765971232345,81.3,3.1499999999999915,3.222340287676545
2022-08-03,78.625,78.33218867435532,79.3,0.6749999999999972,0.967811325644675
2022-08-04,79.15,79.09822469871712,79.8,0.6499999999999915,0.7017753012828791
2022-08-05,78.625,78.53783853829208,80.4,1.7750000000000057,1.8621614617079274
2022-08-06,78.825,79.45747051963198,80.7,1.875,1.2425294803680202
2022-08-07,79.825,80.1279253595957,80.2,0.375,0.07207464040430978
2022-08-08,79.50833333333333,79.89397434236103,79.8,0.2916666666666714,-0.09397434236103663
2022-08-09,79.21666666666667,78.90050537773746,78.8,-0.4166666666666714,-0.10050537773746271
2022-08-10,76.2,75.21083322534663,82.2,6,6.98916677465337
2022-08-11,75.375,74.76212258649736,80.8,5.424999999999997,6.037877413502642
2022-08-12,73.19166666666666,72.46725411429311,81,7.808333333333337,8.532745885706888
2022-08-13,71.58333333333333,70.47435531942465,80.4,8.816666666666677,9.92564468057536
2022-08-14,71.80833333333334,71.1776337955164,80.7,8.891666666666666,9.522366204483603
2022-08-15,72.50833333333333,71.67320202151095,80.6,8.091666666666669,8.926797978489049
2022-08-16,72.55833333333334,71.43584294414929,82.7,10.141666666666666,11.264157055850717
2022-08-17,72.14166666666667,70.91376182454322,84.3,12.158333333333331,13.386238175456782
2022-08-18,73.15,72.69747311131269,84.9,11.75,12.202526888687316
2022-08-19,75.01666666666667,75.5581054814047,84.3,9.283333333333331,8.741894518595302
2022-08-20,75.21666666666667,75.37751716988468,82.8,7.583333333333329,7.422482830115314
2022-08-21,73.35,73.35920694570429,83.3,9.950000000000003,9.94079305429571
2022-08-22,71.55,70.92139432421926,82.1,10.549999999999997,11.17860567578073
2022-08-23,73.125,72.8348581054814,81.1,7.974999999999994,8.265141894518592
2022-08-24,74.575,74.2696643773487,81.1,6.5249999999999915,6.83033562265129
2022-08-25,75.08333333333333,74.93861604250357,80.9,5.816666666666677,5.961383957496437
2022-08-26,74.35,73.78763768303745,81.6,7.25,7.812362316962549
2022-08-27,74.2,73.4978489050149,79.4,5.200000000000003,5.902151094985101
2022-08-28,74.66666666666667,73.91641829726578,78.9,4.233333333333334,4.983581702734227
2022-08-29,76.19166666666666,76.15748347803552,79.7,3.50833333333334,3.5425165219644867
2022-08-30,75.45833333333333,75.49504988985358,82.4,6.941666666666677,6.90495011014643
2022-08-31,74.275,73.88003110016845,81.6,7.324999999999989,7.719968899831542
2022-09-01,74.53333333333333,74.00811196060646,80.3,5.766666666666666,6.291888039393541
2022-09-02,72.85,71.0974860697162,81,8.150000000000006,9.902513930283803
2022-09-03,73.20833333333333,71.94736296488273,81.5,8.291666666666671,9.552637035117272
2022-09-04,73.88333333333334,72.89213424906052,83.5,9.61666666666666,10.607865750939482
2022-09-05,72.225,71.28483866787612,83.6,11.375,12.315161332123878
2022-09-06,71.40833333333333,69.70993909550343,83.7,12.291666666666671,13.990060904496573
2022-09-07,70.5,68.78941298432034,82.6,12.099999999999994,13.810587015679658
2022-09-08,71.11666666666666,69.32480238434624,79.1,7.983333333333334,9.775197615653752
2022-09-09,71,69.68114552287159,80.3,9.299999999999997,10.618854477128409
2022-09-10,70.8,70.5398470908384,79.9,9.100000000000009,9.360152909161599
2022-09-11,69.38333333333333,68.31455228715822,80.3,10.916666666666671,11.985447712841776
2022-09-12,68.99166666666666,67.81652196449397,79.5,10.50833333333334,11.683478035506027
2022-09-13,69.38333333333334,69.05079694181677,78.5,9.11666666666666,9.44920305818323
2022-09-14,68.45,67.71781780484643,77.7,9.25,9.98218219515357
2022-09-15,67.84166666666667,66.51015938836335,78.7,10.858333333333334,12.189840611636654
2022-09-16,67.55833333333334,66.24030063496177,78.1,10.541666666666657,11.859699365038225
2022-09-17,69.225,68.22244395490475,78.1,8.875,9.877556045095247
2022-09-18,71.98333333333333,71.85807956459765,78.2,6.216666666666669,6.341920435402358
2022-09-19,71.73333333333333,70.79950758066607,79.2,7.466666666666669,8.40049241933393
2022-09-20,70.88333333333334,69.52053906958663,78.7,7.816666666666663,9.17946093041337
2022-09-21,70.84166666666667,70.20103667228197,78.9,8.058333333333337,8.698963327718033
2022-09-22,65.31666666666666,63.69392250874692,79,13.683333333333337,15.306077491253077
2022-09-23,59.2,56.54295710768433,80.9,21.700000000000003,24.357042892315675
2022-09-24,60.983333333333334,58.94854217960348,79.7,18.71666666666667,20.751457820396524
2022-09-25,64.08333333333333,62.19541272515226,79.4,15.316666666666677,17.204587274847746
2022-09-26,63.25,61.93125566930154,78.8,15.549999999999997,16.868744330698455
2022-09-27,60.291666666666664,58.92189970195672,75.1,14.80833333333333,16.178100298043276
2022-09-28,58.95,57.47024750550732,78.7,19.75,21.229752494492686
2022-09-29,58.925,57.07603991188285,77.4,18.47500000000001,20.323960088117154
2022-09-30,57.583333333333336,55.92394712971362,72.1,14.516666666666659,16.176052870286377
2022-10-01,58.65833333333333,57.33581702734223,73.7,15.041666666666671,16.364182972657773
2022-10-02,57.641666666666666,56.21736426072308,75.2,17.558333333333337,18.982635739276922
2022-10-03,54.975,53.02289749902812,74.2,19.225,21.177102500971884
2022-10-04,56.59166666666667,54.555798885577296,74.6,18.008333333333326,20.044201114422698
2022-10-05,60.416666666666664,58.846054166126734,74.8,14.383333333333333,15.953945833873263
2022-10-06,62.31666666666666,61.337216534922895,76,13.683333333333337,14.662783465077105
2022-10-07,59.525,58.668977581961904,75.4,15.875000000000007,16.7310224180381
2022-10-08,53.45,51.440158092523,75.9,22.450000000000003,24.459841907477006
2022-10-09,54.56666666666666,52.73437864455099,77.3,22.733333333333334,24.565621355449004
2022-10-10,57.43333333333334,56.05993261630167,78.9,21.46666666666667,22.840067383698333
2022-10-11,60.516666666666666,58.662368796164316,79,18.483333333333334,20.337631203835684
2022-10-12,61.166666666666664,59.89528314111701,78.9,17.73333333333334,19.004716858882993
2022-10-13,58.958333333333336,57.6566930154205,76.7,17.741666666666667,19.043306984579502
2022-10-14,55.608333333333334,54.66192821044447,76.9,21.29166666666667,22.238071789555534
2022-10-15,56.025,54.12962291045743,76.8,20.775,22.67037708954257
2022-10-16,55.8,54.25566930154205,76.7,20.900000000000006,22.444330698457954
2022-10-17,52.208333333333336,51.00725670597382,75.6,23.39166666666666,24.59274329402617
2022-10-18,48.075,47.59295062848257,76.7,28.625,29.107049371517434
2022-10-19,46.358333333333334,44.7256187637683,64.3,17.941666666666663,19.574381236231694
2022-10-20,49.625,47.6183231825839,63.2,13.575000000000003,15.581676817416103
2022-10-21,54.475,53.12852144615783,68.2,13.725000000000001,15.07147855384217
2022-10-22,57.75833333333333,57.05802773098354,69.9,12.141666666666673,12.841972269016466
2022-10-23,59.68333333333333,58.95573409355967,72.9,13.216666666666676,13.944265906440336
2022-10-24,60.13333333333333,59.9133341972269,74.3,14.166666666666664,14.386665802773095
2022-10-25,60.391666666666666,60.85097835946611,74,13.608333333333334,13.149021640533888
2022-10-26,57.55,57.82726448101594,73.1,15.549999999999997,15.272735518984057
2022-10-27,53.333333333333336,52.857988855772966,75.7,22.366666666666667,22.842011144227037
2022-10-28,49.81666666666666,48.357988855772966,75.6,25.78333333333333,27.24201114422703
2022-10-29,50.575,49.028741739017754,75.9,25.325000000000003,26.871258260982252
2022-10-30,51.575,50.20126992354542,77.5,25.924999999999997,27.298730076454582
2022-10-31,56.03333333333333,55.32500971880264,77.4,21.366666666666674,22.074990281197366
2022-11-01,58.833333333333336,57.97246339251004,79,20.166666666666664,21.027536607489957
2022-11-02,58.19166666666667,57.51167552157575,78.5,20.30833333333333,20.988324478424254
2022-11-03,57,56.17352598159906,78.6,21.599999999999994,22.42647401840093
2022-11-04,58.475,58.83623169625502,76.7,18.225,17.863768303744983
2022-11-05,61.083333333333336,61.76420888946481,76,14.916666666666664,14.235791110535189
2022-11-06,61.625,61.839367629908,76.7,15.075000000000003,14.860632370092006
2022-11-07,59.175000000000004,59.161358040689386,77.6,18.42499999999999,18.43864195931061
2022-11-08,50.06666666666667,48.77804846442918,76.8,26.733333333333327,28.021951535570814
2022-11-09,50.208333333333336,48.75366074899572,73.7,23.491666666666667,24.946339251004282
2022-11-10,55.333333333333336,55.24847738758585,74.3,18.96666666666666,19.051522612414146
2022-11-11,55.233333333333334,55.474588570688084,75.9,20.66666666666667,20.42541142931192
2022-11-12,51.46666666666667,52.783918621225865,73.8,22.33333333333333,21.016081378774132
2022-11-13,42.24166666666667,42.559984449915774,72.8,30.55833333333333,30.240015550084223
2022-11-14,37.925,36.92647401840093,72.5,34.575,35.57352598159907
2022-11-15,37.325,36.5960088117144,74.2,36.875,37.603991188285605
2022-11-16,40.36666666666667,40.009226383309574,74.9,34.53333333333334,34.89077361669043
2022-11-17,37.25,36.37820396527148,67.8,30.549999999999997,31.421796034728516
2022-11-18,34.81666666666667,33.4258260982247,64.1,29.283333333333324,30.674173901775298
2022-11-19,31.833333333333336,30.46340546844629,69.4,37.56666666666667,38.936594531553716
2022-11-20,30.808333333333334,29.382130361539456,68.1,37.29166666666666,38.71786963846054
2022-11-21,34.141666666666666,32.776972916936636,72.7,38.55833333333334,39.92302708306337
2022-11-22,39.275,38.30317480886355,73.5,34.225,35.19682519113645
2022-11-23,43.125,42.090967992743295,73.7,30.575000000000003,31.609032007256708
2022-11-24,44.11666666666667,42.57011792147207,75.4,31.28333333333334,32.82988207852794
2022-11-25,46.06666666666667,44.590929117532724,75.8,29.733333333333327,31.209070882467273
2022-11-26,45.075,43.94342361021122,75.8,30.724999999999994,31.856576389788778
2022-11-27,46.416666666666664,45.86222625372554,76,29.583333333333336,30.137773746274462
2022-11-28,45.84166666666667,45.17251522612414,75.1,29.258333333333326,29.927484773875854
2022-11-29,43.21666666666667,41.51859530905792,73.5,30.28333333333333,31.981404690942078
2022-11-30,41.36666666666667,40.45377737462744,74.3,32.93333333333333,33.846222625372555
2022-12-01,34.53333333333333,33.554166126733186,73.9,39.366666666666674,40.34583387326682
2022-12-02,38.925,37.48963327718025,73.5,34.575,36.01036672281975
2022-12-03,44.225,43.147039004794614,72.9,28.675000000000004,29.75296099520539
2022-12-04,36.525,35.2131786963846,71.1,34.574999999999996,35.88682130361539
2022-12-05,38.325,36.359751198652326,69.5,31.174999999999997,33.140248801347674
2022-12-06,44.016666666666666,43.49552935078398,72.2,28.183333333333337,28.70447064921602
2022-12-07,48.324999999999996,48.15988078268757,73.5,25.175000000000004,25.340119217312427
2022-12-08,44.68333333333333,43.86830374497862,73,28.31666666666667,29.13169625502138
2022-12-09,39.833333333333336,37.726292600751584,71.6,31.76666666666666,33.87370739924841
2022-12-10,38.458333333333336,36.24286639885966,69.3,30.84166666666666,33.057133601140336
2022-12-11,38.55833333333333,36.77344823117792,68.6,30.041666666666664,31.82655176882207
2022-12-12,36.45,34.71656083970455,67.1,30.64999999999999,32.383439160295445
2022-12-13,34.583333333333336,32.489801736426074,68.6,34.01666666666666,36.11019826357392
2022-12-14,35.3,33.93542827523649,71.9,36.60000000000001,37.964571724763516
2022-12-15,38.025,36.794842555397175,74.5,36.475,37.705157444602825
2022-12-16,38.28333333333333,37.320733445639505,69.8,31.516666666666666,32.47926655436049
2022-12-17,34.725,33.911416353505246,69.5,34.775,35.588583646494754
2022-12-18,30.016666666666666,28.758908902423222,69.8,39.78333333333333,41.041091097576775
2022-12-19,29.158333333333335,27.97029933912142,64.8,35.641666666666666,36.82970066087857
2022-12-20,30.016666666666666,29.54703900479461,68.4,38.38333333333334,38.85296099520539
2022-12-21,28.816666666666666,27.857302060386157,69.3,40.483333333333334,41.442697939613836
2022-12-22,32.475,31.82402488013477,70.8,38.324999999999996,38.975975119865225
2022-12-23,24.525,24.750045354412336,69,44.475,44.249954645587664
2022-12-24,14.083333333333334,11.826124141505765,46.3,32.21666666666666,34.47387585849423
2022-12-25,20.308333333333334,17.992652585201505,44,23.691666666666666,26.007347414798495
2022-12-26,24.741666666666667,22.684916418297266,48.2,23.458333333333336,25.515083581702736
2022-12-27,28.458333333333332,26.409718802643514,58.6,30.14166666666667,32.190281197356484
2022-12-28,36.641666666666666,34.859297654528966,62.3,25.65833333333333,27.44070234547103
2022-12-29,43.175,42.10794350136063,68.2,25.025000000000006,26.092056498639373
2022-12-30,44.45,43.971841389140856,71.4,26.950000000000003,27.42815861085915
2022-12-31,45.85,44.483478035506025,72.3,26.449999999999996,27.816521964493973
2023-01-01,45.93333333333334,45.18305040818971,71.5,25.566666666666663,26.316949591810292
2023-01-02,45.25,43.55802773098354,72.6,27.349999999999994,29.041972269016455
2023-01-03,47.766666666666666,46.65756122845666,73.5,25.733333333333334,26.842438771543343
2023-01-04,50.55,49.191084618375015,73.9,23.35000000000001,24.70891538162499
2023-01-05,43.95,43.237216534922894,72.1,28.14999999999999,28.8627834650771
2023-01-06,38.63333333333333,37.80228067902035,67.3,28.666666666666664,29.497719320979648
2023-01-07,36.71666666666667,35.3,62.8,26.08333333333333,27.5
2023-01-08,33.68333333333333,32.15710768433329,66.1,32.416666666666664,33.942892315666704
2023-01-09,35.791666666666664,34.60351172735519,66.3,30.508333333333333,31.696488272644807
2023-01-10,37.983333333333334,36.61101464299598,63.5,25.516666666666666,26.888985357004017
2023-01-11,38.11666666666667,36.371426720228065,60.2,22.083333333333336,23.828573279771938
2023-01-12,41.4,39.9856680057017,63.5,22.1,23.514331994298303
2023-01-13,40.85,41.41268627705067,65.1,24.249999999999993,23.687313722949327
2023-01-14,32.19166666666666,31.07024750550732,55.1,22.90833333333334,24.02975249449268
2023-01-15,35.34166666666667,33.54565245561747,49.8,14.458333333333329,16.254347544382526
2023-01-16,38.44166666666667,36.5833614098743,53.2,14.758333333333333,16.616638590125703
2023-01-17,41.00833333333333,39.31152002073345,59.8,18.791666666666664,20.48847997926655
2023-01-18,42.65833333333333,41.347972009848384,65.5,22.84166666666667,24.152027990151616
2023-01-19,40.291666666666664,39.06821303615395,70.5,30.208333333333336,31.43178696384605
2023-01-20,38.31666666666666,37.41840093300505,71.3,32.983333333333334,33.881599066994944
2023-01-21,34.833333333333336,33.75153557081767,71.5,36.666666666666664,37.74846442918233
2023-01-22,33.275,32.38892056498639,72,38.725,39.61107943501361
2023-01-23,34.65,33.34733704807567,69.4,34.75000000000001,36.05266295192433
2023-01-24,35.016666666666666,33.918025139302834,69.9,34.88333333333334,35.98197486069717
2023-01-25,35.516666666666666,34.319631981339896,73.1,37.58333333333333,38.7803680186601
2023-01-26,37.825,38.010910975767786,68.1,30.27499999999999,30.08908902423221
2023-01-27,33.141666666666666,31.723817545678372,61,27.858333333333334,29.276182454321628
2023-01-28,36.075,34.62305299987041,69.4,33.325,34.776947000129596
2023-01-29,37.35,36.57899442788648,74.2,36.85,37.621005572113525
2023-01-30,33.31666666666667,32.98386678761177,74.6,41.283333333333324,41.61613321238823
2023-01-31,27.116666666666667,26.01716988467021,72.7,45.583333333333336,46.68283011532979
2023-02-01,25.883333333333333,24.851807697291694,71.7,45.81666666666667,46.84819230270831
2023-02-02,28.675,27.88872618893352,72.5,43.825,44.61127381106648
2023-02-03,21.183333333333334,18.678268757289104,73.6,52.41666666666666,54.92173124271089
2023-02-04,21.808333333333334,18.46453284955294,68.1,46.29166666666666,49.635467150447056
2023-02-05,37.43333333333333,35.73268109368926,71.5,34.06666666666667,35.76731890631074
2023-02-06,39.625,38.14212776985875,72.5,32.875,34.35787223014125
2023-02-07,38.34166666666667,36.133847350006484,72.7,34.358333333333334,36.56615264999352
2023-02-08,40.78333333333333,39.11043151483737,72.2,31.41666666666667,33.08956848516263
2023-02-09,43.583333333333336,41.40554619670856,73.6,30.01666666666666,32.19445380329143
2023-02-10,44.325,44.35605805364779,74.3,29.974999999999994,29.943941946352204
2023-02-11,37.041666666666664,36.05969936503823,74.5,37.458333333333336,38.44030063496177
2023-02-12,38.31666666666666,37.72783465077103,69,30.683333333333337,31.27216534922897
2023-02-13,42.46666666666667,41.772359725281845,64.3,21.83333333333333,22.527640274718152
2023-02-14,44.18333333333333,42.830517040300634,63.7,19.516666666666673,20.86948295969937
2023-02-15,48.35,47.345302578722304,70.2,21.85,22.8546974212777
2023-02-16,45.725,46.49258779318388,74.1,28.374999999999993,27.607412206816115
2023-02-17,39.25,39.18359466113775,73.6,34.349999999999994,34.41640533886225
2023-02-18,33.94166666666666,32.89037190618116,73.3,39.358333333333334,40.40962809381884
2023-02-19,41.31666666666667,40.25686147466632,72.7,31.383333333333333,32.44313852533368
2023-02-20,46.291666666666664,45.018737851496695,73,26.708333333333336,27.981262148503305
2023-02-21,41.06666666666666,38.76144874951406,71.9,30.833333333333343,33.138551250485946
2023-02-22,38.5,36.411092393417135,73.7,35.2,37.28890760658287
2023-02-23,41.63333333333333,39.19524426590644,76.2,34.56666666666667,37.004755734093564
2023-02-24,34.416666666666664,32.711727355189836,74.2,39.78333333333334,41.488272644810166
2023-02-25,29.55,27.364377348710637,73.2,43.650000000000006,45.83562265128937
2023-02-26,37.108333333333334,34.86893870675132,72.6,35.49166666666666,37.73106129324867
2023-02-27,39.15833333333333,37.37235972528185,72.7,33.54166666666667,35.327640274718156
2023-02-28,39.733333333333334,37.25833873266813,73.3,33.56666666666666,36.04166126733187
2023-03-01,41.65833333333333,39.22828819489439,72.6,30.941666666666663,33.371711805105605
2023-03-02,43.291666666666664,41.399235454192045,73.6,30.30833333333333,32.20076454580795
2023-03-03,38.31666666666666,36.8194764804976,76.3,37.983333333333334,39.4805235195024
2023-03-04,40.666666666666664,39.0928599196579,78.3,37.63333333333333,39.2071400803421
2023-03-05,41.391666666666666,39.764014513411944,76.2,34.80833333333334,36.43598548658806
2023-03-06,43.166666666666664,42.15316832966179,76.6,33.43333333333333,34.446831670338206
2023-03-07,39.916666666666664,37.719308021251784,76.3,36.38333333333333,38.58069197874821
2023-03-08,38.81666666666666,36.821174031359334,75.4,36.58333333333334,38.57882596864067
2023-03-09,40.38333333333333,38.42915640793054,76.5,36.11666666666667,38.07084359206946
2023-03-10,38.28333333333333,36.62180899313205,72.5,34.21666666666667,35.87819100686795
2023-03-11,39.74166666666667,37.700725670597386,74.8,35.05833333333333,37.09927432940261
2023-03-12,38.141666666666666,36.37509394842556,72.2,34.05833333333334,35.824906051574445
2023-03-13,37.7,36.22504859401322,75.8,38.099999999999994,39.57495140598678
2023-03-14,34.59166666666667,33.28560321368408,72.7,38.108333333333334,39.414396786315926
2023-03-15,38.666666666666664,37.076065828689906,67.1,28.43333333333333,30.02393417131009
2023-03-16,44.225,42.60641440974472,68,23.775,25.393585590255277
2023-03-17,42.94166666666667,42.40977063625761,71,28.05833333333333,28.590229363742388
2023-03-18,37.825,36.91687184138914,75.4,37.575,38.48312815861087
2023-03-19,32.85,31.71429311908773,69.6,36.74999999999999,37.88570688091227
2023-03-20,37.85,37.28133989892445,62.9,25.049999999999997,25.618660101075548
2023-03-21,44.583333333333336,43.97863159258779,65.8,21.21666666666666,21.82136840741221
2023-03-22,47.891666666666666,46.74175197615654,70.7,22.808333333333337,23.95824802384346
2023-03-23,50.425,49.06628223402877,72.9,22.47500000000001,23.833717765971237
2023-03-24,45.86666666666667,44.425566930154204,73.2,27.333333333333336,28.7744330698458
2023-03-25,43.233333333333334,40.9308150835817,77.2,33.96666666666667,36.269184916418304
2023-03-26,46.675,45.524517299468705,77.4,30.72500000000001,31.8754827005313
2023-03-27,45.44166666666667,43.724556174679286,77.2,31.758333333333333,33.47544382532072
2023-03-28,42.725,41.19935207982377,77.1,34.37499999999999,35.900647920176226
2023-03-29,41.208333333333336,39.96851107943501,75.9,34.69166666666667,35.931488920564995
2023-03-30,39.30833333333333,37.65438641959311,75.8,36.49166666666667,38.14561358040689
2023-03-31,47.2,46.016483089283405,77.6,30.39999999999999,31.58351691071659
2023-04-01,52.00833333333333,51.1382143319943,76.5,24.491666666666667,25.3617856680057
2023-04-02,44.208333333333336,42.76948295969936,76.2,31.991666666666667,33.43051704030064
2023-04-03,48.61666666666667,46.80947259297655,76.6,27.983333333333327,29.790527407023447
2023-04-04,55.04166666666667,54.31405986782429,76.7,21.65833333333333,22.385940132175712
2023-04-05,55.1,53.40690682907866,78.6,23.499999999999993,25.193093170921337
2023-04-06,52.858333333333334,52.72911753271997,78.6,25.74166666666666,25.870882467280026
2023-04-07,47.208333333333336,46.86721523908254,76.3,29.09166666666666,29.432784760917457
2023-04-08,45,43.79578851885447,75.2,30.200000000000003,31.40421148114553
2023-04-09,48.15,46.658170273422314,74.9,26.750000000000007,28.24182972657769
2023-04-10,51.90833333333333,50.963392510042766,72.4,20.491666666666674,21.43660748995724
2023-04-11,58.69166666666667,58.724582091486326,73.7,15.008333333333333,14.975417908513677
2023-04-12,65.125,65.54116884799792,71.7,6.575000000000003,6.1588311520020795
2023-04-13,67.30833333333334,68.08070493715175,75,7.691666666666663,6.919295062848249
2023-04-14,67.61666666666666,68.63330309705843,76.2,8.583333333333343,7.5666969029415725
2023-04-15,62.56666666666667,63.103278476091745,77.8,15.233333333333327,14.696721523908252
2023-04-16,56.983333333333334,56.10447064921602,76.1,19.11666666666666,19.995529350783976
2023-04-17,50.74166666666667,49.8988985357004,72.7,21.958333333333336,22.801101464299606
2023-04-18,49.24166666666667,48.19358559025528,71.4,22.15833333333334,23.206414409744724
2023-04-19,50.7,49.55473629648827,73.8,23.099999999999994,24.245263703511725
2023-04-20,56.483333333333334,55.382570947259296,74.8,18.316666666666663,19.4174290527407
2023-04-21,56.958333333333336,54.41768822081119,75.4,18.44166666666667,20.982311779188812
2023-04-22,53.80833333333333,51.89343008941298,75.1,21.291666666666664,23.206569910587014
2023-04-23,50.03333333333333,49.47029933912142,76.8,26.766666666666666,27.32970066087858
2023-04-24,47.65833333333333,47.24931968381495,75.4,27.741666666666674,28.150680316185053
2023-04-25,47.733333333333334,46.57154334585979,75,27.266666666666666,28.428456654140213
2023-04-26,49.35,47.40851367111572,77,27.65,29.59148632888428
2023-04-27,52.21666666666667,50.328223402876766,78.5,26.28333333333333,28.171776597123234
2023-04-28,51.2,49.89187508099002,79.4,28.200000000000003,29.508124919009987
2023-04-29,51.84166666666667,50.14906051574446,79.7,27.858333333333334,29.550939484255544
2023-04-30,52.06666666666667,50.491058701567965,77.4,25.333333333333336,26.90894129843204
2023-05-01,50.86666666666667,50.13568744330699,75.8,24.93333333333333,25.664312556693005
2023-05-02,48.416666666666664,47.63143708695089,75.4,26.98333333333334,27.768562913049117
2023-05-03,49.06666666666666,47.538460541661266,76,26.933333333333337,28.461539458338734
2023-05-04,52.025,50.53238305040819,75.5,23.475,24.967616949591807
2023-05-05,55.6,54.62999870415965,76.1,20.499999999999993,21.470001295840348
2023-05-06,59.31666666666667,59.08149539976675,79,19.68333333333333,19.91850460023325
2023-05-07,62.675000000000004,62.77235972528185,79.3,16.624999999999993,16.527640274718145
2023-05-08,62.108333333333334,60.692380458727484,77,14.891666666666666,16.307619541272516
2023-05-09,58.65833333333333,57.11316573798108,78.4,19.741666666666674,21.286834262018928
2023-05-10,59.80833333333334,58.86441622392122,80.1,20.291666666666657,21.235583776078776
2023-05-11,64.64166666666667,64.49880782687573,81.1,16.45833333333333,16.60119217312426
2023-05-12,67.78333333333333,67.85183361409874,82.8,15.016666666666666,14.94816638590126
2023-05-13,66.38333333333333,66.50542957107685,80.4,14.01666666666668,13.89457042892316
2023-05-14,61.108333333333334,60.2184786834262,80.4,19.29166666666667,20.181521316573807
2023-05-15,61.233333333333334,60.438460541661264,80.2,18.96666666666667,19.76153945833874
2023-05-16,65.10833333333333,64.94527666191526,78.4,13.291666666666671,13.454723338084747
2023-05-17,57.641666666666666,55.9867694700013,80.1,22.45833333333333,24.113230529998695
2023-05-18,56.4,54.72989503693145,79.9,23.500000000000007,25.170104963068553
2023-05-19,60.86666666666667,59.949565893481925,81.6,20.733333333333327,21.65043410651807
2023-05-20,60.93333333333333,59.74062459504989,81.4,20.466666666666676,21.65937540495012
2023-05-21,63.641666666666666,63.15152261241415,80.5,16.858333333333334,17.348477387585852
2023-05-22,64.39166666666667,63.27364260723079,80.6,16.20833333333333,17.326357392769204
2023-05-23,63.53333333333333,62.334404561358035,80.2,16.66666666666667,17.865595438641968
2023-05-24,62.983333333333334,61.88697680445769,76.8,13.816666666666663,14.913023195542308
2023-05-25,58.625,56.99472592976545,76.1,17.474999999999994,19.105274070234543
2023-05-26,60.9,59.551483737203576,74.2,13.300000000000004,14.648516262796427
2023-05-27,64,63.177309835428275,75.2,11.200000000000003,12.022690164571728
2023-05-28,66.51666666666667,66.49565893481923,76.7,10.183333333333337,10.20434106518077
2023-05-29,67.55,66.54615783335493,77.7,10.150000000000006,11.153842166645077
2023-05-30,65.90833333333333,64.73568744330699,79,13.091666666666669,14.264312556693014
2023-05-31,67.8,67.21731242710898,76.5,8.700000000000003,9.282687572891021
2023-06-01,71.825,72.08846702086302,75.4,3.575000000000003,3.3115329791369845
2023-06-02,74.8,75.03059479072178,75.4,0.6000000000000085,0.3694052092782272
2023-06-03,68.81666666666666,66.99622910457433,76.2,7.38333333333334,9.203770895425677
2023-06-04,64.55833333333334,62.8637812621485,77.2,12.641666666666666,14.336218737851503
2023-06-05,65.51666666666667,64.35206686536219,77.1,11.583333333333329,12.747933134637805
2023-06-06,67.13333333333334,66.15149669560711,77.4,10.266666666666666,11.248503304392898
2023-06-07,65.075,63.83970454839964,76.3,11.224999999999994,12.46029545160036
2023-06-08,63.49166666666667,61.96972916936634,77.8,14.30833333333333,15.830270830633658
2023-06-09,64.06666666666666,62.90851367111572,80.7,16.63333333333334,17.791486328884282
2023-06-10,67.66666666666667,66.80874692237916,80.2,12.533333333333331,13.391253077620846
2023-06-11,68.10833333333333,67.06025657638979,81.3,13.191666666666663,14.239743423610207
2023-06-12,66.60833333333333,65.83421018530518,81.7,15.091666666666669,15.865789814694821
2023-06-13,66.46666666666667,65.75665414020993,81.9,15.433333333333337,16.143345859790074
2023-06-14,66.04166666666667,64.97640274718155,82.6,16.558333333333323,17.623597252818442
2023-06-15,67.49166666666666,66.54050796941816,84,16.50833333333334,17.459492030581842
2023-06-16,66.66666666666667,65.28166385901257,84.1,17.433333333333323,18.818336140987427
2023-06-17,67.98333333333333,66.22740702345472,81,13.016666666666666,14.772592976545283
2023-06-18,69.65,68.48794868472204,79.4,9.75,10.912051315277964
2023-06-19,70.81666666666666,69.38945185953091,82.2,11.38333333333334,12.810548140469095
2023-06-20,70.23333333333333,68.35377737462744,82.5,12.266666666666666,14.146222625372559
2023-06-21,68.68333333333334,67.25034339769341,80.9,12.216666666666669,13.649656602306592
2023-06-22,67.35833333333333,66.54728521446158,81.4,14.041666666666671,14.852714785538424
2023-06-23,69.41666666666667,68.72775690034987,81.3,11.883333333333326,12.572243099650123
2023-06-24,72.15833333333333,72.15051185693922,80.3,8.141666666666666,8.149488143060779
2023-06-25,73.50833333333334,73.46148762472464,80,6.49166666666666,6.53851237527536
2023-06-26,71.73333333333333,71.22491900997798,80.7,8.966666666666669,9.475080990022022
2023-06-27,70.70833333333333,69.83715174290528,83.2,12.491666666666674,13.362848257094726
2023-06-28,71.14166666666667,70.63260334326812,83.5,12.358333333333334,12.867396656731884
2023-06-29,72.70833333333333,72.36258908902423,83.5,10.791666666666671,11.137410910975774
2023-06-30,74.28333333333333,74.14646883503951,81.4,7.116666666666674,7.253531164960492
2023-07-01,73.51666666666667,72.55872748477387,81,7.483333333333334,8.441272515226132
2023-07-02,73.625,72.34032655176883,82.2,8.575000000000003,9.859673448231177
2023-07-03,75.04166666666667,74.38581054814047,82.4,7.358333333333334,8.014189451859536
2023-07-04,75.18333333333334,74.66161720875988,83.2,8.016666666666666,8.538382791240124
2023-07-05,76.925,76.92363612802902,84.4,7.4750000000000085,7.476363871970989
2023-07-06,75.64166666666667,76.02809381884153,84.1,8.458333333333329,8.071906181158468
2023-07-07,74.18333333333334,74.06667098613451,83.2,9.016666666666666,9.133329013865492
2023-07-08,73.55833333333334,73.12038356874433,82,8.441666666666663,8.87961643125567
2023-07-09,72.65,71.984514707788,84.2,11.549999999999997,12.215485292212009
2023-07-10,74.325,73.54369573668524,84.5,10.174999999999997,10.956304263314763
2023-07-11,74.98333333333333,74.23076324996761,84.8,9.816666666666663,10.569236750032388
2023-07-12,76.44166666666666,75.63563560969288,85.4,8.958333333333343,9.764364390307122
2023-07-13,76.80833333333334,75.89532201632758,85.4,8.591666666666669,9.504677983672423
2023-07-14,76.525,75.64466761694959,82.8,6.2749999999999915,7.155332383050407
2023-07-15,76,75.3744330698458,83.5,7.5,8.125566930154207
2023-07-16,74.45833333333333,73.68271348969807,84,9.541666666666671,10.317286510301926
2023-07-17,76.15833333333333,75.56402747181546,83.3,7.141666666666666,7.735972528184533
2023-07-18,75.36666666666666,74.22684981210314,82.4,7.033333333333346,8.173150187896866
2023-07-19,75.26666666666667,74.0507580666062,82.2,6.933333333333337,8.149241933393796
2023-07-20,75.34166666666667,74.46845924582091,83.1,7.758333333333326,8.631540754179085
2023-07-21,74.175,73.13356226512893,83,8.825000000000003,9.86643773487107
2023-07-22,73.625,72.7094466761695,82.8,9.174999999999997,10.090553323830491
2023-07-23,74.58333333333333,73.91888039393547,86,11.416666666666671,12.081119606064533
2023-07-24,75.8,75.23483218867435,85.5,9.700000000000003,10.265167811325654
2023-07-25,75.74166666666667,74.8094985097836,85.2,9.458333333333329,10.390501490216408
2023-07-26,77.76666666666667,76.91115718543476,82.6,4.833333333333329,5.688842814565234
2023-07-27,79.75833333333334,79.21640533886226,81.1,1.3416666666666544,1.8835946611377352
2023-07-28,79.9,79.70502786056757,80.3,0.3999999999999915,0.5949721394324285
2023-07-29,77.79166666666667,77.26481793443048,83.6,5.808333333333323,6.335182065569512
2023-07-30,72.26666666666667,70.5062459504989,84.8,12.533333333333331,14.293754049501104
2023-07-31,73.33333333333333,71.78853181288065,83.7,10.366666666666674,11.911468187119354
2023-08-01,72.9,71.3755863677595,82.7,9.799999999999997,11.324413632240507
2023-08-02,72.88333333333333,71.17891667746532,83.5,10.616666666666674,12.321083322534676
2023-08-03,74.03333333333333,72.60067383698329,80.9,6.866666666666674,8.299326163016715
2023-08-04,74.225,72.80040171050926,82.4,8.175000000000011,9.599598289490743
2023-08-05,74.725,73.09494622262537,83.6,8.875,10.505053777374627
2023-08-06,74.4,73.07134896980692,85.3,10.899999999999991,12.228651030193078
2023-08-07,73.70833333333333,72.37206168200079,86.2,12.491666666666674,13.827938317999212
2023-08-08,74.25,73.33550602565764,87.3,13.049999999999997,13.96449397434236
2023-08-09,74.39166666666667,73.47876117662304,85.3,10.908333333333331,11.821238823376959
2023-08-10,72.85,71.92164053388623,84.7,11.850000000000009,12.77835946611377
2023-08-11,73.71666666666667,72.90532590384865,84,10.283333333333331,11.094674096151351
2023-08-12,74.81666666666666,73.77156926266683,85,10.183333333333337,11.22843073733317
2023-08-13,74.96666666666667,74.28737851496695,82.4,7.433333333333337,8.11262148503306
2023-08-14,73.93333333333334,73.23825320720486,85.6,11.666666666666657,12.361746792795131
2023-08-15,72.50833333333333,71.03472852144616,84.9,12.39166666666668,13.86527147855385
2023-08-16,72.98333333333333,71.47381106647661,82,9.016666666666666,10.526188933523386
2023-08-17,72.58333333333333,71.34337177659711,81,8.416666666666671,9.65662822340289
2023-08-18,71.73333333333333,70.62775690034988,80.6,8.86666666666666,9.972243099650115
2023-08-19,70.98333333333333,69.47372035765193,80.6,9.61666666666666,11.126279642348067
2023-08-20,74.86666666666667,73.9620966696903,80.5,5.633333333333326,6.537903330309703
2023-08-21,76.40833333333333,75.36597123234418,84.1,7.691666666666663,8.734028767655815
2023-08-22,73.75,72.53479331346378,84.7,10.950000000000003,12.165206686536223
2023-08-23,74.02499999999999,73.3304392898795,83.3,9.275000000000006,9.969560710120504
2023-08-24,74.49166666666667,73.8705973824025,82.5,8.008333333333326,8.629402617597506
2023-08-25,74.76666666666667,73.19584035246858,83.9,9.13333333333334,10.704159647531426
2023-08-26,74.275,73.17780225476221,83.7,9.424999999999997,10.52219774523779
2023-08-27,71.51666666666667,69.96474018400933,81.9,10.38333333333334,11.935259815990676
2023-08-28,70.975,69.50533886225216,81.5,10.525000000000006,11.99466113774784
2023-08-29,72.325,71.17342231437088,79.7,7.375,8.526577685629121
2023-08-30,71.56666666666666,70.2777374627446,85,13.433333333333337,14.722262537255403
2023-08-31,68.43333333333334,66.82384346248541,83.2,14.766666666666666,16.37615653751459
2023-09-01,68.83333333333333,67.06138395749643,84.1,15.266666666666666,17.038616042503563
2023-09-02,72.24166666666667,70.83592069457043,81.6,9.35833333333332,10.764079305429561
2023-09-03,77.89999999999999,77.04103926396267,81.3,3.4000000000000057,4.258960736037324
2023-09-04,79.31666666666666,78.6669819878191,82,2.683333333333337,3.3330180121809008
2023-09-05,79.99166666666667,79.59350783983413,81.7,1.7083333333333286,2.106492160165871
2023-09-06,78.55,78.5749125307762,82.3,3.75,3.7250874692237943
2023-09-07,76.24166666666666,76.16274458986653,82.1,5.858333333333334,5.93725541013346
2023-09-08,73.24166666666666,72.09955941428017,79.9,6.658333333333346,7.800440585719841
2023-09-09,72.125,70.83343268109368,80,7.875,9.166567318906317
2023-09-10,70.85000000000001,69.84953997667488,82.5,11.649999999999991,12.650460023325124
2023-09-11,70.275,69.20852662951924,83.8,13.524999999999991,14.591473370480756
2023-09-12,69.73333333333333,68.85963457302061,84.6,14.86666666666666,15.74036542697938
2023-09-13,66.99166666666666,66.45439937799662,84.3,17.308333333333337,17.845600622003374
2023-09-14,65.66666666666667,64.90612932486718,83.2,17.53333333333333,18.293870675132823
2023-09-15,63.666666666666664,62.630322664247764,83.8,20.133333333333333,21.169677335752233
2023-09-16,64.28333333333333,63.37789296358689,82.7,18.41666666666667,19.322107036413115
2023-09-17,64.51666666666667,63.766204483607616,83.4,18.88333333333334,19.63379551639239
2023-09-18,64.41666666666667,63.30141246598419,83,18.58333333333333,19.698587534015807
2023-09-19,64.825,63.52332512634443,80,15.174999999999997,16.47667487365557
2023-09-20,66.53333333333333,65.43487106388493,78.6,12.066666666666663,13.165128936115067
2023-09-21,66.30833333333334,64.59917066217442,77.6,11.291666666666657,13.000829337825579
2023-09-22,65.88333333333334,64.4601010755475,78.1,12.216666666666654,13.639898924452496
2023-09-23,63.21666666666667,61.742464688350395,79.2,15.983333333333334,17.457535311649607
2023-09-24,64.38333333333334,62.77350006479202,79.1,14.716666666666654,16.326499935207977
2023-09-25,63.40833333333333,62.09660489827653,78.5,15.091666666666669,16.40339510172347
2023-09-26,62.56666666666666,61.14531553712583,79.6,17.03333333333333,18.454684462874162
2023-09-27,62.19166666666667,60.39343008941299,77.4,15.208333333333336,17.006569910587018
2023-09-28,61.99166666666667,60.308669171958016,79.7,17.708333333333336,19.391330828041987
2023-09-29,63.291666666666664,61.361837501619796,80.1,16.80833333333333,18.7381624983802
2023-09-30,65.3,63.69239341713101,80,14.700000000000003,16.307606582868992
2023-10-01,67.49166666666666,66.36694311260852,79.6,12.108333333333334,13.23305688739147
2023-10-02,68.475,67.44192043540237,80.2,11.725000000000009,12.758079564597637
2023-10-03,69.43333333333334,68.61724763509136,79.6,10.166666666666657,10.982752364908634
2023-10-04,70.19166666666666,70.08066606194117,78.2,8.00833333333334,8.11933393805883
2023-10-05,66.7,66.04887909809511,78.9,12.200000000000003,12.851120901904892
2023-10-06,64.25833333333334,62.826785020085524,79.7,15.441666666666663,16.87321497991448
2023-10-07,58.550000000000004,58.01985227419982,79.8,21.249999999999993,21.780147725800177
2023-10-08,54.43333333333334,53.38468316703383,78.4,23.96666666666667,25.015316832966178
2023-10-09,52.9,51.524517299468705,76.3,23.4,24.775482700531292
2023-10-10,54.63333333333333,53.46047686924971,77.5,22.866666666666667,24.03952313075029
2023-10-11,56.583333333333336,55.706621744201115,80.7,24.116666666666667,24.993378255798888
2023-10-12,57.65,56.95903848645847,83.3,25.65,26.34096151354153
2023-10-13,56.24166666666667,54.97934430478165,79.9,23.65833333333334,24.920655695218358
2023-10-14,53.608333333333334,52.21504470649216,80.5,26.891666666666666,28.284955293507842
2023-10-15,53.55,52.59891149410392,78.5,24.950000000000003,25.901088505896077
2023-10-16,52.53333333333333,51.731903589477774,72.2,19.66666666666667,20.46809641052223
2023-10-17,53.35,52.094700012958405,65.4,12.050000000000004,13.3052999870416
2023-10-18,55.458333333333336,54.430167163405464,66.9,11.44166666666667,12.469832836594541
2023-10-19,57.1,55.78561617208759,73.6,16.499999999999993,17.8143838279124
2023-10-20,58.65,57.133769599585335,74.6,15.949999999999996,17.46623040041466
2023-10-21,57.325,56.07370739924841,76.5,19.174999999999997,20.426292600751587
2023-10-22,53.03333333333333,51.247272256058054,74.3,21.266666666666666,23.052727743941944
2023-10-23,53.25,51.869094207593626,75.9,22.650000000000006,24.03090579240638
2023-10-24,57.391666666666666,56.48828560321369,77.5,20.108333333333334,21.01171439678631
2023-10-25,60.858333333333334,60.16786315925878,77.5,16.641666666666666,17.33213684074122
2023-10-26,64.05,63.89946870545548,77.7,13.650000000000006,13.80053129454452
2023-10-27,63.775,63.638317999222494,78,14.225000000000001,14.361682000777506
2023-10-28,60.925,60.495736685240374,78.4,17.47500000000001,17.904263314759632
2023-10-29,52.1,50.81199948166386,78.7,26.6,27.888000518336142
2023-10-30,48.38333333333333,47.73532460800829,77.6,29.21666666666666,29.864675391991703
2023-10-31,43.24166666666667,42.01711805105611,77.4,34.15833333333334,35.3828819489439
2023-11-01,40.675,39.84448619930025,75.4,34.72500000000001,35.55551380069976
2023-11-02,41.38333333333333,40.23352338991836,73.9,32.51666666666667,33.666476610081645
2023-11-03,47.06666666666667,45.80080342101853,76,28.93333333333333,30.19919657898147
2023-11-04,50.30833333333334,49.0455099131787,75.1,24.791666666666657,26.054490086821296
2023-11-05,51.74166666666667,50.07685629130491,74.6,22.858333333333327,24.523143708695088
2023-11-06,51.85,50.45787223014125,71.6,19.749999999999993,21.142127769858746
2023-11-07,55.74166666666667,54.294181676817416,73.8,18.05833333333333,19.50581832318258
2023-11-08,48.90833333333333,46.805986782428405,76.1,27.191666666666663,29.29401321757159
2023-11-09,50.30833333333333,47.92309187508099,76.5,26.19166666666667,28.576908124919008
2023-11-10,46.825,45.568524037838536,77.6,30.77499999999999,32.03147596216146
2023-11-11,44.7,43.10182713489698,78.6,33.89999999999999,35.498172865103015
2023-11-12,43.50833333333333,41.27466632110924,78.7,35.19166666666667,37.425333678890766
2023-11-13,44.15,42.07221718284307,76.9,32.75000000000001,34.82778281715694
2023-11-14,46.78333333333333,44.38682130361539,74.8,28.016666666666666,30.413178696384605
2023-11-15,46.5,44.828715822210704,70.8,24.299999999999997,25.971284177789293
2023-11-16,51.833333333333336,50.81420241026306,71.7,19.866666666666667,20.885797589736946
2023-11-17,52.225,51.56093041337307,72.3,20.074999999999996,20.739069586626925
2023-11-18,47.875,46.326966437734875,72.4,24.525000000000006,26.07303356226513
2023-11-19,45,43.3124919009978,71,26,27.6875080990022
2023-11-20,41.93333333333333,39.85227419981858,71.7,29.766666666666673,31.847725800181422
2023-11-21,42.00833333333333,39.843967863159264,74.1,32.09166666666666,34.25603213684073
2023-11-22,46.083333333333336,45.38732668135286,74.5,28.416666666666664,29.11267331864714
2023-11-23,43.15833333333333,42.616055461967086,71.2,28.04166666666667,28.583944538032917
2023-11-24,38.458333333333336,37.24939743423611,68.9,30.44166666666667,31.650602565763897
2023-11-25,34.36666666666667,32.435493067254114,71,36.63333333333333,38.564506932745886
2023-11-26,37.69166666666666,36.409783594661135,74.8,37.108333333333334,38.39021640533886
2023-11-27,38.06666666666666,37.7103408060127,71.5,33.43333333333334,33.7896591939873
2023-11-28,31.975,29.900479460930413,60.6,28.625,30.69952053906959
2023-11-29,32.983333333333334,30.954541920435403,59.1,26.116666666666667,28.145458079564598
2023-11-30,40.641666666666666,38.849319683814954,66.4,25.75833333333334,27.55068031618505
2023-12-01,42.475,41.76013995075807,72,29.525,30.239860049241933
2023-12-02,46.00833333333333,45.39168070493716,75.8,29.791666666666664,30.40831929506284
2023-12-03,45.625,44.269716210962805,74.7,29.075000000000003,30.430283789037198
2023-12-04,43,41.86370351172736,74,31,32.13629648827264
2023-12-05,39.75,38.02688868731372,69.1,29.349999999999994,31.073111312686272
2023-12-06,37.708333333333336,35.435907736166904,62.6,24.891666666666666,27.164092263833098
2023-12-07,38.28333333333333,36.04447324089672,60.4,22.116666666666667,24.355526759103277
2023-12-08,43.825,41.79788778022547,66.9,23.075000000000003,25.102112219774533
2023-12-09,46.80833333333334,45.356317221718285,72.4,25.59166666666667,27.04368277828172
2023-12-10,45.96666666666667,45.96935337566412,72.3,26.33333333333333,26.330646624335877
2023-12-11,39.24166666666667,38.66757807438124,64.1,24.858333333333327,25.432421925618755
2023-12-12,36.85,35.3358559025528,62.4,25.549999999999997,27.064144097447198
2023-12-13,37.3,35.70611636646365,70.7,33.400000000000006,34.993883633536356
2023-12-14,37.15,34.935493067254114,71.1,33.949999999999996,36.16450693274588
2023-12-15,43,41.717247635091354,68.2,25.200000000000003,26.48275236490865
2023-12-16,44.083333333333336,43.19055332383051,68.6,24.51666666666666,25.409446676169487
2023-12-17,46.1,45.53157962938966,70.6,24.499999999999993,25.068420370610333
2023-12-18,44.75,44.666347026046395,64.9,20.150000000000006,20.23365297395361
2023-12-19,36.59166666666667,34.92919528314112,58,21.40833333333333,23.07080471685888
2023-12-20,36.84166666666667,34.94447324089672,60.3,23.45833333333333,25.355526759103277
2023-12-21,38.175,35.86533627057146,63.7,25.525000000000006,27.83466372942854
2023-12-22,37.65,34.95327199688999,64.8,27.15,29.84672800311001
2023-12-23,41.49166666666667,39.13570040171051,66.1,24.608333333333327,26.964299598289486
2023-12-24,45.43333333333333,43.94816638590126,68.4,22.966666666666676,24.451833614098746
2023-12-25,45.86666666666667,45.4914992872878,69,23.133333333333333,23.5085007127122
2023-12-26,44.025,42.660114033951025,68.6,24.574999999999996,25.93988596604897
2023-12-27,43.7,42.33541531683297,64.7,21,22.36458468316703
2023-12-28,44.858333333333334,44.37559932616302,64,19.141666666666666,19.62440067383698
2023-12-29,42.675,42.64659841907477,63.6,20.925000000000004,20.95340158092523
2023-12-30,39.19166666666666,38.23857716729299,59.7,20.50833333333334,21.461422832707015
2023-12-31,37.46666666666667,35.805688739147335,57.8,20.33333333333333,21.994311260852662
2024-01-01,35.975,34.72769210833225,58.3,22.324999999999996,23.572307891667748
2024-01-02,34.05833333333333,32.19253595956978,61.5,27.44166666666667,29.30746404043022
2024-01-03,35.35,34.09812103148892,59.1,23.75,25.00187896851108
2024-01-04,33.46666666666667,32.4607360373202,66.7,33.233333333333334,34.2392639626798
2024-01-05,31.708333333333332,29.5453544123364,65.4,33.69166666666668,35.854645587663605
2024-01-06,33.425,31.81626279642348,70.3,36.875,38.48373720357652
2024-01-07,35.166666666666664,33.76835557859272,64.8,29.633333333333333,31.03164442140728
2024-01-08,34.80833333333334,32.67996630815083,65.5,30.691666666666663,32.82003369184917
2024-01-09,36.75833333333333,35.211688479979266,72.4,35.64166666666667,37.18831152002074
2024-01-10,41.4,41.33862900090709,65,23.6,23.66137099909291
2024-01-11,37.458333333333336,36.032227549565896,62.1,24.641666666666666,26.067772450434106
2024-01-12,36.375,36.14893093170921,71.5,35.125,35.35106906829079
2024-01-13,37.333333333333336,37.45172994687054,70,32.666666666666664,32.54827005312946
2024-01-14,22,20.47505507321498,61.7,39.7,41.22494492678503
2024-01-15,18.475,16.466087857975896,69.5,51.025,53.03391214202411
2024-01-16,20.34166666666667,18.824620966696905,70.7,50.358333333333334,51.8753790333031
2024-01-17,19.066666666666666,17.37027342231437,62.6,43.53333333333333,45.22972657768563
2024-01-18,26.183333333333334,24.158805235195025,67.9,41.71666666666667,43.74119476480498
2024-01-19,24.875,22.86054166126733,66.6,41.724999999999994,43.73945833873266
2024-01-20,18.75,16.734767396656732,61.1,42.35,44.36523260334327
2024-01-21,22.441666666666666,19.62450434106518,55.3,32.858333333333334,35.67549565893482
2024-01-22,29.866666666666667,28.26623040041467,63.9,34.03333333333333,35.63376959958533
2024-01-23,37.141666666666666,35.27968122327329,69.2,32.05833333333334,33.92031877672671
2024-01-24,39.31666666666666,37.19550343397694,73.8,34.483333333333334,36.60449656602306
2024-01-25,45.8,44.134300894129844,73.9,28.10000000000001,29.765699105870162
2024-01-26,44.88333333333333,42.11645717247635,72.4,27.516666666666673,30.283542827523654
2024-01-27,41.50833333333333,39.468109368925745,72.3,30.791666666666664,32.83189063107425
2024-01-28,38.833333333333336,37.11595179473888,68.7,29.866666666666667,31.58404820526112
2024-01-29,38.675,36.68487754308669,58.5,19.825000000000003,21.815122456913308
2024-01-30,36.75833333333333,34.361720875988084,54.8,18.041666666666664,20.438279124011913
2024-01-31,38.166666666666664,35.943281067772446,59.6,21.433333333333337,23.656718932227555
2024-02-01,39.85,37.976648956848514,58.9,19.049999999999997,20.923351043151484
2024-02-02,39.516666666666666,37.41128676947,61.3,21.78333333333333,23.888713230529994
2024-02-03,36.28333333333333,34.001982635739274,58.5,22.21666666666667,24.498017364260726
2024-02-04,36.55,34.28435920694571,66.5,29.950000000000003,32.21564079305429
2024-02-05,36.43333333333333,34.159440196967736,61.8,25.366666666666667,27.64055980303226
2024-02-06,35.65,33.65883115200207,58.8,23.15,25.141168847997925
2024-02-07,38.641666666666666,36.63103537644162,60,21.358333333333334,23.368964623558377
2024-02-08,42.666666666666664,41.16122845665414,63.2,20.53333333333334,22.03877154334586
2024-02-09,45.25,43.54990281197356,66.7,21.450000000000003,23.150097188026443
2024-02-10,45.45,43.93246080082934,69,23.549999999999997,25.06753919917066
2024-02-11,41.50833333333333,40.07918880393935,71.1,29.59166666666666,31.02081119606064
2024-02-12,38.766666666666666,37.227938317999225,72.4,33.63333333333334,35.17206168200078
2024-02-13,36.275,34.51369703252559,67,30.725,32.48630296747441
2024-02-14,33.675,31.38736555656343,62.2,28.525000000000006,30.812634443436572
2024-02-15,34.9,32.97101205131528,67.4,32.50000000000001,34.42898794868473
2024-02-16,34.8,32.761137747829466,67.6,32.8,34.83886225217053
2024-02-17,29.516666666666666,27.8588441104056,71.1,41.58333333333333,43.241155889594395
2024-02-18,31.041666666666668,29.743268109368923,64.2,33.15833333333333,34.456731890631076
2024-02-19,34.00833333333333,32.350874692237916,61.5,27.491666666666667,29.149125307762084
2024-02-20,35.45,33.012206816120255,57,21.549999999999997,23.987793183879745
2024-02-21,39.3,37.29300246209667,57.6,18.300000000000004,20.306997537903328
2024-02-22,41.44166666666667,39.28833743682778,58.6,17.15833333333333,19.31166256317222
2024-02-23,41.84166666666667,39.76534922897499,64.6,22.758333333333326,24.834650771025004
2024-02-24,36.30833333333333,33.70282493196838,66.9,30.591666666666676,33.197175068031626
2024-02-25,36.525,33.709174549695476,62.1,25.575000000000003,28.390825450304526
2024-02-26,45.13333333333333,43.384488790980946,62,16.866666666666667,18.615511209019054
2024-02-27,50.791666666666664,49.84122068161203,64.7,13.908333333333339,14.858779318387974
2024-02-28,46.625,46.27523649086432,68.9,22.275000000000006,22.624763509135683
2024-02-29,34.15,32.43014124659842,70,35.85,37.56985875340158
2024-03-01,38.30833333333334,35.92107036413114,71.4,33.09166666666667,35.478929635868866
2024-03-02,45.166666666666664,43.39234158351691,72.3,27.133333333333333,28.907658416483088
2024-03-03,51.85,51.38018660101075,72.2,20.35,20.819813398989254
2024-03-04,51.608333333333334,50.98200077750421,71.5,19.891666666666666,20.51799922249579
2024-03-05,47.69166666666667,45.16555656343138,73.7,26.008333333333333,28.534443436568623
2024-03-06,47.21666666666667,45.731190877283915,71.4,24.183333333333337,25.66880912271609
2024-03-07,48.19166666666666,46.3423610211222,71.5,23.308333333333337,25.1576389788778
2024-03-08,45.325,43.40817675262408,74.4,29.075000000000003,30.991823247375926
2024-03-09,42.35,40.78862252170532,76.2,33.85,35.41137747829468
2024-03-10,41.641666666666666,41.121951535570815,72.5,30.858333333333334,31.378048464429185
2024-03-11,43.291666666666664,41.883750161980046,67.1,23.80833333333333,25.216249838019948
2024-03-12,51.5,50.35337566411818,69.6,18.099999999999994,19.246624335881812
2024-03-13,53.358333333333334,51.5196319813399,71.1,17.74166666666666,19.580368018660096
2024-03-14,54.75,52.810677724504345,72.8,18.049999999999997,19.989322275495653
2024-03-15,52.475,50.6903978229882,73.1,20.624999999999993,22.40960217701179
2024-03-16,48.575,47.38701567966826,73.8,25.224999999999994,26.412984320331738
2024-03-17,46.425,45.26991058701567,73.5,27.075000000000003,28.230089412984327
2024-03-18,39.78333333333333,38.4463003757937,75.8,36.016666666666666,37.3536996242063
2024-03-19,40.325,38.89777115459375,69.5,29.174999999999997,30.602228845406252
2024-03-20,41,39.445419204354025,67.1,26.099999999999994,27.65458079564597
2024-03-21,35.4,33.010496306854996,70.8,35.4,37.789503693145
2024-03-22,37.291666666666664,34.91240119217312,67.9,30.60833333333334,32.987598807826885
2024-03-23,39.38333333333333,37.72690164571725,71.3,31.916666666666664,33.57309835428275
2024-03-24,38.25,36.54364390307114,70.3,32.05,33.756356096928855
2024-03-25,44,42.83698328365945,72.1,28.099999999999994,29.263016716340545
2024-03-26,44.30833333333333,43.545483996371644,73.4,29.091666666666676,29.854516003628362
2024-03-27,42.7,41.87618245432163,75.6,32.89999999999999,33.723817545678365
2024-03-28,43.791666666666664,43.21442270312298,74,30.208333333333336,30.785577296877022
2024-03-29,44.19166666666666,42.758623817545676,67.9,23.708333333333343,25.14137618245433
2024-03-30,46.983333333333334,46.19604768692497,68.7,21.71666666666667,22.503952313075033
2024-03-31,48.84166666666667,47.26245950498899,69.7,20.858333333333334,22.437540495011014
2024-04-01,48.69166666666667,46.80462615005831,70.5,21.80833333333333,23.69537384994169
2024-04-02,47.1,44.960075158740445,73.9,26.800000000000004,28.93992484125956
2024-04-03,44.21666666666667,41.40485940132176,77,32.78333333333333,35.59514059867824
2024-04-04,42.475,40.22371387845017,71.2,28.725,30.976286121549833
2024-04-05,42.875,40.85318128806531,69.1,26.224999999999994,28.246818711934687
2024-04-06,45.016666666666666,42.85972528184528,69.7,24.683333333333337,26.840274718154724
2024-04-07,47.25,45.24741479849683,69.4,22.150000000000006,24.15258520150318
2024-04-08,53.516666666666666,52.58831152002073,71.7,18.183333333333337,19.11168847997927
2024-04-09,57.541666666666664,56.353051704030065,72.2,14.658333333333339,15.846948295969938
2024-04-10,56.391666666666666,54.40080342101853,75.2,18.808333333333337,20.799196578981473
2024-04-11,56.108333333333334,54.3082415446417,77.1,20.99166666666666,22.79175845535829
2024-04-12,55.516666666666666,55.5466113774783,72,16.483333333333334,16.4533886225217
2024-04-13,52.61666666666667,51.33830504081897,71.1,18.483333333333327,19.76169495918102
2024-04-14,58.30833333333333,57.8206816120254,70.8,12.491666666666667,12.979318387974594
2024-04-15,60.59166666666667,59.92984320331735,70.7,10.108333333333334,10.770156796682656
2024-04-16,58.44166666666666,57.587171180510566,73.2,14.75833333333334,15.612828819489437
2024-04-17,57.041666666666664,55.248982765323305,74.6,17.55833333333333,19.35101723467669
2024-04-18,54.025,50.67873525981599,73.3,19.275,22.62126474018401
2024-04-19,50.858333333333334,49.21685888298562,74.7,23.84166666666667,25.483141117014384
2024-04-20,50.675,49.36440326551769,74.9,24.22500000000001,25.53559673448232
2024-04-21,46.75,45.35866269275625,76.5,29.75,31.141337307243752
2024-04-22,49.93333333333334,48.68901127381106,75.2,25.266666666666666,26.51098872618894
2024-04-23,53.166666666666664,51.926836853699626,72.8,19.633333333333333,20.87316314630037
2024-04-24,52.65,50.47794479720098,73.6,20.949999999999996,23.12205520279901
2024-04-25,48.641666666666666,45.8040430218997,73.4,24.75833333333334,27.595956978100304
2024-04-26,51.358333333333334,49.119683814953994,74.6,23.24166666666666,25.480316185046
2024-04-27,56.91666666666667,55.62217182843074,75.9,18.983333333333334,20.27782817156927
2024-04-28,62.108333333333334,61.594972139432414,75.6,13.49166666666666,14.00502786056758
2024-04-29,66.09166666666667,65.61442270312297,76,9.908333333333331,10.385577296877031
2024-04-30,61.75833333333333,59.67226901645718,74.4,12.641666666666673,14.727730983542827
2024-05-01,62.208333333333336,60.8998963327718,74.6,12.391666666666659,13.700103667228191
2024-05-02,63.925,62.831527795775564,76.8,12.875,13.968472204224433
2024-05-03,60.125,58.0712323441752,76.4,16.275000000000006,18.328767655824805
2024-05-04,56.725,55.556744849034594,76.3,19.574999999999996,20.743255150965403
2024-05-05,56.775,54.24963068549955,77.7,20.925000000000004,23.450369314500456
2024-05-06,62.016666666666666,60.73939354671505,78.1,16.08333333333333,17.360606453284944
2024-05-07,65.01666666666667,64.09121420241027,78.6,13.583333333333329,14.508785797589724
2024-05-08,67.30833333333334,66.50873396397563,80.8,13.49166666666666,14.291266036024368
2024-05-09,60.25,58.77238564208889,80.6,20.349999999999994,21.827614357911102
2024-05-10,54.63333333333333,52.7299727873526,80.2,25.56666666666667,27.470027212647402
2024-05-11,55.041666666666664,53.499313204613195,81.3,26.258333333333333,27.800686795386802
2024-05-12,56.59166666666667,54.906595827394064,79.8,23.20833333333333,24.893404172605933
2024-05-13,60.958333333333336,59.90116625631722,81.7,20.741666666666667,21.798833743682785
2024-05-14,61.516666666666666,60.502526888687314,83.7,22.183333333333337,23.19747311131269
2024-05-15,61.425,60.19368925748348,84,22.575000000000003,23.806310742516523
2024-05-16,61.875,60.62888428145652,82.2,20.325000000000003,21.57111571854348
2024-05-17,62.975,62.12762731631462,81.8,18.824999999999996,19.672372683685374
2024-05-18,63.95,62.84076713748866,84.3,20.349999999999994,21.459232862511335
2024-05-19,64.71666666666667,63.39206945704289,81.6,16.883333333333326,18.2079305429571
2024-05-20,65.875,64.95150965401064,81.4,15.525000000000006,16.44849034598937
2024-05-21,69.40833333333333,69.35901256965141,80.5,11.091666666666669,11.140987430348588
2024-05-22,70.33333333333333,70.28895944019698,81.7,11.366666666666674,11.411040559803027
2024-05-23,69.51666666666667,69.42564468057535,81.8,12.283333333333331,12.374355319424652
2024-05-24,70.29166666666667,70.276635998445,82.3,12.008333333333326,12.023364001554995
2024-05-25,68.51666666666667,67.43076324996761,83,14.483333333333334,15.569236750032388
2024-05-26,68.70833333333333,67.80211221977453,82.4,13.691666666666677,14.597887780225477
2024-05-27,66.73333333333333,65.87379810807309,82.7,15.966666666666669,16.826201891926914
2024-05-28,66.95833333333333,66.72177011792147,83.3,16.34166666666667,16.57822988207853
2024-05-29,63.49166666666667,62.92068161202539,83.2,19.708333333333336,20.279318387974612
2024-05-30,61.49166666666667,59.97873525981599,82.3,20.80833333333333,22.321264740184006
2024-05-31,63.666666666666664,63.138991836205776,82,18.333333333333336,18.861008163794224
2024-06-01,66.8,66.31119606064533,82.5,15.700000000000003,16.18880393935467
2024-06-02,68.15833333333333,67.73525981599067,78.9,10.741666666666674,11.164740184009332
2024-06-03,71.09166666666667,70.8232603343268,77.9,6.808333333333337,7.076739665673202
2024-06-04,71.86666666666666,71.20988726188934,80.4,8.533333333333346,9.19011273811067
2024-06-05,70.46666666666667,70.10641440974473,82.3,11.833333333333329,12.193585590255267
2024-06-06,70.725,70.44166126733187,81.8,11.075000000000003,11.35833873266813
2024-06-07,69.55833333333334,69.33865491771414,80.9,11.341666666666669,11.561345082285868
2024-06-08,67.86666666666667,66.79949462226254,81.8,13.933333333333323,15.000505377737454
2024-06-09,67.18333333333334,66.21845276661915,82.7,15.516666666666666,16.48154723338085
2024-06-10,64.59166666666667,63.55232603343268,82.3,17.70833333333333,18.74767396656732
2024-06-11,64.78333333333333,63.9637812621485,78.6,13.816666666666663,14.636218737851493
2024-06-12,69.31666666666666,69.06892574834781,78.9,9.583333333333343,9.831074251652197
2024-06-13,72.85,72.76683944538033,78.7,5.8500000000000085,5.9331605546196755
2024-06-14,72.525,72.09390955034341,80.1,7.574999999999989,8.006090449656583
2024-06-15,70.26666666666667,69.95005831281586,79.3,9.033333333333331,9.349941687184142
2024-06-16,71.20833333333333,70.06664506932746,80,8.791666666666671,9.933354930672536
2024-06-17,74.19166666666666,74.56089153816251,81.2,7.00833333333334,6.639108461837495
2024-06-18,77.68333333333334,78.25684851626279,82.2,4.516666666666666,3.9431514837372106
2024-06-19,76.875,78.13318647142671,80.3,3.424999999999997,2.166813528573286
2024-06-20,77.3,78.046455876636,80.9,3.6000000000000085,2.853544123364003
2024-06-21,77.525,77.98113256446806,80.5,2.9749999999999943,2.518867435531945
2024-06-22,78.55833333333334,78.38806531035375,79.7,1.1416666666666657,1.3119346896462503
2024-06-23,78.55,78.32786056757807,78,-0.5499999999999972,-0.327860567578071
2024-06-24,76.05,75.69803032266424,78.3,2.25,2.6019696773357595
2024-06-25,76.95833333333333,77.11161072955812,79.8,2.8416666666666686,2.688389270441874
2024-06-26,77.75,78.12407671374886,81.9,4.150000000000006,3.7759232862511425
2024-06-27,72.39166666666667,71.59384475832579,82.5,10.108333333333334,10.906155241674213
2024-06-28,70.34166666666667,68.59142153686666,82.2,11.858333333333334,13.608578463133341
2024-06-29,74.39166666666667,73.61520020733445,80.8,6.408333333333331,7.184799792665544
2024-06-30,74.19166666666666,73.46958662692757,78,3.808333333333337,4.5304133730724345
2024-07-01,69.45,68.35366074899572,79.9,10.450000000000003,11.546339251004284
2024-07-02,72.34166666666667,71.75578592717378,81.1,8.758333333333326,9.344214072826219
2024-07-03,75.24166666666667,74.67620837112868,81.4,6.158333333333331,6.723791628871325
2024-07-04,75.11666666666667,74.7198911494104,83.9,8.783333333333331,9.180108850589605
2024-07-05,76.81666666666666,76.3123882337696,81.6,4.783333333333331,5.287611766230398
2024-07-06,77.60833333333333,77.12955811843982,80.5,2.8916666666666657,3.3704418815601827
2024-07-07,77.83333333333333,77.60606453284956,82.2,4.366666666666674,4.593935467150445
2024-07-08,77.925,78.31645717247635,84.1,6.174999999999997,5.783542827523647
2024-07-09,78.39166666666667,78.2347544382532,84.5,6.108333333333334,6.265245561746795
2024-07-10,77.60833333333333,77.65959569781003,83,5.391666666666666,5.340404302189967
2024-07-11,76.575,76.61675521575742,82.4,5.825000000000003,5.783244784242584
2024-07-12,74.475,74.68332253466372,80.1,5.625,5.416677465336278
2024-07-13,76.73333333333333,76.50063496177272,81.5,4.766666666666666,4.999365038227282
2024-07-14,78.6,78.30625890890242,80.6,2,2.293741091097573
2024-07-15,79.70833333333333,79.8109109757678,81.9,2.191666666666677,2.0890890242322087
2024-07-16,79.83333333333333,79.94605416612673,80.2,0.36666666666667425,0.2539458338732743
2024-07-17,76.80833333333334,76.67793183879746,80.2,3.3916666666666657,3.52206816120254
2024-07-18,73.875,73.26520668653622,80.4,6.525000000000006,7.134793313463788
2024-07-19,72.46666666666667,71.52077232085007,81.5,9.033333333333331,9.979227679149929
2024-07-20,73.69166666666666,72.98381495399767,80.9,7.208333333333343,7.91618504600234
2024-07-21,75.39166666666667,75.04347544382532,81.2,5.808333333333337,6.156524556174688
2024-07-22,73.49166666666666,73.29997408319295,80.2,6.708333333333343,6.900025916807053
2024-07-23,73.91666666666667,73.49703252559284,79.9,5.983333333333334,6.402967474407163
2024-07-24,73.44166666666666,72.73116496047687,82.5,9.058333333333337,9.768835039523125
2024-07-25,73.41666666666667,72.86527147855385,82.5,9.083333333333329,9.63472852144615
2024-07-26,73.00833333333333,72.33100945963457,81.6,8.591666666666669,9.268990540365422
2024-07-27,74.23333333333333,73.76961254373461,81.5,7.266666666666666,7.73038745626539
2024-07-28,74.925,74.30758066606194,81.7,6.775000000000006,7.392419333938065
2024-07-29,74.93333333333334,73.94836076195412,80.9,5.966666666666669,6.951639238045885
2024-07-30,76.975,77.06735778152132,80.4,3.4250000000000114,3.332642218478682
2024-07-31,77.78333333333333,77.42644810159389,82.6,4.816666666666663,5.173551898406103
2024-08-01,78.66666666666667,79.10155500842296,83.1,4.433333333333323,3.9984449915770313
2024-08-02,78.78333333333333,78.3135933652974,81.9,3.1166666666666742,3.5864066347026125
2024-08-03,78.02499999999999,78.08713230529999,79.1,1.0750000000000028,1.012867694700006
2024-08-04,77.13333333333333,76.67645458079564,78.1,0.9666666666666686,1.423545419204359
2024-08-05,77.925,77.91059997408318,83.9,5.9750000000000085,5.989400025916822
2024-08-06,75.06666666666666,74.1250874692238,83.1,8.033333333333331,8.974912530776194
2024-08-07,71.34166666666667,69.48109368925748,85.1,13.758333333333326,15.618906310742517
2024-08-08,70.925,69.57369444084487,83.4,12.475000000000009,13.82630555915513
2024-08-09,73.26666666666667,72.61921731242711,83.4,10.13333333333334,10.780782687572895
2024-08-10,73.25,72.83233121679409,82.8,9.549999999999997,9.967668783205909
2024-08-11,71.74166666666667,71.09571076843332,80.3,8.558333333333323,9.204289231566676
2024-08-12,71.05833333333334,69.92951924322924,81.7,10.641666666666666,11.770480756770766
2024-08-13,71.99166666666667,71.03654269793961,83.2,11.208333333333329,12.163457302060394
2024-08-14,73.49166666666667,72.7391602954516,84,10.508333333333326,11.260839704548403
2024-08-15,74.04166666666667,72.97083063366594,83.5,9.458333333333329,10.52916936633406
2024-08-16,74.65833333333333,73.90077750421149,80.2,5.541666666666671,6.299222495788513
2024-08-17,73.24166666666667,72.1815731501879,81.2,7.958333333333329,9.018426849812101
2024-08-18,72.275,71.03781262148505,80.5,8.224999999999994,9.462187378514955
2024-08-19,71.825,70.74990281197357,80.8,8.974999999999994,10.050097188026427
2024-08-20,67.41666666666667,65.50141246598419,82,14.583333333333329,16.49858753401581
2024-08-21,66.06666666666666,64.1279253595957,81.5,15.433333333333337,17.372074640404307
2024-08-22,66.95833333333333,65.55077102500972,79.9,12.941666666666677,14.349228974990282
2024-08-23,69.38333333333333,68.67741350265646,79.7,10.316666666666677,11.02258649734354
2024-08-24,72.45833333333333,71.96112478942594,79.7,7.241666666666674,7.738875210574065
2024-08-25,74.89166666666667,74.72313075029155,80.4,5.50833333333334,5.67686924970846
2024-08-26,75.675,75.45561746792795,80.9,5.2250000000000085,5.444382532072055
2024-08-27,76.00833333333334,76.03789037190619,81.3,5.291666666666657,5.2621096280938104
2024-08-28,77.25,77.4658805235195,79.9,2.6500000000000057,2.434119476480504
2024-08-29,73.18333333333334,72.45915511209019,78.9,5.716666666666669,6.440844887909819
2024-08-30,71.61666666666667,70.96017882596864,79.5,7.883333333333326,8.53982117403136
2024-08-31,72.80833333333334,71.86220033691849,79.2,6.391666666666666,7.337799663081512
2024-09-01,72.65,72.13213684074121,78.6,5.949999999999989,6.467863159258783
2024-09-02,68.75833333333333,68.02668135285734,79,10.241666666666674,10.973318647142662
2024-09-03,66.025,64.51201244006738,80.7,14.674999999999997,16.187987559932623
2024-09-04,68.375,67.09708435920695,80,11.625,12.902915640793054
2024-09-05,70.125,68.86991058701568,81.7,11.575000000000003,12.830089412984321
2024-09-06,68.84166666666667,67.23029674744072,80.6,11.758333333333326,13.369703252559276
2024-09-07,65,63.60916159129195,81.7,16.700000000000003,18.090838408708052
2024-09-08,63.35,61.45620059608656,82.3,18.949999999999996,20.843799403913437
2024-09-09,67.10833333333333,65.64665025268887,80.5,13.391666666666666,14.853349747311128
2024-09-10,69.01666666666667,67.77824284048205,81.1,12.083333333333329,13.321757159517944
2024-09-11,68.925,67.72090190488531,81.5,12.575000000000003,13.77909809511469
2024-09-12,69.31666666666666,68.61858235065439,83.4,14.083333333333343,14.781417649345613
2024-09-13,70.39166666666667,69.92408967215239,83.3,12.908333333333331,13.375910327847606
2024-09-14,71.925,71.22884540624595,83.6,11.674999999999997,12.371154593754042
2024-09-15,71.24166666666667,70.6806271867306,82.1,10.85833333333332,11.41937281326939
2024-09-16,69.06666666666666,68.3117014383828,82.3,13.233333333333334,13.9882985616172
2024-09-17,69.52499999999999,68.55257224309965,82.7,13.175000000000011,14.147427756900356
2024-09-18,70.36666666666666,69.162213295322,80.9,10.533333333333346,11.737786704678001
2024-09-19,71.96666666666667,71.3396267979785,79.8,7.833333333333329,8.4603732020215
2024-09-20,71.375,70.90352468575871,79.7,8.325000000000003,8.796475314241292
2024-09-21,69.875,68.8060386160425,80.2,10.325000000000003,11.393961383957503
2024-09-22,67.38333333333333,66.07724504341064,80.9,13.51666666666668,14.822754956589364
2024-09-23,64.08333333333333,62.63969158999611,81.6,17.516666666666666,18.960308410003883
2024-09-24,64.375,62.935117273551896,82.3,17.924999999999997,19.3648827264481
2024-09-25,65.38333333333333,63.94164830892834,80.5,15.116666666666674,16.558351691071657
2024-09-26,67.36666666666667,66.37554749254892,80.7,13.333333333333329,14.324452507451085
2024-09-27,67.54166666666667,66.84418815601917,83.9,16.358333333333334,17.055811843980834
2024-09-28,66.85833333333333,65.30899313204613,81.5,14.641666666666666,16.191006867953874
2024-09-29,65.05,63.86400155500842,83.4,18.35000000000001,19.535998444991584
2024-09-30,65.89166666666667,64.7765841648309,81.1,15.208333333333329,16.3234158351691
2024-10-01,64.45,63.1647790592199,80.3,15.849999999999994,17.135220940780094
2024-10-02,63.1,61.21599066994946,80.8,17.699999999999996,19.584009330050534
2024-10-03,64.24166666666667,63.019955941428016,80.3,16.058333333333323,17.28004405857198
2024-10-04,64.50833333333334,63.40662174420112,79.1,14.591666666666654,15.693378255798876
2024-10-05,65.375,64.72808086043798,78.3,12.924999999999997,13.571919139562013
2024-10-06,63.86666666666667,62.62970066087858,76.3,12.43333333333333,13.67029933912142
2024-10-07,62.425,60.72130361539458,75.4,12.975000000000009,14.678696384605423
2024-10-08,59.65,58.379927432940264,76.8,17.15,18.420072567059734
2024-10-09,58.3,57.117429052740704,78.5,20.200000000000003,21.382570947259296
2024-10-10,57.04166666666667,55.2937540495011,80.7,23.65833333333333,25.4062459504989
2024-10-11,59.891666666666666,58.750758066606195,75.9,16.00833333333334,17.14924193339381
2024-10-12,62.541666666666664,61.75503433976934,76.7,14.158333333333339,14.944965660230665
2024-10-13,60.35,58.55981599066995,78.5,18.15,19.940184009330054
2024-10-14,55.43333333333334,53.9230400414669,78,22.566666666666663,24.076959958533102
2024-10-15,50.24166666666667,48.0350136063237,76.4,26.15833333333334,28.364986393676304
2024-10-16,49.24166666666667,47.73691849164183,75.7,26.458333333333336,27.963081508358172
2024-10-17,50.583333333333336,48.97362964882726,70.2,19.616666666666667,21.22637035117274
2024-10-18,55.56666666666666,54.16071012051315,73.2,17.63333333333334,19.03928987948685
2024-10-19,57.65,56.4292341583517,77.2,19.550000000000004,20.770765841648306
2024-10-20,60.03333333333333,59.150472981728655,75.5,15.466666666666669,16.349527018271345
2024-10-21,64.35833333333333,64.04431774005442,77.1,12.74166666666666,13.05568225994557
2024-10-22,65.68333333333334,65.22427108980173,77.8,12.11666666666666,12.575728910198265
2024-10-23,62.88333333333333,62.07031229752494,76.8,13.916666666666664,14.729687702475054
2024-10-24,58.733333333333334,57.592173124271085,75.6,16.86666666666666,18.00782687572891
2024-10-25,54.958333333333336,53.5154334585979,76.3,21.34166666666666,22.7845665414021
2024-10-26,55.53333333333333,53.60349876895167,75.2,19.66666666666667,21.596501231048336
2024-10-27,51.53333333333333,48.97132305299987,75.2,23.66666666666667,26.22867694700013
2024-10-28,53.25,51.00405598030323,75.3,22.049999999999997,24.29594401969677
2024-10-29,59.25833333333333,58.187948684722045,77.6,18.34166666666666,19.41205131527795
2024-10-30,63.75,63.566424776467535,77.6,13.849999999999994,14.03357522353246
2024-10-31,63.75,64.12293637423869,77.1,13.349999999999994,12.977063625761303
2024-11-01,59.40833333333333,59.24049501101464,77,17.59166666666667,17.759504988985363
2024-11-02,51.858333333333334,50.23273292730335,75.5,23.641666666666666,25.267267072696647
2024-11-03,50.475,48.27760787870934,77.7,27.225,29.422392121290663
2024-11-04,54.75,53.113580406893874,77.3,22.549999999999997,24.186419593106123
2024-11-05,60.05,60.14079305429571,77.9,17.85000000000001,17.759206945704292
2024-11-06,62.44166666666666,62.731411170143836,79.5,17.058333333333337,16.768588829856164
2024-11-07,58.40833333333333,57.63738499416872,79.8,21.391666666666666,22.162615005831277
2024-11-08,54.75833333333333,53.48862252170533,79.3,24.541666666666664,25.811377478294666
2024-11-09,49.15833333333333,47.667435531942466,77.8,28.641666666666666,30.13256446805753
2024-11-10,51.4,49.96607489957238,77.3,25.9,27.33392510042762
2024-11-11,55.36666666666667,54.993248671763645,76.6,21.233333333333327,21.60675132823635
2024-11-12,47.983333333333334,46.98520150317481,78.5,30.516666666666666,31.514798496825193
2024-11-13,44.40833333333333,42.32902682389529,78.6,34.19166666666666,36.270973176104704
2024-11-14,45.475,44.07219126603602,76.4,30.925000000000004,32.327808733963984
2024-11-15,47.875,46.86943112608527,74.9,27.025000000000006,28.03056887391474
2024-11-16,50.108333333333334,49.053945833873264,70.7,20.59166666666667,21.64605416612674
2024-11-17,50.875,50.48840222884541,73.6,22.724999999999994,23.111597771154585
2024-11-18,53.25,52.6336529739536,73.2,19.950000000000003,20.5663470260464
2024-11-19,52.69166666666666,52.230439289879484,74.1,21.40833333333333,21.86956071012051
2024-11-20,48.99166666666667,47.929052740702346,74.2,25.208333333333336,26.270947259297657
2024-11-21,43.09166666666667,42.476519372813264,68.4,25.308333333333337,25.92348062718674
2024-11-22,41.38333333333333,40.513334197226904,63,21.616666666666667,22.486665802773096
2024-11-23,43.8,42.259738240248794,60.9,17.1,18.640261759751205
2024-11-24,46.675,44.901956718932226,61.8,15.125,16.89804328106777
2024-11-25,45.416666666666664,44.29586626927563,67.2,21.78333333333334,22.904133730724375
2024-11-26,44.108333333333334,42.829765452896204,69.5,25.391666666666666,26.670234547103796
2024-11-27,42.80833333333334,41.03538940002591,68.7,25.891666666666666,27.66461059997409
2024-11-28,40.78333333333333,39.228767655824804,67.5,26.71666666666667,28.271232344175196
2024-11-29,35.358333333333334,34.27361669042374,68.6,33.24166666666666,34.32638330957626
2024-11-30,30.966666666666665,29.269755086173387,66.3,35.33333333333333,37.03024491382661
2024-12-01,31.041666666666668,28.53896591939873,62.8,31.75833333333333,34.26103408060126
2024-12-02,31.958333333333332,29.515757418686018,58.5,26.541666666666668,28.984242581313982
2024-12-03,32.80833333333333,30.693598548658805,57.9,25.09166666666667,27.206401451341193
2024-12-04,34.166666666666664,32.282830115329794,57.8,23.633333333333333,25.517169884670203
2024-12-05,33.21666666666667,31.47997926655436,62.9,29.68333333333333,31.42002073344564
2024-12-06,30.583333333333332,28.50961513541532,64.8,34.21666666666667,36.29038486458468
2024-12-07,35.38333333333333,33.61241415057665,64.5,29.116666666666667,30.887585849423353
2024-12-08,43.15833333333333,42.20019437605287,65.6,22.441666666666663,23.399805623947124
2024-12-09,43.975,42.852338991836206,67.6,23.624999999999993,24.74766100816379
2024-12-10,42.34166666666667,41.31745496954775,71.3,28.95833333333333,29.98254503045225
2024-12-11,43.18333333333333,43.76796682648698,71.8,28.616666666666667,28.032033173513014
2024-12-12,28.658333333333335,27.57863159258779,58.3,29.641666666666662,30.721368407412207
2024-12-13,27.158333333333335,24.755436050278607,65.4,38.241666666666674,40.6445639497214
2024-12-14,31.966666666666665,29.3433069845795,69.1,37.133333333333326,39.756693015420495
2024-12-15,37.19166666666666,34.616172087598805,71.8,34.608333333333334,37.18382791240119
2024-12-16,43.475,41.35525463262926,72.9,29.425000000000004,31.544745367370744
2024-12-17,47.05,45.79033303097059,74.3,27.25,28.50966696902941
2024-12-18,41.45,39.60995205390696,72.7,31.25,33.090047946093044
2024-12-19,37.71666666666667,36.29572372683685,71.8,34.08333333333333,35.50427627316315
2024-12-20,33.85,32.588868731372294,68.4,34.550000000000004,35.81113126862771
2024-12-21,26.55,24.246728003110018,59.7,33.150000000000006,35.45327199688998
2024-12-22,24.208333333333332,20.382920824154464,59.1,34.891666666666666,38.71707917584554
2024-12-23,28.383333333333333,24.43791628871323,65.2,36.81666666666667,40.76208371128678
2024-12-24,35.775,32.97216534922897,67.1,31.324999999999996,34.12783465077102
2024-12-25,35.11666666666667,31.967733575223534,67.8,32.68333333333333,35.83226642477646
2024-12-26,35.45,32.598133989892446,71.4,35.95,38.80186601010756
2024-12-27,37.11666666666667,34.70685499546456,72,34.88333333333333,37.29314500453544
2024-12-28,44.43333333333334,42.61850460023325,71.7,27.266666666666666,29.08149539976675
2024-12-29,47.55833333333334,46.20279901516133,70.4,22.84166666666667,24.197200984838673
2024-12-30,47.041666666666664,46.391201244006744,71.4,24.35833333333334,25.00879875599326
2024-12-31,41.625,40.62188674355319,71.2,29.575000000000003,30.578113256446812
2025-01-01,39.31666666666667,38.91085914215369,69.4,30.083333333333336,30.489140857846316
2025-01-02,34.80833333333333,33.621653492289745,61.6,26.79166666666667,27.978346507710256
2025-01-03,31.84166666666667,29.922495788518855,60.7,28.858333333333334,30.777504211481148
2025-01-04,27.925,25.714202410263056,57.2,29.275000000000002,31.485797589736947
2025-01-05,27.641666666666666,25.75016198004406,60.6,32.958333333333336,34.84983801995594
2025-01-06,26.858333333333334,26.04280160684204,66.3,39.44166666666666,40.25719839315796
2025-01-07,24.65,22.61299727873526,58.5,33.85,35.887002721264736
2025-01-08,25.058333333333334,23.033108721005572,52.4,27.341666666666665,29.366891278994427
2025-01-09,24.358333333333334,22.508422962291046,51.5,27.141666666666666,28.991577037708954
2025-01-10,28.758333333333333,28.003382143319943,58.1,29.34166666666667,30.09661785668006
2025-01-11,30,28.864558766359984,65.1,35.099999999999994,36.23544123364001
2025-01-12,31.225,30.326694311260855,59.1,27.875,28.773305688739146
2025-01-13,29.016666666666666,27.79248412595568,65.3,36.28333333333333,37.507515874044316
2025-01-14,23.533333333333335,22.180627186730593,66.9,43.366666666666674,44.719372813269416
2025-01-15,24.316666666666666,21.628106777245044,60.7,36.38333333333334,39.07189322275496
2025-01-16,28.5,26.694376052870286,62,33.5,35.30562394712972
2025-01-17,33.483333333333334,31.469716210962808,63.5,30.016666666666666,32.03028378903719
2025-01-18,33.791666666666664,33.09568485162628,69.3,35.50833333333333,36.204315148373716
2025-01-19,25.891666666666666,25.491447453673707,70.2,44.30833333333334,44.708552546326295
2025-01-20,15.508333333333335,14.194142801606842,61.5,45.99166666666667,47.305857198393156
2025-01-21,11.45,9.117804846442919,60.6,49.150000000000006,51.482195153557086
2025-01-22,14.883333333333333,12.41955423091875,54.6,39.71666666666667,42.18044576908125
2025-01-23,20.333333333333332,18.06415705585072,51.8,31.466666666666665,33.735842944149276
2025-01-24,22.608333333333334,19.75912919528314,51.6,28.991666666666667,31.84087080471686
2025-01-25,26.141666666666666,23.854269793961382,52.8,26.65833333333333,28.945730206038615
2025-01-26,31.266666666666666,29.280290268238954,61.3,30.03333333333333,32.01970973176104
2025-01-27,30.9,29.391784372165347,62.5,31.6,33.10821562783465
2025-01-28,34.95,33.45850719191396,61.9,26.949999999999996,28.44149280808604
2025-01-29,38.99166666666667,37.55136711157186,63.4,24.40833333333333,25.848632888428142
2025-01-30,34.391666666666666,31.478255798885577,65.8,31.40833333333333,34.32174420111442
2025-01-31,39.5,37.685642088894646,68.8,29.299999999999997,31.11435791110535
2025-02-01,33.46666666666667,31.368822081119607,68.8,35.33333333333333,37.431177918880394
2025-02-02,32.075,29.088298561617208,69.9,37.825,40.8117014383828
2025-02-03,39.63333333333333,37.65121161072956,72,32.36666666666667,34.34878838927044
2025-02-04,36.3,34.20496306854996,71.6,35.3,37.395036931450036
2025-02-05,31.208333333333332,28.370843592069455,69.7,38.491666666666674,41.32915640793055
2025-02-06,35.975,33.31977452377867,69.9,33.925000000000004,36.58022547622134
2025-02-07,34.766666666666666,32.0742775690035,70.5,35.733333333333334,38.4257224309965
2025-02-08,32.63333333333333,29.906764286639888,70.6,37.96666666666666,40.69323571336011
2025-02-09,31.866666666666667,30.029972787352598,69.6,37.73333333333333,39.570027212647396
2025-02-10,29.008333333333333,27.28663988596605,70.9,41.89166666666667,43.61336011403395
2025-02-11,27.09166666666667,25.442995982894907,72.4,45.30833333333334,46.9570040171051
2025-02-12,29.466666666666665,28.557211351561488,73,43.53333333333333,44.44278864843851
2025-02-13,31.258333333333333,30.40334326810937,75.7,44.44166666666667,45.296656731890636
2025-02-14,26.958333333333332,24.465608397045486,73.8,46.84166666666667,49.33439160295451
2025-02-15,31.775,29.318517558636778,73.4,41.62500000000001,44.08148244136323
2025-02-16,33.208333333333336,32.11396915899961,73.8,40.59166666666666,41.68603084100039
2025-02-17,23.325,20.779603472852145,70.5,47.175,49.720396527147855
2025-02-18,18.525,15.099300246209667,69.1,50.574999999999996,54.00069975379033
2025-02-19,18.633333333333333,16.753271996889982,71.4,52.76666666666667,54.64672800311003
2025-02-20,20.683333333333334,18.84281456524556,70.3,49.61666666666666,51.457185434754436
2025-02-21,24.766666666666666,22.694194635220942,61.5,36.733333333333334,38.80580536477906
2025-02-22,28.416666666666668,26.33113904366982,66.3,37.883333333333326,39.968860956330175
2025-02-23,36.016666666666666,34.33229234158352,67.2,31.183333333333337,32.867707658416485
2025-02-24,41.24166666666667,39.85340158092523,66.6,25.358333333333327,26.746598419074765
2025-02-25,45.1,43.93107425165219,67.2,22.1,23.26892574834781
2025-02-26,44.458333333333336,42.65303874562654,66.6,22.14166666666666,23.946961254373456
2025-02-27,45.46666666666667,43.49302837890372,67.8,22.33333333333333,24.306971621096274
2025-02-28,42.94166666666666,41.653233121679406,67.1,24.15833333333333,25.446766878320588
2025-03-01,38.916666666666664,37.28928340028508,65.7,26.78333333333334,28.410716599714924
2025-03-02,30.333333333333332,26.98570688091227,66.8,36.46666666666667,39.81429311908772
2025-03-03,35.225,32.078113256446805,66.5,31.275,34.421886743553195
2025-03-04,44.041666666666664,42.08117143967863,70.6,26.55833333333333,28.518828560321367
2025-03-05,47.38333333333333,46.884449915770375,72.9,25.516666666666673,26.01555008422963
2025-03-06,41.25,41.61159777115459,65,23.75,23.388402228845408
2025-03-07,38.425,36.420927821692366,60.5,22.075000000000003,24.079072178307634
2025-03-08,38.80833333333333,37.017778929635874,66.7,27.891666666666673,29.68222107036413
2025-03-09,41.175,39.93824024880135,71.1,29.924999999999997,31.161759751198645
2025-03-10,48.74166666666667,48.36691719580148,70.9,22.15833333333334,22.53308280419853
2025-03-11,48.416666666666664,47.53073733316056,64.7,16.28333333333334,17.169262666839444
2025-03-12,45.75833333333333,43.42662951924323,63.9,18.141666666666666,20.47337048075677
2025-03-13,45.15,42.675210574057274,66,20.85,23.324789425942726
2025-03-14,50.075,48.762731631463005,69.7,19.625,20.937268368536998
2025-03-15,50.199999999999996,49.141790851367105,74.1,23.9,24.95820914863289
2025-03-16,50.825,49.67206168200077,76.5,25.674999999999997,26.827938317999227
2025-03-17,47.65,46.72879357263185,68.2,20.550000000000004,21.471206427368152
2025-03-18,47.70833333333333,46.650472981728655,64.8,17.09166666666667,18.149527018271343
2025-03-19,51.09166666666667,48.59572372683686,66.1,15.008333333333326,17.504276273163136
2025-03-20,46.95,44.933652973953606,68,21.049999999999997,23.066347026046394
2025-03-21,44.56666666666666,43.22201632758844,63.7,19.13333333333334,20.47798367241156
2025-03-22,46.275,44.45700401710509,62.6,16.325000000000003,18.14299598289491
2025-03-23,41.958333333333336,39.24508228586238,67.8,25.84166666666666,28.554917714137616
2025-03-24,46.016666666666666,43.16595827394065,72.5,26.483333333333334,29.334041726059347
2025-03-25,47.55,45.2713360114034,72.9,25.35000000000001,27.628663988596607
2025-03-26,43.975,41.857016975508614,72,28.025,30.142983024491386
2025-03-27,44.825,42.72960995205391,72.5,27.674999999999997,29.770390047946087
2025-03-28,53.225,52.293559673448236,71.6,18.374999999999993,19.30644032655176
2025-03-29,58.86666666666667,57.984981210314885,71.1,12.233333333333327,13.11501878968511
2025-03-30,54.15833333333333,51.467150447064924,73.6,19.441666666666663,22.13284955293507
2025-03-31,54.208333333333336,53.0750680316185,74.6,20.39166666666666,21.524931968381495
2025-04-01,45.391666666666666,43.917986264092264,76.3,30.90833333333333,32.382013735907734
2025-04-02,46.1,44.11172735518984,78.2,32.1,34.08827264481016
2025-04-03,56.875,55.2249838019956,78.3,21.424999999999997,23.0750161980044
2025-04-04,56.15833333333333,55.440689387067515,78.7,22.54166666666667,23.259310612932488
2025-04-05,50.358333333333334,48.16928858364649,77.6,27.24166666666666,29.430711416353503
2025-04-06,47.75833333333333,46.50712712193858,77,29.241666666666667,30.49287287806142
2025-04-07,42.166666666666664,40.566087857975894,76.8,34.63333333333333,36.2339121420241
2025-04-08,39.766666666666666,37.79937799663082,73.7,33.93333333333334,35.900622003369186
2025-04-09,42.05833333333334,39.071750680316185,69.9,27.84166666666667,30.82824931968382
2025-04-10,45.45,42.204703900479466,70,24.549999999999997,27.795296099520534
2025-04-11,45.983333333333334,43.17896851107943,70.8,24.816666666666663,27.621031488920565
2025-04-12,45.93333333333333,42.79679927432941,70.2,24.266666666666673,27.403200725670594
2025-04-13,51.4,49.095918102889726,67.5,16.1,18.404081897110274
2025-04-14,55.208333333333336,53.71082026694312,71.2,15.991666666666667,17.489179733056886
2025-04-15,52.95,51.90097188026435,71.8,18.849999999999994,19.899028119735647
2025-04-16,47.25,44.8948555138007,74,26.75,29.1051444861993
2025-04-17,51.00833333333333,49.383620577944804,73.8,22.791666666666664,24.416379422055194
2025-04-18,58.15,57.35452896203188,74.8,16.65,17.44547103796812
2025-04-19,63.891666666666666,63.416405338862255,76,12.108333333333334,12.583594661137745
2025-04-20,58.06666666666667,56.987210055721135,76.4,18.333333333333336,19.41278994427887
2025-04-21,56.025,54.013075029156404,75.5,19.475,21.486924970843596
2025-04-22,61.083333333333336,60.32898794868472,74.7,13.616666666666667,14.371012051315283
2025-04-23,61.33333333333333,60.933069845794996,75.8,14.466666666666669,14.866930154205
2025-04-24,62.09166666666667,61.9670856550473,76.8,14.708333333333329,14.832914344952698
2025-04-25,61.7,61.22033173513023,77.5,15.799999999999997,16.27966826486977
2025-04-26,58.291666666666664,57.478800051833616,76.8,18.508333333333333,19.32119994816638
2025-04-27,54.34166666666667,52.67742646106,76.5,22.15833333333333,23.82257353894
2025-04-28,60.958333333333336,60.84280160684204,76.9,15.94166666666667,16.057198393157968
2025-04-29,64.38333333333334,64.43003757937022,76.5,12.11666666666666,12.069962420629778
2025-04-30,62.05833333333333,61.4469871711805,75.9,13.841666666666676,14.453012828819503
2025-05-01,60.925000000000004,59.65901256965142,75,14.074999999999996,15.340987430348576
2025-05-02,64.06666666666666,63.44180380977063,75.5,11.433333333333337,12.058196190229367
2025-05-03,61.50833333333333,61.5082415446417,76.7,15.19166666666667,15.191758455358304
2025-05-04,59.85,59.09968899831541,75.7,15.850000000000001,16.600311001684595
2025-05-05,59.00833333333333,57.19140857846313,77.6,18.59166666666666,20.408591421536862
2025-05-06,60.925,60.46948295969936,77.7,16.775000000000006,17.23051704030064
2025-05-07,61.75833333333333,61.07405727614358,78.5,16.741666666666667,17.425942723856423
2025-05-08,60.475,59.2979525722431,78.8,18.324999999999996,19.5020474277569
2025-05-09,57.225,54.8446157833355,79.5,22.275,24.6553842166645
2025-05-10,60.61666666666667,58.60653103537644,78.1,17.483333333333327,19.493468964623553
2025-05-11,63.90833333333333,62.09670856550473,77.7,13.791666666666671,15.603291434495276
2025-05-12,64.50833333333334,63.47574186860179,75.4,10.891666666666666,11.924258131398219
2025-05-13,65.60833333333333,64.44078009589218,77.2,11.591666666666669,12.759219904107823
2025-05-14,65.14166666666667,63.37778929635869,77.3,12.158333333333331,13.922210703641305
2025-05-15,68.00833333333334,67.47583257742646,78.8,10.791666666666657,11.324167422573538
2025-05-16,68.61666666666667,68.6864584683167,79.1,10.48333333333332,10.413541531683293
2025-05-17,65.66666666666667,65.56604898276532,79.8,14.133333333333326,14.233951017234673
2025-05-18,62.725,61.792121290656986,79.2,16.475,17.407878709343017
2025-05-19,58.71666666666667,56.63076324996761,80.9,22.183333333333337,24.269236750032398
2025-05-20,56.85,54.99241933393806,80.6,23.749999999999993,25.607580666061935
2025-05-21,56.1,53.53387326681353,80.8,24.699999999999996,27.266126733186468
2025-05-22,54.5,51.62734223143709,81.3,26.799999999999997,29.672657768562907
2025-05-23,55.53333333333333,53.02853440456136,79.7,24.16666666666667,26.67146559543864
2025-05-24,57.175,54.95408837631204,78.9,21.72500000000001,23.945911623687962
2025-05-25,59.13333333333333,57.19187508099002,79.8,20.666666666666664,22.608124919009974
2025-05-26,60.55,58.98969806919788,80.5,19.950000000000003,21.51030193080212
2025-05-27,62.65833333333333,62.135557859271735,81.8,19.141666666666666,19.664442140728262
2025-05-28,59.391666666666666,58.92780873396397,81.1,21.70833333333333,22.172191266036023
2025-05-29,62.333333333333336,61.32144615783335,81.5,19.166666666666664,20.17855384216665
2025-05-30,65.93333333333334,65.48739147337048,81.3,15.36666666666666,15.812608526629518
2025-05-31,61.891666666666666,60.41908772839186,80.8,18.90833333333333,20.38091227160814
2025-06-01,60.11666666666667,58.31361928210445,78.8,18.68333333333333,20.48638071789555
2025-06-02,64.30833333333334,63.119515355708174,77.9,13.591666666666669,14.780484644291832
2025-06-03,68,68.18739147337048,75.3,7.299999999999997,7.112608526629515
2025-06-04,70.41666666666667,69.68270053129454,74.8,4.383333333333326,5.117299468705454
2025-06-05,72.04166666666667,72.0775301282882,80,7.958333333333329,7.922469871711797
2025-06-06,71.58333333333333,71.16153945833872,80.9,9.316666666666677,9.738460541661283
2025-06-07,69.26666666666667,68.32719968899832,81.5,12.233333333333334,13.17280031100168
2025-06-08,67.25833333333333,66.20599974083193,81.5,14.241666666666674,15.294000259168072
2025-06-09,65.46666666666667,63.58927044188156,81.3,15.833333333333329,17.710729558118437
2025-06-10,67.19166666666666,66.0578463133342,79.8,12.608333333333334,13.742153686665802
2025-06-11,70.75833333333333,71.30629778411299,78.7,7.941666666666677,7.393702215887018
2025-06-12,72.66666666666667,73.3955423091875,78.1,5.433333333333323,4.7044576908124895
2025-06-13,69.25,68.87348710638848,80.7,11.450000000000003,11.826512893611522
2025-06-14,65.85833333333333,64.05334974731113,80.8,14.941666666666663,16.746650252688866
2025-06-15,65.95833333333333,64.1621485033044,80.8,14.841666666666669,16.637851496695603
2025-06-16,67.90833333333333,66.6620966696903,80.5,12.591666666666669,13.8379033303097
2025-06-17,71.00833333333333,69.99639756382012,80.9,9.89166666666668,10.903602436179881
2025-06-18,73.31666666666666,72.1136451989115,81,7.683333333333337,8.886354801088501
2025-06-19,74.08333333333333,73.8723338084748,79.3,5.216666666666669,5.427666191525191
2025-06-20,73.19166666666666,72.92805494363095,78.7,5.50833333333334,5.771945056369049
2025-06-21,77.75833333333333,77.76271867305948,79.2,1.441666666666677,1.4372813269405214
2025-06-22,81.34166666666667,81.56813528573281,79.3,-2.0416666666666714,-2.2681352857328108
2025-06-23,83.61666666666667,84.91058701567967,79.7,-3.9166666666666714,-5.210587015679664
2025-06-24,83.56666666666666,85.25197615653751,79.9,-3.666666666666657,-5.3519761565375035
2025-06-25,80.76666666666667,82.07633795516392,80,-0.7666666666666657,-2.076337955163922
2025-06-26,74.75833333333333,74.74326810936891,77.8,3.0416666666666714,3.0567318906310845
2025-06-27,71.58333333333333,70.83650382272904,77.5,5.916666666666671,6.663496177270957
2025-06-28,74.35000000000001,73.22976545289622,79.6,5.249999999999986,6.370234547103777
2025-06-29,77.16666666666666,77.3659841907477,79.4,2.2333333333333485,2.0340158092523097
2025-06-30,76.6,76.98813010237139,78.8,2.200000000000003,1.8118698976286112
2025-07-01,76.61666666666666,76.82615005831282,78.3,1.6833333333333371,1.4738499416871775
2025-07-02,76.06666666666666,76.2173253855125,78.6,2.5333333333333314,2.382674614487499
2025-07-03,76.29166666666667,76.78153427497732,78.3,2.0083333333333258,1.5184657250226792
2025-07-04,74.55,74.15607101205131,79.5,4.950000000000003,5.343928987948686
2025-07-05,76.45833333333333,76.72416742257354,81.1,4.641666666666666,4.375832577426451
2025-07-06,77.54166666666667,77.80001295840351,81.1,3.558333333333323,3.2999870415964807
2025-07-07,75.98333333333333,76.04799792665544,81.9,5.916666666666671,5.852002073344565
2025-07-08,77.13333333333333,77.40182713489699,81.6,4.466666666666669,4.198172865103004
2025-07-09,76.04166666666667,75.68040689387067,82.2,6.158333333333331,6.519593106129335
2025-07-10,74.38333333333334,73.5672929895037,80,5.61666666666666,6.432707010496301
2025-07-11,75.71666666666667,75.33143708695088,79.2,3.4833333333333343,3.868562913049118
2025-07-12,76.01666666666667,76.01529091615913,79.9,3.88333333333334,3.8847090838408747
2025-07-13,75.35833333333333,75.13957496436439,80.6,5.24166666666666,5.460425035635609
2025-07-14,75.65,75.40901904885318,79.2,3.549999999999997,3.790980951146821
2025-07-15,77.52499999999999,77.6450952442659,79.2,1.6750000000000114,1.5549047557340998
2025-07-16,77.05,78.07880005183361,80,2.950000000000003,1.9211999481663895
2025-07-17,76.44166666666666,76.42738110664766,80.7,4.25833333333334,4.272618893352345
2025-07-18,73.80833333333334,73.86453284955293,83.4,9.591666666666669,9.535467150447076
2025-07-19,74.20833333333333,74.18263573927692,83.7,9.491666666666674,9.517364260723085
2025-07-20,75.86666666666667,75.71991706621743,84.1,8.23333333333332,8.38008293378256
2025-07-21,74.2,73.85021381365816,84.3,10.099999999999994,10.44978618634184
2025-07-22,73.31666666666666,72.85034339769341,79.5,6.183333333333337,6.649656602306592
2025-07-23,75.15,75.09596993650382,79.7,4.549999999999997,4.604030063496182
2025-07-24,78.18333333333334,78.2803680186601,80.6,2.416666666666657,2.319631981339896
2025-07-25,79.18333333333334,79.30746404043023,82.7,3.5166666666666657,3.39253595956977
2025-07-26,76.975,76.4128158610859,83.1,6.125,6.687184138914091
2025-07-27,76.80833333333334,76.03336788907606,84.5,7.691666666666663,8.466632110923939
2025-07-28,79.125,79.28879098095115,85.8,6.674999999999997,6.511209019048849
2025-07-29,81.45,82.20325255928469,85.1,3.6499999999999915,2.896747440715302
2025-07-30,80.23333333333333,80.333588181936,84,3.7666666666666657,3.666411818064006
2025-07-31,73.8,72.90515744460282,85.2,11.400000000000006,12.294842555397182
2025-08-01,69.19166666666666,67.57940909679927,84.4,15.208333333333343,16.82059090320074
2025-08-02,69.4,68.28754697421277,82.4,13,14.112453025787232
2025-08-03,71.11666666666666,70.41043151483738,83.1,11.983333333333334,12.68956848516261
2025-08-04,73.35833333333333,73.18775430866917,84,10.641666666666666,10.81224569133083
2025-08-05,74.08333333333333,73.64723338084747,83.4,9.316666666666677,9.752766619152538
2025-08-06,74.13333333333334,73.50329143449527,82.1,7.966666666666654,8.596708565504727
2025-08-07,74.6,73.89638460541661,79.8,5.200000000000003,5.903615394583383
2025-08-08,75.025,74.47274847738758,78.7,3.674999999999997,4.22725152261242
2025-08-09,75.225,75.0207852792536,77.5,2.2750000000000057,2.4792147207463984
2025-08-10,76.61666666666667,76.91652196449398,77.3,0.6833333333333229,0.3834780355060161
2025-08-11,77.725,78.16258908902422,80.7,2.9750000000000085,2.5374109109757796
2025-08-12,78.23333333333333,78.304198522742,81,2.7666666666666657,2.6958014772580015
2025-08-13,76.28333333333333,76.4695607101205,81.9,5.616666666666674,5.4304392898795015
2025-08-14,76.20833333333333,75.89379292471168,82.1,5.891666666666666,6.206207075288319
2025-08-15,76.8,76.66827782817157,82.8,6,6.131722171828429
2025-08-16,77.01666666666667,77.24354023584294,82.8,5.783333333333331,5.556459764157054
2025-08-17,77.05833333333334,76.81063884929377,81.8,4.74166666666666,4.98936115070623
2025-08-18,71.46666666666667,70.21570558507192,82.5,11.033333333333331,12.284294414928084
2025-08-19,71.10833333333333,69.74716858882985,81.9,10.791666666666671,12.152831411170155
2025-08-20,70.03333333333333,67.84604120772322,82.2,12.166666666666671,14.353958792276785
2025-08-21,68.86666666666666,66.9279771932098,83.5,14.63333333333334,16.5720228067902
2025-08-22,71.56666666666666,70.35914215368666,83.5,11.933333333333337,13.140857846313338
2025-08-23,72.25,71.85850719191396,79,6.75,7.141492808086042
2025-08-24,71.31666666666666,70.25530646624335,80.1,8.783333333333331,9.84469353375664
2025-08-25,70.64166666666667,70.0826746144875,83.2,12.558333333333337,13.117325385512501
2025-08-26,68.29166666666667,67.58800051833614,81.7,13.408333333333331,14.111999481663858
2025-08-27,67.40833333333333,66.38814306077491,81.9,14.491666666666674,15.511856939225098
2025-08-28,68.59166666666667,67.34405857198392,82.7,14.108333333333334,15.35594142801608
2025-08-29,68.46666666666667,66.98218219515356,83.5,15.033333333333331,16.517817804846445
2025-08-30,66.30833333333334,65.10952442659064,83.7,17.391666666666666,18.590475573409364
2025-08-31,67.49166666666667,66.42326033432681,81.1,13.60833333333332,14.676739665673182
2025-09-01,68.63333333333333,67.55112090190488,82.3,13.666666666666671,14.748879098095117
2025-09-02,69.29166666666667,68.3892963586886,81.5,12.208333333333329,13.110703641311403
2025-09-03,68.85,67.53868083452119,79.6,10.75,12.061319165478807
2025-09-04,67.15,65.83150187896851,79.3,12.149999999999991,13.468498121031487
2025-09-05,69.11666666666666,68.58223402876766,78.7,9.583333333333343,10.117765971232345
2025-09-06,68.56666666666666,67.99438901127382,80.7,12.13333333333334,12.705610988726178
2025-09-07,63.625,62.37943501360632,79.6,15.974999999999994,17.220564986393676
2025-09-08,63.233333333333334,61.79435013606324,80,16.766666666666666,18.205649863936763
2025-09-09,64.10833333333333,62.99736944408449,78,13.891666666666666,15.002630555915509
2025-09-10,65.74166666666666,64.8917584553583,80.3,14.558333333333337,15.408241544641697
2025-09-11,68.15833333333333,67.52545030452248,79.3,11.141666666666666,11.774549695477518
2025-09-12,68.775,67.96067124530258,78.6,9.824999999999989,10.639328754697416
2025-09-13,69.34166666666667,68.51535570817676,77.8,8.458333333333329,9.284644291823241
2025-09-14,71.26666666666667,70.52913049112348,78.3,7.033333333333331,7.770869508876515
2025-09-15,71.44166666666666,70.38302449138266,78.7,7.25833333333334,8.316975508617347
2025-09-16,70.00833333333334,68.77478294674096,80,9.99166666666666,11.225217053259044
2025-09-17,68.68333333333334,67.62053906958663,76.2,7.516666666666666,8.579460930413376
2025-09-18,70.90833333333333,70.33581702734223,78.1,7.191666666666663,7.764182972657764
2025-09-19,71.55833333333334,71.40291564079305,79.5,7.941666666666663,8.097084359206946
2025-09-20,67.425,66.20962809381885,80,12.575000000000003,13.79037190618115
2025-09-21,66.26666666666667,64.64637812621484,79.2,12.933333333333337,14.553621873785161
2025-09-22,67.13333333333334,65.66354801088505,78.7,11.566666666666663,13.036451989114951
2025-09-23,70.51666666666667,69.530180121809,78.7,8.183333333333337,9.169819878191007
2025-09-24,68.80833333333334,67.84654658546067,79.7,10.891666666666666,11.85345341453933
2025-09-25,69.04166666666667,68.15862381754567,80.1,11.058333333333323,11.94137618245432
2025-09-26,69.29166666666667,69.11164960476869,80.6,11.308333333333323,11.488350395231308
2025-09-27,69.01666666666667,68.9070364131139,81,11.983333333333334,12.0929635868861
2025-09-28,70.06666666666666,70.0722301412466,81.8,11.733333333333334,11.72776985875339
2025-09-29,69.44166666666666,69.1270312297525,80.8,11.358333333333334,11.672968770247493
2025-09-30,69.18333333333334,68.32922119994817,81.7,12.516666666666666,13.370778800051838
2025-10-01,64.46666666666667,62.94364390307114,80.6,16.133333333333326,17.656356096928853
2025-10-02,62.61666666666667,60.892924711675526,80.3,17.68333333333333,19.40707528832447
2025-10-03,64.94166666666666,63.92774394194635,77.8,12.858333333333334,13.872256058053644
2025-10-04,68.675,68.43251263444343,77.5,8.825000000000003,9.067487365556573
2025-10-05,69.21666666666667,69.35692626668394,79.2,9.983333333333334,9.84307373331606
2025-10-06,67.68333333333334,67.88596604898277,78.5,10.816666666666663,10.614033951017234
2025-10-07,66.49166666666666,66.227562524297,78,11.50833333333334,11.772437475703
2025-10-08,62.05833333333333,61.34657250226772,80.1,18.041666666666664,18.753427497732275
2025-10-09,55.78333333333333,53.5299727873526,79,23.21666666666667,25.470027212647402
2025-10-10,55.916666666666664,53.6692885836465,76.8,20.883333333333333,23.1307114163535
2025-10-11,58.891666666666666,57.69374109109758,76.1,17.20833333333333,18.406258908902416
2025-10-12,59.791666666666664,58.18166385901257,74.4,14.608333333333341,16.218336140987432
2025-10-13,58.416666666666664,57.2771154593754,75.7,17.28333333333334,18.4228845406246
2025-10-14,58.333333333333336,57.74423998963328,76.9,18.56666666666667,19.155760010366727
2025-10-15,57.99166666666667,57.307153038745625,76.8,18.80833333333333,19.492846961254372
2025-10-16,54.608333333333334,53.46069716210963,77.4,22.79166666666667,23.939302837890374
2025-10-17,56.65,55.43839574964365,77.6,20.949999999999996,22.161604250356348
2025-10-18,59.63333333333333,58.03936762990799,76.4,16.766666666666673,18.360632370092013
2025-10-19,59.675,58.29000907088247,76.6,16.924999999999997,18.309990929117525
2025-10-20,57.625,56.93063366593236,78.4,20.775000000000006,21.469366334067644
2025-10-21,55.81666666666667,54.395257224309965,78.3,22.483333333333327,23.904742775690032
2025-10-22,54,53.18514966956071,78.2,24.200000000000003,25.014850330439295
2025-10-23,51.55,50.06121549825062,78.4,26.85000000000001,28.338784501749387
2025-10-24,50.108333333333334,48.245600622003366,78,27.891666666666666,29.754399377996634
2025-10-25,49.925,48.42332512634443,78.7,28.775000000000006,30.276674873655573
2025-10-26,51.1,49.948606971621096,79.1,27.999999999999993,29.151393028378898
2025-10-27,49.5,47.74780355060256,77.8,28.299999999999997,30.052196449397435
2025-10-28,50.78333333333333,49.04049501101464,77.1,26.316666666666663,28.059504988985353
2025-10-29,50.88333333333333,49.961669042373984,74.7,23.81666666666667,24.73833095762602
2025-10-30,52.71666666666667,52.060606453284954,72.2,19.483333333333334,20.13939354671505
2025-10-31,50.90833333333333,50.56829078657509,68.3,17.391666666666666,17.731709213424907
2025-11-01,49.05833333333334,48.0413632240508,67.4,18.34166666666667,19.358636775949208
2025-11-02,48.016666666666666,46.74902164053389,71.8,23.78333333333333,25.050978359466107
2025-11-03,50.34166666666667,49.062407671374885,74.7,24.358333333333334,25.637592328625118
2025-11-04,51.05833333333333,50.09411688479979,72.7,21.641666666666673,22.605883115200214
2025-11-05,52.775,51.84681871193469,74.1,21.324999999999996,22.253181288065306
2025-11-06,48.925,47.45296099520539,74.5,25.575000000000003,27.047039004794613
2025-11-07,50.09166666666667,48.55074510820267,76.4,26.308333333333337,27.849254891797337
2025-11-08,52.525,51.824724633925094,77,24.475,25.175275366074906
2025-11-09,48.15,47.005390695866275,76.9,28.750000000000007,29.89460930413373
2025-11-10,42.18333333333334,41.662615005831285,71.5,29.316666666666663,29.837384994168715
2025-11-11,37.93333333333334,35.803421018530514,54.1,16.166666666666664,18.296578981469487
2025-11-12,44.96666666666667,42.85718543475444,60.1,15.133333333333333,17.24281456524556
2025-11-13,47.00833333333333,44.97530128288195,65.4,18.391666666666673,20.424698717118055
2025-11-14,47.78333333333333,45.97603991188286,67,19.21666666666667,21.023960088117143
2025-11-15,50.375,48.49534793313463,68.9,18.525000000000006,20.404652066865374
2025-11-16,48.44166666666666,46.752546326292595,68.9,20.458333333333343,22.14745367370741
2025-11-17,42.06666666666667,39.454580795645974,70.1,28.033333333333324,30.64541920435402
2025-11-18,42.3,40.339134378644545,71.2,28.900000000000006,30.860865621355458
2025-11-19,43.00833333333333,40.88371128676947,72.9,29.891666666666673,32.01628871323054
2025-11-20,43.15,40.97657120642737,72.8,29.65,31.823428793572624
2025-11-21,45.85,44.10697162109628,72.1,26.249999999999993,27.993028378903716
2025-11-22,45.641666666666666,43.9495529350784,71.8,26.15833333333333,27.850447064921596
2025-11-23,43.108333333333334,40.87576778540883,72,28.891666666666666,31.124232214591167
2025-11-24,45,43.147712841777896,73.8,28.799999999999997,30.6522871582221
2025-11-25,47.575,46.23528573279772,73.9,26.325000000000003,27.664714267202285
2025-11-26,48.59166666666667,48.14596345730207,74,25.40833333333333,25.854036542697933
2025-11-27,39.28333333333333,38.27707658416483,73.3,34.016666666666666,35.022923415835166
2025-11-28,35.275,33.81497991447454,61.5,26.225,27.68502008552546
2025-11-29,35.53333333333333,33.45080990022029,66.7,31.16666666666667,33.24919009977971
2025-11-30,35.725,34.46944408448879,72.2,36.475,37.73055591551121
2025-12-01,32.61666666666667,31.5814694829597,73.7,41.083333333333336,42.1185305170403
2025-12-02,31.733333333333334,30.36612673318647,73.7,41.96666666666667,43.333873266813534
2025-12-03,31.75,30.476260204742776,72.2,40.45,41.72373979525723
2025-12-04,28.516666666666666,26.43738499416872,69.9,41.38333333333334,43.46261500583128
2025-12-05,25.9,22.99949462226254,71.7,45.800000000000004,48.700505377737464
2025-12-06,33.8,32.21691071659971,73.7,39.900000000000006,41.48308928340029
2025-12-07,32.725,31.29930024620967,73.7,40.975,42.400699753790335
2025-12-08,27.35,25.119541272515225,74.5,47.15,49.38045872748478
2025-12-09,28.783333333333335,26.332525592846963,67.5,38.71666666666667,41.16747440715304
2025-12-10,37.425,36.06156537514579,66.6,29.174999999999997,30.538434624854204
2025-12-11,32.13333333333333,30.40887650641441,65.5,33.36666666666667,35.09112349358559
2025-12-12,30.116666666666667,27.794401969677335,66.2,36.083333333333336,38.405598030322665
2025-12-13,29.275,26.598717118051056,70.1,40.824999999999996,43.50128288194894
2025-12-14,23.166666666666668,21.042127769858755,70.6,47.43333333333332,49.55787223014124
2025-12-15,21.558333333333334,19.062576130620705,67.2,45.641666666666666,48.1374238693793
2025-12-16,28.625,26.092795127640276,66.5,37.875,40.40720487235973
2025-12-17,37.61666666666667,35.565271478553846,69,31.383333333333333,33.434728521446154
2025-12-18,40.63333333333333,38.67698587534016,72.1,31.46666666666666,33.42301412465984
2025-12-19,38.483333333333334,37.748542179603476,74.6,36.11666666666666,36.85145782039652
2025-12-20,34.24166666666667,32.664921601658676,70.1,35.85833333333333,37.43507839834132
2025-12-21,35.775,33.960114033951015,71.2,35.425000000000004,37.23988596604899
2025-12-22,35.56666666666666,33.11631463003758,72.6,37.03333333333333,39.483685369962416
2025-12-23,40.18333333333333,37.55907736166904,72.4,32.216666666666676,34.840922638330966
2025-12-24,40.666666666666664,38.33660748995723,69.7,29.03333333333334,31.36339251004277
2025-12-25,39.59166666666667,37.038499416871836,68.8,29.20833333333333,31.76150058312816
2025-12-26,34.766666666666666,31.2980044058572,68,33.233333333333334,36.7019955941428
2025-12-27,35.09166666666667,31.63338084747959,66.5,31.40833333333333,34.866619152520414
2025-12-28,36.18333333333334,33.25020085525463,67.2,31.016666666666666,33.94979914474537
2025-12-29,34.86666666666667,33.44359206945705,66.8,31.93333333333333,33.35640793054295
2025-12-30,27.96666666666667,25.682311779188804,63,35.03333333333333,37.31768822081119
2025-12-31,30.641666666666666,28.79295062848257,52.5,21.858333333333334,23.70704937151743
2026-01-01,26.125,23.262887132305302,56.2,30.075000000000003,32.9371128676947
2026-01-02,27.175,23.456680057016978,58.6,31.425,35.14331994298303
2026-01-03,28.166666666666668,24.99660489827653,64.9,36.733333333333334,39.903395101723476
2026-01-04,30.84166666666667,28.4412077232085,69.2,38.358333333333334,40.7587922767915
2026-01-05,33.675,31.03084100038875,67.4,33.72500000000001,36.36915899961126
2026-01-06,39.09166666666667,36.70756770765841,66.6,27.508333333333326,29.89243229234158
2026-01-07,41.34166666666667,39.317247635091356,66.7,25.358333333333334,27.382752364908647
2026-01-08,42.61666666666667,41.37258001814177,69.4,26.78333333333334,28.027419981858237
2026-01-09,43.45,42.40623299209537,72.8,29.349999999999994,30.39376700790463
2026-01-10,39.68333333333333,39.10272126474018,71.8,32.11666666666667,32.697278735259815
2026-01-11,36.525,35.68946481793443,72,35.475,36.31053518206557
2026-01-12,35.083333333333336,33.470791758455356,69.3,34.21666666666666,35.82920824154464
2026-01-13,39.358333333333334,38.20618115848127,69.4,30.04166666666667,31.193818841518734
2026-01-14,39.85,38.63843462485421,67.9,28.050000000000004,29.261565375145793
2026-01-15,31.241666666666667,30.372217182843073,63,31.758333333333333,32.62778281715693
2026-01-16,29.933333333333334,27.76524556174679,51.6,21.666666666666668,23.83475443825321
2026-01-17,30.566666666666666,28.29032007256706,62.6,32.03333333333333,34.30967992743294
2026-01-18,27.108333333333334,25.67019567189322,65.5,38.391666666666666,39.829804328106775
2026-01-19,24.316666666666666,21.834611895814437,51.5,27.183333333333334,29.665388104185563
2026-01-20,19.75,16.760580536477907,57.6,37.85,40.83941946352209
2026-01-21,26.883333333333333,23.33694440844888,65,38.11666666666667,41.66305559155112
2026-01-22,33.225,31.565401062589086,70.1,36.87499999999999,38.534598937410905
2026-01-23,22.741666666666667,19.451185693922508,71.5,48.75833333333333,52.04881430607749
2026-01-24,11.566666666666666,8.606245950498899,72.5,60.93333333333334,63.8937540495011
2026-01-25,15.05,13.25301282881949,72.8,57.75,59.546987171180504
2026-01-26,18.275,16.538952960995207,69.1,50.824999999999996,52.56104703900479
2026-01-27,16.09166666666667,14.088894648179345,51.9,35.80833333333333,37.81110535182066
2026-01-28,15.733333333333334,13.150680316185046,51,35.266666666666666,37.849319683814954
2026-01-29,15.666666666666666,12.503421018530517,53.8,38.13333333333333,41.29657898146948
2026-01-30,14.625,11.638512375275365,60.6,45.975,48.96148762472464
2026-01-31,16.616666666666667,14.127381106647661,58.5,41.88333333333333,44.37261889335234
2026-02-01,20.125,17.353349747311128,45,24.875,27.646650252688872
2026-02-02,24.475,22.238227290397823,45.7,21.225,23.46177270960218
2026-02-03,27.55,23.810379681223274,50.3,22.749999999999996,26.489620318776723
2026-02-04,27.5,24.536270571465593,59,31.5,34.46372942853441
2026-02-05,25.166666666666668,22.10129584035247,57.8,32.633333333333326,35.69870415964753
2026-02-06,28.791666666666668,25.86369055332383,52.8,24.00833333333333,26.936309446676166
2026-02-07,22.083333333333332,18.50636257613062,61.7,39.616666666666674,43.19363742386938
2026-02-08,19.916666666666668,15.344356615265,57.8,37.883333333333326,42.455643384735
2026-02-09,25.758333333333333,22.025787223014124,60,34.24166666666667,37.97421277698588
2026-02-10,34.43333333333333,31.180044058571983,61.3,26.866666666666667,30.119955941428014
2026-02-11,36.6,34.435661526499935,63.4,26.799999999999997,28.964338473500064
2026-02-12,32.925,30.612478942594272,63.8,30.875,33.187521057405725
2026-02-13,32.925,30.25298691201244,65.1,32.175,34.847013087987555
2026-02-14,37.69166666666666,34.85912919528314,66.4,28.708333333333343,31.540870804716867
2026-02-15,37.575,35.189581443566155,69.1,31.52499999999999,33.91041855643384
2026-02-16,38.641666666666666,36.90075158740443,68.1,29.45833333333333,31.199248412595566
2026-02-17,40.99166666666667,39.22453025787223,67.5,26.508333333333333,28.27546974212777
2026-02-18,43.041666666666664,41.462381754567836,70.4,27.35833333333334,28.93761824543217
2026-02-19,40.68333333333333,38.900816379422054,71.6,30.916666666666664,32.69918362057794
2026-02-20,38.38333333333333,36.148542179603474,71.7,33.31666666666667,35.55145782039653
2026-02-21,36.35,34.371310094596346,71.2,34.85,36.82868990540366
2026-02-22,32.61666666666667,30.95613580406894,68.3,35.68333333333333,37.34386419593106
2026-02-23,31.141666666666666,29.36523260334327,54,22.858333333333334,24.63476739665673
2026-02-24,30.058333333333334,27.372554101334714,50.6,20.541666666666668,23.227445898665287
2026-02-25,35.608333333333334,32.06103408060127,55.5,19.891666666666666,23.438965919398733
2026-02-26,38.233333333333334,35.51334715563043,65.3,27.066666666666663,29.78665284436957
2026-02-27,40.225,36.42964882726448,72,31.775,35.57035117273552
2026-02-28,40.65,36.75835169107166,72.1,31.449999999999996,35.341648308928335
2026-03-01,36.25,32.756900349876894,70.9,34.650000000000006,38.14309965012311
2026-03-02,31.575,27.374795905144488,72.1,40.52499999999999,44.725204094855506
2026-03-03,37.541666666666664,33.6522871582221,73.6,36.05833333333333,39.94771284177789
2026-03-04,43.833333333333336,40.705287028638075,74,30.166666666666664,33.294712971361925
2026-03-05,45.641666666666666,42.27539199170662,74.2,28.558333333333337,31.924608008293383
2026-03-06,47.075,44.46842037061034,75.9,28.825000000000003,31.431579629389667
2026-03-07,48.483333333333334,46.385616172087595,74.6,26.11666666666666,28.2143838279124
2026-03-08,53.425,51.72284566541402,73.6,20.174999999999997,21.877154334585974
2026-03-09,55.333333333333336,54.27855384216665,74.2,18.866666666666667,19.92144615783335
2026-03-10,57.1,56.000647920176235,74.7,17.6,18.69935207982377
2026-03-11,55.016666666666666,53.401658675651156,74.8,19.78333333333333,21.39834132434884
2026-03-12,44.40833333333333,43.33515614876247,75,30.59166666666667,31.664843851237528
2026-03-13,41.53333333333333,39.04214072826228,73.8,32.266666666666666,34.757859271737715
2026-03-14,42.94166666666666,40.04819230270831,73.3,30.358333333333334,33.25180769729169
2026-03-15,45.166666666666664,42.19309317092134,73.4,28.23333333333334,31.20690682907867
2026-03-16,46.55,45.633640015550085,75.8,29.25,30.16635998444991
2026-03-17,34.68333333333334,33.210224180380976,61.5,26.816666666666663,28.289775819619024
2026-03-18,35.13333333333333,32.011079435013606,59.6,24.46666666666667,27.588920564986395
2026-03-19,43.25833333333333,39.89721394324219,64.7,21.44166666666667,24.80278605675781
2026-03-20,51.875,49.137475702993385,67.1,15.224999999999994,17.96252429700661
2026-03-21,52.525,50.44242581313982,67.3,14.774999999999999,16.857574186860177
2026-03-22,52.666666666666664,49.597550861733836,67.2,14.533333333333339,17.602449138266167
2026-03-23,44.333333333333336,40.585318128806534,67.6,23.26666666666666,27.01468187119346
2026-03-24,43.06666666666667,39.96043799403913,68.5,25.43333333333333,28.539562005960867
2026-03-25,49.21666666666667,46.86810936892575,70.4,21.183333333333337,23.531890631074255
2026-03-26,57.85,55.9811584812751,72.6,14.749999999999993,16.618841518724892
2026-03-27,47.016666666666666,45.11072955811844,72.7,25.683333333333337,27.58927044188156
2026-03-28,39.68333333333333,36.849734352727744,73.9,34.216666666666676,37.05026564727226
2026-03-29,47.35,44.68229882078528,70.3,22.949999999999996,25.61770117921472
2026-03-30,58.391666666666666,57.28443695736685,70.9,12.50833333333334,13.615563042633156
2026-03-31,63.04166666666667,62.073098354282756,74,10.958333333333329,11.926901645717244
2026-04-01,57.375,55.803421018530514,72.5,15.125,16.696578981469486
2026-04-02,49.583333333333336,47.510444473240895,72.8,23.21666666666666,25.289555526759102
2026-04-03,55.825,53.21600362835299,75.5,19.674999999999997,22.283996371647007
2026-04-04,57.24166666666667,54.98601788259686,73.7,16.458333333333336,18.71398211740314
2026-04-05,50.56666666666667,48.74173901775301,73.6,23.033333333333324,24.858260982246982
2026-04-06,46.68333333333333,45.27342231437087,73.7,27.016666666666673,28.426577685629134
2026-04-07,42.541666666666664,40.40672541142931,71.4,28.85833333333334,30.993274588570692
2026-04-08,44.28333333333333,41.93550602565764,72.1,27.816666666666663,30.164493974342356
2026-04-09,50.05,48.185058960736036,73.5,23.450000000000003,25.314941039263964
2026-04-10,52.625,50.55991965789815,73.7,21.075000000000003,23.140080342101854
2026-04-11,53.458333333333336,51.794427886484385,73.2,19.741666666666667,21.405572113515618
2026-04-12,55.733333333333334,54.166385901256966,73.1,17.36666666666666,18.93361409874303
2026-04-13,64.09166666666667,63.27793183879746,74.3,10.208333333333329,11.02206816120254
2026-04-14,68.325,68.88485162627964,73.7,5.375,4.815148373720362
2026-04-15,68.68333333333334,68.53290138654918,72.4,3.7166666666666686,3.867098613450821
2026-04-16,69.39166666666667,68.51482441363224,72.3,2.9083333333333314,3.7851755863677568
2026-04-17,65.31666666666666,64.5312297524945,74.1,8.783333333333331,9.568770247505498
2026-04-18,56.69166666666666,54.686095633018006,76.7,20.00833333333334,22.013904366981997
2026-04-19,48.416666666666664,46.65931061293249,76.7,28.28333333333334,30.040689387067516
2026-04-20,45.40833333333333,43.777050667357784,75.7,30.29166666666667,31.92294933264222
2026-04-21,49.375,47.922003369184914,74.2,24.825000000000003,26.27799663081509
2026-04-22,56.19166666666666,53.702267720616824,72.1,15.908333333333331,18.39773227938317
2026-04-23,61.70833333333333,59.93220163275884,72.1,10.391666666666666,12.167798367241154
2026-04-24,60.90833333333333,59.00662174420112,72.4,11.491666666666674,13.393378255798886
2026-04-25,52.083333333333336,49.030970584424,74.4,22.31666666666667,25.36902941557601
2026-04-26,52.25,50.23925100427627,74.2,21.950000000000003,23.960748995723733
2026-04-27,57.15,55.73408060126992,76.7,19.550000000000004,20.96591939873008
2026-04-28,56.516666666666666,54.81369703252559,76.7,20.183333333333337,21.886302967474414
2026-04-29,54.233333333333334,52.853816249838026,76.3,22.066666666666663,23.44618375016197
2026-04-30,51.833333333333336,50.407658416483095,76.4,24.56666666666667,25.99234158351691
2026-05-01,50.63333333333333,49.90117921472075,77.1,26.46666666666666,27.198820785279246
2026-05-02,50.68333333333333,49.68014772580018,78.9,28.216666666666676,29.219852274199823
2026-05-03,52.19166666666666,50.998626409226375,75.7,23.50833333333334,24.701373590773628
2026-05-04,59.541666666666664,59.26029545160036,74.3,14.758333333333333,15.039704548399634
2026-05-05,62.71666666666667,62.34683167033821,75.7,12.983333333333334,13.353168329661791
2026-05-06,58.074999999999996,57.98617338343916,77.3,19.225,19.31382661656084
2026-05-07,54.00833333333333,53.163392510042755,78.7,24.69166666666667,25.536607489957248
2026-05-08,55.641666666666666,54.39219904107814,79.1,23.45833333333333,24.70780095892185
2026-05-09,58.19166666666666,56.530970584424,80.9,22.708333333333343,24.36902941557601
2026-05-10,59.36666666666667,58.307282622780875,81.2,21.833333333333336,22.892717377219128
2026-05-11,56.06666666666666,54.55166515485293,80.9,24.833333333333343,26.34833484514708
2026-05-12,57.075,56.025735389400026,81.1,24.02499999999999,25.07426461059997
2026-05-13,59.68333333333334,58.59981858235065,80.2,20.516666666666666,21.600181417649353
2026-05-14,58.49166666666667,57.29596993650382,81,22.508333333333333,23.704030063496177
2026-05-15,60.53333333333333,59.0236231696255,79.9,19.366666666666674,20.876376830374504
2026-05-16,66.44166666666666,66.43767007904626,80.6,14.158333333333331,14.162329920953738
2026-05-17,72.39166666666667,73.74628741739018,79.9,7.50833333333334,6.153712582609828
2026-05-18,74.13333333333334,74.95503433976934,78.1,3.9666666666666544,3.1449656602306533
2026-05-19,74.91666666666667,76.34422703122975,77.9,2.9833333333333343,1.5557729687702562
2026-05-20,69.65833333333333,70.32061682000777,79,9.341666666666669,8.679383179992229
2026-05-21,59.59166666666667,58.68398341324349,79.6,20.008333333333326,20.916016586756506
2026-05-22,58.71666666666667,58.48781910068679,80.2,21.483333333333334,21.71218089931321
2026-05-23,57.458333333333336,56.725890890242326,80.8,23.34166666666666,24.07410910975767
2026-05-24,59.55833333333334,58.23750161980044,80.8,21.24166666666666,22.562498380199557
2026-05-25,66.20833333333333,65.67791888039393,81.9,15.691666666666677,16.222081119606074
2026-05-26,69.69166666666666,69.95603213684075,81.4,11.708333333333343,11.443967863159259
2026-05-27,71.175,72.18649734352726,79.9,8.725000000000009,7.713502656472741
2026-05-28,66.90833333333333,66.56248542179604,79.7,12.791666666666671,13.137514578203962
2026-05-29,66.84166666666667,66.48201373590774,80.5,13.658333333333331,14.017986264092258
2026-05-30,63.175,61.287274847738765,79.8,16.625,18.512725152261233
2026-05-31,63.93333333333333,62.6670338214332,83.2,19.266666666666673,20.532966178566802
2026-06-01,64.925,63.0462485421796,82.9,17.97500000000001,19.853751457820408
2026-06-02,65.36666666666667,64.58564208889464,83.3,17.933333333333323,18.714357911105353
2026-06-03,69.95,70.09109757677854,76.9,6.950000000000003,6.808902423221468
2026-06-04,72.65,73.38516262796422,76.1,3.4499999999999886,2.714837372035774
2026-06-05,74.15,74.80690682907866,77.6,3.4499999999999886,2.7930931709213382
2026-06-06,74.36666666666666,74.75979007386289,78.1,3.7333333333333343,3.3402099261371063
2026-06-07,72.825,72.32903978229882,79.2,6.375,6.870960217701182
2026-06-08,70.39166666666667,69.66524556174679,81.7,11.308333333333337,12.034754438253216
2026-06-09,72.48333333333333,72.4582221070364,81.3,8.816666666666663,8.841777892963592
2026-06-10,75.45,75.28993132046132,79,3.549999999999997,3.7100686795386792
2026-06-11,76.675,77.05233899183621,79.2,2.5250000000000057,2.1476610081637943
2026-06-12,76.09166666666667,75.96081378774134,79.8,3.7083333333333286,3.839186212258653
2026-06-13,75.39166666666667,75.84168718413892,80.3,4.908333333333331,4.458312815861078
2026-06-14,73.08333333333333,73.3519761565375,81.4,8.316666666666677,8.048023843462502
2026-06-15,68.15833333333333,67.89866528443696,83.2,15.041666666666671,15.301334715563044
2026-06-16,66.44166666666666,65.99819878191006,83.4,16.958333333333343,17.401801218089943
2026-06-17,67.63333333333333,66.87747829467409,83.1,15.466666666666669,16.222521705325903
2026-06-18,71.70833333333333,71.39638460541661,84.6,12.891666666666666,13.20361539458338
2026-06-19,70.49166666666666,70.64098743034859,84.1,13.608333333333334,13.459012569651406
2026-06-20,69.84166666666667,69.94501749384477,82.3,12.458333333333329,12.354982506155224
2026-06-21,69.625,69.08305040818972,83.8,14.174999999999997,14.716949591810277
2026-06-22,69.38333333333334,67.95844239989634,84.7,15.316666666666663,16.74155760010366
2026-06-23,68.35,67.17357781521316,82.1,13.75,14.92642218478683
2026-06-24,69.91666666666666,69.13628352986912,81.3,11.38333333333334,12.163716470130879
2026-06-25,70.76666666666667,70.73054295710769,79.6,8.833333333333329,8.869457042892307
2026-06-26,71.16666666666667,70.0201114422703,81.2,10.033333333333331,11.179888557729697
2026-06-27,71.31666666666666,70.46927562524297,81.5,10.183333333333337,11.030724374757028
2026-06-28,72.88333333333333,72.57118051056109,80.6,7.716666666666669,8.028819489438902
2026-06-29,76.58333333333333,76.70807308539588,83.3,6.716666666666669,6.591926914604116
2026-06-30,78.98333333333333,79.50400414668913,82.6,3.61666666666666,3.0959958533108676
2026-07-01,81.425,82.35486588052352,80.7,-0.7249999999999943,-1.6548658805235164
2026-07-02,84.6,86.0753790333031,81.6,-3,-4.475379033303099
2026-07-03,83.45833333333333,84.32936374238693,81.5,-1.9583333333333286,-2.8293637423869313
2026-07-04,80.525,80.62257353894,82.4,1.875,1.7774264610600028
2026-07-05,75.48333333333333,74.41790851367112,82.5,7.016666666666666,8.082091486328878
2026-07-06,72.44166666666666,70.88400933005055,80.5,8.058333333333337,9.615990669949454
2026-07-07,72.13333333333333,70.51758455358299,82,9.866666666666674,11.482415446417008
2026-07-08,74.825,74.22995982894908,84.5,9.674999999999997,10.270040171050923
2026-07-09,76.21666666666667,76.00093300505377,84.7,8.483333333333334,8.699066994946236
2026-07-10,76.08333333333333,75.99917066217442,81.8,5.716666666666669,5.800829337825576
2026-07-11,74.8,74.28793572631852,81.4,6.6000000000000085,7.112064273681483
2026-07-12,75.15,74.62117403135933,83.9,8.75,9.278825968640675
2026-07-13,76.05,76.02951924322925,81.8,5.75,5.770480756770752
2026-07-14,79.58333333333333,80.41647013087987,82,2.4166666666666714,1.5835298691201274
2026-07-15,82.3,83.03423610211222,83.5,1.2000000000000028,0.4657638978877827
2026-07-16,79.64166666666667,79.43445639497214,86.1,6.458333333333329,6.66554360502785
2026-07-17,77.61666666666667,77.15239082545031,81.2,3.5833333333333286,4.047609174549692
2026-07-18,75.95833333333333,74.81470778800052,80.3,4.341666666666669,5.485292211999479
2026-07-19,74.40833333333333,73.21990410781392,82.5,8.091666666666669,9.280095892186083
2026-07-20,73.73333333333333,72.4287158222107,85.4,11.666666666666671,12.9712841777893
2026-07-21,75.1,74.3171180510561,85,9.900000000000006,10.682881948943901
2026-07-22,73.375,72.63194246468835,82.8,9.424999999999997,10.168057535311647
2026-07-23,71.01666666666667,69.99696773357522,82.5,11.483333333333334,12.503032266424782
2026-07-24,72.10833333333333,71.17651937281327,82.7,10.591666666666669,11.523480627186728
2026-07-25,72.84166666666667,71.49541272515228,82.8,9.958333333333329,11.30458727484772
2026-07-26,74.79166666666667,73.85416612673319,81.3,6.508333333333326,7.445833873266807
2026-07-27,76.03333333333333,74.66878320590904,83.7,7.666666666666671,9.031216794090966
2026-07-28,74.11666666666666,73.06547881301023,82.9,8.783333333333346,9.834521186989775
2026-07-29,73.25833333333333,71.77946093041336,85.1,11.841666666666669,13.32053906958663
2026-07-30,73.95833333333333,72.33148892056498,85.9,11.941666666666677,13.568511079435027
2026-07-31,74.925,73.59538680834521,86.4,11.475000000000009,12.804613191654795
2026-08-01,75.66666666666667,74.60559803032267,84.4,8.733333333333334,9.794401969677338
2026-08-02,75.58333333333333,75.01221977452379,83,7.416666666666671,7.9877802254762145
2026-08-03,75.15833333333333,74.13909550343398,82.1,6.941666666666663,7.960904496566016
2026-08-04,74.61666666666666,74.1483478035506,82.2,7.583333333333343,8.051652196449396
2026-08-05,75.21666666666667,74.72898794868472,80,4.783333333333331,5.271012051315282
2026-08-06,77.80833333333334,77.60622003369184,78.3,0.49166666666666003,0.6937799663081563
2026-08-07,78.15,78.46835557859272,80.8,2.6499999999999915,2.331644421407276
2026-08-08,77.38333333333333,77.37287806142284,81.6,4.216666666666669,4.227121938577156
2026-08-09,78.21666666666667,77.75061552416743,81.4,3.183333333333337,3.6493844758325764
2026-08-10,76.30833333333334,75.91881560191784,83.5,7.191666666666663,7.581184398082158
2026-08-11,76.36666666666666,75.88932227549566,84,7.63333333333334,8.110677724504342
2026-08-12,76.33333333333333,75.88679538680834,85,8.666666666666671,9.113204613191655
2026-08-13,75.775,74.93428793572632,82.8,7.0249999999999915,7.86571206427368
2026-08-14,75.4,74.87493844758326,83.7,8.299999999999997,8.825061552416742
2026-08-15,74.40833333333333,73.30482052611119,81.5,7.091666666666669,8.195179473888814
2026-08-16,73.71666666666667,72.8121808993132,83.8,10.083333333333329,10.987819100686792
2026-08-17,74.64166666666667,73.3669819878191,84.3,9.658333333333331,10.933018012180895
2026-08-18,75.2,74.04614487495141,83.7,8.5,9.653855125048594
2026-08-19,75.125,74.44630037579371,84.7,9.575000000000003,10.253699624206291
2026-08-20,73.425,72.47793183879746,83.6,10.174999999999997,11.122068161202534
2026-08-21,71.89166666666667,70.13551898406115,81.5,9.608333333333334,11.36448101593885
2026-08-22,71.99166666666666,70.64465465854606,84.2,12.208333333333343,13.555345341453943
2026-08-23,71.79166666666666,70.2720746404043,83.7,11.908333333333346,13.427925359595704
2026-08-24,71.06666666666666,69.67342231437088,82.7,11.63333333333334,13.026577685629121
2026-08-25,71.78333333333333,70.14854217960348,83.9,12.116666666666674,13.751457820396524
2026-08-26,73.575,72.20720487235972,82.3,8.724999999999994,10.092795127640272
2026-08-27,73.99166666666666,72.73257742646106,81.5,7.50833333333334,8.767422573538937
2026-08-28,73.95833333333333,73.34072826227809,81.3,7.341666666666669,7.959271737721906
2026-08-29,71.75,70.32653881041855,78.6,6.849999999999994,8.27346118958144
2026-08-30,73.76666666666667,72.36104703900479,78.6,4.833333333333329,6.238952960995206
2026-08-31,75.18333333333334,73.8472981728651,80.3,5.11666666666666,6.452701827134902
